﻿<book id="1Pe">
  <title>ΠΕΤΡΟΥ Α</title>
  <p>
    <verse-number id="1 Peter 1:1">1:1</verse-number>
    <w>Πέτρος</w>
    <suffix></suffix>
    <w>ἀπόστολος</w>
    <suffix></suffix>
    <w>Ἰησοῦ</w>
    <suffix></suffix>
    <w>Χριστοῦ</w>
    <suffix></suffix>
    <w>ἐκλεκτοῖς</w>
    <suffix></suffix>
    <w>παρεπιδήμοις</w>
    <suffix></suffix>
    <w>διασπορᾶς</w>
    <suffix></suffix>
    <w>Πόντου</w>
    <suffix>, </suffix>
    <w>Γαλατίας</w>
    <suffix>, </suffix>
    <w>Καππαδοκίας</w>
    <suffix>, </suffix>
    <w>Ἀσίας</w>
    <suffix>, </suffix>
    <w>καὶ</w>
    <suffix></suffix>
    <w>Βιθυνίας</w>
    <suffix>, </suffix>
    <verse-number id="1 Peter 1:2">2</verse-number>
    <w>κατὰ</w>
    <suffix></suffix>
    <w>πρόγνωσιν</w>
    <suffix></suffix>
    <w>θεοῦ</w>
    <suffix></suffix>
    <w>πατρός</w>
    <suffix>, </suffix>
    <w>ἐν</w>
    <suffix></suffix>
    <w>ἁγιασμῷ</w>
    <suffix></suffix>
    <w>πνεύματος</w>
    <suffix>, </suffix>
    <w>εἰς</w>
    <suffix></suffix>
    <w>ὑπακοὴν</w>
    <suffix></suffix>
    <w>καὶ</w>
    <suffix></suffix>
    <w>ῥαντισμὸν</w>
    <suffix></suffix>
    <w>αἵματος</w>
    <suffix></suffix>
    <w>Ἰησοῦ</w>
    <suffix></suffix>
    <w>Χριστοῦ</w>
    <suffix>· </suffix>
    <w>χάρις</w>
    <suffix></suffix>
    <w>ὑμῖν</w>
    <suffix></suffix>
    <w>καὶ</w>
    <suffix></suffix>
    <w>εἰρήνη</w>
    <suffix></suffix>
    <w>πληθυνθείη</w>
    <suffix>. </suffix>
  </p>
  <p>
    <verse-number id="1 Peter 1:3">3</verse-number>
    <w>Εὐλογητὸς</w>
    <suffix></suffix>
    <w>ὁ</w>
    <suffix></suffix>
    <w>θεὸς</w>
    <suffix></suffix>
    <w>καὶ</w>
    <suffix></suffix>
    <w>πατὴρ</w>
    <suffix></suffix>
    <w>τοῦ</w>
    <suffix></suffix>
    <w>κυρίου</w>
    <suffix></suffix>
    <w>ἡμῶν</w>
    <suffix></suffix>
    <w>Ἰησοῦ</w>
    <suffix></suffix>
    <w>Χριστοῦ</w>
    <suffix>, </suffix>
    <w>ὁ</w>
    <suffix></suffix>
    <w>κατὰ</w>
    <suffix></suffix>
    <w>τὸ</w>
    <suffix></suffix>
    <w>πολὺ</w>
    <suffix></suffix>
    <w>αὐτοῦ</w>
    <suffix></suffix>
    <w>ἔλεος</w>
    <suffix></suffix>
    <w>ἀναγεννήσας</w>
    <suffix></suffix>
    <w>ἡμᾶς</w>
    <suffix></suffix>
    <w>εἰς</w>
    <suffix></suffix>
    <w>ἐλπίδα</w>
    <suffix></suffix>
    <w>ζῶσαν</w>
    <suffix></suffix>
    <w>διʼ</w>
    <suffix></suffix>
    <w>ἀναστάσεως</w>
    <suffix></suffix>
    <w>Ἰησοῦ</w>
    <suffix></suffix>
    <w>Χριστοῦ</w>
    <suffix></suffix>
    <w>ἐκ</w>
    <suffix></suffix>
    <w>νεκρῶν</w>
    <suffix>, </suffix>
    <verse-number id="1 Peter 1:4">4</verse-number>
    <w>εἰς</w>
    <suffix></suffix>
    <w>κληρονομίαν</w>
    <suffix></suffix>
    <w>ἄφθαρτον</w>
    <suffix></suffix>
    <w>καὶ</w>
    <suffix></suffix>
    <w>ἀμίαντον</w>
    <suffix></suffix>
    <w>καὶ</w>
    <suffix></suffix>
    <w>ἀμάραντον</w>
    <suffix>, </suffix>
    <w>τετηρημένην</w>
    <suffix></suffix>
    <w>ἐν</w>
    <suffix></suffix>
    <w>οὐρανοῖς</w>
    <suffix></suffix>
    <w>εἰς</w>
    <suffix></suffix>
    <w>ὑμᾶς</w>
    <suffix></suffix>
    <verse-number id="1 Peter 1:5">5</verse-number>
    <w>τοὺς</w>
    <suffix></suffix>
    <w>ἐν</w>
    <suffix></suffix>
    <w>δυνάμει</w>
    <suffix></suffix>
    <w>θεοῦ</w>
    <suffix></suffix>
    <w>φρουρουμένους</w>
    <suffix></suffix>
    <w>διὰ</w>
    <suffix></suffix>
    <w>πίστεως</w>
    <suffix></suffix>
    <w>εἰς</w>
    <suffix></suffix>
    <w>σωτηρίαν</w>
    <suffix></suffix>
    <w>ἑτοίμην</w>
    <suffix></suffix>
    <w>ἀποκαλυφθῆναι</w>
    <suffix></suffix>
    <w>ἐν</w>
    <suffix></suffix>
    <w>καιρῷ</w>
    <suffix></suffix>
    <w>ἐσχάτῳ</w>
    <suffix>. </suffix>
    <verse-number id="1 Peter 1:6">6</verse-number>
    <w>ἐν</w>
    <suffix></suffix>
    <w>ᾧ</w>
    <suffix></suffix>
    <w>ἀγαλλιᾶσθε</w>
    <suffix>, </suffix>
    <w>ὀλίγον</w>
    <suffix></suffix>
    <w>ἄρτι</w>
    <suffix></suffix>
    <w>εἰ</w>
    <suffix></suffix>
    <prefix> ⸀</prefix>
    <w>δέον</w>
    <suffix></suffix>
    <prefix> ⸀</prefix>
    <w>λυπηθέντες</w>
    <suffix></suffix>
    <w>ἐν</w>
    <suffix></suffix>
    <w>ποικίλοις</w>
    <suffix></suffix>
    <w>πειρασμοῖς</w>
    <suffix>, </suffix>
    <verse-number id="1 Peter 1:7">7</verse-number>
    <w>ἵνα</w>
    <suffix></suffix>
    <w>τὸ</w>
    <suffix></suffix>
    <w>δοκίμιον</w>
    <suffix></suffix>
    <w>ὑμῶν</w>
    <suffix></suffix>
    <w>τῆς</w>
    <suffix></suffix>
    <w>πίστεως</w>
    <suffix></suffix>
    <prefix> ⸀</prefix>
    <w>πολυτιμότερον</w>
    <suffix></suffix>
    <w>χρυσίου</w>
    <suffix></suffix>
    <w>τοῦ</w>
    <suffix></suffix>
    <w>ἀπολλυμένου</w>
    <suffix></suffix>
    <w>διὰ</w>
    <suffix></suffix>
    <w>πυρὸς</w>
    <suffix></suffix>
    <w>δὲ</w>
    <suffix></suffix>
    <w>δοκιμαζομένου</w>
    <suffix></suffix>
    <w>εὑρεθῇ</w>
    <suffix></suffix>
    <w>εἰς</w>
    <suffix></suffix>
    <w>ἔπαινον</w>
    <suffix></suffix>
    <w>καὶ</w>
    <suffix></suffix>
    <prefix> ⸂</prefix>
    <w>δόξαν</w>
    <suffix></suffix>
    <w>καὶ</w>
    <suffix></suffix>
    <w>τιμὴν</w>
    <suffix>⸃ </suffix>
    <w>ἐν</w>
    <suffix></suffix>
    <w>ἀποκαλύψει</w>
    <suffix></suffix>
    <w>Ἰησοῦ</w>
    <suffix></suffix>
    <w>Χριστοῦ</w>
    <suffix>. </suffix>
    <verse-number id="1 Peter 1:8">8</verse-number>
    <w>ὃν</w>
    <suffix></suffix>
    <w>οὐκ</w>
    <suffix></suffix>
    <prefix> ⸀</prefix>
    <w>ἰδόντες</w>
    <suffix></suffix>
    <w>ἀγαπᾶτε</w>
    <suffix>, </suffix>
    <w>εἰς</w>
    <suffix></suffix>
    <w>ὃν</w>
    <suffix></suffix>
    <w>ἄρτι</w>
    <suffix></suffix>
    <w>μὴ</w>
    <suffix></suffix>
    <w>ὁρῶντες</w>
    <suffix></suffix>
    <w>πιστεύοντες</w>
    <suffix></suffix>
    <w>δὲ</w>
    <suffix></suffix>
    <prefix> ⸀</prefix>
    <w>ἀγαλλιᾶσθε</w>
    <suffix></suffix>
    <w>χαρᾷ</w>
    <suffix></suffix>
    <w>ἀνεκλαλήτῳ</w>
    <suffix></suffix>
    <w>καὶ</w>
    <suffix></suffix>
    <w>δεδοξασμένῃ</w>
    <suffix>, </suffix>
    <verse-number id="1 Peter 1:9">9</verse-number>
    <w>κομιζόμενοι</w>
    <suffix></suffix>
    <w>τὸ</w>
    <suffix></suffix>
    <w>τέλος</w>
    <suffix></suffix>
    <w>τῆς</w>
    <suffix></suffix>
    <w>πίστεως</w>
    <suffix></suffix>
    <prefix> ⸀</prefix>
    <w>ὑμῶν</w>
    <suffix></suffix>
    <w>σωτηρίαν</w>
    <suffix></suffix>
    <w>ψυχῶν</w>
    <suffix>. </suffix>
  </p>
  <p>
    <verse-number id="1 Peter 1:10">10</verse-number>
    <w>Περὶ</w>
    <suffix></suffix>
    <w>ἧς</w>
    <suffix></suffix>
    <w>σωτηρίας</w>
    <suffix></suffix>
    <w>ἐξεζήτησαν</w>
    <suffix></suffix>
    <w>καὶ</w>
    <suffix></suffix>
    <w>ἐξηραύνησαν</w>
    <suffix></suffix>
    <w>προφῆται</w>
    <suffix></suffix>
    <w>οἱ</w>
    <suffix></suffix>
    <w>περὶ</w>
    <suffix></suffix>
    <w>τῆς</w>
    <suffix></suffix>
    <w>εἰς</w>
    <suffix></suffix>
    <w>ὑμᾶς</w>
    <suffix></suffix>
    <w>χάριτος</w>
    <suffix></suffix>
    <w>προφητεύσαντες</w>
    <suffix>, </suffix>
    <verse-number id="1 Peter 1:11">11</verse-number>
    <w>ἐραυνῶντες</w>
    <suffix></suffix>
    <w>εἰς</w>
    <suffix></suffix>
    <w>τίνα</w>
    <suffix></suffix>
    <w>ἢ</w>
    <suffix></suffix>
    <w>ποῖον</w>
    <suffix></suffix>
    <w>καιρὸν</w>
    <suffix></suffix>
    <w>ἐδήλου</w>
    <suffix></suffix>
    <w>τὸ</w>
    <suffix></suffix>
    <w>ἐν</w>
    <suffix></suffix>
    <w>αὐτοῖς</w>
    <suffix></suffix>
    <w>πνεῦμα</w>
    <suffix></suffix>
    <w>Χριστοῦ</w>
    <suffix></suffix>
    <w>προμαρτυρόμενον</w>
    <suffix></suffix>
    <w>τὰ</w>
    <suffix></suffix>
    <w>εἰς</w>
    <suffix></suffix>
    <w>Χριστὸν</w>
    <suffix></suffix>
    <w>παθήματα</w>
    <suffix></suffix>
    <w>καὶ</w>
    <suffix></suffix>
    <w>τὰς</w>
    <suffix></suffix>
    <w>μετὰ</w>
    <suffix></suffix>
    <w>ταῦτα</w>
    <suffix></suffix>
    <w>δόξας</w>
    <suffix>· </suffix>
    <verse-number id="1 Peter 1:12">12</verse-number>
    <w>οἷς</w>
    <suffix></suffix>
    <w>ἀπεκαλύφθη</w>
    <suffix></suffix>
    <w>ὅτι</w>
    <suffix></suffix>
    <w>οὐχ</w>
    <suffix></suffix>
    <w>ἑαυτοῖς</w>
    <suffix></suffix>
    <w>ὑμῖν</w>
    <suffix></suffix>
    <w>δὲ</w>
    <suffix></suffix>
    <w>διηκόνουν</w>
    <suffix></suffix>
    <w>αὐτά</w>
    <suffix>, </suffix>
    <w>ἃ</w>
    <suffix></suffix>
    <w>νῦν</w>
    <suffix></suffix>
    <w>ἀνηγγέλη</w>
    <suffix></suffix>
    <w>ὑμῖν</w>
    <suffix></suffix>
    <w>διὰ</w>
    <suffix></suffix>
    <w>τῶν</w>
    <suffix></suffix>
    <w>εὐαγγελισαμένων</w>
    <suffix></suffix>
    <prefix> ⸀</prefix>
    <w>ὑμᾶς</w>
    <suffix></suffix>
    <w>πνεύματι</w>
    <suffix></suffix>
    <w>ἁγίῳ</w>
    <suffix></suffix>
    <w>ἀποσταλέντι</w>
    <suffix></suffix>
    <w>ἀπʼ</w>
    <suffix></suffix>
    <w>οὐρανοῦ</w>
    <suffix>, </suffix>
    <w>εἰς</w>
    <suffix></suffix>
    <w>ἃ</w>
    <suffix></suffix>
    <w>ἐπιθυμοῦσιν</w>
    <suffix></suffix>
    <w>ἄγγελοι</w>
    <suffix></suffix>
    <w>παρακύψαι</w>
    <suffix>. </suffix>
  </p>
  <p>
    <verse-number id="1 Peter 1:13">13</verse-number>
    <w>Διὸ</w>
    <suffix></suffix>
    <w>ἀναζωσάμενοι</w>
    <suffix></suffix>
    <w>τὰς</w>
    <suffix></suffix>
    <w>ὀσφύας</w>
    <suffix></suffix>
    <w>τῆς</w>
    <suffix></suffix>
    <w>διανοίας</w>
    <suffix></suffix>
    <w>ὑμῶν</w>
    <suffix>, </suffix>
    <w>νήφοντες</w>
    <suffix></suffix>
    <w>τελείως</w>
    <suffix>, </suffix>
    <w>ἐλπίσατε</w>
    <suffix></suffix>
    <w>ἐπὶ</w>
    <suffix></suffix>
    <w>τὴν</w>
    <suffix></suffix>
    <w>φερομένην</w>
    <suffix></suffix>
    <w>ὑμῖν</w>
    <suffix></suffix>
    <w>χάριν</w>
    <suffix></suffix>
    <w>ἐν</w>
    <suffix></suffix>
    <w>ἀποκαλύψει</w>
    <suffix></suffix>
    <w>Ἰησοῦ</w>
    <suffix></suffix>
    <w>Χριστοῦ</w>
    <suffix>. </suffix>
    <verse-number id="1 Peter 1:14">14</verse-number>
    <w>ὡς</w>
    <suffix></suffix>
    <w>τέκνα</w>
    <suffix></suffix>
    <w>ὑπακοῆς</w>
    <suffix>, </suffix>
    <w>μὴ</w>
    <suffix></suffix>
    <w>συσχηματιζόμενοι</w>
    <suffix></suffix>
    <w>ταῖς</w>
    <suffix></suffix>
    <w>πρότερον</w>
    <suffix></suffix>
    <w>ἐν</w>
    <suffix></suffix>
    <w>τῇ</w>
    <suffix></suffix>
    <w>ἀγνοίᾳ</w>
    <suffix></suffix>
    <w>ὑμῶν</w>
    <suffix></suffix>
    <w>ἐπιθυμίαις</w>
    <suffix>, </suffix>
    <verse-number id="1 Peter 1:15">15</verse-number>
    <w>ἀλλὰ</w>
    <suffix></suffix>
    <w>κατὰ</w>
    <suffix></suffix>
    <w>τὸν</w>
    <suffix></suffix>
    <w>καλέσαντα</w>
    <suffix></suffix>
    <w>ὑμᾶς</w>
    <suffix></suffix>
    <w>ἅγιον</w>
    <suffix></suffix>
    <w>καὶ</w>
    <suffix></suffix>
    <w>αὐτοὶ</w>
    <suffix></suffix>
    <w>ἅγιοι</w>
    <suffix></suffix>
    <w>ἐν</w>
    <suffix></suffix>
    <w>πάσῃ</w>
    <suffix></suffix>
    <w>ἀναστροφῇ</w>
    <suffix></suffix>
    <w>γενήθητε</w>
    <suffix>, </suffix>
    <verse-number id="1 Peter 1:16">16</verse-number>
    <w>διότι</w>
    <suffix></suffix>
    <w>γέγραπται</w>
    <suffix></suffix>
    <prefix> ⸀</prefix>
    <w>ὅτι</w>
    <suffix></suffix>
    <w>Ἅγιοι</w>
    <suffix></suffix>
    <prefix> ⸀</prefix>
    <w>ἔσεσθε</w>
    <suffix>, </suffix>
    <w>ὅτι</w>
    <suffix></suffix>
    <w>ἐγὼ</w>
    <suffix></suffix>
    <prefix> ⸀</prefix>
    <w>ἅγιος</w>
    <suffix>. </suffix>
  </p>
  <p>
    <verse-number id="1 Peter 1:17">17</verse-number>
    <w>Καὶ</w>
    <suffix></suffix>
    <w>εἰ</w>
    <suffix></suffix>
    <w>πατέρα</w>
    <suffix></suffix>
    <w>ἐπικαλεῖσθε</w>
    <suffix></suffix>
    <w>τὸν</w>
    <suffix></suffix>
    <w>ἀπροσωπολήμπτως</w>
    <suffix></suffix>
    <w>κρίνοντα</w>
    <suffix></suffix>
    <w>κατὰ</w>
    <suffix></suffix>
    <w>τὸ</w>
    <suffix></suffix>
    <w>ἑκάστου</w>
    <suffix></suffix>
    <w>ἔργον</w>
    <suffix>, </suffix>
    <w>ἐν</w>
    <suffix></suffix>
    <w>φόβῳ</w>
    <suffix></suffix>
    <w>τὸν</w>
    <suffix></suffix>
    <w>τῆς</w>
    <suffix></suffix>
    <w>παροικίας</w>
    <suffix></suffix>
    <w>ὑμῶν</w>
    <suffix></suffix>
    <w>χρόνον</w>
    <suffix></suffix>
    <w>ἀναστράφητε</w>
    <suffix>· </suffix>
    <verse-number id="1 Peter 1:18">18</verse-number>
    <w>εἰδότες</w>
    <suffix></suffix>
    <w>ὅτι</w>
    <suffix></suffix>
    <w>οὐ</w>
    <suffix></suffix>
    <w>φθαρτοῖς</w>
    <suffix>, </suffix>
    <w>ἀργυρίῳ</w>
    <suffix></suffix>
    <w>ἢ</w>
    <suffix></suffix>
    <w>χρυσίῳ</w>
    <suffix>, </suffix>
    <w>ἐλυτρώθητε</w>
    <suffix></suffix>
    <w>ἐκ</w>
    <suffix></suffix>
    <w>τῆς</w>
    <suffix></suffix>
    <w>ματαίας</w>
    <suffix></suffix>
    <w>ὑμῶν</w>
    <suffix></suffix>
    <w>ἀναστροφῆς</w>
    <suffix></suffix>
    <w>πατροπαραδότου</w>
    <suffix>, </suffix>
    <verse-number id="1 Peter 1:19">19</verse-number>
    <w>ἀλλὰ</w>
    <suffix></suffix>
    <w>τιμίῳ</w>
    <suffix></suffix>
    <w>αἵματι</w>
    <suffix></suffix>
    <w>ὡς</w>
    <suffix></suffix>
    <w>ἀμνοῦ</w>
    <suffix></suffix>
    <w>ἀμώμου</w>
    <suffix></suffix>
    <w>καὶ</w>
    <suffix></suffix>
    <w>ἀσπίλου</w>
    <suffix></suffix>
    <w>Χριστοῦ</w>
    <suffix>, </suffix>
    <verse-number id="1 Peter 1:20">20</verse-number>
    <w>προεγνωσμένου</w>
    <suffix></suffix>
    <w>μὲν</w>
    <suffix></suffix>
    <w>πρὸ</w>
    <suffix></suffix>
    <w>καταβολῆς</w>
    <suffix></suffix>
    <w>κόσμου</w>
    <suffix>, </suffix>
    <w>φανερωθέντος</w>
    <suffix></suffix>
    <w>δὲ</w>
    <suffix></suffix>
    <w>ἐπʼ</w>
    <suffix></suffix>
    <prefix> ⸀</prefix>
    <w>ἐσχάτου</w>
    <suffix></suffix>
    <w>τῶν</w>
    <suffix></suffix>
    <w>χρόνων</w>
    <suffix></suffix>
    <w>διʼ</w>
    <suffix></suffix>
    <w>ὑμᾶς</w>
    <suffix></suffix>
    <verse-number id="1 Peter 1:21">21</verse-number>
    <w>τοὺς</w>
    <suffix></suffix>
    <w>διʼ</w>
    <suffix></suffix>
    <w>αὐτοῦ</w>
    <suffix></suffix>
    <prefix> ⸀</prefix>
    <w>πιστοὺς</w>
    <suffix></suffix>
    <w>εἰς</w>
    <suffix></suffix>
    <w>θεὸν</w>
    <suffix></suffix>
    <w>τὸν</w>
    <suffix></suffix>
    <w>ἐγείραντα</w>
    <suffix></suffix>
    <w>αὐτὸν</w>
    <suffix></suffix>
    <w>ἐκ</w>
    <suffix></suffix>
    <w>νεκρῶν</w>
    <suffix></suffix>
    <w>καὶ</w>
    <suffix></suffix>
    <w>δόξαν</w>
    <suffix></suffix>
    <w>αὐτῷ</w>
    <suffix></suffix>
    <w>δόντα</w>
    <suffix>, </suffix>
    <w>ὥστε</w>
    <suffix></suffix>
    <w>τὴν</w>
    <suffix></suffix>
    <w>πίστιν</w>
    <suffix></suffix>
    <w>ὑμῶν</w>
    <suffix></suffix>
    <w>καὶ</w>
    <suffix></suffix>
    <w>ἐλπίδα</w>
    <suffix></suffix>
    <w>εἶναι</w>
    <suffix></suffix>
    <w>εἰς</w>
    <suffix></suffix>
    <w>θεόν</w>
    <suffix>. </suffix>
  </p>
  <p>
    <verse-number id="1 Peter 1:22">22</verse-number>
    <w>Τὰς</w>
    <suffix></suffix>
    <w>ψυχὰς</w>
    <suffix></suffix>
    <w>ὑμῶν</w>
    <suffix></suffix>
    <w>ἡγνικότες</w>
    <suffix></suffix>
    <w>ἐν</w>
    <suffix></suffix>
    <w>τῇ</w>
    <suffix></suffix>
    <w>ὑπακοῇ</w>
    <suffix></suffix>
    <w>τῆς</w>
    <suffix></suffix>
    <prefix> ⸀</prefix>
    <w>ἀληθείας</w>
    <suffix></suffix>
    <w>εἰς</w>
    <suffix></suffix>
    <w>φιλαδελφίαν</w>
    <suffix></suffix>
    <w>ἀνυπόκριτον</w>
    <suffix></suffix>
    <prefix> ⸀</prefix>
    <w>ἐκ</w>
    <suffix></suffix>
    <w>καρδίας</w>
    <suffix></suffix>
    <w>ἀλλήλους</w>
    <suffix></suffix>
    <w>ἀγαπήσατε</w>
    <suffix></suffix>
    <w>ἐκτενῶς</w>
    <suffix>, </suffix>
    <verse-number id="1 Peter 1:23">23</verse-number>
    <w>ἀναγεγεννημένοι</w>
    <suffix></suffix>
    <w>οὐκ</w>
    <suffix></suffix>
    <w>ἐκ</w>
    <suffix></suffix>
    <w>σπορᾶς</w>
    <suffix></suffix>
    <w>φθαρτῆς</w>
    <suffix></suffix>
    <w>ἀλλὰ</w>
    <suffix></suffix>
    <w>ἀφθάρτου</w>
    <suffix>, </suffix>
    <w>διὰ</w>
    <suffix></suffix>
    <w>λόγου</w>
    <suffix></suffix>
    <w>ζῶντος</w>
    <suffix></suffix>
    <w>θεοῦ</w>
    <suffix></suffix>
    <w>καὶ</w>
    <suffix></suffix>
    <prefix> ⸀</prefix>
    <w>μένοντος</w>
    <suffix>· </suffix>
    <verse-number id="1 Peter 1:24">24</verse-number>
    <w>διότι</w>
    <suffix></suffix>
    <w>πᾶσα</w>
    <suffix></suffix>
    <w>σὰρξ</w>
    <suffix></suffix>
    <w>ὡς</w>
    <suffix></suffix>
    <w>χόρτος</w>
    <suffix>, </suffix>
    <w>καὶ</w>
    <suffix></suffix>
    <w>πᾶσα</w>
    <suffix></suffix>
    <w>δόξα</w>
    <suffix></suffix>
    <prefix> ⸀</prefix>
    <w>αὐτῆς</w>
    <suffix></suffix>
    <w>ὡς</w>
    <suffix></suffix>
    <w>ἄνθος</w>
    <suffix></suffix>
    <w>χόρτου</w>
    <suffix>· </suffix>
    <w>ἐξηράνθη</w>
    <suffix></suffix>
    <w>ὁ</w>
    <suffix></suffix>
    <w>χόρτος</w>
    <suffix>, </suffix>
    <w>καὶ</w>
    <suffix></suffix>
    <w>τὸ</w>
    <suffix></suffix>
    <prefix> ⸀</prefix>
    <w>ἄνθος</w>
    <suffix></suffix>
    <w>ἐξέπεσεν</w>
    <suffix>· </suffix>
    <verse-number id="1 Peter 1:25">25</verse-number>
    <w>τὸ</w>
    <suffix></suffix>
    <w>δὲ</w>
    <suffix></suffix>
    <w>ῥῆμα</w>
    <suffix></suffix>
    <w>κυρίου</w>
    <suffix></suffix>
    <w>μένει</w>
    <suffix></suffix>
    <w>εἰς</w>
    <suffix></suffix>
    <w>τὸν</w>
    <suffix></suffix>
    <w>αἰῶνα</w>
    <suffix>. </suffix>
    <w>τοῦτο</w>
    <suffix></suffix>
    <w>δέ</w>
    <suffix></suffix>
    <w>ἐστιν</w>
    <suffix></suffix>
    <w>τὸ</w>
    <suffix></suffix>
    <w>ῥῆμα</w>
    <suffix></suffix>
    <w>τὸ</w>
    <suffix></suffix>
    <w>εὐαγγελισθὲν</w>
    <suffix></suffix>
    <w>εἰς</w>
    <suffix></suffix>
    <w>ὑμᾶς</w>
    <suffix>. </suffix>
  </p>
  <p>
    <verse-number id="1 Peter 2:1">2:1</verse-number>
    <w>Ἀποθέμενοι</w>
    <suffix></suffix>
    <w>οὖν</w>
    <suffix></suffix>
    <w>πᾶσαν</w>
    <suffix></suffix>
    <w>κακίαν</w>
    <suffix></suffix>
    <w>καὶ</w>
    <suffix></suffix>
    <w>πάντα</w>
    <suffix></suffix>
    <w>δόλον</w>
    <suffix></suffix>
    <w>καὶ</w>
    <suffix></suffix>
    <prefix> ⸀</prefix>
    <w>ὑποκρίσεις</w>
    <suffix></suffix>
    <w>καὶ</w>
    <suffix></suffix>
    <w>φθόνους</w>
    <suffix></suffix>
    <w>καὶ</w>
    <suffix></suffix>
    <w>πάσας</w>
    <suffix></suffix>
    <w>καταλαλιάς</w>
    <suffix>, </suffix>
    <verse-number id="1 Peter 2:2">2</verse-number>
    <w>ὡς</w>
    <suffix></suffix>
    <w>ἀρτιγέννητα</w>
    <suffix></suffix>
    <w>βρέφη</w>
    <suffix></suffix>
    <w>τὸ</w>
    <suffix></suffix>
    <w>λογικὸν</w>
    <suffix></suffix>
    <w>ἄδολον</w>
    <suffix></suffix>
    <w>γάλα</w>
    <suffix></suffix>
    <w>ἐπιποθήσατε</w>
    <suffix>, </suffix>
    <w>ἵνα</w>
    <suffix></suffix>
    <w>ἐν</w>
    <suffix></suffix>
    <w>αὐτῷ</w>
    <suffix></suffix>
    <w>αὐξηθῆτε</w>
    <suffix></suffix>
    <prefix> ⸂</prefix>
    <w>εἰς</w>
    <suffix></suffix>
    <w>σωτηρίαν</w>
    <suffix>⸃, </suffix>
    <verse-number id="1 Peter 2:3">3</verse-number>
    <prefix> ⸀</prefix>
    <w>εἰ</w>
    <suffix></suffix>
    <w>ἐγεύσασθε</w>
    <suffix></suffix>
    <w>ὅτι</w>
    <suffix></suffix>
    <w>χρηστὸς</w>
    <suffix></suffix>
    <w>ὁ</w>
    <suffix></suffix>
    <w>κύριος</w>
    <suffix>. </suffix>
  </p>
  <p>
    <verse-number id="1 Peter 2:4">4</verse-number>
    <w>Πρὸς</w>
    <suffix></suffix>
    <w>ὃν</w>
    <suffix></suffix>
    <w>προσερχόμενοι</w>
    <suffix>, </suffix>
    <w>λίθον</w>
    <suffix></suffix>
    <w>ζῶντα</w>
    <suffix>, </suffix>
    <w>ὑπὸ</w>
    <suffix></suffix>
    <w>ἀνθρώπων</w>
    <suffix></suffix>
    <w>μὲν</w>
    <suffix></suffix>
    <w>ἀποδεδοκιμασμένον</w>
    <suffix></suffix>
    <w>παρὰ</w>
    <suffix></suffix>
    <w>δὲ</w>
    <suffix></suffix>
    <w>θεῷ</w>
    <suffix></suffix>
    <w>ἐκλεκτὸν</w>
    <suffix></suffix>
    <w>ἔντιμον</w>
    <suffix></suffix>
    <verse-number id="1 Peter 2:5">5</verse-number>
    <w>καὶ</w>
    <suffix></suffix>
    <w>αὐτοὶ</w>
    <suffix></suffix>
    <w>ὡς</w>
    <suffix></suffix>
    <w>λίθοι</w>
    <suffix></suffix>
    <w>ζῶντες</w>
    <suffix></suffix>
    <w>οἰκοδομεῖσθε</w>
    <suffix></suffix>
    <w>οἶκος</w>
    <suffix></suffix>
    <w>πνευματικὸς</w>
    <suffix></suffix>
    <prefix> ⸀</prefix>
    <w>εἰς</w>
    <suffix></suffix>
    <w>ἱεράτευμα</w>
    <suffix></suffix>
    <w>ἅγιον</w>
    <suffix>, </suffix>
    <w>ἀνενέγκαι</w>
    <suffix></suffix>
    <w>πνευματικὰς</w>
    <suffix></suffix>
    <w>θυσίας</w>
    <suffix></suffix>
    <prefix> ⸀</prefix>
    <w>εὐπροσδέκτους</w>
    <suffix></suffix>
    <w>θεῷ</w>
    <suffix></suffix>
    <w>διὰ</w>
    <suffix></suffix>
    <w>Ἰησοῦ</w>
    <suffix></suffix>
    <w>Χριστοῦ</w>
    <suffix>· </suffix>
    <verse-number id="1 Peter 2:6">6</verse-number>
    <w>διότι</w>
    <suffix></suffix>
    <w>περιέχει</w>
    <suffix></suffix>
    <prefix> ⸀</prefix>
    <w>ἐν</w>
    <suffix></suffix>
    <w>γραφῇ</w>
    <suffix>· </suffix>
    <w>Ἰδοὺ</w>
    <suffix></suffix>
    <w>τίθημι</w>
    <suffix></suffix>
    <w>ἐν</w>
    <suffix></suffix>
    <w>Σιὼν</w>
    <suffix></suffix>
    <w>λίθον</w>
    <suffix></suffix>
    <prefix> ⸂</prefix>
    <w>ἀκρογωνιαῖον</w>
    <suffix></suffix>
    <w>ἐκλεκτὸν</w>
    <suffix>⸃ </suffix>
    <w>ἔντιμον</w>
    <suffix>, </suffix>
    <w>καὶ</w>
    <suffix></suffix>
    <w>ὁ</w>
    <suffix></suffix>
    <w>πιστεύων</w>
    <suffix></suffix>
    <w>ἐπʼ</w>
    <suffix></suffix>
    <w>αὐτῷ</w>
    <suffix></suffix>
    <w>οὐ</w>
    <suffix></suffix>
    <w>μὴ</w>
    <suffix></suffix>
    <w>καταισχυνθῇ</w>
    <suffix>. </suffix>
    <verse-number id="1 Peter 2:7">7</verse-number>
    <w>ὑμῖν</w>
    <suffix></suffix>
    <w>οὖν</w>
    <suffix></suffix>
    <w>ἡ</w>
    <suffix></suffix>
    <w>τιμὴ</w>
    <suffix></suffix>
    <w>τοῖς</w>
    <suffix></suffix>
    <w>πιστεύουσιν</w>
    <suffix>· </suffix>
    <prefix> ⸀</prefix>
    <w>ἀπιστοῦσιν</w>
    <suffix></suffix>
    <w>δὲ</w>
    <suffix></suffix>
    <prefix> ⸀</prefix>
    <w>λίθος</w>
    <suffix></suffix>
    <w>ὃν</w>
    <suffix></suffix>
    <w>ἀπεδοκίμασαν</w>
    <suffix></suffix>
    <w>οἱ</w>
    <suffix></suffix>
    <w>οἰκοδομοῦντες</w>
    <suffix></suffix>
    <w>οὗτος</w>
    <suffix></suffix>
    <w>ἐγενήθη</w>
    <suffix></suffix>
    <w>εἰς</w>
    <suffix></suffix>
    <w>κεφαλὴν</w>
    <suffix></suffix>
    <w>γωνίας</w>
    <suffix></suffix>
    <verse-number id="1 Peter 2:8">8</verse-number>
    <w>καὶ</w>
    <suffix></suffix>
    <w>λίθος</w>
    <suffix></suffix>
    <w>προσκόμματος</w>
    <suffix></suffix>
    <w>καὶ</w>
    <suffix></suffix>
    <w>πέτρα</w>
    <suffix></suffix>
    <w>σκανδάλου</w>
    <suffix>· </suffix>
    <w>οἳ</w>
    <suffix></suffix>
    <w>προσκόπτουσιν</w>
    <suffix></suffix>
    <w>τῷ</w>
    <suffix></suffix>
    <w>λόγῳ</w>
    <suffix></suffix>
    <w>ἀπειθοῦντες</w>
    <suffix>· </suffix>
    <w>εἰς</w>
    <suffix></suffix>
    <w>ὃ</w>
    <suffix></suffix>
    <w>καὶ</w>
    <suffix></suffix>
    <w>ἐτέθησαν</w>
    <suffix>. </suffix>
  </p>
  <p>
    <verse-number id="1 Peter 2:9">9</verse-number>
    <w>Ὑμεῖς</w>
    <suffix></suffix>
    <w>δὲ</w>
    <suffix></suffix>
    <w>γένος</w>
    <suffix></suffix>
    <w>ἐκλεκτόν</w>
    <suffix>, </suffix>
    <w>βασίλειον</w>
    <suffix></suffix>
    <w>ἱεράτευμα</w>
    <suffix>, </suffix>
    <w>ἔθνος</w>
    <suffix></suffix>
    <w>ἅγιον</w>
    <suffix>, </suffix>
    <w>λαὸς</w>
    <suffix></suffix>
    <w>εἰς</w>
    <suffix></suffix>
    <w>περιποίησιν</w>
    <suffix>, </suffix>
    <w>ὅπως</w>
    <suffix></suffix>
    <w>τὰς</w>
    <suffix></suffix>
    <w>ἀρετὰς</w>
    <suffix></suffix>
    <w>ἐξαγγείλητε</w>
    <suffix></suffix>
    <w>τοῦ</w>
    <suffix></suffix>
    <w>ἐκ</w>
    <suffix></suffix>
    <w>σκότους</w>
    <suffix></suffix>
    <w>ὑμᾶς</w>
    <suffix></suffix>
    <w>καλέσαντος</w>
    <suffix></suffix>
    <w>εἰς</w>
    <suffix></suffix>
    <w>τὸ</w>
    <suffix></suffix>
    <w>θαυμαστὸν</w>
    <suffix></suffix>
    <w>αὐτοῦ</w>
    <suffix></suffix>
    <w>φῶς</w>
    <suffix>· </suffix>
    <verse-number id="1 Peter 2:10">10</verse-number>
    <w>οἵ</w>
    <suffix></suffix>
    <w>ποτε</w>
    <suffix></suffix>
    <w>οὐ</w>
    <suffix></suffix>
    <w>λαὸς</w>
    <suffix></suffix>
    <w>νῦν</w>
    <suffix></suffix>
    <w>δὲ</w>
    <suffix></suffix>
    <w>λαὸς</w>
    <suffix></suffix>
    <w>θεοῦ</w>
    <suffix>, </suffix>
    <w>οἱ</w>
    <suffix></suffix>
    <w>οὐκ</w>
    <suffix></suffix>
    <w>ἠλεημένοι</w>
    <suffix></suffix>
    <w>νῦν</w>
    <suffix></suffix>
    <w>δὲ</w>
    <suffix></suffix>
    <w>ἐλεηθέντες</w>
    <suffix>. </suffix>
    <verse-number id="1 Peter 2:11">11</verse-number>
    <w>Ἀγαπητοί</w>
    <suffix>, </suffix>
    <w>παρακαλῶ</w>
    <suffix></suffix>
    <w>ὡς</w>
    <suffix></suffix>
    <w>παροίκους</w>
    <suffix></suffix>
    <w>καὶ</w>
    <suffix></suffix>
    <w>παρεπιδήμους</w>
    <suffix></suffix>
    <w>ἀπέχεσθαι</w>
    <suffix></suffix>
    <w>τῶν</w>
    <suffix></suffix>
    <w>σαρκικῶν</w>
    <suffix></suffix>
    <w>ἐπιθυμιῶν</w>
    <suffix>, </suffix>
    <w>αἵτινες</w>
    <suffix></suffix>
    <w>στρατεύονται</w>
    <suffix></suffix>
    <w>κατὰ</w>
    <suffix></suffix>
    <w>τῆς</w>
    <suffix></suffix>
    <w>ψυχῆς</w>
    <suffix>· </suffix>
    <verse-number id="1 Peter 2:12">12</verse-number>
    <w>τὴν</w>
    <suffix></suffix>
    <w>ἀναστροφὴν</w>
    <suffix></suffix>
    <w>ὑμῶν</w>
    <suffix></suffix>
    <prefix> ⸂</prefix>
    <w>ἐν</w>
    <suffix></suffix>
    <w>τοῖς</w>
    <suffix></suffix>
    <w>ἔθνεσιν</w>
    <suffix></suffix>
    <w>ἔχοντες</w>
    <suffix></suffix>
    <w>καλήν</w>
    <suffix>⸃, </suffix>
    <w>ἵνα</w>
    <suffix>, </suffix>
    <w>ἐν</w>
    <suffix></suffix>
    <w>ᾧ</w>
    <suffix></suffix>
    <w>καταλαλοῦσιν</w>
    <suffix></suffix>
    <w>ὑμῶν</w>
    <suffix></suffix>
    <w>ὡς</w>
    <suffix></suffix>
    <w>κακοποιῶν</w>
    <suffix>, </suffix>
    <w>ἐκ</w>
    <suffix></suffix>
    <w>τῶν</w>
    <suffix></suffix>
    <w>καλῶν</w>
    <suffix></suffix>
    <w>ἔργων</w>
    <suffix></suffix>
    <prefix> ⸀</prefix>
    <w>ἐποπτεύοντες</w>
    <suffix></suffix>
    <w>δοξάσωσι</w>
    <suffix></suffix>
    <w>τὸν</w>
    <suffix></suffix>
    <w>θεὸν</w>
    <suffix></suffix>
    <w>ἐν</w>
    <suffix></suffix>
    <w>ἡμέρᾳ</w>
    <suffix></suffix>
    <w>ἐπισκοπῆς</w>
    <suffix>. </suffix>
  </p>
  <p>
    <verse-number id="1 Peter 2:13">13</verse-number>
    <prefix> ⸀</prefix>
    <w>Ὑποτάγητε</w>
    <suffix></suffix>
    <w>πάσῃ</w>
    <suffix></suffix>
    <w>ἀνθρωπίνῃ</w>
    <suffix></suffix>
    <w>κτίσει</w>
    <suffix></suffix>
    <w>διὰ</w>
    <suffix></suffix>
    <w>τὸν</w>
    <suffix></suffix>
    <w>κύριον</w>
    <suffix>· </suffix>
    <w>εἴτε</w>
    <suffix></suffix>
    <w>βασιλεῖ</w>
    <suffix></suffix>
    <w>ὡς</w>
    <suffix></suffix>
    <w>ὑπερέχοντι</w>
    <suffix>, </suffix>
    <verse-number id="1 Peter 2:14">14</verse-number>
    <w>εἴτε</w>
    <suffix></suffix>
    <w>ἡγεμόσιν</w>
    <suffix></suffix>
    <w>ὡς</w>
    <suffix></suffix>
    <w>διʼ</w>
    <suffix></suffix>
    <w>αὐτοῦ</w>
    <suffix></suffix>
    <w>πεμπομένοις</w>
    <suffix></suffix>
    <w>εἰς</w>
    <suffix></suffix>
    <w>ἐκδίκησιν</w>
    <suffix></suffix>
    <w>κακοποιῶν</w>
    <suffix></suffix>
    <w>ἔπαινον</w>
    <suffix></suffix>
    <w>δὲ</w>
    <suffix></suffix>
    <w>ἀγαθοποιῶν</w>
    <suffix></suffix>
    <verse-number id="1 Peter 2:15">15</verse-number>
    <prefix> (</prefix>
    <w>ὅτι</w>
    <suffix></suffix>
    <w>οὕτως</w>
    <suffix></suffix>
    <w>ἐστὶν</w>
    <suffix></suffix>
    <w>τὸ</w>
    <suffix></suffix>
    <w>θέλημα</w>
    <suffix></suffix>
    <w>τοῦ</w>
    <suffix></suffix>
    <w>θεοῦ</w>
    <suffix>, </suffix>
    <w>ἀγαθοποιοῦντας</w>
    <suffix></suffix>
    <w>φιμοῦν</w>
    <suffix></suffix>
    <w>τὴν</w>
    <suffix></suffix>
    <w>τῶν</w>
    <suffix></suffix>
    <w>ἀφρόνων</w>
    <suffix></suffix>
    <w>ἀνθρώπων</w>
    <suffix></suffix>
    <w>ἀγνωσίαν</w>
    <suffix>)· </suffix>
    <verse-number id="1 Peter 2:16">16</verse-number>
    <w>ὡς</w>
    <suffix></suffix>
    <w>ἐλεύθεροι</w>
    <suffix>, </suffix>
    <w>καὶ</w>
    <suffix></suffix>
    <w>μὴ</w>
    <suffix></suffix>
    <w>ὡς</w>
    <suffix></suffix>
    <w>ἐπικάλυμμα</w>
    <suffix></suffix>
    <w>ἔχοντες</w>
    <suffix></suffix>
    <w>τῆς</w>
    <suffix></suffix>
    <w>κακίας</w>
    <suffix></suffix>
    <w>τὴν</w>
    <suffix></suffix>
    <w>ἐλευθερίαν</w>
    <suffix>, </suffix>
    <w>ἀλλʼ</w>
    <suffix></suffix>
    <w>ὡς</w>
    <suffix></suffix>
    <prefix> ⸂</prefix>
    <w>θεοῦ</w>
    <suffix></suffix>
    <w>δοῦλοι</w>
    <suffix>⸃. </suffix>
    <verse-number id="1 Peter 2:17">17</verse-number>
    <w>πάντας</w>
    <suffix></suffix>
    <w>τιμήσατε</w>
    <suffix>, </suffix>
    <w>τὴν</w>
    <suffix></suffix>
    <w>ἀδελφότητα</w>
    <suffix></suffix>
    <prefix> ⸀</prefix>
    <w>ἀγαπᾶτε</w>
    <suffix>, </suffix>
    <w>τὸν</w>
    <suffix></suffix>
    <w>θεὸν</w>
    <suffix></suffix>
    <w>φοβεῖσθε</w>
    <suffix>, </suffix>
    <w>τὸν</w>
    <suffix></suffix>
    <w>βασιλέα</w>
    <suffix></suffix>
    <w>τιμᾶτε</w>
    <suffix>. </suffix>
  </p>
  <p>
    <verse-number id="1 Peter 2:18">18</verse-number>
    <w>Οἱ</w>
    <suffix></suffix>
    <w>οἰκέται</w>
    <suffix></suffix>
    <w>ὑποτασσόμενοι</w>
    <suffix></suffix>
    <w>ἐν</w>
    <suffix></suffix>
    <w>παντὶ</w>
    <suffix></suffix>
    <w>φόβῳ</w>
    <suffix></suffix>
    <w>τοῖς</w>
    <suffix></suffix>
    <w>δεσπόταις</w>
    <suffix>, </suffix>
    <w>οὐ</w>
    <suffix></suffix>
    <w>μόνον</w>
    <suffix></suffix>
    <w>τοῖς</w>
    <suffix></suffix>
    <w>ἀγαθοῖς</w>
    <suffix></suffix>
    <w>καὶ</w>
    <suffix></suffix>
    <w>ἐπιεικέσιν</w>
    <suffix></suffix>
    <w>ἀλλὰ</w>
    <suffix></suffix>
    <w>καὶ</w>
    <suffix></suffix>
    <w>τοῖς</w>
    <suffix></suffix>
    <w>σκολιοῖς</w>
    <suffix>. </suffix>
    <verse-number id="1 Peter 2:19">19</verse-number>
    <w>τοῦτο</w>
    <suffix></suffix>
    <w>γὰρ</w>
    <suffix></suffix>
    <w>χάρις</w>
    <suffix></suffix>
    <w>εἰ</w>
    <suffix></suffix>
    <w>διὰ</w>
    <suffix></suffix>
    <w>συνείδησιν</w>
    <suffix></suffix>
    <w>θεοῦ</w>
    <suffix></suffix>
    <w>ὑποφέρει</w>
    <suffix></suffix>
    <w>τις</w>
    <suffix></suffix>
    <w>λύπας</w>
    <suffix></suffix>
    <w>πάσχων</w>
    <suffix></suffix>
    <w>ἀδίκως</w>
    <suffix>· </suffix>
    <verse-number id="1 Peter 2:20">20</verse-number>
    <w>ποῖον</w>
    <suffix></suffix>
    <w>γὰρ</w>
    <suffix></suffix>
    <w>κλέος</w>
    <suffix></suffix>
    <w>εἰ</w>
    <suffix></suffix>
    <w>ἁμαρτάνοντες</w>
    <suffix></suffix>
    <w>καὶ</w>
    <suffix></suffix>
    <w>κολαφιζόμενοι</w>
    <suffix></suffix>
    <w>ὑπομενεῖτε</w>
    <suffix>; </suffix>
    <w>ἀλλʼ</w>
    <suffix></suffix>
    <w>εἰ</w>
    <suffix></suffix>
    <w>ἀγαθοποιοῦντες</w>
    <suffix></suffix>
    <w>καὶ</w>
    <suffix></suffix>
    <w>πάσχοντες</w>
    <suffix></suffix>
    <w>ὑπομενεῖτε</w>
    <suffix>, </suffix>
    <w>τοῦτο</w>
    <suffix></suffix>
    <w>χάρις</w>
    <suffix></suffix>
    <w>παρὰ</w>
    <suffix></suffix>
    <w>θεῷ</w>
    <suffix>. </suffix>
    <verse-number id="1 Peter 2:21">21</verse-number>
    <w>εἰς</w>
    <suffix></suffix>
    <w>τοῦτο</w>
    <suffix></suffix>
    <w>γὰρ</w>
    <suffix></suffix>
    <w>ἐκλήθητε</w>
    <suffix>, </suffix>
    <w>ὅτι</w>
    <suffix></suffix>
    <w>καὶ</w>
    <suffix></suffix>
    <w>Χριστὸς</w>
    <suffix></suffix>
    <w>ἔπαθεν</w>
    <suffix></suffix>
    <w>ὑπὲρ</w>
    <suffix></suffix>
    <prefix> ⸀</prefix>
    <w>ὑμῶν</w>
    <suffix>, </suffix>
    <w>ὑμῖν</w>
    <suffix></suffix>
    <w>ὑπολιμπάνων</w>
    <suffix></suffix>
    <w>ὑπογραμμὸν</w>
    <suffix></suffix>
    <w>ἵνα</w>
    <suffix></suffix>
    <w>ἐπακολουθήσητε</w>
    <suffix></suffix>
    <w>τοῖς</w>
    <suffix></suffix>
    <w>ἴχνεσιν</w>
    <suffix></suffix>
    <w>αὐτοῦ</w>
    <suffix>· </suffix>
    <verse-number id="1 Peter 2:22">22</verse-number>
    <w>ὃς</w>
    <suffix></suffix>
    <w>ἁμαρτίαν</w>
    <suffix></suffix>
    <w>οὐκ</w>
    <suffix></suffix>
    <w>ἐποίησεν</w>
    <suffix></suffix>
    <w>οὐδὲ</w>
    <suffix></suffix>
    <w>εὑρέθη</w>
    <suffix></suffix>
    <w>δόλος</w>
    <suffix></suffix>
    <w>ἐν</w>
    <suffix></suffix>
    <w>τῷ</w>
    <suffix></suffix>
    <w>στόματι</w>
    <suffix></suffix>
    <w>αὐτοῦ</w>
    <suffix>· </suffix>
    <verse-number id="1 Peter 2:23">23</verse-number>
    <w>ὃς</w>
    <suffix></suffix>
    <w>λοιδορούμενος</w>
    <suffix></suffix>
    <w>οὐκ</w>
    <suffix></suffix>
    <w>ἀντελοιδόρει</w>
    <suffix>, </suffix>
    <w>πάσχων</w>
    <suffix></suffix>
    <w>οὐκ</w>
    <suffix></suffix>
    <w>ἠπείλει</w>
    <suffix>, </suffix>
    <w>παρεδίδου</w>
    <suffix></suffix>
    <w>δὲ</w>
    <suffix></suffix>
    <w>τῷ</w>
    <suffix></suffix>
    <w>κρίνοντι</w>
    <suffix></suffix>
    <w>δικαίως</w>
    <suffix>· </suffix>
    <verse-number id="1 Peter 2:24">24</verse-number>
    <w>ὃς</w>
    <suffix></suffix>
    <w>τὰς</w>
    <suffix></suffix>
    <w>ἁμαρτίας</w>
    <suffix></suffix>
    <w>ἡμῶν</w>
    <suffix></suffix>
    <w>αὐτὸς</w>
    <suffix></suffix>
    <w>ἀνήνεγκεν</w>
    <suffix></suffix>
    <w>ἐν</w>
    <suffix></suffix>
    <w>τῷ</w>
    <suffix></suffix>
    <w>σώματι</w>
    <suffix></suffix>
    <w>αὐτοῦ</w>
    <suffix></suffix>
    <w>ἐπὶ</w>
    <suffix></suffix>
    <w>τὸ</w>
    <suffix></suffix>
    <w>ξύλον</w>
    <suffix>, </suffix>
    <w>ἵνα</w>
    <suffix></suffix>
    <w>ταῖς</w>
    <suffix></suffix>
    <w>ἁμαρτίαις</w>
    <suffix></suffix>
    <w>ἀπογενόμενοι</w>
    <suffix></suffix>
    <w>τῇ</w>
    <suffix></suffix>
    <w>δικαιοσύνῃ</w>
    <suffix></suffix>
    <w>ζήσωμεν</w>
    <suffix>· </suffix>
    <w>οὗ</w>
    <suffix></suffix>
    <w>τῷ</w>
    <suffix></suffix>
    <prefix> ⸀</prefix>
    <w>μώλωπι</w>
    <suffix></suffix>
    <w>ἰάθητε</w>
    <suffix>. </suffix>
    <verse-number id="1 Peter 2:25">25</verse-number>
    <w>ἦτε</w>
    <suffix></suffix>
    <w>γὰρ</w>
    <suffix></suffix>
    <w>ὡς</w>
    <suffix></suffix>
    <w>πρόβατα</w>
    <suffix></suffix>
    <prefix> ⸀</prefix>
    <w>πλανώμενοι</w>
    <suffix>, </suffix>
    <w>ἀλλὰ</w>
    <suffix></suffix>
    <w>ἐπεστράφητε</w>
    <suffix></suffix>
    <w>νῦν</w>
    <suffix></suffix>
    <w>ἐπὶ</w>
    <suffix></suffix>
    <w>τὸν</w>
    <suffix></suffix>
    <w>ποιμένα</w>
    <suffix></suffix>
    <w>καὶ</w>
    <suffix></suffix>
    <w>ἐπίσκοπον</w>
    <suffix></suffix>
    <w>τῶν</w>
    <suffix></suffix>
    <w>ψυχῶν</w>
    <suffix></suffix>
    <w>ὑμῶν</w>
    <suffix>. </suffix>
  </p>
  <p>
    <verse-number id="1 Peter 3:1">3:1</verse-number>
    <prefix> ⸀</prefix>
    <w>Ὁμοίως</w>
    <suffix></suffix>
    <w>γυναῖκες</w>
    <suffix></suffix>
    <w>ὑποτασσόμεναι</w>
    <suffix></suffix>
    <w>τοῖς</w>
    <suffix></suffix>
    <w>ἰδίοις</w>
    <suffix></suffix>
    <w>ἀνδράσιν</w>
    <suffix>, </suffix>
    <w>ἵνα</w>
    <suffix></suffix>
    <prefix> ⸀</prefix>
    <w>καὶ</w>
    <suffix></suffix>
    <w>εἴ</w>
    <suffix></suffix>
    <w>τινες</w>
    <suffix></suffix>
    <w>ἀπειθοῦσιν</w>
    <suffix></suffix>
    <w>τῷ</w>
    <suffix></suffix>
    <w>λόγῳ</w>
    <suffix></suffix>
    <w>διὰ</w>
    <suffix></suffix>
    <w>τῆς</w>
    <suffix></suffix>
    <w>τῶν</w>
    <suffix></suffix>
    <w>γυναικῶν</w>
    <suffix></suffix>
    <w>ἀναστροφῆς</w>
    <suffix></suffix>
    <w>ἄνευ</w>
    <suffix></suffix>
    <w>λόγου</w>
    <suffix></suffix>
    <w>κερδηθήσονται</w>
    <suffix></suffix>
    <verse-number id="1 Peter 3:2">2</verse-number>
    <w>ἐποπτεύσαντες</w>
    <suffix></suffix>
    <w>τὴν</w>
    <suffix></suffix>
    <w>ἐν</w>
    <suffix></suffix>
    <w>φόβῳ</w>
    <suffix></suffix>
    <w>ἁγνὴν</w>
    <suffix></suffix>
    <w>ἀναστροφὴν</w>
    <suffix></suffix>
    <w>ὑμῶν</w>
    <suffix>. </suffix>
    <verse-number id="1 Peter 3:3">3</verse-number>
    <w>ὧν</w>
    <suffix></suffix>
    <w>ἔστω</w>
    <suffix></suffix>
    <w>οὐχ</w>
    <suffix></suffix>
    <w>ὁ</w>
    <suffix></suffix>
    <w>ἔξωθεν</w>
    <suffix></suffix>
    <w>ἐμπλοκῆς</w>
    <suffix></suffix>
    <w>τριχῶν</w>
    <suffix></suffix>
    <w>καὶ</w>
    <suffix></suffix>
    <w>περιθέσεως</w>
    <suffix></suffix>
    <w>χρυσίων</w>
    <suffix></suffix>
    <w>ἢ</w>
    <suffix></suffix>
    <w>ἐνδύσεως</w>
    <suffix></suffix>
    <w>ἱματίων</w>
    <suffix></suffix>
    <w>κόσμος</w>
    <suffix>, </suffix>
    <verse-number id="1 Peter 3:4">4</verse-number>
    <w>ἀλλʼ</w>
    <suffix></suffix>
    <w>ὁ</w>
    <suffix></suffix>
    <w>κρυπτὸς</w>
    <suffix></suffix>
    <w>τῆς</w>
    <suffix></suffix>
    <w>καρδίας</w>
    <suffix></suffix>
    <w>ἄνθρωπος</w>
    <suffix></suffix>
    <w>ἐν</w>
    <suffix></suffix>
    <w>τῷ</w>
    <suffix></suffix>
    <w>ἀφθάρτῳ</w>
    <suffix></suffix>
    <w>τοῦ</w>
    <suffix></suffix>
    <prefix> ⸂</prefix>
    <w>πραέως</w>
    <suffix></suffix>
    <w>καὶ</w>
    <suffix></suffix>
    <w>ἡσυχίου</w>
    <suffix>⸃ </suffix>
    <w>πνεύματος</w>
    <suffix>, </suffix>
    <w>ὅ</w>
    <suffix></suffix>
    <w>ἐστιν</w>
    <suffix></suffix>
    <w>ἐνώπιον</w>
    <suffix></suffix>
    <w>τοῦ</w>
    <suffix></suffix>
    <w>θεοῦ</w>
    <suffix></suffix>
    <w>πολυτελές</w>
    <suffix>. </suffix>
    <verse-number id="1 Peter 3:5">5</verse-number>
    <w>οὕτως</w>
    <suffix></suffix>
    <w>γάρ</w>
    <suffix></suffix>
    <w>ποτε</w>
    <suffix></suffix>
    <w>καὶ</w>
    <suffix></suffix>
    <w>αἱ</w>
    <suffix></suffix>
    <w>ἅγιαι</w>
    <suffix></suffix>
    <w>γυναῖκες</w>
    <suffix></suffix>
    <w>αἱ</w>
    <suffix></suffix>
    <w>ἐλπίζουσαι</w>
    <suffix></suffix>
    <prefix> ⸀</prefix>
    <w>εἰς</w>
    <suffix></suffix>
    <w>θεὸν</w>
    <suffix></suffix>
    <w>ἐκόσμουν</w>
    <suffix></suffix>
    <w>ἑαυτάς</w>
    <suffix>, </suffix>
    <w>ὑποτασσόμεναι</w>
    <suffix></suffix>
    <w>τοῖς</w>
    <suffix></suffix>
    <w>ἰδίοις</w>
    <suffix></suffix>
    <w>ἀνδράσιν</w>
    <suffix>, </suffix>
    <verse-number id="1 Peter 3:6">6</verse-number>
    <w>ὡς</w>
    <suffix></suffix>
    <w>Σάρρα</w>
    <suffix></suffix>
    <prefix> ⸀</prefix>
    <w>ὑπήκουσεν</w>
    <suffix></suffix>
    <w>τῷ</w>
    <suffix></suffix>
    <w>Ἀβραάμ</w>
    <suffix>, </suffix>
    <w>κύριον</w>
    <suffix></suffix>
    <w>αὐτὸν</w>
    <suffix></suffix>
    <w>καλοῦσα</w>
    <suffix>· </suffix>
    <w>ἧς</w>
    <suffix></suffix>
    <w>ἐγενήθητε</w>
    <suffix></suffix>
    <w>τέκνα</w>
    <suffix></suffix>
    <w>ἀγαθοποιοῦσαι</w>
    <suffix></suffix>
    <w>καὶ</w>
    <suffix></suffix>
    <w>μὴ</w>
    <suffix></suffix>
    <w>φοβούμεναι</w>
    <suffix></suffix>
    <w>μηδεμίαν</w>
    <suffix></suffix>
    <w>πτόησιν</w>
    <suffix>. </suffix>
  </p>
  <p>
    <verse-number id="1 Peter 3:7">7</verse-number>
    <w>Οἱ</w>
    <suffix></suffix>
    <w>ἄνδρες</w>
    <suffix></suffix>
    <w>ὁμοίως</w>
    <suffix></suffix>
    <w>συνοικοῦντες</w>
    <suffix></suffix>
    <w>κατὰ</w>
    <suffix></suffix>
    <w>γνῶσιν</w>
    <suffix>, </suffix>
    <w>ὡς</w>
    <suffix></suffix>
    <w>ἀσθενεστέρῳ</w>
    <suffix></suffix>
    <w>σκεύει</w>
    <suffix></suffix>
    <w>τῷ</w>
    <suffix></suffix>
    <w>γυναικείῳ</w>
    <suffix></suffix>
    <w>ἀπονέμοντες</w>
    <suffix></suffix>
    <w>τιμήν</w>
    <suffix>, </suffix>
    <w>ὡς</w>
    <suffix></suffix>
    <w>καὶ</w>
    <suffix></suffix>
    <prefix> ⸀</prefix>
    <w>συγκληρονόμοις</w>
    <suffix></suffix>
    <w>χάριτος</w>
    <suffix></suffix>
    <w>ζωῆς</w>
    <suffix>, </suffix>
    <w>εἰς</w>
    <suffix></suffix>
    <w>τὸ</w>
    <suffix></suffix>
    <w>μὴ</w>
    <suffix></suffix>
    <w>ἐγκόπτεσθαι</w>
    <suffix></suffix>
    <w>τὰς</w>
    <suffix></suffix>
    <w>προσευχὰς</w>
    <suffix></suffix>
    <w>ὑμῶν</w>
    <suffix>. </suffix>
  </p>
  <p>
    <verse-number id="1 Peter 3:8">8</verse-number>
    <w>Τὸ</w>
    <suffix></suffix>
    <w>δὲ</w>
    <suffix></suffix>
    <w>τέλος</w>
    <suffix></suffix>
    <w>πάντες</w>
    <suffix></suffix>
    <w>ὁμόφρονες</w>
    <suffix>, </suffix>
    <w>συμπαθεῖς</w>
    <suffix>, </suffix>
    <w>φιλάδελφοι</w>
    <suffix>, </suffix>
    <w>εὔσπλαγχνοι</w>
    <suffix>, </suffix>
    <prefix> ⸀</prefix>
    <w>ταπεινόφρονες</w>
    <suffix>, </suffix>
    <verse-number id="1 Peter 3:9">9</verse-number>
    <w>μὴ</w>
    <suffix></suffix>
    <w>ἀποδιδόντες</w>
    <suffix></suffix>
    <w>κακὸν</w>
    <suffix></suffix>
    <w>ἀντὶ</w>
    <suffix></suffix>
    <w>κακοῦ</w>
    <suffix></suffix>
    <w>ἢ</w>
    <suffix></suffix>
    <w>λοιδορίαν</w>
    <suffix></suffix>
    <w>ἀντὶ</w>
    <suffix></suffix>
    <w>λοιδορίας</w>
    <suffix></suffix>
    <w>τοὐναντίον</w>
    <suffix></suffix>
    <w>δὲ</w>
    <suffix></suffix>
    <prefix> ⸀</prefix>
    <w>εὐλογοῦντες</w>
    <suffix>, </suffix>
    <w>ὅτι</w>
    <suffix></suffix>
    <w>εἰς</w>
    <suffix></suffix>
    <w>τοῦτο</w>
    <suffix></suffix>
    <w>ἐκλήθητε</w>
    <suffix></suffix>
    <w>ἵνα</w>
    <suffix></suffix>
    <w>εὐλογίαν</w>
    <suffix></suffix>
    <w>κληρονομήσητε</w>
    <suffix>. </suffix>
    <verse-number id="1 Peter 3:10">10</verse-number>
    <w>ὁ</w>
    <suffix></suffix>
    <w>γὰρ</w>
    <suffix></suffix>
    <w>θέλων</w>
    <suffix></suffix>
    <w>ζωὴν</w>
    <suffix></suffix>
    <w>ἀγαπᾶν</w>
    <suffix></suffix>
    <w>καὶ</w>
    <suffix></suffix>
    <w>ἰδεῖν</w>
    <suffix></suffix>
    <w>ἡμέρας</w>
    <suffix></suffix>
    <w>ἀγαθὰς</w>
    <suffix></suffix>
    <w>παυσάτω</w>
    <suffix></suffix>
    <w>τὴν</w>
    <suffix></suffix>
    <prefix> ⸀</prefix>
    <w>γλῶσσαν</w>
    <suffix></suffix>
    <w>ἀπὸ</w>
    <suffix></suffix>
    <w>κακοῦ</w>
    <suffix></suffix>
    <w>καὶ</w>
    <suffix></suffix>
    <prefix> ⸀</prefix>
    <w>χείλη</w>
    <suffix></suffix>
    <w>τοῦ</w>
    <suffix></suffix>
    <w>μὴ</w>
    <suffix></suffix>
    <w>λαλῆσαι</w>
    <suffix></suffix>
    <w>δόλον</w>
    <suffix>, </suffix>
    <verse-number id="1 Peter 3:11">11</verse-number>
    <w>ἐκκλινάτω</w>
    <suffix></suffix>
    <prefix> ⸀</prefix>
    <w>δὲ</w>
    <suffix></suffix>
    <w>ἀπὸ</w>
    <suffix></suffix>
    <w>κακοῦ</w>
    <suffix></suffix>
    <w>καὶ</w>
    <suffix></suffix>
    <w>ποιησάτω</w>
    <suffix></suffix>
    <w>ἀγαθόν</w>
    <suffix>, </suffix>
    <w>ζητησάτω</w>
    <suffix></suffix>
    <w>εἰρήνην</w>
    <suffix></suffix>
    <w>καὶ</w>
    <suffix></suffix>
    <w>διωξάτω</w>
    <suffix></suffix>
    <w>αὐτήν</w>
    <suffix>· </suffix>
    <verse-number id="1 Peter 3:12">12</verse-number>
    <w>ὅτι</w>
    <suffix></suffix>
    <w>ὀφθαλμοὶ</w>
    <suffix></suffix>
    <w>κυρίου</w>
    <suffix></suffix>
    <w>ἐπὶ</w>
    <suffix></suffix>
    <w>δικαίους</w>
    <suffix></suffix>
    <w>καὶ</w>
    <suffix></suffix>
    <w>ὦτα</w>
    <suffix></suffix>
    <w>αὐτοῦ</w>
    <suffix></suffix>
    <w>εἰς</w>
    <suffix></suffix>
    <w>δέησιν</w>
    <suffix></suffix>
    <w>αὐτῶν</w>
    <suffix>, </suffix>
    <w>πρόσωπον</w>
    <suffix></suffix>
    <w>δὲ</w>
    <suffix></suffix>
    <w>κυρίου</w>
    <suffix></suffix>
    <w>ἐπὶ</w>
    <suffix></suffix>
    <w>ποιοῦντας</w>
    <suffix></suffix>
    <w>κακά</w>
    <suffix>. </suffix>
  </p>
  <p>
    <verse-number id="1 Peter 3:13">13</verse-number>
    <w>Καὶ</w>
    <suffix></suffix>
    <w>τίς</w>
    <suffix></suffix>
    <w>ὁ</w>
    <suffix></suffix>
    <w>κακώσων</w>
    <suffix></suffix>
    <w>ὑμᾶς</w>
    <suffix></suffix>
    <w>ἐὰν</w>
    <suffix></suffix>
    <w>τοῦ</w>
    <suffix></suffix>
    <w>ἀγαθοῦ</w>
    <suffix></suffix>
    <prefix> ⸀</prefix>
    <w>ζηλωταὶ</w>
    <suffix></suffix>
    <w>γένησθε</w>
    <suffix>; </suffix>
    <verse-number id="1 Peter 3:14">14</verse-number>
    <w>ἀλλʼ</w>
    <suffix></suffix>
    <w>εἰ</w>
    <suffix></suffix>
    <w>καὶ</w>
    <suffix></suffix>
    <w>πάσχοιτε</w>
    <suffix></suffix>
    <w>διὰ</w>
    <suffix></suffix>
    <w>δικαιοσύνην</w>
    <suffix>, </suffix>
    <w>μακάριοι</w>
    <suffix>. </suffix>
    <w>τὸν</w>
    <suffix></suffix>
    <w>δὲ</w>
    <suffix></suffix>
    <w>φόβον</w>
    <suffix></suffix>
    <w>αὐτῶν</w>
    <suffix></suffix>
    <w>μὴ</w>
    <suffix></suffix>
    <w>φοβηθῆτε</w>
    <suffix></suffix>
    <w>μηδὲ</w>
    <suffix></suffix>
    <w>ταραχθῆτε</w>
    <suffix>, </suffix>
    <verse-number id="1 Peter 3:15">15</verse-number>
    <w>κύριον</w>
    <suffix></suffix>
    <w>δὲ</w>
    <suffix></suffix>
    <w>τὸν</w>
    <suffix></suffix>
    <prefix> ⸀</prefix>
    <w>Χριστὸν</w>
    <suffix></suffix>
    <w>ἁγιάσατε</w>
    <suffix></suffix>
    <w>ἐν</w>
    <suffix></suffix>
    <w>ταῖς</w>
    <suffix></suffix>
    <w>καρδίαις</w>
    <suffix></suffix>
    <w>ὑμῶν</w>
    <suffix>, </suffix>
    <prefix> ⸀</prefix>
    <w>ἕτοιμοι</w>
    <suffix></suffix>
    <w>ἀεὶ</w>
    <suffix></suffix>
    <w>πρὸς</w>
    <suffix></suffix>
    <w>ἀπολογίαν</w>
    <suffix></suffix>
    <w>παντὶ</w>
    <suffix></suffix>
    <w>τῷ</w>
    <suffix></suffix>
    <w>αἰτοῦντι</w>
    <suffix></suffix>
    <w>ὑμᾶς</w>
    <suffix></suffix>
    <w>λόγον</w>
    <suffix></suffix>
    <w>περὶ</w>
    <suffix></suffix>
    <w>τῆς</w>
    <suffix></suffix>
    <w>ἐν</w>
    <suffix></suffix>
    <w>ὑμῖν</w>
    <suffix></suffix>
    <w>ἐλπίδος</w>
    <suffix>, </suffix>
    <verse-number id="1 Peter 3:16">16</verse-number>
    <prefix> ⸀</prefix>
    <w>ἀλλὰ</w>
    <suffix></suffix>
    <w>μετὰ</w>
    <suffix></suffix>
    <w>πραΰτητος</w>
    <suffix></suffix>
    <w>καὶ</w>
    <suffix></suffix>
    <w>φόβου</w>
    <suffix>, </suffix>
    <w>συνείδησιν</w>
    <suffix></suffix>
    <w>ἔχοντες</w>
    <suffix></suffix>
    <w>ἀγαθήν</w>
    <suffix>, </suffix>
    <w>ἵνα</w>
    <suffix></suffix>
    <w>ἐν</w>
    <suffix></suffix>
    <w>ᾧ</w>
    <suffix></suffix>
    <prefix> ⸀</prefix>
    <w>καταλαλεῖσθε</w>
    <suffix></suffix>
    <w>καταισχυνθῶσιν</w>
    <suffix></suffix>
    <w>οἱ</w>
    <suffix></suffix>
    <w>ἐπηρεάζοντες</w>
    <suffix></suffix>
    <w>ὑμῶν</w>
    <suffix></suffix>
    <w>τὴν</w>
    <suffix></suffix>
    <w>ἀγαθὴν</w>
    <suffix></suffix>
    <w>ἐν</w>
    <suffix></suffix>
    <w>Χριστῷ</w>
    <suffix></suffix>
    <w>ἀναστροφήν</w>
    <suffix>. </suffix>
    <verse-number id="1 Peter 3:17">17</verse-number>
    <w>κρεῖττον</w>
    <suffix></suffix>
    <w>γὰρ</w>
    <suffix></suffix>
    <w>ἀγαθοποιοῦντας</w>
    <suffix>, </suffix>
    <w>εἰ</w>
    <suffix></suffix>
    <w>θέλοι</w>
    <suffix></suffix>
    <w>τὸ</w>
    <suffix></suffix>
    <w>θέλημα</w>
    <suffix></suffix>
    <w>τοῦ</w>
    <suffix></suffix>
    <w>θεοῦ</w>
    <suffix>, </suffix>
    <w>πάσχειν</w>
    <suffix></suffix>
    <w>ἢ</w>
    <suffix></suffix>
    <w>κακοποιοῦντας</w>
    <suffix>. </suffix>
    <verse-number id="1 Peter 3:18">18</verse-number>
    <w>ὅτι</w>
    <suffix></suffix>
    <w>καὶ</w>
    <suffix></suffix>
    <w>Χριστὸς</w>
    <suffix></suffix>
    <w>ἅπαξ</w>
    <suffix></suffix>
    <w>περὶ</w>
    <suffix></suffix>
    <w>ἁμαρτιῶν</w>
    <suffix></suffix>
    <prefix> ⸀</prefix>
    <w>ἔπαθεν</w>
    <suffix>, </suffix>
    <w>δίκαιος</w>
    <suffix></suffix>
    <w>ὑπὲρ</w>
    <suffix></suffix>
    <w>ἀδίκων</w>
    <suffix>, </suffix>
    <w>ἵνα</w>
    <suffix></suffix>
    <prefix> ⸀</prefix>
    <w>ὑμᾶς</w>
    <suffix></suffix>
    <w>προσαγάγῃ</w>
    <suffix></suffix>
    <w>τῷ</w>
    <suffix></suffix>
    <w>θεῷ</w>
    <suffix>, </suffix>
    <w>θανατωθεὶς</w>
    <suffix></suffix>
    <w>μὲν</w>
    <suffix></suffix>
    <w>σαρκὶ</w>
    <suffix></suffix>
    <w>ζῳοποιηθεὶς</w>
    <suffix></suffix>
    <w>δὲ</w>
    <suffix></suffix>
    <w>πνεύματι</w>
    <suffix>· </suffix>
    <verse-number id="1 Peter 3:19">19</verse-number>
    <w>ἐν</w>
    <suffix></suffix>
    <w>ᾧ</w>
    <suffix></suffix>
    <w>καὶ</w>
    <suffix></suffix>
    <w>τοῖς</w>
    <suffix></suffix>
    <w>ἐν</w>
    <suffix></suffix>
    <w>φυλακῇ</w>
    <suffix></suffix>
    <w>πνεύμασιν</w>
    <suffix></suffix>
    <w>πορευθεὶς</w>
    <suffix></suffix>
    <w>ἐκήρυξεν</w>
    <suffix>, </suffix>
    <verse-number id="1 Peter 3:20">20</verse-number>
    <w>ἀπειθήσασίν</w>
    <suffix></suffix>
    <w>ποτε</w>
    <suffix></suffix>
    <w>ὅτε</w>
    <suffix></suffix>
    <w>ἀπεξεδέχετο</w>
    <suffix></suffix>
    <w>ἡ</w>
    <suffix></suffix>
    <w>τοῦ</w>
    <suffix></suffix>
    <w>θεοῦ</w>
    <suffix></suffix>
    <w>μακροθυμία</w>
    <suffix></suffix>
    <w>ἐν</w>
    <suffix></suffix>
    <w>ἡμέραις</w>
    <suffix></suffix>
    <w>Νῶε</w>
    <suffix></suffix>
    <w>κατασκευαζομένης</w>
    <suffix></suffix>
    <w>κιβωτοῦ</w>
    <suffix></suffix>
    <w>εἰς</w>
    <suffix></suffix>
    <w>ἣν</w>
    <suffix></suffix>
    <prefix> ⸀</prefix>
    <w>ὀλίγοι</w>
    <suffix>, </suffix>
    <w>τοῦτʼ</w>
    <suffix></suffix>
    <w>ἔστιν</w>
    <suffix></suffix>
    <w>ὀκτὼ</w>
    <suffix></suffix>
    <w>ψυχαί</w>
    <suffix>, </suffix>
    <w>διεσώθησαν</w>
    <suffix></suffix>
    <w>διʼ</w>
    <suffix></suffix>
    <w>ὕδατος</w>
    <suffix>. </suffix>
    <verse-number id="1 Peter 3:21">21</verse-number>
    <w>ὃ</w>
    <suffix></suffix>
    <prefix> ⸂</prefix>
    <w>καὶ</w>
    <suffix></suffix>
    <w>ὑμᾶς</w>
    <suffix></suffix>
    <w>ἀντίτυπον</w>
    <suffix></suffix>
    <w>νῦν</w>
    <suffix>⸃ </suffix>
    <w>σῴζει</w>
    <suffix></suffix>
    <w>βάπτισμα</w>
    <suffix>, </suffix>
    <w>οὐ</w>
    <suffix></suffix>
    <w>σαρκὸς</w>
    <suffix></suffix>
    <w>ἀπόθεσις</w>
    <suffix></suffix>
    <w>ῥύπου</w>
    <suffix></suffix>
    <w>ἀλλὰ</w>
    <suffix></suffix>
    <w>συνειδήσεως</w>
    <suffix></suffix>
    <w>ἀγαθῆς</w>
    <suffix></suffix>
    <w>ἐπερώτημα</w>
    <suffix></suffix>
    <w>εἰς</w>
    <suffix></suffix>
    <w>θεόν</w>
    <suffix>, </suffix>
    <w>διʼ</w>
    <suffix></suffix>
    <w>ἀναστάσεως</w>
    <suffix></suffix>
    <w>Ἰησοῦ</w>
    <suffix></suffix>
    <w>Χριστοῦ</w>
    <suffix>, </suffix>
    <verse-number id="1 Peter 3:22">22</verse-number>
    <w>ὅς</w>
    <suffix></suffix>
    <w>ἐστιν</w>
    <suffix></suffix>
    <w>ἐν</w>
    <suffix></suffix>
    <prefix> ⸀</prefix>
    <w>δεξιᾷ</w>
    <suffix></suffix>
    <w>θεοῦ</w>
    <suffix></suffix>
    <w>πορευθεὶς</w>
    <suffix></suffix>
    <w>εἰς</w>
    <suffix></suffix>
    <w>οὐρανὸν</w>
    <suffix></suffix>
    <w>ὑποταγέντων</w>
    <suffix></suffix>
    <w>αὐτῷ</w>
    <suffix></suffix>
    <w>ἀγγέλων</w>
    <suffix></suffix>
    <w>καὶ</w>
    <suffix></suffix>
    <w>ἐξουσιῶν</w>
    <suffix></suffix>
    <w>καὶ</w>
    <suffix></suffix>
    <w>δυνάμεων</w>
    <suffix>. </suffix>
  </p>
  <p>
    <verse-number id="1 Peter 4:1">4:1</verse-number>
    <w>Χριστοῦ</w>
    <suffix></suffix>
    <w>οὖν</w>
    <suffix></suffix>
    <prefix> ⸀</prefix>
    <w>παθόντος</w>
    <suffix></suffix>
    <w>σαρκὶ</w>
    <suffix></suffix>
    <w>καὶ</w>
    <suffix></suffix>
    <w>ὑμεῖς</w>
    <suffix></suffix>
    <w>τὴν</w>
    <suffix></suffix>
    <w>αὐτὴν</w>
    <suffix></suffix>
    <w>ἔννοιαν</w>
    <suffix></suffix>
    <w>ὁπλίσασθε</w>
    <suffix>, </suffix>
    <w>ὅτι</w>
    <suffix></suffix>
    <w>ὁ</w>
    <suffix></suffix>
    <prefix> ⸀</prefix>
    <w>παθὼν</w>
    <suffix></suffix>
    <w>σαρκὶ</w>
    <suffix></suffix>
    <w>πέπαυται</w>
    <suffix></suffix>
    <prefix> ⸀</prefix>
    <w>ἁμαρτίας</w>
    <suffix>, </suffix>
    <verse-number id="1 Peter 4:2">2</verse-number>
    <w>εἰς</w>
    <suffix></suffix>
    <w>τὸ</w>
    <suffix></suffix>
    <w>μηκέτι</w>
    <suffix></suffix>
    <w>ἀνθρώπων</w>
    <suffix></suffix>
    <w>ἐπιθυμίαις</w>
    <suffix></suffix>
    <w>ἀλλὰ</w>
    <suffix></suffix>
    <w>θελήματι</w>
    <suffix></suffix>
    <w>θεοῦ</w>
    <suffix></suffix>
    <w>τὸν</w>
    <suffix></suffix>
    <w>ἐπίλοιπον</w>
    <suffix></suffix>
    <w>ἐν</w>
    <suffix></suffix>
    <w>σαρκὶ</w>
    <suffix></suffix>
    <w>βιῶσαι</w>
    <suffix></suffix>
    <w>χρόνον</w>
    <suffix>. </suffix>
    <verse-number id="1 Peter 4:3">3</verse-number>
    <w>ἀρκετὸς</w>
    <suffix></suffix>
    <prefix> ⸀</prefix>
    <w>γὰρ</w>
    <suffix></suffix>
    <w>ὁ</w>
    <suffix></suffix>
    <w>παρεληλυθὼς</w>
    <suffix></suffix>
    <prefix> ⸀</prefix>
    <w>χρόνος</w>
    <suffix></suffix>
    <w>τὸ</w>
    <suffix></suffix>
    <prefix> ⸀</prefix>
    <w>βούλημα</w>
    <suffix></suffix>
    <w>τῶν</w>
    <suffix></suffix>
    <w>ἐθνῶν</w>
    <suffix></suffix>
    <prefix> ⸀</prefix>
    <w>κατειργάσθαι</w>
    <suffix>, </suffix>
    <w>πεπορευμένους</w>
    <suffix></suffix>
    <w>ἐν</w>
    <suffix></suffix>
    <w>ἀσελγείαις</w>
    <suffix>, </suffix>
    <w>ἐπιθυμίαις</w>
    <suffix>, </suffix>
    <w>οἰνοφλυγίαις</w>
    <suffix>, </suffix>
    <w>κώμοις</w>
    <suffix>, </suffix>
    <w>πότοις</w>
    <suffix>, </suffix>
    <w>καὶ</w>
    <suffix></suffix>
    <w>ἀθεμίτοις</w>
    <suffix></suffix>
    <w>εἰδωλολατρίαις</w>
    <suffix>. </suffix>
    <verse-number id="1 Peter 4:4">4</verse-number>
    <w>ἐν</w>
    <suffix></suffix>
    <w>ᾧ</w>
    <suffix></suffix>
    <w>ξενίζονται</w>
    <suffix></suffix>
    <w>μὴ</w>
    <suffix></suffix>
    <w>συντρεχόντων</w>
    <suffix></suffix>
    <w>ὑμῶν</w>
    <suffix></suffix>
    <w>εἰς</w>
    <suffix></suffix>
    <w>τὴν</w>
    <suffix></suffix>
    <w>αὐτὴν</w>
    <suffix></suffix>
    <w>τῆς</w>
    <suffix></suffix>
    <w>ἀσωτίας</w>
    <suffix></suffix>
    <w>ἀνάχυσιν</w>
    <suffix>, </suffix>
    <w>βλασφημοῦντες</w>
    <suffix>· </suffix>
    <verse-number id="1 Peter 4:5">5</verse-number>
    <w>οἳ</w>
    <suffix></suffix>
    <w>ἀποδώσουσιν</w>
    <suffix></suffix>
    <w>λόγον</w>
    <suffix></suffix>
    <w>τῷ</w>
    <suffix></suffix>
    <w>ἑτοίμως</w>
    <suffix></suffix>
    <prefix> ⸂</prefix>
    <w>ἔχοντι</w>
    <suffix></suffix>
    <w>κρῖναι</w>
    <suffix>⸃ </suffix>
    <w>ζῶντας</w>
    <suffix></suffix>
    <w>καὶ</w>
    <suffix></suffix>
    <w>νεκρούς</w>
    <suffix>· </suffix>
    <verse-number id="1 Peter 4:6">6</verse-number>
    <w>εἰς</w>
    <suffix></suffix>
    <w>τοῦτο</w>
    <suffix></suffix>
    <w>γὰρ</w>
    <suffix></suffix>
    <w>καὶ</w>
    <suffix></suffix>
    <w>νεκροῖς</w>
    <suffix></suffix>
    <w>εὐηγγελίσθη</w>
    <suffix></suffix>
    <w>ἵνα</w>
    <suffix></suffix>
    <w>κριθῶσι</w>
    <suffix></suffix>
    <w>μὲν</w>
    <suffix></suffix>
    <w>κατὰ</w>
    <suffix></suffix>
    <w>ἀνθρώπους</w>
    <suffix></suffix>
    <w>σαρκὶ</w>
    <suffix></suffix>
    <w>ζῶσι</w>
    <suffix></suffix>
    <w>δὲ</w>
    <suffix></suffix>
    <w>κατὰ</w>
    <suffix></suffix>
    <w>θεὸν</w>
    <suffix></suffix>
    <w>πνεύματι</w>
    <suffix>. </suffix>
    <verse-number id="1 Peter 4:7">7</verse-number>
    <w>Πάντων</w>
    <suffix></suffix>
    <w>δὲ</w>
    <suffix></suffix>
    <w>τὸ</w>
    <suffix></suffix>
    <w>τέλος</w>
    <suffix></suffix>
    <w>ἤγγικεν</w>
    <suffix>. </suffix>
    <w>σωφρονήσατε</w>
    <suffix></suffix>
    <w>οὖν</w>
    <suffix></suffix>
    <w>καὶ</w>
    <suffix></suffix>
    <w>νήψατε</w>
    <suffix></suffix>
    <prefix> ⸀</prefix>
    <w>εἰς</w>
    <suffix></suffix>
    <w>προσευχάς</w>
    <suffix>· </suffix>
    <verse-number id="1 Peter 4:8">8</verse-number>
    <w>πρὸ</w>
    <suffix></suffix>
    <prefix> ⸀</prefix>
    <w>πάντων</w>
    <suffix></suffix>
    <w>τὴν</w>
    <suffix></suffix>
    <w>εἰς</w>
    <suffix></suffix>
    <w>ἑαυτοὺς</w>
    <suffix></suffix>
    <w>ἀγάπην</w>
    <suffix></suffix>
    <w>ἐκτενῆ</w>
    <suffix></suffix>
    <w>ἔχοντες</w>
    <suffix>, </suffix>
    <w>ὅτι</w>
    <suffix></suffix>
    <w>ἀγάπη</w>
    <suffix></suffix>
    <prefix> ⸀</prefix>
    <w>καλύπτει</w>
    <suffix></suffix>
    <w>πλῆθος</w>
    <suffix></suffix>
    <w>ἁμαρτιῶν</w>
    <suffix>· </suffix>
    <verse-number id="1 Peter 4:9">9</verse-number>
    <w>φιλόξενοι</w>
    <suffix></suffix>
    <w>εἰς</w>
    <suffix></suffix>
    <w>ἀλλήλους</w>
    <suffix></suffix>
    <w>ἄνευ</w>
    <suffix></suffix>
    <prefix> ⸀</prefix>
    <w>γογγυσμοῦ</w>
    <suffix>· </suffix>
    <verse-number id="1 Peter 4:10">10</verse-number>
    <w>ἕκαστος</w>
    <suffix></suffix>
    <w>καθὼς</w>
    <suffix></suffix>
    <w>ἔλαβεν</w>
    <suffix></suffix>
    <w>χάρισμα</w>
    <suffix>, </suffix>
    <w>εἰς</w>
    <suffix></suffix>
    <w>ἑαυτοὺς</w>
    <suffix></suffix>
    <w>αὐτὸ</w>
    <suffix></suffix>
    <w>διακονοῦντες</w>
    <suffix></suffix>
    <w>ὡς</w>
    <suffix></suffix>
    <w>καλοὶ</w>
    <suffix></suffix>
    <w>οἰκονόμοι</w>
    <suffix></suffix>
    <w>ποικίλης</w>
    <suffix></suffix>
    <w>χάριτος</w>
    <suffix></suffix>
    <w>θεοῦ</w>
    <suffix>· </suffix>
    <verse-number id="1 Peter 4:11">11</verse-number>
    <w>εἴ</w>
    <suffix></suffix>
    <w>τις</w>
    <suffix></suffix>
    <w>λαλεῖ</w>
    <suffix>, </suffix>
    <w>ὡς</w>
    <suffix></suffix>
    <w>λόγια</w>
    <suffix></suffix>
    <w>θεοῦ</w>
    <suffix>· </suffix>
    <w>εἴ</w>
    <suffix></suffix>
    <w>τις</w>
    <suffix></suffix>
    <w>διακονεῖ</w>
    <suffix>, </suffix>
    <w>ὡς</w>
    <suffix></suffix>
    <w>ἐξ</w>
    <suffix></suffix>
    <w>ἰσχύος</w>
    <suffix></suffix>
    <prefix> ⸀</prefix>
    <w>ἧς</w>
    <suffix></suffix>
    <w>χορηγεῖ</w>
    <suffix></suffix>
    <w>ὁ</w>
    <suffix></suffix>
    <w>θεός</w>
    <suffix>· </suffix>
    <w>ἵνα</w>
    <suffix></suffix>
    <w>ἐν</w>
    <suffix></suffix>
    <w>πᾶσιν</w>
    <suffix></suffix>
    <w>δοξάζηται</w>
    <suffix></suffix>
    <w>ὁ</w>
    <suffix></suffix>
    <w>θεὸς</w>
    <suffix></suffix>
    <w>διὰ</w>
    <suffix></suffix>
    <w>Ἰησοῦ</w>
    <suffix></suffix>
    <w>Χριστοῦ</w>
    <suffix>, </suffix>
    <w>ᾧ</w>
    <suffix></suffix>
    <w>ἐστιν</w>
    <suffix></suffix>
    <w>ἡ</w>
    <suffix></suffix>
    <w>δόξα</w>
    <suffix></suffix>
    <w>καὶ</w>
    <suffix></suffix>
    <w>τὸ</w>
    <suffix></suffix>
    <w>κράτος</w>
    <suffix></suffix>
    <w>εἰς</w>
    <suffix></suffix>
    <w>τοὺς</w>
    <suffix></suffix>
    <w>αἰῶνας</w>
    <suffix></suffix>
    <w>τῶν</w>
    <suffix></suffix>
    <w>αἰώνων</w>
    <suffix>· </suffix>
    <w>ἀμήν</w>
    <suffix>. </suffix>
    <verse-number id="1 Peter 4:12">12</verse-number>
    <w>Ἀγαπητοί</w>
    <suffix>, </suffix>
    <w>μὴ</w>
    <suffix></suffix>
    <w>ξενίζεσθε</w>
    <suffix></suffix>
    <w>τῇ</w>
    <suffix></suffix>
    <w>ἐν</w>
    <suffix></suffix>
    <w>ὑμῖν</w>
    <suffix></suffix>
    <w>πυρώσει</w>
    <suffix></suffix>
    <w>πρὸς</w>
    <suffix></suffix>
    <w>πειρασμὸν</w>
    <suffix></suffix>
    <w>ὑμῖν</w>
    <suffix></suffix>
    <w>γινομένῃ</w>
    <suffix></suffix>
    <w>ὡς</w>
    <suffix></suffix>
    <w>ξένου</w>
    <suffix></suffix>
    <w>ὑμῖν</w>
    <suffix></suffix>
    <w>συμβαίνοντος</w>
    <suffix>, </suffix>
    <verse-number id="1 Peter 4:13">13</verse-number>
    <w>ἀλλὰ</w>
    <suffix></suffix>
    <w>καθὸ</w>
    <suffix></suffix>
    <w>κοινωνεῖτε</w>
    <suffix></suffix>
    <w>τοῖς</w>
    <suffix></suffix>
    <w>τοῦ</w>
    <suffix></suffix>
    <w>Χριστοῦ</w>
    <suffix></suffix>
    <w>παθήμασιν</w>
    <suffix></suffix>
    <w>χαίρετε</w>
    <suffix>, </suffix>
    <w>ἵνα</w>
    <suffix></suffix>
    <w>καὶ</w>
    <suffix></suffix>
    <w>ἐν</w>
    <suffix></suffix>
    <w>τῇ</w>
    <suffix></suffix>
    <w>ἀποκαλύψει</w>
    <suffix></suffix>
    <w>τῆς</w>
    <suffix></suffix>
    <w>δόξης</w>
    <suffix></suffix>
    <w>αὐτοῦ</w>
    <suffix></suffix>
    <w>χαρῆτε</w>
    <suffix></suffix>
    <w>ἀγαλλιώμενοι</w>
    <suffix>. </suffix>
    <verse-number id="1 Peter 4:14">14</verse-number>
    <w>εἰ</w>
    <suffix></suffix>
    <w>ὀνειδίζεσθε</w>
    <suffix></suffix>
    <w>ἐν</w>
    <suffix></suffix>
    <w>ὀνόματι</w>
    <suffix></suffix>
    <w>Χριστοῦ</w>
    <suffix>, </suffix>
    <w>μακάριοι</w>
    <suffix>, </suffix>
    <w>ὅτι</w>
    <suffix></suffix>
    <w>τὸ</w>
    <suffix></suffix>
    <w>τῆς</w>
    <suffix></suffix>
    <w>δόξης</w>
    <suffix></suffix>
    <w>καὶ</w>
    <suffix></suffix>
    <w>τὸ</w>
    <suffix></suffix>
    <w>τοῦ</w>
    <suffix></suffix>
    <w>θεοῦ</w>
    <suffix></suffix>
    <w>πνεῦμα</w>
    <suffix></suffix>
    <w>ἐφʼ</w>
    <suffix></suffix>
    <w>ὑμᾶς</w>
    <suffix></suffix>
    <prefix> ⸀</prefix>
    <w>ἀναπαύεται</w>
    <suffix>. </suffix>
    <verse-number id="1 Peter 4:15">15</verse-number>
    <w>μὴ</w>
    <suffix></suffix>
    <w>γάρ</w>
    <suffix></suffix>
    <w>τις</w>
    <suffix></suffix>
    <w>ὑμῶν</w>
    <suffix></suffix>
    <w>πασχέτω</w>
    <suffix></suffix>
    <w>ὡς</w>
    <suffix></suffix>
    <w>φονεὺς</w>
    <suffix></suffix>
    <w>ἢ</w>
    <suffix></suffix>
    <w>κλέπτης</w>
    <suffix></suffix>
    <w>ἢ</w>
    <suffix></suffix>
    <w>κακοποιὸς</w>
    <suffix></suffix>
    <w>ἢ</w>
    <suffix></suffix>
    <w>ὡς</w>
    <suffix></suffix>
    <w>ἀλλοτριεπίσκοπος</w>
    <suffix>· </suffix>
    <verse-number id="1 Peter 4:16">16</verse-number>
    <w>εἰ</w>
    <suffix></suffix>
    <w>δὲ</w>
    <suffix></suffix>
    <w>ὡς</w>
    <suffix></suffix>
    <w>Χριστιανός</w>
    <suffix>, </suffix>
    <w>μὴ</w>
    <suffix></suffix>
    <w>αἰσχυνέσθω</w>
    <suffix>, </suffix>
    <w>δοξαζέτω</w>
    <suffix></suffix>
    <w>δὲ</w>
    <suffix></suffix>
    <w>τὸν</w>
    <suffix></suffix>
    <w>θεὸν</w>
    <suffix></suffix>
    <w>ἐν</w>
    <suffix></suffix>
    <w>τῷ</w>
    <suffix></suffix>
    <prefix> ⸀</prefix>
    <w>ὀνόματι</w>
    <suffix></suffix>
    <w>τούτῳ</w>
    <suffix>. </suffix>
    <verse-number id="1 Peter 4:17">17</verse-number>
    <w>ὅτι</w>
    <suffix></suffix>
    <w>ὁ</w>
    <suffix></suffix>
    <w>καιρὸς</w>
    <suffix></suffix>
    <w>τοῦ</w>
    <suffix></suffix>
    <w>ἄρξασθαι</w>
    <suffix></suffix>
    <w>τὸ</w>
    <suffix></suffix>
    <w>κρίμα</w>
    <suffix></suffix>
    <w>ἀπὸ</w>
    <suffix></suffix>
    <w>τοῦ</w>
    <suffix></suffix>
    <w>οἴκου</w>
    <suffix></suffix>
    <w>τοῦ</w>
    <suffix></suffix>
    <w>θεοῦ</w>
    <suffix>· </suffix>
    <w>εἰ</w>
    <suffix></suffix>
    <w>δὲ</w>
    <suffix></suffix>
    <w>πρῶτον</w>
    <suffix></suffix>
    <w>ἀφʼ</w>
    <suffix></suffix>
    <w>ἡμῶν</w>
    <suffix>, </suffix>
    <w>τί</w>
    <suffix></suffix>
    <w>τὸ</w>
    <suffix></suffix>
    <w>τέλος</w>
    <suffix></suffix>
    <w>τῶν</w>
    <suffix></suffix>
    <w>ἀπειθούντων</w>
    <suffix></suffix>
    <w>τῷ</w>
    <suffix></suffix>
    <w>τοῦ</w>
    <suffix></suffix>
    <w>θεοῦ</w>
    <suffix></suffix>
    <w>εὐαγγελίῳ</w>
    <suffix>; </suffix>
    <verse-number id="1 Peter 4:18">18</verse-number>
    <w>καὶ</w>
    <suffix></suffix>
    <w>εἰ</w>
    <suffix></suffix>
    <w>ὁ</w>
    <suffix></suffix>
    <w>δίκαιος</w>
    <suffix></suffix>
    <w>μόλις</w>
    <suffix></suffix>
    <w>σῴζεται</w>
    <suffix>, </suffix>
    <prefix> ⸀</prefix>
    <w>ὁ</w>
    <suffix></suffix>
    <w>ἀσεβὴς</w>
    <suffix></suffix>
    <w>καὶ</w>
    <suffix></suffix>
    <w>ἁμαρτωλὸς</w>
    <suffix></suffix>
    <w>ποῦ</w>
    <suffix></suffix>
    <w>φανεῖται</w>
    <suffix>; </suffix>
    <verse-number id="1 Peter 4:19">19</verse-number>
    <w>ὥστε</w>
    <suffix></suffix>
    <w>καὶ</w>
    <suffix></suffix>
    <w>οἱ</w>
    <suffix></suffix>
    <w>πάσχοντες</w>
    <suffix></suffix>
    <w>κατὰ</w>
    <suffix></suffix>
    <w>τὸ</w>
    <suffix></suffix>
    <w>θέλημα</w>
    <suffix></suffix>
    <w>τοῦ</w>
    <suffix></suffix>
    <prefix> ⸀</prefix>
    <w>θεοῦ</w>
    <suffix></suffix>
    <w>πιστῷ</w>
    <suffix></suffix>
    <w>κτίστῃ</w>
    <suffix></suffix>
    <w>παρατιθέσθωσαν</w>
    <suffix></suffix>
    <w>τὰς</w>
    <suffix></suffix>
    <w>ψυχὰς</w>
    <suffix></suffix>
    <prefix> ⸀</prefix>
    <w>αὐτῶν</w>
    <suffix></suffix>
    <w>ἐν</w>
    <suffix></suffix>
    <w>ἀγαθοποιΐᾳ</w>
    <suffix>. </suffix>
    <verse-number id="1 Peter 5:1">5:1</verse-number>
    <w>Πρεσβυτέρους</w>
    <suffix></suffix>
    <prefix> ⸀</prefix>
    <w>οὖν</w>
    <suffix></suffix>
    <w>ἐν</w>
    <suffix></suffix>
    <w>ὑμῖν</w>
    <suffix></suffix>
    <w>παρακαλῶ</w>
    <suffix></suffix>
    <w>ὁ</w>
    <suffix></suffix>
    <w>συμπρεσβύτερος</w>
    <suffix></suffix>
    <w>καὶ</w>
    <suffix></suffix>
    <w>μάρτυς</w>
    <suffix></suffix>
    <w>τῶν</w>
    <suffix></suffix>
    <w>τοῦ</w>
    <suffix></suffix>
    <w>Χριστοῦ</w>
    <suffix></suffix>
    <w>παθημάτων</w>
    <suffix>, </suffix>
    <w>ὁ</w>
    <suffix></suffix>
    <w>καὶ</w>
    <suffix></suffix>
    <w>τῆς</w>
    <suffix></suffix>
    <w>μελλούσης</w>
    <suffix></suffix>
    <w>ἀποκαλύπτεσθαι</w>
    <suffix></suffix>
    <w>δόξης</w>
    <suffix></suffix>
    <w>κοινωνός</w>
    <suffix>, </suffix>
    <verse-number id="1 Peter 5:2">2</verse-number>
    <w>ποιμάνατε</w>
    <suffix></suffix>
    <w>τὸ</w>
    <suffix></suffix>
    <w>ἐν</w>
    <suffix></suffix>
    <w>ὑμῖν</w>
    <suffix></suffix>
    <w>ποίμνιον</w>
    <suffix></suffix>
    <w>τοῦ</w>
    <suffix></suffix>
    <w>θεοῦ</w>
    <suffix>, </suffix>
    <prefix> ⸀</prefix>
    <w>ἐπισκοποῦντες</w>
    <suffix></suffix>
    <w>μὴ</w>
    <suffix></suffix>
    <w>ἀναγκαστῶς</w>
    <suffix></suffix>
    <w>ἀλλὰ</w>
    <suffix></suffix>
    <w>ἑκουσίως</w>
    <suffix></suffix>
    <prefix> ⸂</prefix>
    <w>κατὰ</w>
    <suffix></suffix>
    <w>θεόν</w>
    <suffix>⸃, </suffix>
    <w>μηδὲ</w>
    <suffix></suffix>
    <w>αἰσχροκερδῶς</w>
    <suffix></suffix>
    <w>ἀλλὰ</w>
    <suffix></suffix>
    <w>προθύμως</w>
    <suffix>, </suffix>
    <verse-number id="1 Peter 5:3">3</verse-number>
    <w>μηδʼ</w>
    <suffix></suffix>
    <w>ὡς</w>
    <suffix></suffix>
    <w>κατακυριεύοντες</w>
    <suffix></suffix>
    <w>τῶν</w>
    <suffix></suffix>
    <w>κλήρων</w>
    <suffix></suffix>
    <w>ἀλλὰ</w>
    <suffix></suffix>
    <w>τύποι</w>
    <suffix></suffix>
    <w>γινόμενοι</w>
    <suffix></suffix>
    <w>τοῦ</w>
    <suffix></suffix>
    <w>ποιμνίου</w>
    <suffix>· </suffix>
    <verse-number id="1 Peter 5:4">4</verse-number>
    <w>καὶ</w>
    <suffix></suffix>
    <w>φανερωθέντος</w>
    <suffix></suffix>
    <w>τοῦ</w>
    <suffix></suffix>
    <w>ἀρχιποίμενος</w>
    <suffix></suffix>
    <w>κομιεῖσθε</w>
    <suffix></suffix>
    <w>τὸν</w>
    <suffix></suffix>
    <w>ἀμαράντινον</w>
    <suffix></suffix>
    <w>τῆς</w>
    <suffix></suffix>
    <w>δόξης</w>
    <suffix></suffix>
    <w>στέφανον</w>
    <suffix>. </suffix>
    <verse-number id="1 Peter 5:5">5</verse-number>
    <w>ὁμοίως</w>
    <suffix>, </suffix>
    <w>νεώτεροι</w>
    <suffix>, </suffix>
    <w>ὑποτάγητε</w>
    <suffix></suffix>
    <w>πρεσβυτέροις</w>
    <suffix>. </suffix>
    <w>πάντες</w>
    <suffix></suffix>
    <w>δὲ</w>
    <suffix></suffix>
    <prefix> ⸀</prefix>
    <w>ἀλλήλοις</w>
    <suffix></suffix>
    <w>τὴν</w>
    <suffix></suffix>
    <w>ταπεινοφροσύνην</w>
    <suffix></suffix>
    <w>ἐγκομβώσασθε</w>
    <suffix>, </suffix>
    <w>ὅτι</w>
    <suffix></suffix>
    <w>Ὁ</w>
    <suffix></suffix>
    <w>θεὸς</w>
    <suffix></suffix>
    <w>ὑπερηφάνοις</w>
    <suffix></suffix>
    <w>ἀντιτάσσεται</w>
    <suffix></suffix>
    <w>ταπεινοῖς</w>
    <suffix></suffix>
    <w>δὲ</w>
    <suffix></suffix>
    <w>δίδωσιν</w>
    <suffix></suffix>
    <w>χάριν</w>
    <suffix>. </suffix>
    <verse-number id="1 Peter 5:6">6</verse-number>
    <w>Ταπεινώθητε</w>
    <suffix></suffix>
    <w>οὖν</w>
    <suffix></suffix>
    <w>ὑπὸ</w>
    <suffix></suffix>
    <w>τὴν</w>
    <suffix></suffix>
    <w>κραταιὰν</w>
    <suffix></suffix>
    <w>χεῖρα</w>
    <suffix></suffix>
    <w>τοῦ</w>
    <suffix></suffix>
    <w>θεοῦ</w>
    <suffix>, </suffix>
    <w>ἵνα</w>
    <suffix></suffix>
    <w>ὑμᾶς</w>
    <suffix></suffix>
    <w>ὑψώσῃ</w>
    <suffix></suffix>
    <w>ἐν</w>
    <suffix></suffix>
    <w>καιρῷ</w>
    <suffix>, </suffix>
    <verse-number id="1 Peter 5:7">7</verse-number>
    <w>πᾶσαν</w>
    <suffix></suffix>
    <w>τὴν</w>
    <suffix></suffix>
    <w>μέριμναν</w>
    <suffix></suffix>
    <w>ὑμῶν</w>
    <suffix></suffix>
    <w>ἐπιρίψαντες</w>
    <suffix></suffix>
    <w>ἐπʼ</w>
    <suffix></suffix>
    <w>αὐτόν</w>
    <suffix>, </suffix>
    <w>ὅτι</w>
    <suffix></suffix>
    <w>αὐτῷ</w>
    <suffix></suffix>
    <w>μέλει</w>
    <suffix></suffix>
    <w>περὶ</w>
    <suffix></suffix>
    <w>ὑμῶν</w>
    <suffix>. </suffix>
    <verse-number id="1 Peter 5:8">8</verse-number>
    <w>νήψατε</w>
    <suffix>, </suffix>
    <w>γρηγορήσατε</w>
    <suffix>. </suffix>
    <w>ὁ</w>
    <suffix></suffix>
    <w>ἀντίδικος</w>
    <suffix></suffix>
    <w>ὑμῶν</w>
    <suffix></suffix>
    <w>διάβολος</w>
    <suffix></suffix>
    <w>ὡς</w>
    <suffix></suffix>
    <w>λέων</w>
    <suffix></suffix>
    <w>ὠρυόμενος</w>
    <suffix></suffix>
    <w>περιπατεῖ</w>
    <suffix></suffix>
    <w>ζητῶν</w>
    <suffix></suffix>
    <prefix> ⸀</prefix>
    <w>τινα</w>
    <suffix></suffix>
    <prefix> ⸀</prefix>
    <w>καταπιεῖν</w>
    <suffix>· </suffix>
    <verse-number id="1 Peter 5:9">9</verse-number>
    <w>ᾧ</w>
    <suffix></suffix>
    <w>ἀντίστητε</w>
    <suffix></suffix>
    <w>στερεοὶ</w>
    <suffix></suffix>
    <w>τῇ</w>
    <suffix></suffix>
    <w>πίστει</w>
    <suffix>, </suffix>
    <w>εἰδότες</w>
    <suffix></suffix>
    <w>τὰ</w>
    <suffix></suffix>
    <w>αὐτὰ</w>
    <suffix></suffix>
    <w>τῶν</w>
    <suffix></suffix>
    <w>παθημάτων</w>
    <suffix></suffix>
    <w>τῇ</w>
    <suffix></suffix>
    <w>ἐν</w>
    <suffix></suffix>
    <prefix> ⸀</prefix>
    <w>τῷ</w>
    <suffix></suffix>
    <w>κόσμῳ</w>
    <suffix></suffix>
    <w>ὑμῶν</w>
    <suffix></suffix>
    <w>ἀδελφότητι</w>
    <suffix></suffix>
    <w>ἐπιτελεῖσθαι</w>
    <suffix>. </suffix>
    <verse-number id="1 Peter 5:10">10</verse-number>
    <w>ὁ</w>
    <suffix></suffix>
    <w>δὲ</w>
    <suffix></suffix>
    <w>θεὸς</w>
    <suffix></suffix>
    <w>πάσης</w>
    <suffix></suffix>
    <w>χάριτος</w>
    <suffix>, </suffix>
    <w>ὁ</w>
    <suffix></suffix>
    <w>καλέσας</w>
    <suffix></suffix>
    <w>ὑμᾶς</w>
    <suffix></suffix>
    <w>εἰς</w>
    <suffix></suffix>
    <w>τὴν</w>
    <suffix></suffix>
    <w>αἰώνιον</w>
    <suffix></suffix>
    <w>αὐτοῦ</w>
    <suffix></suffix>
    <w>δόξαν</w>
    <suffix></suffix>
    <w>ἐν</w>
    <suffix></suffix>
    <prefix> ⸀</prefix>
    <w>Χριστῷ</w>
    <suffix>, </suffix>
    <w>ὀλίγον</w>
    <suffix></suffix>
    <w>παθόντας</w>
    <suffix></suffix>
    <w>αὐτὸς</w>
    <suffix></suffix>
    <prefix> ⸀</prefix>
    <w>καταρτίσει</w>
    <suffix>, </suffix>
    <w>στηρίξει</w>
    <suffix>, </suffix>
    <w>σθενώσει</w>
    <suffix>, </suffix>
    <prefix> ⸀</prefix>
    <w>θεμελιώσει</w>
    <suffix>. </suffix>
    <verse-number id="1 Peter 5:11">11</verse-number>
    <prefix> ⸀</prefix>
    <w>αὐτῷ</w>
    <suffix></suffix>
    <w>τὸ</w>
    <suffix></suffix>
    <w>κράτος</w>
    <suffix></suffix>
    <w>εἰς</w>
    <suffix></suffix>
    <w>τοὺς</w>
    <suffix></suffix>
    <w>αἰῶνας</w>
    <suffix></suffix>
    <prefix> ⸂</prefix>
    <w>τῶν</w>
    <suffix></suffix>
    <w>αἰώνων</w>
    <suffix>⸃· </suffix>
    <w>ἀμήν</w>
    <suffix>. </suffix>
    <verse-number id="1 Peter 5:12">12</verse-number>
    <w>Διὰ</w>
    <suffix></suffix>
    <w>Σιλουανοῦ</w>
    <suffix></suffix>
    <w>ὑμῖν</w>
    <suffix></suffix>
    <w>τοῦ</w>
    <suffix></suffix>
    <w>πιστοῦ</w>
    <suffix></suffix>
    <w>ἀδελφοῦ</w>
    <suffix>, </suffix>
    <w>ὡς</w>
    <suffix></suffix>
    <w>λογίζομαι</w>
    <suffix>, </suffix>
    <w>διʼ</w>
    <suffix></suffix>
    <w>ὀλίγων</w>
    <suffix></suffix>
    <w>ἔγραψα</w>
    <suffix>, </suffix>
    <w>παρακαλῶν</w>
    <suffix></suffix>
    <w>καὶ</w>
    <suffix></suffix>
    <w>ἐπιμαρτυρῶν</w>
    <suffix></suffix>
    <w>ταύτην</w>
    <suffix></suffix>
    <w>εἶναι</w>
    <suffix></suffix>
    <w>ἀληθῆ</w>
    <suffix></suffix>
    <w>χάριν</w>
    <suffix></suffix>
    <w>τοῦ</w>
    <suffix></suffix>
    <w>θεοῦ</w>
    <suffix>· </suffix>
    <w>εἰς</w>
    <suffix></suffix>
    <w>ἣν</w>
    <suffix></suffix>
    <prefix> ⸀</prefix>
    <w>στῆτε</w>
    <suffix>. </suffix>
    <verse-number id="1 Peter 5:13">13</verse-number>
    <w>ἀσπάζεται</w>
    <suffix></suffix>
    <w>ὑμᾶς</w>
    <suffix></suffix>
    <w>ἡ</w>
    <suffix></suffix>
    <w>ἐν</w>
    <suffix></suffix>
    <w>Βαβυλῶνι</w>
    <suffix></suffix>
    <w>συνεκλεκτὴ</w>
    <suffix></suffix>
    <w>καὶ</w>
    <suffix></suffix>
    <w>Μᾶρκος</w>
    <suffix></suffix>
    <w>ὁ</w>
    <suffix></suffix>
    <w>υἱός</w>
    <suffix></suffix>
    <w>μου</w>
    <suffix>. </suffix>
    <verse-number id="1 Peter 5:14">14</verse-number>
    <w>ἀσπάσασθε</w>
    <suffix></suffix>
    <w>ἀλλήλους</w>
    <suffix></suffix>
    <w>ἐν</w>
    <suffix></suffix>
    <w>φιλήματι</w>
    <suffix></suffix>
    <w>ἀγάπης</w>
    <suffix>. </suffix>
    <w>εἰρήνη</w>
    <suffix></suffix>
    <w>ὑμῖν</w>
    <suffix></suffix>
    <w>πᾶσιν</w>
    <suffix></suffix>
    <w>τοῖς</w>
    <suffix></suffix>
    <w>ἐν</w>
    <suffix></suffix>
    <prefix> ⸀</prefix>
    <w>Χριστῷ</w>
    <suffix>. </suffix>
  </p>
</book>