﻿<book id="1Th">
  <title>ΠΡΟΣ ΘΕΣΣΑΛΟΝΙΚΕΙΣ Α</title>
  <p>
    <verse-number id="1 Thessalonians 1:1">1:1</verse-number>
    <w>Παῦλος</w>
    <suffix></suffix>
    <w>καὶ</w>
    <suffix></suffix>
    <w>Σιλουανὸς</w>
    <suffix></suffix>
    <w>καὶ</w>
    <suffix></suffix>
    <w>Τιμόθεος</w>
    <suffix></suffix>
    <w>τῇ</w>
    <suffix></suffix>
    <w>ἐκκλησίᾳ</w>
    <suffix></suffix>
    <w>Θεσσαλονικέων</w>
    <suffix></suffix>
    <w>ἐν</w>
    <suffix></suffix>
    <w>θεῷ</w>
    <suffix></suffix>
    <w>πατρὶ</w>
    <suffix></suffix>
    <w>καὶ</w>
    <suffix></suffix>
    <w>κυρίῳ</w>
    <suffix></suffix>
    <w>Ἰησοῦ</w>
    <suffix></suffix>
    <w>Χριστῷ</w>
    <suffix>· </suffix>
    <w>χάρις</w>
    <suffix></suffix>
    <w>ὑμῖν</w>
    <suffix></suffix>
    <w>καὶ</w>
    <suffix></suffix>
    <prefix> ⸀</prefix>
    <w>εἰρήνη</w>
    <suffix>. </suffix>
    <verse-number id="1 Thessalonians 1:2">2</verse-number>
    <w>Εὐχαριστοῦμεν</w>
    <suffix></suffix>
    <w>τῷ</w>
    <suffix></suffix>
    <w>θεῷ</w>
    <suffix></suffix>
    <w>πάντοτε</w>
    <suffix></suffix>
    <w>περὶ</w>
    <suffix></suffix>
    <w>πάντων</w>
    <suffix></suffix>
    <w>ὑμῶν</w>
    <suffix></suffix>
    <prefix> ⸀</prefix>
    <w>μνείαν</w>
    <suffix></suffix>
    <w>ποιούμενοι</w>
    <suffix></suffix>
    <w>ἐπὶ</w>
    <suffix></suffix>
    <w>τῶν</w>
    <suffix></suffix>
    <w>προσευχῶν</w>
    <suffix></suffix>
    <w>ἡμῶν</w>
    <suffix>, </suffix>
    <w>ἀδιαλείπτως</w>
    <suffix></suffix>
    <verse-number id="1 Thessalonians 1:3">3</verse-number>
    <w>μνημονεύοντες</w>
    <suffix></suffix>
    <w>ὑμῶν</w>
    <suffix></suffix>
    <w>τοῦ</w>
    <suffix></suffix>
    <w>ἔργου</w>
    <suffix></suffix>
    <w>τῆς</w>
    <suffix></suffix>
    <w>πίστεως</w>
    <suffix></suffix>
    <w>καὶ</w>
    <suffix></suffix>
    <w>τοῦ</w>
    <suffix></suffix>
    <w>κόπου</w>
    <suffix></suffix>
    <w>τῆς</w>
    <suffix></suffix>
    <w>ἀγάπης</w>
    <suffix></suffix>
    <w>καὶ</w>
    <suffix></suffix>
    <w>τῆς</w>
    <suffix></suffix>
    <w>ὑπομονῆς</w>
    <suffix></suffix>
    <w>τῆς</w>
    <suffix></suffix>
    <w>ἐλπίδος</w>
    <suffix></suffix>
    <w>τοῦ</w>
    <suffix></suffix>
    <w>κυρίου</w>
    <suffix></suffix>
    <w>ἡμῶν</w>
    <suffix></suffix>
    <w>Ἰησοῦ</w>
    <suffix></suffix>
    <w>Χριστοῦ</w>
    <suffix></suffix>
    <w>ἔμπροσθεν</w>
    <suffix></suffix>
    <w>τοῦ</w>
    <suffix></suffix>
    <w>θεοῦ</w>
    <suffix></suffix>
    <w>καὶ</w>
    <suffix></suffix>
    <w>πατρὸς</w>
    <suffix></suffix>
    <w>ἡμῶν</w>
    <suffix>, </suffix>
    <verse-number id="1 Thessalonians 1:4">4</verse-number>
    <w>εἰδότες</w>
    <suffix>, </suffix>
    <w>ἀδελφοὶ</w>
    <suffix></suffix>
    <w>ἠγαπημένοι</w>
    <suffix></suffix>
    <w>ὑπὸ</w>
    <suffix></suffix>
    <prefix> ⸀</prefix>
    <w>θεοῦ</w>
    <suffix>, </suffix>
    <w>τὴν</w>
    <suffix></suffix>
    <w>ἐκλογὴν</w>
    <suffix></suffix>
    <w>ὑμῶν</w>
    <suffix>, </suffix>
    <verse-number id="1 Thessalonians 1:5">5</verse-number>
    <w>ὅτι</w>
    <suffix></suffix>
    <w>τὸ</w>
    <suffix></suffix>
    <w>εὐαγγέλιον</w>
    <suffix></suffix>
    <w>ἡμῶν</w>
    <suffix></suffix>
    <w>οὐκ</w>
    <suffix></suffix>
    <w>ἐγενήθη</w>
    <suffix></suffix>
    <w>εἰς</w>
    <suffix></suffix>
    <w>ὑμᾶς</w>
    <suffix></suffix>
    <w>ἐν</w>
    <suffix></suffix>
    <w>λόγῳ</w>
    <suffix></suffix>
    <w>μόνον</w>
    <suffix></suffix>
    <w>ἀλλὰ</w>
    <suffix></suffix>
    <w>καὶ</w>
    <suffix></suffix>
    <w>ἐν</w>
    <suffix></suffix>
    <w>δυνάμει</w>
    <suffix></suffix>
    <w>καὶ</w>
    <suffix></suffix>
    <w>ἐν</w>
    <suffix></suffix>
    <w>πνεύματι</w>
    <suffix></suffix>
    <w>ἁγίῳ</w>
    <suffix></suffix>
    <prefix> ⸀</prefix>
    <w>καὶ</w>
    <suffix></suffix>
    <w>πληροφορίᾳ</w>
    <suffix></suffix>
    <w>πολλῇ</w>
    <suffix>, </suffix>
    <w>καθὼς</w>
    <suffix></suffix>
    <w>οἴδατε</w>
    <suffix></suffix>
    <w>οἷοι</w>
    <suffix></suffix>
    <w>ἐγενήθημεν</w>
    <suffix></suffix>
    <prefix> ⸀</prefix>
    <w>ἐν</w>
    <suffix></suffix>
    <w>ὑμῖν</w>
    <suffix></suffix>
    <w>διʼ</w>
    <suffix></suffix>
    <w>ὑμᾶς</w>
    <suffix>· </suffix>
    <verse-number id="1 Thessalonians 1:6">6</verse-number>
    <w>καὶ</w>
    <suffix></suffix>
    <w>ὑμεῖς</w>
    <suffix></suffix>
    <w>μιμηταὶ</w>
    <suffix></suffix>
    <w>ἡμῶν</w>
    <suffix></suffix>
    <w>ἐγενήθητε</w>
    <suffix></suffix>
    <w>καὶ</w>
    <suffix></suffix>
    <w>τοῦ</w>
    <suffix></suffix>
    <w>κυρίου</w>
    <suffix>, </suffix>
    <w>δεξάμενοι</w>
    <suffix></suffix>
    <w>τὸν</w>
    <suffix></suffix>
    <w>λόγον</w>
    <suffix></suffix>
    <w>ἐν</w>
    <suffix></suffix>
    <w>θλίψει</w>
    <suffix></suffix>
    <w>πολλῇ</w>
    <suffix></suffix>
    <w>μετὰ</w>
    <suffix></suffix>
    <w>χαρᾶς</w>
    <suffix></suffix>
    <w>πνεύματος</w>
    <suffix></suffix>
    <w>ἁγίου</w>
    <suffix>, </suffix>
    <verse-number id="1 Thessalonians 1:7">7</verse-number>
    <w>ὥστε</w>
    <suffix></suffix>
    <w>γενέσθαι</w>
    <suffix></suffix>
    <w>ὑμᾶς</w>
    <suffix></suffix>
    <prefix> ⸀</prefix>
    <w>τύπον</w>
    <suffix></suffix>
    <w>πᾶσιν</w>
    <suffix></suffix>
    <w>τοῖς</w>
    <suffix></suffix>
    <w>πιστεύουσιν</w>
    <suffix></suffix>
    <w>ἐν</w>
    <suffix></suffix>
    <w>τῇ</w>
    <suffix></suffix>
    <w>Μακεδονίᾳ</w>
    <suffix></suffix>
    <w>καὶ</w>
    <suffix></suffix>
    <prefix> ⸀</prefix>
    <w>ἐν</w>
    <suffix></suffix>
    <w>τῇ</w>
    <suffix></suffix>
    <w>Ἀχαΐᾳ</w>
    <suffix>. </suffix>
    <verse-number id="1 Thessalonians 1:8">8</verse-number>
    <w>ἀφʼ</w>
    <suffix></suffix>
    <w>ὑμῶν</w>
    <suffix></suffix>
    <w>γὰρ</w>
    <suffix></suffix>
    <w>ἐξήχηται</w>
    <suffix></suffix>
    <w>ὁ</w>
    <suffix></suffix>
    <w>λόγος</w>
    <suffix></suffix>
    <w>τοῦ</w>
    <suffix></suffix>
    <w>κυρίου</w>
    <suffix></suffix>
    <w>οὐ</w>
    <suffix></suffix>
    <w>μόνον</w>
    <suffix></suffix>
    <w>ἐν</w>
    <suffix></suffix>
    <w>τῇ</w>
    <suffix></suffix>
    <w>Μακεδονίᾳ</w>
    <suffix></suffix>
    <prefix> ⸀</prefix>
    <w>καὶ</w>
    <suffix></suffix>
    <w>Ἀχαΐᾳ</w>
    <suffix>, </suffix>
    <prefix> ⸀</prefix>
    <w>ἀλλʼ</w>
    <suffix></suffix>
    <w>ἐν</w>
    <suffix></suffix>
    <w>παντὶ</w>
    <suffix></suffix>
    <w>τόπῳ</w>
    <suffix></suffix>
    <w>ἡ</w>
    <suffix></suffix>
    <w>πίστις</w>
    <suffix></suffix>
    <w>ὑμῶν</w>
    <suffix></suffix>
    <w>ἡ</w>
    <suffix></suffix>
    <w>πρὸς</w>
    <suffix></suffix>
    <w>τὸν</w>
    <suffix></suffix>
    <w>θεὸν</w>
    <suffix></suffix>
    <w>ἐξελήλυθεν</w>
    <suffix>, </suffix>
    <w>ὥστε</w>
    <suffix></suffix>
    <w>μὴ</w>
    <suffix></suffix>
    <w>χρείαν</w>
    <suffix></suffix>
    <prefix> ⸂</prefix>
    <w>ἔχειν</w>
    <suffix></suffix>
    <w>ἡμᾶς</w>
    <suffix>⸃ </suffix>
    <w>λαλεῖν</w>
    <suffix></suffix>
    <w>τι</w>
    <suffix>· </suffix>
    <verse-number id="1 Thessalonians 1:9">9</verse-number>
    <w>αὐτοὶ</w>
    <suffix></suffix>
    <w>γὰρ</w>
    <suffix></suffix>
    <w>περὶ</w>
    <suffix></suffix>
    <w>ἡμῶν</w>
    <suffix></suffix>
    <w>ἀπαγγέλλουσιν</w>
    <suffix></suffix>
    <w>ὁποίαν</w>
    <suffix></suffix>
    <w>εἴσοδον</w>
    <suffix></suffix>
    <w>ἔσχομεν</w>
    <suffix></suffix>
    <w>πρὸς</w>
    <suffix></suffix>
    <w>ὑμᾶς</w>
    <suffix>, </suffix>
    <w>καὶ</w>
    <suffix></suffix>
    <w>πῶς</w>
    <suffix></suffix>
    <w>ἐπεστρέψατε</w>
    <suffix></suffix>
    <w>πρὸς</w>
    <suffix></suffix>
    <w>τὸν</w>
    <suffix></suffix>
    <w>θεὸν</w>
    <suffix></suffix>
    <w>ἀπὸ</w>
    <suffix></suffix>
    <w>τῶν</w>
    <suffix></suffix>
    <w>εἰδώλων</w>
    <suffix></suffix>
    <w>δουλεύειν</w>
    <suffix></suffix>
    <w>θεῷ</w>
    <suffix></suffix>
    <w>ζῶντι</w>
    <suffix></suffix>
    <w>καὶ</w>
    <suffix></suffix>
    <w>ἀληθινῷ</w>
    <suffix>, </suffix>
    <verse-number id="1 Thessalonians 1:10">10</verse-number>
    <w>καὶ</w>
    <suffix></suffix>
    <w>ἀναμένειν</w>
    <suffix></suffix>
    <w>τὸν</w>
    <suffix></suffix>
    <w>υἱὸν</w>
    <suffix></suffix>
    <w>αὐτοῦ</w>
    <suffix></suffix>
    <w>ἐκ</w>
    <suffix></suffix>
    <w>τῶν</w>
    <suffix></suffix>
    <w>οὐρανῶν</w>
    <suffix>, </suffix>
    <w>ὃν</w>
    <suffix></suffix>
    <w>ἤγειρεν</w>
    <suffix></suffix>
    <w>ἐκ</w>
    <suffix></suffix>
    <w>τῶν</w>
    <suffix></suffix>
    <w>νεκρῶν</w>
    <suffix>, </suffix>
    <w>Ἰησοῦν</w>
    <suffix></suffix>
    <w>τὸν</w>
    <suffix></suffix>
    <w>ῥυόμενον</w>
    <suffix></suffix>
    <w>ἡμᾶς</w>
    <suffix></suffix>
    <prefix> ⸀</prefix>
    <w>ἐκ</w>
    <suffix></suffix>
    <w>τῆς</w>
    <suffix></suffix>
    <w>ὀργῆς</w>
    <suffix></suffix>
    <w>τῆς</w>
    <suffix></suffix>
    <w>ἐρχομένης</w>
    <suffix>. </suffix>
    <verse-number id="1 Thessalonians 2:1">2:1</verse-number>
    <w>Αὐτοὶ</w>
    <suffix></suffix>
    <w>γὰρ</w>
    <suffix></suffix>
    <w>οἴδατε</w>
    <suffix>, </suffix>
    <w>ἀδελφοί</w>
    <suffix>, </suffix>
    <w>τὴν</w>
    <suffix></suffix>
    <w>εἴσοδον</w>
    <suffix></suffix>
    <w>ἡμῶν</w>
    <suffix></suffix>
    <w>τὴν</w>
    <suffix></suffix>
    <w>πρὸς</w>
    <suffix></suffix>
    <w>ὑμᾶς</w>
    <suffix></suffix>
    <w>ὅτι</w>
    <suffix></suffix>
    <w>οὐ</w>
    <suffix></suffix>
    <w>κενὴ</w>
    <suffix></suffix>
    <w>γέγονεν</w>
    <suffix>, </suffix>
    <verse-number id="1 Thessalonians 2:2">2</verse-number>
    <w>ἀλλὰ</w>
    <suffix></suffix>
    <w>προπαθόντες</w>
    <suffix></suffix>
    <w>καὶ</w>
    <suffix></suffix>
    <w>ὑβρισθέντες</w>
    <suffix></suffix>
    <w>καθὼς</w>
    <suffix></suffix>
    <w>οἴδατε</w>
    <suffix></suffix>
    <w>ἐν</w>
    <suffix></suffix>
    <w>Φιλίπποις</w>
    <suffix></suffix>
    <w>ἐπαρρησιασάμεθα</w>
    <suffix></suffix>
    <w>ἐν</w>
    <suffix></suffix>
    <w>τῷ</w>
    <suffix></suffix>
    <w>θεῷ</w>
    <suffix></suffix>
    <w>ἡμῶν</w>
    <suffix></suffix>
    <w>λαλῆσαι</w>
    <suffix></suffix>
    <w>πρὸς</w>
    <suffix></suffix>
    <w>ὑμᾶς</w>
    <suffix></suffix>
    <w>τὸ</w>
    <suffix></suffix>
    <w>εὐαγγέλιον</w>
    <suffix></suffix>
    <w>τοῦ</w>
    <suffix></suffix>
    <w>θεοῦ</w>
    <suffix></suffix>
    <w>ἐν</w>
    <suffix></suffix>
    <w>πολλῷ</w>
    <suffix></suffix>
    <w>ἀγῶνι</w>
    <suffix>. </suffix>
    <verse-number id="1 Thessalonians 2:3">3</verse-number>
    <w>ἡ</w>
    <suffix></suffix>
    <w>γὰρ</w>
    <suffix></suffix>
    <w>παράκλησις</w>
    <suffix></suffix>
    <w>ἡμῶν</w>
    <suffix></suffix>
    <w>οὐκ</w>
    <suffix></suffix>
    <w>ἐκ</w>
    <suffix></suffix>
    <w>πλάνης</w>
    <suffix></suffix>
    <w>οὐδὲ</w>
    <suffix></suffix>
    <w>ἐξ</w>
    <suffix></suffix>
    <w>ἀκαθαρσίας</w>
    <suffix></suffix>
    <prefix> ⸀</prefix>
    <w>οὐδὲ</w>
    <suffix></suffix>
    <w>ἐν</w>
    <suffix></suffix>
    <w>δόλῳ</w>
    <suffix>, </suffix>
    <verse-number id="1 Thessalonians 2:4">4</verse-number>
    <w>ἀλλὰ</w>
    <suffix></suffix>
    <w>καθὼς</w>
    <suffix></suffix>
    <w>δεδοκιμάσμεθα</w>
    <suffix></suffix>
    <w>ὑπὸ</w>
    <suffix></suffix>
    <w>τοῦ</w>
    <suffix></suffix>
    <w>θεοῦ</w>
    <suffix></suffix>
    <w>πιστευθῆναι</w>
    <suffix></suffix>
    <w>τὸ</w>
    <suffix></suffix>
    <w>εὐαγγέλιον</w>
    <suffix></suffix>
    <w>οὕτως</w>
    <suffix></suffix>
    <w>λαλοῦμεν</w>
    <suffix>, </suffix>
    <w>οὐχ</w>
    <suffix></suffix>
    <w>ὡς</w>
    <suffix></suffix>
    <w>ἀνθρώποις</w>
    <suffix></suffix>
    <w>ἀρέσκοντες</w>
    <suffix></suffix>
    <w>ἀλλὰ</w>
    <suffix></suffix>
    <prefix> ⸀</prefix>
    <w>θεῷ</w>
    <suffix></suffix>
    <w>τῷ</w>
    <suffix></suffix>
    <w>δοκιμάζοντι</w>
    <suffix></suffix>
    <w>τὰς</w>
    <suffix></suffix>
    <w>καρδίας</w>
    <suffix></suffix>
    <w>ἡμῶν</w>
    <suffix>. </suffix>
    <verse-number id="1 Thessalonians 2:5">5</verse-number>
    <w>οὔτε</w>
    <suffix></suffix>
    <w>γάρ</w>
    <suffix></suffix>
    <w>ποτε</w>
    <suffix></suffix>
    <w>ἐν</w>
    <suffix></suffix>
    <w>λόγῳ</w>
    <suffix></suffix>
    <w>κολακείας</w>
    <suffix></suffix>
    <w>ἐγενήθημεν</w>
    <suffix>, </suffix>
    <w>καθὼς</w>
    <suffix></suffix>
    <w>οἴδατε</w>
    <suffix>, </suffix>
    <w>οὔτε</w>
    <suffix></suffix>
    <prefix> ⸀</prefix>
    <w>ἐν</w>
    <suffix></suffix>
    <w>προφάσει</w>
    <suffix></suffix>
    <w>πλεονεξίας</w>
    <suffix>, </suffix>
    <w>θεὸς</w>
    <suffix></suffix>
    <w>μάρτυς</w>
    <suffix>, </suffix>
    <verse-number id="1 Thessalonians 2:6">6</verse-number>
    <w>οὔτε</w>
    <suffix></suffix>
    <w>ζητοῦντες</w>
    <suffix></suffix>
    <w>ἐξ</w>
    <suffix></suffix>
    <w>ἀνθρώπων</w>
    <suffix></suffix>
    <w>δόξαν</w>
    <suffix>, </suffix>
    <w>οὔτε</w>
    <suffix></suffix>
    <w>ἀφʼ</w>
    <suffix></suffix>
    <w>ὑμῶν</w>
    <suffix></suffix>
    <w>οὔτε</w>
    <suffix></suffix>
    <w>ἀπʼ</w>
    <suffix></suffix>
    <w>ἄλλων</w>
    <suffix>, </suffix>
    <verse-number id="1 Thessalonians 2:7">7</verse-number>
    <w>δυνάμενοι</w>
    <suffix></suffix>
    <w>ἐν</w>
    <suffix></suffix>
    <w>βάρει</w>
    <suffix></suffix>
    <w>εἶναι</w>
    <suffix></suffix>
    <w>ὡς</w>
    <suffix></suffix>
    <w>Χριστοῦ</w>
    <suffix></suffix>
    <w>ἀπόστολοι</w>
    <suffix>· </suffix>
    <w>ἀλλὰ</w>
    <suffix></suffix>
    <w>ἐγενήθημεν</w>
    <suffix></suffix>
    <prefix> ⸀</prefix>
    <w>ἤπιοι</w>
    <suffix></suffix>
    <w>ἐν</w>
    <suffix></suffix>
    <w>μέσῳ</w>
    <suffix></suffix>
    <w>ὑμῶν</w>
    <suffix>, </suffix>
    <w>ὡς</w>
    <suffix></suffix>
    <prefix> ⸀</prefix>
    <w>ἐὰν</w>
    <suffix></suffix>
    <w>τροφὸς</w>
    <suffix></suffix>
    <w>θάλπῃ</w>
    <suffix></suffix>
    <w>τὰ</w>
    <suffix></suffix>
    <w>ἑαυτῆς</w>
    <suffix></suffix>
    <w>τέκνα</w>
    <suffix>· </suffix>
    <verse-number id="1 Thessalonians 2:8">8</verse-number>
    <w>οὕτως</w>
    <suffix></suffix>
    <w>ὁμειρόμενοι</w>
    <suffix></suffix>
    <w>ὑμῶν</w>
    <suffix></suffix>
    <w>εὐδοκοῦμεν</w>
    <suffix></suffix>
    <w>μεταδοῦναι</w>
    <suffix></suffix>
    <w>ὑμῖν</w>
    <suffix></suffix>
    <w>οὐ</w>
    <suffix></suffix>
    <w>μόνον</w>
    <suffix></suffix>
    <w>τὸ</w>
    <suffix></suffix>
    <w>εὐαγγέλιον</w>
    <suffix></suffix>
    <w>τοῦ</w>
    <suffix></suffix>
    <w>θεοῦ</w>
    <suffix></suffix>
    <w>ἀλλὰ</w>
    <suffix></suffix>
    <w>καὶ</w>
    <suffix></suffix>
    <w>τὰς</w>
    <suffix></suffix>
    <w>ἑαυτῶν</w>
    <suffix></suffix>
    <w>ψυχάς</w>
    <suffix>, </suffix>
    <w>διότι</w>
    <suffix></suffix>
    <w>ἀγαπητοὶ</w>
    <suffix></suffix>
    <w>ἡμῖν</w>
    <suffix></suffix>
    <prefix> ⸀</prefix>
    <w>ἐγενήθητε</w>
    <suffix>. </suffix>
  </p>
  <p>
    <verse-number id="1 Thessalonians 2:9">9</verse-number>
    <w>Μνημονεύετε</w>
    <suffix></suffix>
    <w>γάρ</w>
    <suffix>, </suffix>
    <w>ἀδελφοί</w>
    <suffix>, </suffix>
    <w>τὸν</w>
    <suffix></suffix>
    <w>κόπον</w>
    <suffix></suffix>
    <w>ἡμῶν</w>
    <suffix></suffix>
    <w>καὶ</w>
    <suffix></suffix>
    <w>τὸν</w>
    <suffix></suffix>
    <w>μόχθον</w>
    <suffix>· </suffix>
    <prefix> ⸀</prefix>
    <w>νυκτὸς</w>
    <suffix></suffix>
    <w>καὶ</w>
    <suffix></suffix>
    <w>ἡμέρας</w>
    <suffix></suffix>
    <w>ἐργαζόμενοι</w>
    <suffix></suffix>
    <w>πρὸς</w>
    <suffix></suffix>
    <w>τὸ</w>
    <suffix></suffix>
    <w>μὴ</w>
    <suffix></suffix>
    <w>ἐπιβαρῆσαί</w>
    <suffix></suffix>
    <w>τινα</w>
    <suffix></suffix>
    <w>ὑμῶν</w>
    <suffix></suffix>
    <w>ἐκηρύξαμεν</w>
    <suffix></suffix>
    <w>εἰς</w>
    <suffix></suffix>
    <w>ὑμᾶς</w>
    <suffix></suffix>
    <w>τὸ</w>
    <suffix></suffix>
    <w>εὐαγγέλιον</w>
    <suffix></suffix>
    <w>τοῦ</w>
    <suffix></suffix>
    <w>θεοῦ</w>
    <suffix>. </suffix>
    <verse-number id="1 Thessalonians 2:10">10</verse-number>
    <w>ὑμεῖς</w>
    <suffix></suffix>
    <w>μάρτυρες</w>
    <suffix></suffix>
    <w>καὶ</w>
    <suffix></suffix>
    <w>ὁ</w>
    <suffix></suffix>
    <w>θεός</w>
    <suffix>, </suffix>
    <w>ὡς</w>
    <suffix></suffix>
    <w>ὁσίως</w>
    <suffix></suffix>
    <w>καὶ</w>
    <suffix></suffix>
    <w>δικαίως</w>
    <suffix></suffix>
    <w>καὶ</w>
    <suffix></suffix>
    <w>ἀμέμπτως</w>
    <suffix></suffix>
    <w>ὑμῖν</w>
    <suffix></suffix>
    <w>τοῖς</w>
    <suffix></suffix>
    <w>πιστεύουσιν</w>
    <suffix></suffix>
    <w>ἐγενήθημεν</w>
    <suffix>, </suffix>
    <verse-number id="1 Thessalonians 2:11">11</verse-number>
    <w>καθάπερ</w>
    <suffix></suffix>
    <w>οἴδατε</w>
    <suffix></suffix>
    <w>ὡς</w>
    <suffix></suffix>
    <w>ἕνα</w>
    <suffix></suffix>
    <w>ἕκαστον</w>
    <suffix></suffix>
    <w>ὑμῶν</w>
    <suffix></suffix>
    <w>ὡς</w>
    <suffix></suffix>
    <w>πατὴρ</w>
    <suffix></suffix>
    <w>τέκνα</w>
    <suffix></suffix>
    <w>ἑαυτοῦ</w>
    <suffix></suffix>
    <verse-number id="1 Thessalonians 2:12">12</verse-number>
    <w>παρακαλοῦντες</w>
    <suffix></suffix>
    <w>ὑμᾶς</w>
    <suffix></suffix>
    <w>καὶ</w>
    <suffix></suffix>
    <w>παραμυθούμενοι</w>
    <suffix></suffix>
    <w>καὶ</w>
    <suffix></suffix>
    <w>μαρτυρόμενοι</w>
    <suffix>, </suffix>
    <w>εἰς</w>
    <suffix></suffix>
    <w>τὸ</w>
    <suffix></suffix>
    <prefix> ⸀</prefix>
    <w>περιπατεῖν</w>
    <suffix></suffix>
    <w>ὑμᾶς</w>
    <suffix></suffix>
    <w>ἀξίως</w>
    <suffix></suffix>
    <w>τοῦ</w>
    <suffix></suffix>
    <w>θεοῦ</w>
    <suffix></suffix>
    <w>τοῦ</w>
    <suffix></suffix>
    <w>καλοῦντος</w>
    <suffix></suffix>
    <w>ὑμᾶς</w>
    <suffix></suffix>
    <w>εἰς</w>
    <suffix></suffix>
    <w>τὴν</w>
    <suffix></suffix>
    <w>ἑαυτοῦ</w>
    <suffix></suffix>
    <w>βασιλείαν</w>
    <suffix></suffix>
    <w>καὶ</w>
    <suffix></suffix>
    <w>δόξαν</w>
    <suffix>. </suffix>
  </p>
  <p>
    <verse-number id="1 Thessalonians 2:13">13</verse-number>
    <prefix> ⸀</prefix>
    <w>Καὶ</w>
    <suffix></suffix>
    <w>διὰ</w>
    <suffix></suffix>
    <w>τοῦτο</w>
    <suffix></suffix>
    <w>καὶ</w>
    <suffix></suffix>
    <w>ἡμεῖς</w>
    <suffix></suffix>
    <w>εὐχαριστοῦμεν</w>
    <suffix></suffix>
    <w>τῷ</w>
    <suffix></suffix>
    <w>θεῷ</w>
    <suffix></suffix>
    <w>ἀδιαλείπτως</w>
    <suffix>, </suffix>
    <w>ὅτι</w>
    <suffix></suffix>
    <w>παραλαβόντες</w>
    <suffix></suffix>
    <w>λόγον</w>
    <suffix></suffix>
    <w>ἀκοῆς</w>
    <suffix></suffix>
    <w>παρʼ</w>
    <suffix></suffix>
    <w>ἡμῶν</w>
    <suffix></suffix>
    <w>τοῦ</w>
    <suffix></suffix>
    <w>θεοῦ</w>
    <suffix></suffix>
    <w>ἐδέξασθε</w>
    <suffix></suffix>
    <w>οὐ</w>
    <suffix></suffix>
    <w>λόγον</w>
    <suffix></suffix>
    <w>ἀνθρώπων</w>
    <suffix></suffix>
    <w>ἀλλὰ</w>
    <suffix></suffix>
    <w>καθὼς</w>
    <suffix></suffix>
    <prefix> ⸂</prefix>
    <w>ἀληθῶς</w>
    <suffix></suffix>
    <w>ἐστὶν</w>
    <suffix>⸃ </suffix>
    <w>λόγον</w>
    <suffix></suffix>
    <w>θεοῦ</w>
    <suffix>, </suffix>
    <w>ὃς</w>
    <suffix></suffix>
    <w>καὶ</w>
    <suffix></suffix>
    <w>ἐνεργεῖται</w>
    <suffix></suffix>
    <w>ἐν</w>
    <suffix></suffix>
    <w>ὑμῖν</w>
    <suffix></suffix>
    <w>τοῖς</w>
    <suffix></suffix>
    <w>πιστεύουσιν</w>
    <suffix>. </suffix>
    <verse-number id="1 Thessalonians 2:14">14</verse-number>
    <w>ὑμεῖς</w>
    <suffix></suffix>
    <w>γὰρ</w>
    <suffix></suffix>
    <w>μιμηταὶ</w>
    <suffix></suffix>
    <w>ἐγενήθητε</w>
    <suffix>, </suffix>
    <w>ἀδελφοί</w>
    <suffix>, </suffix>
    <w>τῶν</w>
    <suffix></suffix>
    <w>ἐκκλησιῶν</w>
    <suffix></suffix>
    <w>τοῦ</w>
    <suffix></suffix>
    <w>θεοῦ</w>
    <suffix></suffix>
    <w>τῶν</w>
    <suffix></suffix>
    <w>οὐσῶν</w>
    <suffix></suffix>
    <w>ἐν</w>
    <suffix></suffix>
    <w>τῇ</w>
    <suffix></suffix>
    <w>Ἰουδαίᾳ</w>
    <suffix></suffix>
    <w>ἐν</w>
    <suffix></suffix>
    <w>Χριστῷ</w>
    <suffix></suffix>
    <w>Ἰησοῦ</w>
    <suffix>, </suffix>
    <w>ὅτι</w>
    <suffix></suffix>
    <w>τὰ</w>
    <suffix></suffix>
    <w>αὐτὰ</w>
    <suffix></suffix>
    <w>ἐπάθετε</w>
    <suffix></suffix>
    <w>καὶ</w>
    <suffix></suffix>
    <w>ὑμεῖς</w>
    <suffix></suffix>
    <w>ὑπὸ</w>
    <suffix></suffix>
    <w>τῶν</w>
    <suffix></suffix>
    <w>ἰδίων</w>
    <suffix></suffix>
    <w>συμφυλετῶν</w>
    <suffix></suffix>
    <w>καθὼς</w>
    <suffix></suffix>
    <w>καὶ</w>
    <suffix></suffix>
    <w>αὐτοὶ</w>
    <suffix></suffix>
    <w>ὑπὸ</w>
    <suffix></suffix>
    <w>τῶν</w>
    <suffix></suffix>
    <w>Ἰουδαίων</w>
    <suffix></suffix>
    <verse-number id="1 Thessalonians 2:15">15</verse-number>
    <w>τῶν</w>
    <suffix></suffix>
    <w>καὶ</w>
    <suffix></suffix>
    <w>τὸν</w>
    <suffix></suffix>
    <w>κύριον</w>
    <suffix></suffix>
    <w>ἀποκτεινάντων</w>
    <suffix></suffix>
    <w>Ἰησοῦν</w>
    <suffix></suffix>
    <w>καὶ</w>
    <suffix></suffix>
    <prefix> ⸀</prefix>
    <w>τοὺς</w>
    <suffix></suffix>
    <w>προφήτας</w>
    <suffix></suffix>
    <w>καὶ</w>
    <suffix></suffix>
    <w>ἡμᾶς</w>
    <suffix></suffix>
    <w>ἐκδιωξάντων</w>
    <suffix>, </suffix>
    <w>καὶ</w>
    <suffix></suffix>
    <w>θεῷ</w>
    <suffix></suffix>
    <w>μὴ</w>
    <suffix></suffix>
    <w>ἀρεσκόντων</w>
    <suffix>, </suffix>
    <w>καὶ</w>
    <suffix></suffix>
    <w>πᾶσιν</w>
    <suffix></suffix>
    <w>ἀνθρώποις</w>
    <suffix></suffix>
    <w>ἐναντίων</w>
    <suffix>, </suffix>
    <verse-number id="1 Thessalonians 2:16">16</verse-number>
    <w>κωλυόντων</w>
    <suffix></suffix>
    <w>ἡμᾶς</w>
    <suffix></suffix>
    <w>τοῖς</w>
    <suffix></suffix>
    <w>ἔθνεσιν</w>
    <suffix></suffix>
    <w>λαλῆσαι</w>
    <suffix></suffix>
    <w>ἵνα</w>
    <suffix></suffix>
    <w>σωθῶσιν</w>
    <suffix>, </suffix>
    <w>εἰς</w>
    <suffix></suffix>
    <w>τὸ</w>
    <suffix></suffix>
    <w>ἀναπληρῶσαι</w>
    <suffix></suffix>
    <w>αὐτῶν</w>
    <suffix></suffix>
    <w>τὰς</w>
    <suffix></suffix>
    <w>ἁμαρτίας</w>
    <suffix></suffix>
    <w>πάντοτε</w>
    <suffix>. </suffix>
    <w>ἔφθασεν</w>
    <suffix></suffix>
    <w>δὲ</w>
    <suffix></suffix>
    <w>ἐπʼ</w>
    <suffix></suffix>
    <w>αὐτοὺς</w>
    <suffix></suffix>
    <w>ἡ</w>
    <suffix></suffix>
    <prefix> ⸀</prefix>
    <w>ὀργὴ</w>
    <suffix></suffix>
    <w>εἰς</w>
    <suffix></suffix>
    <w>τέλος</w>
    <suffix>. </suffix>
  </p>
  <p>
    <verse-number id="1 Thessalonians 2:17">17</verse-number>
    <w>Ἡμεῖς</w>
    <suffix></suffix>
    <w>δέ</w>
    <suffix>, </suffix>
    <w>ἀδελφοί</w>
    <suffix>, </suffix>
    <w>ἀπορφανισθέντες</w>
    <suffix></suffix>
    <w>ἀφʼ</w>
    <suffix></suffix>
    <w>ὑμῶν</w>
    <suffix></suffix>
    <w>πρὸς</w>
    <suffix></suffix>
    <w>καιρὸν</w>
    <suffix></suffix>
    <w>ὥρας</w>
    <suffix>, </suffix>
    <w>προσώπῳ</w>
    <suffix></suffix>
    <w>οὐ</w>
    <suffix></suffix>
    <w>καρδίᾳ</w>
    <suffix>, </suffix>
    <w>περισσοτέρως</w>
    <suffix></suffix>
    <w>ἐσπουδάσαμεν</w>
    <suffix></suffix>
    <w>τὸ</w>
    <suffix></suffix>
    <w>πρόσωπον</w>
    <suffix></suffix>
    <w>ὑμῶν</w>
    <suffix></suffix>
    <w>ἰδεῖν</w>
    <suffix></suffix>
    <w>ἐν</w>
    <suffix></suffix>
    <w>πολλῇ</w>
    <suffix></suffix>
    <w>ἐπιθυμίᾳ</w>
    <suffix>. </suffix>
    <verse-number id="1 Thessalonians 2:18">18</verse-number>
    <prefix> ⸀</prefix>
    <w>διότι</w>
    <suffix></suffix>
    <w>ἠθελήσαμεν</w>
    <suffix></suffix>
    <w>ἐλθεῖν</w>
    <suffix></suffix>
    <w>πρὸς</w>
    <suffix></suffix>
    <w>ὑμᾶς</w>
    <suffix>, </suffix>
    <w>ἐγὼ</w>
    <suffix></suffix>
    <w>μὲν</w>
    <suffix></suffix>
    <w>Παῦλος</w>
    <suffix></suffix>
    <w>καὶ</w>
    <suffix></suffix>
    <w>ἅπαξ</w>
    <suffix></suffix>
    <w>καὶ</w>
    <suffix></suffix>
    <w>δίς</w>
    <suffix>, </suffix>
    <w>καὶ</w>
    <suffix></suffix>
    <w>ἐνέκοψεν</w>
    <suffix></suffix>
    <w>ἡμᾶς</w>
    <suffix></suffix>
    <w>ὁ</w>
    <suffix></suffix>
    <w>Σατανᾶς</w>
    <suffix>. </suffix>
    <verse-number id="1 Thessalonians 2:19">19</verse-number>
    <w>τίς</w>
    <suffix></suffix>
    <w>γὰρ</w>
    <suffix></suffix>
    <w>ἡμῶν</w>
    <suffix></suffix>
    <w>ἐλπὶς</w>
    <suffix></suffix>
    <w>ἢ</w>
    <suffix></suffix>
    <w>χαρὰ</w>
    <suffix></suffix>
    <w>ἢ</w>
    <suffix></suffix>
    <w>στέφανος</w>
    <suffix></suffix>
    <w>καυχήσεως</w>
    <suffix>—</suffix>
    <w>ἢ</w>
    <suffix></suffix>
    <w>οὐχὶ</w>
    <suffix></suffix>
    <w>καὶ</w>
    <suffix></suffix>
    <w>ὑμεῖς</w>
    <suffix>—</suffix>
    <w>ἔμπροσθεν</w>
    <suffix></suffix>
    <w>τοῦ</w>
    <suffix></suffix>
    <w>κυρίου</w>
    <suffix></suffix>
    <w>ἡμῶν</w>
    <suffix></suffix>
    <w>Ἰησοῦ</w>
    <suffix></suffix>
    <w>ἐν</w>
    <suffix></suffix>
    <w>τῇ</w>
    <suffix></suffix>
    <w>αὐτοῦ</w>
    <suffix></suffix>
    <w>παρουσίᾳ</w>
    <suffix>; </suffix>
    <verse-number id="1 Thessalonians 2:20">20</verse-number>
    <w>ὑμεῖς</w>
    <suffix></suffix>
    <w>γάρ</w>
    <suffix></suffix>
    <w>ἐστε</w>
    <suffix></suffix>
    <w>ἡ</w>
    <suffix></suffix>
    <w>δόξα</w>
    <suffix></suffix>
    <w>ἡμῶν</w>
    <suffix></suffix>
    <w>καὶ</w>
    <suffix></suffix>
    <w>ἡ</w>
    <suffix></suffix>
    <w>χαρά</w>
    <suffix>. </suffix>
  </p>
  <p>
    <verse-number id="1 Thessalonians 3:1">3:1</verse-number>
    <w>Διὸ</w>
    <suffix></suffix>
    <w>μηκέτι</w>
    <suffix></suffix>
    <w>στέγοντες</w>
    <suffix></suffix>
    <w>εὐδοκήσαμεν</w>
    <suffix></suffix>
    <w>καταλειφθῆναι</w>
    <suffix></suffix>
    <w>ἐν</w>
    <suffix></suffix>
    <w>Ἀθήναις</w>
    <suffix></suffix>
    <w>μόνοι</w>
    <suffix>, </suffix>
    <verse-number id="1 Thessalonians 3:2">2</verse-number>
    <w>καὶ</w>
    <suffix></suffix>
    <w>ἐπέμψαμεν</w>
    <suffix></suffix>
    <w>Τιμόθεον</w>
    <suffix>, </suffix>
    <w>τὸν</w>
    <suffix></suffix>
    <w>ἀδελφὸν</w>
    <suffix></suffix>
    <w>ἡμῶν</w>
    <suffix></suffix>
    <w>καὶ</w>
    <suffix></suffix>
    <prefix> ⸀</prefix>
    <w>συνεργὸν</w>
    <suffix></suffix>
    <w>τοῦ</w>
    <suffix></suffix>
    <prefix> ⸀</prefix>
    <w>θεοῦ</w>
    <suffix></suffix>
    <w>ἐν</w>
    <suffix></suffix>
    <w>τῷ</w>
    <suffix></suffix>
    <w>εὐαγγελίῳ</w>
    <suffix></suffix>
    <w>τοῦ</w>
    <suffix></suffix>
    <w>Χριστοῦ</w>
    <suffix>, </suffix>
    <w>εἰς</w>
    <suffix></suffix>
    <w>τὸ</w>
    <suffix></suffix>
    <w>στηρίξαι</w>
    <suffix></suffix>
    <w>ὑμᾶς</w>
    <suffix></suffix>
    <w>καὶ</w>
    <suffix></suffix>
    <w>παρακαλέσαι</w>
    <suffix></suffix>
    <prefix> ⸀</prefix>
    <w>ὑπὲρ</w>
    <suffix></suffix>
    <w>τῆς</w>
    <suffix></suffix>
    <w>πίστεως</w>
    <suffix></suffix>
    <w>ὑμῶν</w>
    <suffix></suffix>
    <verse-number id="1 Thessalonians 3:3">3</verse-number>
    <w>τὸ</w>
    <suffix></suffix>
    <w>μηδένα</w>
    <suffix></suffix>
    <w>σαίνεσθαι</w>
    <suffix></suffix>
    <w>ἐν</w>
    <suffix></suffix>
    <w>ταῖς</w>
    <suffix></suffix>
    <w>θλίψεσιν</w>
    <suffix></suffix>
    <w>ταύταις</w>
    <suffix>. </suffix>
    <w>αὐτοὶ</w>
    <suffix></suffix>
    <w>γὰρ</w>
    <suffix></suffix>
    <w>οἴδατε</w>
    <suffix></suffix>
    <w>ὅτι</w>
    <suffix></suffix>
    <w>εἰς</w>
    <suffix></suffix>
    <w>τοῦτο</w>
    <suffix></suffix>
    <w>κείμεθα</w>
    <suffix>· </suffix>
    <verse-number id="1 Thessalonians 3:4">4</verse-number>
    <w>καὶ</w>
    <suffix></suffix>
    <w>γὰρ</w>
    <suffix></suffix>
    <w>ὅτε</w>
    <suffix></suffix>
    <w>πρὸς</w>
    <suffix></suffix>
    <w>ὑμᾶς</w>
    <suffix></suffix>
    <w>ἦμεν</w>
    <suffix>, </suffix>
    <w>προελέγομεν</w>
    <suffix></suffix>
    <w>ὑμῖν</w>
    <suffix></suffix>
    <w>ὅτι</w>
    <suffix></suffix>
    <w>μέλλομεν</w>
    <suffix></suffix>
    <w>θλίβεσθαι</w>
    <suffix>, </suffix>
    <w>καθὼς</w>
    <suffix></suffix>
    <w>καὶ</w>
    <suffix></suffix>
    <w>ἐγένετο</w>
    <suffix></suffix>
    <w>καὶ</w>
    <suffix></suffix>
    <w>οἴδατε</w>
    <suffix>. </suffix>
    <verse-number id="1 Thessalonians 3:5">5</verse-number>
    <w>διὰ</w>
    <suffix></suffix>
    <w>τοῦτο</w>
    <suffix></suffix>
    <w>κἀγὼ</w>
    <suffix></suffix>
    <w>μηκέτι</w>
    <suffix></suffix>
    <w>στέγων</w>
    <suffix></suffix>
    <w>ἔπεμψα</w>
    <suffix></suffix>
    <w>εἰς</w>
    <suffix></suffix>
    <w>τὸ</w>
    <suffix></suffix>
    <w>γνῶναι</w>
    <suffix></suffix>
    <w>τὴν</w>
    <suffix></suffix>
    <w>πίστιν</w>
    <suffix></suffix>
    <w>ὑμῶν</w>
    <suffix>, </suffix>
    <w>μή</w>
    <suffix></suffix>
    <w>πως</w>
    <suffix></suffix>
    <w>ἐπείρασεν</w>
    <suffix></suffix>
    <w>ὑμᾶς</w>
    <suffix></suffix>
    <w>ὁ</w>
    <suffix></suffix>
    <w>πειράζων</w>
    <suffix></suffix>
    <w>καὶ</w>
    <suffix></suffix>
    <w>εἰς</w>
    <suffix></suffix>
    <w>κενὸν</w>
    <suffix></suffix>
    <w>γένηται</w>
    <suffix></suffix>
    <w>ὁ</w>
    <suffix></suffix>
    <w>κόπος</w>
    <suffix></suffix>
    <w>ἡμῶν</w>
    <suffix>. </suffix>
  </p>
  <p>
    <verse-number id="1 Thessalonians 3:6">6</verse-number>
    <w>Ἄρτι</w>
    <suffix></suffix>
    <w>δὲ</w>
    <suffix></suffix>
    <w>ἐλθόντος</w>
    <suffix></suffix>
    <w>Τιμοθέου</w>
    <suffix></suffix>
    <w>πρὸς</w>
    <suffix></suffix>
    <w>ἡμᾶς</w>
    <suffix></suffix>
    <w>ἀφʼ</w>
    <suffix></suffix>
    <w>ὑμῶν</w>
    <suffix></suffix>
    <w>καὶ</w>
    <suffix></suffix>
    <w>εὐαγγελισαμένου</w>
    <suffix></suffix>
    <w>ἡμῖν</w>
    <suffix></suffix>
    <w>τὴν</w>
    <suffix></suffix>
    <w>πίστιν</w>
    <suffix></suffix>
    <w>καὶ</w>
    <suffix></suffix>
    <w>τὴν</w>
    <suffix></suffix>
    <w>ἀγάπην</w>
    <suffix></suffix>
    <w>ὑμῶν</w>
    <suffix>, </suffix>
    <w>καὶ</w>
    <suffix></suffix>
    <w>ὅτι</w>
    <suffix></suffix>
    <w>ἔχετε</w>
    <suffix></suffix>
    <w>μνείαν</w>
    <suffix></suffix>
    <w>ἡμῶν</w>
    <suffix></suffix>
    <w>ἀγαθὴν</w>
    <suffix></suffix>
    <w>πάντοτε</w>
    <suffix></suffix>
    <w>ἐπιποθοῦντες</w>
    <suffix></suffix>
    <w>ἡμᾶς</w>
    <suffix></suffix>
    <w>ἰδεῖν</w>
    <suffix></suffix>
    <w>καθάπερ</w>
    <suffix></suffix>
    <w>καὶ</w>
    <suffix></suffix>
    <w>ἡμεῖς</w>
    <suffix></suffix>
    <w>ὑμᾶς</w>
    <suffix>, </suffix>
    <verse-number id="1 Thessalonians 3:7">7</verse-number>
    <w>διὰ</w>
    <suffix></suffix>
    <w>τοῦτο</w>
    <suffix></suffix>
    <w>παρεκλήθημεν</w>
    <suffix>, </suffix>
    <w>ἀδελφοί</w>
    <suffix>, </suffix>
    <w>ἐφʼ</w>
    <suffix></suffix>
    <w>ὑμῖν</w>
    <suffix></suffix>
    <w>ἐπὶ</w>
    <suffix></suffix>
    <w>πάσῃ</w>
    <suffix></suffix>
    <w>τῇ</w>
    <suffix></suffix>
    <prefix> ⸂</prefix>
    <w>ἀνάγκῃ</w>
    <suffix></suffix>
    <w>καὶ</w>
    <suffix></suffix>
    <w>θλίψει</w>
    <suffix>⸃ </suffix>
    <w>ἡμῶν</w>
    <suffix></suffix>
    <w>διὰ</w>
    <suffix></suffix>
    <w>τῆς</w>
    <suffix></suffix>
    <w>ὑμῶν</w>
    <suffix></suffix>
    <w>πίστεως</w>
    <suffix>, </suffix>
    <verse-number id="1 Thessalonians 3:8">8</verse-number>
    <w>ὅτι</w>
    <suffix></suffix>
    <w>νῦν</w>
    <suffix></suffix>
    <w>ζῶμεν</w>
    <suffix></suffix>
    <w>ἐὰν</w>
    <suffix></suffix>
    <w>ὑμεῖς</w>
    <suffix></suffix>
    <w>στήκετε</w>
    <suffix></suffix>
    <w>ἐν</w>
    <suffix></suffix>
    <w>κυρίῳ</w>
    <suffix>. </suffix>
    <verse-number id="1 Thessalonians 3:9">9</verse-number>
    <w>τίνα</w>
    <suffix></suffix>
    <w>γὰρ</w>
    <suffix></suffix>
    <w>εὐχαριστίαν</w>
    <suffix></suffix>
    <w>δυνάμεθα</w>
    <suffix></suffix>
    <w>τῷ</w>
    <suffix></suffix>
    <w>θεῷ</w>
    <suffix></suffix>
    <w>ἀνταποδοῦναι</w>
    <suffix></suffix>
    <w>περὶ</w>
    <suffix></suffix>
    <w>ὑμῶν</w>
    <suffix></suffix>
    <w>ἐπὶ</w>
    <suffix></suffix>
    <w>πάσῃ</w>
    <suffix></suffix>
    <w>τῇ</w>
    <suffix></suffix>
    <w>χαρᾷ</w>
    <suffix></suffix>
    <w>ᾗ</w>
    <suffix></suffix>
    <w>χαίρομεν</w>
    <suffix></suffix>
    <w>διʼ</w>
    <suffix></suffix>
    <w>ὑμᾶς</w>
    <suffix></suffix>
    <w>ἔμπροσθεν</w>
    <suffix></suffix>
    <w>τοῦ</w>
    <suffix></suffix>
    <w>θεοῦ</w>
    <suffix></suffix>
    <w>ἡμῶν</w>
    <suffix>, </suffix>
    <verse-number id="1 Thessalonians 3:10">10</verse-number>
    <w>νυκτὸς</w>
    <suffix></suffix>
    <w>καὶ</w>
    <suffix></suffix>
    <w>ἡμέρας</w>
    <suffix></suffix>
    <w>ὑπερεκπερισσοῦ</w>
    <suffix></suffix>
    <w>δεόμενοι</w>
    <suffix></suffix>
    <w>εἰς</w>
    <suffix></suffix>
    <w>τὸ</w>
    <suffix></suffix>
    <w>ἰδεῖν</w>
    <suffix></suffix>
    <w>ὑμῶν</w>
    <suffix></suffix>
    <w>τὸ</w>
    <suffix></suffix>
    <w>πρόσωπον</w>
    <suffix></suffix>
    <w>καὶ</w>
    <suffix></suffix>
    <w>καταρτίσαι</w>
    <suffix></suffix>
    <w>τὰ</w>
    <suffix></suffix>
    <w>ὑστερήματα</w>
    <suffix></suffix>
    <w>τῆς</w>
    <suffix></suffix>
    <w>πίστεως</w>
    <suffix></suffix>
    <w>ὑμῶν</w>
    <suffix>; </suffix>
  </p>
  <p>
    <verse-number id="1 Thessalonians 3:11">11</verse-number>
    <w>Αὐτὸς</w>
    <suffix></suffix>
    <w>δὲ</w>
    <suffix></suffix>
    <w>ὁ</w>
    <suffix></suffix>
    <w>θεὸς</w>
    <suffix></suffix>
    <w>καὶ</w>
    <suffix></suffix>
    <w>πατὴρ</w>
    <suffix></suffix>
    <w>ἡμῶν</w>
    <suffix></suffix>
    <w>καὶ</w>
    <suffix></suffix>
    <w>ὁ</w>
    <suffix></suffix>
    <w>κύριος</w>
    <suffix></suffix>
    <w>ἡμῶν</w>
    <suffix></suffix>
    <prefix> ⸀</prefix>
    <w>Ἰησοῦς</w>
    <suffix></suffix>
    <w>κατευθύναι</w>
    <suffix></suffix>
    <w>τὴν</w>
    <suffix></suffix>
    <w>ὁδὸν</w>
    <suffix></suffix>
    <w>ἡμῶν</w>
    <suffix></suffix>
    <w>πρὸς</w>
    <suffix></suffix>
    <w>ὑμᾶς</w>
    <suffix>· </suffix>
    <verse-number id="1 Thessalonians 3:12">12</verse-number>
    <w>ὑμᾶς</w>
    <suffix></suffix>
    <w>δὲ</w>
    <suffix></suffix>
    <w>ὁ</w>
    <suffix></suffix>
    <w>κύριος</w>
    <suffix></suffix>
    <w>πλεονάσαι</w>
    <suffix></suffix>
    <w>καὶ</w>
    <suffix></suffix>
    <w>περισσεύσαι</w>
    <suffix></suffix>
    <w>τῇ</w>
    <suffix></suffix>
    <w>ἀγάπῃ</w>
    <suffix></suffix>
    <w>εἰς</w>
    <suffix></suffix>
    <w>ἀλλήλους</w>
    <suffix></suffix>
    <w>καὶ</w>
    <suffix></suffix>
    <w>εἰς</w>
    <suffix></suffix>
    <w>πάντας</w>
    <suffix>, </suffix>
    <w>καθάπερ</w>
    <suffix></suffix>
    <w>καὶ</w>
    <suffix></suffix>
    <w>ἡμεῖς</w>
    <suffix></suffix>
    <w>εἰς</w>
    <suffix></suffix>
    <w>ὑμᾶς</w>
    <suffix>, </suffix>
    <verse-number id="1 Thessalonians 3:13">13</verse-number>
    <w>εἰς</w>
    <suffix></suffix>
    <w>τὸ</w>
    <suffix></suffix>
    <w>στηρίξαι</w>
    <suffix></suffix>
    <w>ὑμῶν</w>
    <suffix></suffix>
    <w>τὰς</w>
    <suffix></suffix>
    <w>καρδίας</w>
    <suffix></suffix>
    <w>ἀμέμπτους</w>
    <suffix></suffix>
    <w>ἐν</w>
    <suffix></suffix>
    <w>ἁγιωσύνῃ</w>
    <suffix></suffix>
    <w>ἔμπροσθεν</w>
    <suffix></suffix>
    <w>τοῦ</w>
    <suffix></suffix>
    <w>θεοῦ</w>
    <suffix></suffix>
    <w>καὶ</w>
    <suffix></suffix>
    <w>πατρὸς</w>
    <suffix></suffix>
    <w>ἡμῶν</w>
    <suffix></suffix>
    <w>ἐν</w>
    <suffix></suffix>
    <w>τῇ</w>
    <suffix></suffix>
    <w>παρουσίᾳ</w>
    <suffix></suffix>
    <w>τοῦ</w>
    <suffix></suffix>
    <w>κυρίου</w>
    <suffix></suffix>
    <w>ἡμῶν</w>
    <suffix></suffix>
    <prefix> ⸀</prefix>
    <w>Ἰησοῦ</w>
    <suffix></suffix>
    <w>μετὰ</w>
    <suffix></suffix>
    <w>πάντων</w>
    <suffix></suffix>
    <w>τῶν</w>
    <suffix></suffix>
    <w>ἁγίων</w>
    <suffix></suffix>
    <prefix> ⸀</prefix>
    <w>αὐτοῦ</w>
    <suffix>. </suffix>
  </p>
  <p>
    <verse-number id="1 Thessalonians 4:1">4:1</verse-number>
    <w>Λοιπὸν</w>
    <suffix></suffix>
    <prefix> ⸀</prefix>
    <w>οὖν</w>
    <suffix>, </suffix>
    <w>ἀδελφοί</w>
    <suffix>, </suffix>
    <w>ἐρωτῶμεν</w>
    <suffix></suffix>
    <w>ὑμᾶς</w>
    <suffix></suffix>
    <w>καὶ</w>
    <suffix></suffix>
    <w>παρακαλοῦμεν</w>
    <suffix></suffix>
    <w>ἐν</w>
    <suffix></suffix>
    <w>κυρίῳ</w>
    <suffix></suffix>
    <w>Ἰησοῦ</w>
    <suffix>, </suffix>
    <prefix> ⸀</prefix>
    <w>ἵνα</w>
    <suffix></suffix>
    <w>καθὼς</w>
    <suffix></suffix>
    <w>παρελάβετε</w>
    <suffix></suffix>
    <w>παρʼ</w>
    <suffix></suffix>
    <w>ἡμῶν</w>
    <suffix></suffix>
    <w>τὸ</w>
    <suffix></suffix>
    <w>πῶς</w>
    <suffix></suffix>
    <w>δεῖ</w>
    <suffix></suffix>
    <w>ὑμᾶς</w>
    <suffix></suffix>
    <w>περιπατεῖν</w>
    <suffix></suffix>
    <w>καὶ</w>
    <suffix></suffix>
    <w>ἀρέσκειν</w>
    <suffix></suffix>
    <w>θεῷ</w>
    <suffix>, </suffix>
    <prefix> ⸂</prefix>
    <w>καθὼς</w>
    <suffix></suffix>
    <w>καὶ</w>
    <suffix></suffix>
    <w>περιπατεῖτε</w>
    <suffix>⸃, </suffix>
    <w>ἵνα</w>
    <suffix></suffix>
    <w>περισσεύητε</w>
    <suffix></suffix>
    <w>μᾶλλον</w>
    <suffix>. </suffix>
    <verse-number id="1 Thessalonians 4:2">2</verse-number>
    <w>οἴδατε</w>
    <suffix></suffix>
    <w>γὰρ</w>
    <suffix></suffix>
    <w>τίνας</w>
    <suffix></suffix>
    <w>παραγγελίας</w>
    <suffix></suffix>
    <w>ἐδώκαμεν</w>
    <suffix></suffix>
    <w>ὑμῖν</w>
    <suffix></suffix>
    <w>διὰ</w>
    <suffix></suffix>
    <w>τοῦ</w>
    <suffix></suffix>
    <w>κυρίου</w>
    <suffix></suffix>
    <w>Ἰησοῦ</w>
    <suffix>. </suffix>
    <verse-number id="1 Thessalonians 4:3">3</verse-number>
    <w>τοῦτο</w>
    <suffix></suffix>
    <w>γάρ</w>
    <suffix></suffix>
    <w>ἐστιν</w>
    <suffix></suffix>
    <w>θέλημα</w>
    <suffix></suffix>
    <w>τοῦ</w>
    <suffix></suffix>
    <w>θεοῦ</w>
    <suffix>, </suffix>
    <w>ὁ</w>
    <suffix></suffix>
    <w>ἁγιασμὸς</w>
    <suffix></suffix>
    <w>ὑμῶν</w>
    <suffix>, </suffix>
    <w>ἀπέχεσθαι</w>
    <suffix></suffix>
    <w>ὑμᾶς</w>
    <suffix></suffix>
    <w>ἀπὸ</w>
    <suffix></suffix>
    <w>τῆς</w>
    <suffix></suffix>
    <w>πορνείας</w>
    <suffix>, </suffix>
    <verse-number id="1 Thessalonians 4:4">4</verse-number>
    <w>εἰδέναι</w>
    <suffix></suffix>
    <w>ἕκαστον</w>
    <suffix></suffix>
    <w>ὑμῶν</w>
    <suffix></suffix>
    <w>τὸ</w>
    <suffix></suffix>
    <w>ἑαυτοῦ</w>
    <suffix></suffix>
    <w>σκεῦος</w>
    <suffix></suffix>
    <w>κτᾶσθαι</w>
    <suffix></suffix>
    <w>ἐν</w>
    <suffix></suffix>
    <w>ἁγιασμῷ</w>
    <suffix></suffix>
    <w>καὶ</w>
    <suffix></suffix>
    <w>τιμῇ</w>
    <suffix>, </suffix>
    <verse-number id="1 Thessalonians 4:5">5</verse-number>
    <w>μὴ</w>
    <suffix></suffix>
    <w>ἐν</w>
    <suffix></suffix>
    <w>πάθει</w>
    <suffix></suffix>
    <w>ἐπιθυμίας</w>
    <suffix></suffix>
    <w>καθάπερ</w>
    <suffix></suffix>
    <w>καὶ</w>
    <suffix></suffix>
    <w>τὰ</w>
    <suffix></suffix>
    <w>ἔθνη</w>
    <suffix></suffix>
    <w>τὰ</w>
    <suffix></suffix>
    <w>μὴ</w>
    <suffix></suffix>
    <w>εἰδότα</w>
    <suffix></suffix>
    <w>τὸν</w>
    <suffix></suffix>
    <w>θεόν</w>
    <suffix>, </suffix>
    <verse-number id="1 Thessalonians 4:6">6</verse-number>
    <w>τὸ</w>
    <suffix></suffix>
    <w>μὴ</w>
    <suffix></suffix>
    <w>ὑπερβαίνειν</w>
    <suffix></suffix>
    <w>καὶ</w>
    <suffix></suffix>
    <w>πλεονεκτεῖν</w>
    <suffix></suffix>
    <w>ἐν</w>
    <suffix></suffix>
    <w>τῷ</w>
    <suffix></suffix>
    <w>πράγματι</w>
    <suffix></suffix>
    <w>τὸν</w>
    <suffix></suffix>
    <w>ἀδελφὸν</w>
    <suffix></suffix>
    <w>αὐτοῦ</w>
    <suffix>, </suffix>
    <w>διότι</w>
    <suffix></suffix>
    <w>ἔκδικος</w>
    <suffix></suffix>
    <prefix> ⸀</prefix>
    <w>κύριος</w>
    <suffix></suffix>
    <w>περὶ</w>
    <suffix></suffix>
    <w>πάντων</w>
    <suffix></suffix>
    <w>τούτων</w>
    <suffix>, </suffix>
    <w>καθὼς</w>
    <suffix></suffix>
    <w>καὶ</w>
    <suffix></suffix>
    <w>προείπαμεν</w>
    <suffix></suffix>
    <w>ὑμῖν</w>
    <suffix></suffix>
    <w>καὶ</w>
    <suffix></suffix>
    <w>διεμαρτυράμεθα</w>
    <suffix>. </suffix>
    <verse-number id="1 Thessalonians 4:7">7</verse-number>
    <w>οὐ</w>
    <suffix></suffix>
    <w>γὰρ</w>
    <suffix></suffix>
    <w>ἐκάλεσεν</w>
    <suffix></suffix>
    <w>ἡμᾶς</w>
    <suffix></suffix>
    <w>ὁ</w>
    <suffix></suffix>
    <w>θεὸς</w>
    <suffix></suffix>
    <w>ἐπὶ</w>
    <suffix></suffix>
    <w>ἀκαθαρσίᾳ</w>
    <suffix></suffix>
    <w>ἀλλʼ</w>
    <suffix></suffix>
    <w>ἐν</w>
    <suffix></suffix>
    <w>ἁγιασμῷ</w>
    <suffix>. </suffix>
    <verse-number id="1 Thessalonians 4:8">8</verse-number>
    <w>τοιγαροῦν</w>
    <suffix></suffix>
    <w>ὁ</w>
    <suffix></suffix>
    <w>ἀθετῶν</w>
    <suffix></suffix>
    <w>οὐκ</w>
    <suffix></suffix>
    <w>ἄνθρωπον</w>
    <suffix></suffix>
    <w>ἀθετεῖ</w>
    <suffix></suffix>
    <w>ἀλλὰ</w>
    <suffix></suffix>
    <w>τὸν</w>
    <suffix></suffix>
    <w>θεὸν</w>
    <suffix></suffix>
    <w>τὸν</w>
    <suffix></suffix>
    <prefix> ⸀</prefix>
    <w>καὶ</w>
    <suffix></suffix>
    <prefix> ⸀</prefix>
    <w>διδόντα</w>
    <suffix></suffix>
    <w>τὸ</w>
    <suffix></suffix>
    <w>πνεῦμα</w>
    <suffix></suffix>
    <w>αὐτοῦ</w>
    <suffix></suffix>
    <w>τὸ</w>
    <suffix></suffix>
    <w>ἅγιον</w>
    <suffix></suffix>
    <w>εἰς</w>
    <suffix></suffix>
    <w>ὑμᾶς</w>
    <suffix>. </suffix>
  </p>
  <p>
    <verse-number id="1 Thessalonians 4:9">9</verse-number>
    <w>Περὶ</w>
    <suffix></suffix>
    <w>δὲ</w>
    <suffix></suffix>
    <w>τῆς</w>
    <suffix></suffix>
    <w>φιλαδελφίας</w>
    <suffix></suffix>
    <w>οὐ</w>
    <suffix></suffix>
    <w>χρείαν</w>
    <suffix></suffix>
    <w>ἔχετε</w>
    <suffix></suffix>
    <w>γράφειν</w>
    <suffix></suffix>
    <w>ὑμῖν</w>
    <suffix>, </suffix>
    <w>αὐτοὶ</w>
    <suffix></suffix>
    <w>γὰρ</w>
    <suffix></suffix>
    <w>ὑμεῖς</w>
    <suffix></suffix>
    <w>θεοδίδακτοί</w>
    <suffix></suffix>
    <w>ἐστε</w>
    <suffix></suffix>
    <w>εἰς</w>
    <suffix></suffix>
    <w>τὸ</w>
    <suffix></suffix>
    <w>ἀγαπᾶν</w>
    <suffix></suffix>
    <w>ἀλλήλους</w>
    <suffix>· </suffix>
    <verse-number id="1 Thessalonians 4:10">10</verse-number>
    <w>καὶ</w>
    <suffix></suffix>
    <w>γὰρ</w>
    <suffix></suffix>
    <w>ποιεῖτε</w>
    <suffix></suffix>
    <w>αὐτὸ</w>
    <suffix></suffix>
    <w>εἰς</w>
    <suffix></suffix>
    <w>πάντας</w>
    <suffix></suffix>
    <w>τοὺς</w>
    <suffix></suffix>
    <w>ἀδελφοὺς</w>
    <suffix></suffix>
    <w>τοὺς</w>
    <suffix></suffix>
    <w>ἐν</w>
    <suffix></suffix>
    <w>ὅλῃ</w>
    <suffix></suffix>
    <w>τῇ</w>
    <suffix></suffix>
    <w>Μακεδονίᾳ</w>
    <suffix>. </suffix>
    <w>παρακαλοῦμεν</w>
    <suffix></suffix>
    <w>δὲ</w>
    <suffix></suffix>
    <w>ὑμᾶς</w>
    <suffix>, </suffix>
    <w>ἀδελφοί</w>
    <suffix>, </suffix>
    <w>περισσεύειν</w>
    <suffix></suffix>
    <w>μᾶλλον</w>
    <suffix>, </suffix>
    <verse-number id="1 Thessalonians 4:11">11</verse-number>
    <w>καὶ</w>
    <suffix></suffix>
    <w>φιλοτιμεῖσθαι</w>
    <suffix></suffix>
    <w>ἡσυχάζειν</w>
    <suffix></suffix>
    <w>καὶ</w>
    <suffix></suffix>
    <w>πράσσειν</w>
    <suffix></suffix>
    <w>τὰ</w>
    <suffix></suffix>
    <w>ἴδια</w>
    <suffix></suffix>
    <w>καὶ</w>
    <suffix></suffix>
    <w>ἐργάζεσθαι</w>
    <suffix></suffix>
    <prefix> ⸀</prefix>
    <w>ταῖς</w>
    <suffix></suffix>
    <w>χερσὶν</w>
    <suffix></suffix>
    <w>ὑμῶν</w>
    <suffix>, </suffix>
    <w>καθὼς</w>
    <suffix></suffix>
    <w>ὑμῖν</w>
    <suffix></suffix>
    <w>παρηγγείλαμεν</w>
    <suffix>, </suffix>
    <verse-number id="1 Thessalonians 4:12">12</verse-number>
    <w>ἵνα</w>
    <suffix></suffix>
    <w>περιπατῆτε</w>
    <suffix></suffix>
    <w>εὐσχημόνως</w>
    <suffix></suffix>
    <w>πρὸς</w>
    <suffix></suffix>
    <w>τοὺς</w>
    <suffix></suffix>
    <w>ἔξω</w>
    <suffix></suffix>
    <w>καὶ</w>
    <suffix></suffix>
    <w>μηδενὸς</w>
    <suffix></suffix>
    <w>χρείαν</w>
    <suffix></suffix>
    <w>ἔχητε</w>
    <suffix>. </suffix>
  </p>
  <p>
    <verse-number id="1 Thessalonians 4:13">13</verse-number>
    <w>Οὐ</w>
    <suffix></suffix>
    <w>θέλομεν</w>
    <suffix></suffix>
    <w>δὲ</w>
    <suffix></suffix>
    <w>ὑμᾶς</w>
    <suffix></suffix>
    <w>ἀγνοεῖν</w>
    <suffix>, </suffix>
    <w>ἀδελφοί</w>
    <suffix>, </suffix>
    <w>περὶ</w>
    <suffix></suffix>
    <w>τῶν</w>
    <suffix></suffix>
    <prefix> ⸀</prefix>
    <w>κοιμωμένων</w>
    <suffix>, </suffix>
    <w>ἵνα</w>
    <suffix></suffix>
    <w>μὴ</w>
    <suffix></suffix>
    <w>λυπῆσθε</w>
    <suffix></suffix>
    <w>καθὼς</w>
    <suffix></suffix>
    <w>καὶ</w>
    <suffix></suffix>
    <w>οἱ</w>
    <suffix></suffix>
    <w>λοιποὶ</w>
    <suffix></suffix>
    <w>οἱ</w>
    <suffix></suffix>
    <w>μὴ</w>
    <suffix></suffix>
    <w>ἔχοντες</w>
    <suffix></suffix>
    <w>ἐλπίδα</w>
    <suffix>. </suffix>
    <verse-number id="1 Thessalonians 4:14">14</verse-number>
    <w>εἰ</w>
    <suffix></suffix>
    <w>γὰρ</w>
    <suffix></suffix>
    <w>πιστεύομεν</w>
    <suffix></suffix>
    <w>ὅτι</w>
    <suffix></suffix>
    <w>Ἰησοῦς</w>
    <suffix></suffix>
    <w>ἀπέθανεν</w>
    <suffix></suffix>
    <w>καὶ</w>
    <suffix></suffix>
    <w>ἀνέστη</w>
    <suffix>, </suffix>
    <w>οὕτως</w>
    <suffix></suffix>
    <w>καὶ</w>
    <suffix></suffix>
    <w>ὁ</w>
    <suffix></suffix>
    <w>θεὸς</w>
    <suffix></suffix>
    <w>τοὺς</w>
    <suffix></suffix>
    <w>κοιμηθέντας</w>
    <suffix></suffix>
    <w>διὰ</w>
    <suffix></suffix>
    <w>τοῦ</w>
    <suffix></suffix>
    <w>Ἰησοῦ</w>
    <suffix></suffix>
    <w>ἄξει</w>
    <suffix></suffix>
    <w>σὺν</w>
    <suffix></suffix>
    <w>αὐτῷ</w>
    <suffix>. </suffix>
    <verse-number id="1 Thessalonians 4:15">15</verse-number>
    <w>τοῦτο</w>
    <suffix></suffix>
    <w>γὰρ</w>
    <suffix></suffix>
    <w>ὑμῖν</w>
    <suffix></suffix>
    <w>λέγομεν</w>
    <suffix></suffix>
    <w>ἐν</w>
    <suffix></suffix>
    <w>λόγῳ</w>
    <suffix></suffix>
    <w>κυρίου</w>
    <suffix>, </suffix>
    <w>ὅτι</w>
    <suffix></suffix>
    <w>ἡμεῖς</w>
    <suffix></suffix>
    <w>οἱ</w>
    <suffix></suffix>
    <w>ζῶντες</w>
    <suffix></suffix>
    <w>οἱ</w>
    <suffix></suffix>
    <w>περιλειπόμενοι</w>
    <suffix></suffix>
    <w>εἰς</w>
    <suffix></suffix>
    <w>τὴν</w>
    <suffix></suffix>
    <w>παρουσίαν</w>
    <suffix></suffix>
    <w>τοῦ</w>
    <suffix></suffix>
    <w>κυρίου</w>
    <suffix></suffix>
    <w>οὐ</w>
    <suffix></suffix>
    <w>μὴ</w>
    <suffix></suffix>
    <w>φθάσωμεν</w>
    <suffix></suffix>
    <w>τοὺς</w>
    <suffix></suffix>
    <w>κοιμηθέντας</w>
    <suffix>· </suffix>
    <verse-number id="1 Thessalonians 4:16">16</verse-number>
    <w>ὅτι</w>
    <suffix></suffix>
    <w>αὐτὸς</w>
    <suffix></suffix>
    <w>ὁ</w>
    <suffix></suffix>
    <w>κύριος</w>
    <suffix></suffix>
    <w>ἐν</w>
    <suffix></suffix>
    <w>κελεύσματι</w>
    <suffix>, </suffix>
    <w>ἐν</w>
    <suffix></suffix>
    <w>φωνῇ</w>
    <suffix></suffix>
    <w>ἀρχαγγέλου</w>
    <suffix></suffix>
    <w>καὶ</w>
    <suffix></suffix>
    <w>ἐν</w>
    <suffix></suffix>
    <w>σάλπιγγι</w>
    <suffix></suffix>
    <w>θεοῦ</w>
    <suffix>, </suffix>
    <w>καταβήσεται</w>
    <suffix></suffix>
    <w>ἀπʼ</w>
    <suffix></suffix>
    <w>οὐρανοῦ</w>
    <suffix>, </suffix>
    <w>καὶ</w>
    <suffix></suffix>
    <w>οἱ</w>
    <suffix></suffix>
    <w>νεκροὶ</w>
    <suffix></suffix>
    <w>ἐν</w>
    <suffix></suffix>
    <w>Χριστῷ</w>
    <suffix></suffix>
    <w>ἀναστήσονται</w>
    <suffix></suffix>
    <w>πρῶτον</w>
    <suffix>, </suffix>
    <verse-number id="1 Thessalonians 4:17">17</verse-number>
    <w>ἔπειτα</w>
    <suffix></suffix>
    <w>ἡμεῖς</w>
    <suffix></suffix>
    <w>οἱ</w>
    <suffix></suffix>
    <w>ζῶντες</w>
    <suffix></suffix>
    <w>οἱ</w>
    <suffix></suffix>
    <w>περιλειπόμενοι</w>
    <suffix></suffix>
    <w>ἅμα</w>
    <suffix></suffix>
    <w>σὺν</w>
    <suffix></suffix>
    <w>αὐτοῖς</w>
    <suffix></suffix>
    <w>ἁρπαγησόμεθα</w>
    <suffix></suffix>
    <w>ἐν</w>
    <suffix></suffix>
    <w>νεφέλαις</w>
    <suffix></suffix>
    <w>εἰς</w>
    <suffix></suffix>
    <w>ἀπάντησιν</w>
    <suffix></suffix>
    <w>τοῦ</w>
    <suffix></suffix>
    <w>κυρίου</w>
    <suffix></suffix>
    <w>εἰς</w>
    <suffix></suffix>
    <w>ἀέρα</w>
    <suffix>· </suffix>
    <w>καὶ</w>
    <suffix></suffix>
    <w>οὕτως</w>
    <suffix></suffix>
    <w>πάντοτε</w>
    <suffix></suffix>
    <w>σὺν</w>
    <suffix></suffix>
    <w>κυρίῳ</w>
    <suffix></suffix>
    <w>ἐσόμεθα</w>
    <suffix>. </suffix>
    <verse-number id="1 Thessalonians 4:18">18</verse-number>
    <w>ὥστε</w>
    <suffix></suffix>
    <w>παρακαλεῖτε</w>
    <suffix></suffix>
    <w>ἀλλήλους</w>
    <suffix></suffix>
    <w>ἐν</w>
    <suffix></suffix>
    <w>τοῖς</w>
    <suffix></suffix>
    <w>λόγοις</w>
    <suffix></suffix>
    <w>τούτοις</w>
    <suffix>. </suffix>
  </p>
  <p>
    <verse-number id="1 Thessalonians 5:1">5:1</verse-number>
    <w>Περὶ</w>
    <suffix></suffix>
    <w>δὲ</w>
    <suffix></suffix>
    <w>τῶν</w>
    <suffix></suffix>
    <w>χρόνων</w>
    <suffix></suffix>
    <w>καὶ</w>
    <suffix></suffix>
    <w>τῶν</w>
    <suffix></suffix>
    <w>καιρῶν</w>
    <suffix>, </suffix>
    <w>ἀδελφοί</w>
    <suffix>, </suffix>
    <w>οὐ</w>
    <suffix></suffix>
    <w>χρείαν</w>
    <suffix></suffix>
    <w>ἔχετε</w>
    <suffix></suffix>
    <w>ὑμῖν</w>
    <suffix></suffix>
    <w>γράφεσθαι</w>
    <suffix>, </suffix>
    <verse-number id="1 Thessalonians 5:2">2</verse-number>
    <w>αὐτοὶ</w>
    <suffix></suffix>
    <w>γὰρ</w>
    <suffix></suffix>
    <w>ἀκριβῶς</w>
    <suffix></suffix>
    <w>οἴδατε</w>
    <suffix></suffix>
    <prefix> ⸀</prefix>
    <w>ὅτι</w>
    <suffix></suffix>
    <w>ἡμέρα</w>
    <suffix></suffix>
    <w>κυρίου</w>
    <suffix></suffix>
    <w>ὡς</w>
    <suffix></suffix>
    <w>κλέπτης</w>
    <suffix></suffix>
    <w>ἐν</w>
    <suffix></suffix>
    <w>νυκτὶ</w>
    <suffix></suffix>
    <w>οὕτως</w>
    <suffix></suffix>
    <w>ἔρχεται</w>
    <suffix>. </suffix>
    <verse-number id="1 Thessalonians 5:3">3</verse-number>
    <prefix> ⸀</prefix>
    <w>ὅταν</w>
    <suffix></suffix>
    <w>λέγωσιν</w>
    <suffix>· </suffix>
    <w>Εἰρήνη</w>
    <suffix></suffix>
    <w>καὶ</w>
    <suffix></suffix>
    <w>ἀσφάλεια</w>
    <suffix>, </suffix>
    <w>τότε</w>
    <suffix></suffix>
    <w>αἰφνίδιος</w>
    <suffix></suffix>
    <w>αὐτοῖς</w>
    <suffix></suffix>
    <w>ἐφίσταται</w>
    <suffix></suffix>
    <w>ὄλεθρος</w>
    <suffix></suffix>
    <w>ὥσπερ</w>
    <suffix></suffix>
    <w>ἡ</w>
    <suffix></suffix>
    <w>ὠδὶν</w>
    <suffix></suffix>
    <w>τῇ</w>
    <suffix></suffix>
    <w>ἐν</w>
    <suffix></suffix>
    <w>γαστρὶ</w>
    <suffix></suffix>
    <w>ἐχούσῃ</w>
    <suffix>, </suffix>
    <w>καὶ</w>
    <suffix></suffix>
    <w>οὐ</w>
    <suffix></suffix>
    <w>μὴ</w>
    <suffix></suffix>
    <w>ἐκφύγωσιν</w>
    <suffix>. </suffix>
    <verse-number id="1 Thessalonians 5:4">4</verse-number>
    <w>ὑμεῖς</w>
    <suffix></suffix>
    <w>δέ</w>
    <suffix>, </suffix>
    <w>ἀδελφοί</w>
    <suffix>, </suffix>
    <w>οὐκ</w>
    <suffix></suffix>
    <w>ἐστὲ</w>
    <suffix></suffix>
    <w>ἐν</w>
    <suffix></suffix>
    <w>σκότει</w>
    <suffix>, </suffix>
    <w>ἵνα</w>
    <suffix></suffix>
    <w>ἡ</w>
    <suffix></suffix>
    <w>ἡμέρα</w>
    <suffix></suffix>
    <w>ὑμᾶς</w>
    <suffix></suffix>
    <w>ὡς</w>
    <suffix></suffix>
    <prefix> ⸀</prefix>
    <w>κλέπτης</w>
    <suffix></suffix>
    <w>καταλάβῃ</w>
    <suffix>, </suffix>
    <verse-number id="1 Thessalonians 5:5">5</verse-number>
    <w>πάντες</w>
    <suffix></suffix>
    <prefix> ⸀</prefix>
    <w>γὰρ</w>
    <suffix></suffix>
    <w>ὑμεῖς</w>
    <suffix></suffix>
    <w>υἱοὶ</w>
    <suffix></suffix>
    <w>φωτός</w>
    <suffix></suffix>
    <w>ἐστε</w>
    <suffix></suffix>
    <w>καὶ</w>
    <suffix></suffix>
    <w>υἱοὶ</w>
    <suffix></suffix>
    <w>ἡμέρας</w>
    <suffix>. </suffix>
    <w>οὐκ</w>
    <suffix></suffix>
    <w>ἐσμὲν</w>
    <suffix></suffix>
    <w>νυκτὸς</w>
    <suffix></suffix>
    <w>οὐδὲ</w>
    <suffix></suffix>
    <w>σκότους</w>
    <suffix>· </suffix>
    <verse-number id="1 Thessalonians 5:6">6</verse-number>
    <w>ἄρα</w>
    <suffix></suffix>
    <w>οὖν</w>
    <suffix></suffix>
    <w>μὴ</w>
    <suffix></suffix>
    <w>καθεύδωμεν</w>
    <suffix></suffix>
    <prefix> ⸀</prefix>
    <w>ὡς</w>
    <suffix></suffix>
    <w>οἱ</w>
    <suffix></suffix>
    <w>λοιποί</w>
    <suffix>, </suffix>
    <w>ἀλλὰ</w>
    <suffix></suffix>
    <w>γρηγορῶμεν</w>
    <suffix></suffix>
    <w>καὶ</w>
    <suffix></suffix>
    <w>νήφωμεν</w>
    <suffix>. </suffix>
    <verse-number id="1 Thessalonians 5:7">7</verse-number>
    <w>οἱ</w>
    <suffix></suffix>
    <w>γὰρ</w>
    <suffix></suffix>
    <w>καθεύδοντες</w>
    <suffix></suffix>
    <w>νυκτὸς</w>
    <suffix></suffix>
    <w>καθεύδουσιν</w>
    <suffix>, </suffix>
    <w>καὶ</w>
    <suffix></suffix>
    <w>οἱ</w>
    <suffix></suffix>
    <w>μεθυσκόμενοι</w>
    <suffix></suffix>
    <w>νυκτὸς</w>
    <suffix></suffix>
    <w>μεθύουσιν</w>
    <suffix>· </suffix>
    <verse-number id="1 Thessalonians 5:8">8</verse-number>
    <w>ἡμεῖς</w>
    <suffix></suffix>
    <w>δὲ</w>
    <suffix></suffix>
    <w>ἡμέρας</w>
    <suffix></suffix>
    <w>ὄντες</w>
    <suffix></suffix>
    <w>νήφωμεν</w>
    <suffix>, </suffix>
    <w>ἐνδυσάμενοι</w>
    <suffix></suffix>
    <w>θώρακα</w>
    <suffix></suffix>
    <w>πίστεως</w>
    <suffix></suffix>
    <w>καὶ</w>
    <suffix></suffix>
    <w>ἀγάπης</w>
    <suffix></suffix>
    <w>καὶ</w>
    <suffix></suffix>
    <w>περικεφαλαίαν</w>
    <suffix></suffix>
    <w>ἐλπίδα</w>
    <suffix></suffix>
    <w>σωτηρίας</w>
    <suffix>· </suffix>
    <verse-number id="1 Thessalonians 5:9">9</verse-number>
    <w>ὅτι</w>
    <suffix></suffix>
    <w>οὐκ</w>
    <suffix></suffix>
    <w>ἔθετο</w>
    <suffix></suffix>
    <w>ἡμᾶς</w>
    <suffix></suffix>
    <w>ὁ</w>
    <suffix></suffix>
    <w>θεὸς</w>
    <suffix></suffix>
    <w>εἰς</w>
    <suffix></suffix>
    <w>ὀργὴν</w>
    <suffix></suffix>
    <w>ἀλλὰ</w>
    <suffix></suffix>
    <w>εἰς</w>
    <suffix></suffix>
    <w>περιποίησιν</w>
    <suffix></suffix>
    <w>σωτηρίας</w>
    <suffix></suffix>
    <w>διὰ</w>
    <suffix></suffix>
    <w>τοῦ</w>
    <suffix></suffix>
    <w>κυρίου</w>
    <suffix></suffix>
    <w>ἡμῶν</w>
    <suffix></suffix>
    <w>Ἰησοῦ</w>
    <suffix></suffix>
    <w>Χριστοῦ</w>
    <suffix>, </suffix>
    <verse-number id="1 Thessalonians 5:10">10</verse-number>
    <w>τοῦ</w>
    <suffix></suffix>
    <w>ἀποθανόντος</w>
    <suffix></suffix>
    <prefix> ⸀</prefix>
    <w>περὶ</w>
    <suffix></suffix>
    <w>ἡμῶν</w>
    <suffix></suffix>
    <w>ἵνα</w>
    <suffix></suffix>
    <w>εἴτε</w>
    <suffix></suffix>
    <w>γρηγορῶμεν</w>
    <suffix></suffix>
    <w>εἴτε</w>
    <suffix></suffix>
    <w>καθεύδωμεν</w>
    <suffix></suffix>
    <w>ἅμα</w>
    <suffix></suffix>
    <w>σὺν</w>
    <suffix></suffix>
    <w>αὐτῷ</w>
    <suffix></suffix>
    <w>ζήσωμεν</w>
    <suffix>. </suffix>
    <verse-number id="1 Thessalonians 5:11">11</verse-number>
    <w>διὸ</w>
    <suffix></suffix>
    <w>παρακαλεῖτε</w>
    <suffix></suffix>
    <w>ἀλλήλους</w>
    <suffix></suffix>
    <w>καὶ</w>
    <suffix></suffix>
    <w>οἰκοδομεῖτε</w>
    <suffix></suffix>
    <w>εἷς</w>
    <suffix></suffix>
    <w>τὸν</w>
    <suffix></suffix>
    <w>ἕνα</w>
    <suffix>, </suffix>
    <w>καθὼς</w>
    <suffix></suffix>
    <w>καὶ</w>
    <suffix></suffix>
    <w>ποιεῖτε</w>
    <suffix>. </suffix>
  </p>
  <p>
    <verse-number id="1 Thessalonians 5:12">12</verse-number>
    <w>Ἐρωτῶμεν</w>
    <suffix></suffix>
    <w>δὲ</w>
    <suffix></suffix>
    <w>ὑμᾶς</w>
    <suffix>, </suffix>
    <w>ἀδελφοί</w>
    <suffix>, </suffix>
    <w>εἰδέναι</w>
    <suffix></suffix>
    <w>τοὺς</w>
    <suffix></suffix>
    <w>κοπιῶντας</w>
    <suffix></suffix>
    <w>ἐν</w>
    <suffix></suffix>
    <w>ὑμῖν</w>
    <suffix></suffix>
    <w>καὶ</w>
    <suffix></suffix>
    <w>προϊσταμένους</w>
    <suffix></suffix>
    <w>ὑμῶν</w>
    <suffix></suffix>
    <w>ἐν</w>
    <suffix></suffix>
    <w>κυρίῳ</w>
    <suffix></suffix>
    <w>καὶ</w>
    <suffix></suffix>
    <w>νουθετοῦντας</w>
    <suffix></suffix>
    <w>ὑμᾶς</w>
    <suffix>, </suffix>
    <verse-number id="1 Thessalonians 5:13">13</verse-number>
    <w>καὶ</w>
    <suffix></suffix>
    <w>ἡγεῖσθαι</w>
    <suffix></suffix>
    <w>αὐτοὺς</w>
    <suffix></suffix>
    <prefix> ⸀</prefix>
    <w>ὑπερεκπερισσοῦ</w>
    <suffix></suffix>
    <w>ἐν</w>
    <suffix></suffix>
    <w>ἀγάπῃ</w>
    <suffix></suffix>
    <w>διὰ</w>
    <suffix></suffix>
    <w>τὸ</w>
    <suffix></suffix>
    <w>ἔργον</w>
    <suffix></suffix>
    <w>αὐτῶν</w>
    <suffix>. </suffix>
    <w>εἰρηνεύετε</w>
    <suffix></suffix>
    <w>ἐν</w>
    <suffix></suffix>
    <prefix> ⸀</prefix>
    <w>ἑαυτοῖς</w>
    <suffix>. </suffix>
    <verse-number id="1 Thessalonians 5:14">14</verse-number>
    <w>παρακαλοῦμεν</w>
    <suffix></suffix>
    <w>δὲ</w>
    <suffix></suffix>
    <w>ὑμᾶς</w>
    <suffix>, </suffix>
    <w>ἀδελφοί</w>
    <suffix>, </suffix>
    <w>νουθετεῖτε</w>
    <suffix></suffix>
    <w>τοὺς</w>
    <suffix></suffix>
    <w>ἀτάκτους</w>
    <suffix>, </suffix>
    <w>παραμυθεῖσθε</w>
    <suffix></suffix>
    <w>τοὺς</w>
    <suffix></suffix>
    <w>ὀλιγοψύχους</w>
    <suffix>, </suffix>
    <w>ἀντέχεσθε</w>
    <suffix></suffix>
    <w>τῶν</w>
    <suffix></suffix>
    <w>ἀσθενῶν</w>
    <suffix>, </suffix>
    <w>μακροθυμεῖτε</w>
    <suffix></suffix>
    <w>πρὸς</w>
    <suffix></suffix>
    <w>πάντας</w>
    <suffix>. </suffix>
    <verse-number id="1 Thessalonians 5:15">15</verse-number>
    <w>ὁρᾶτε</w>
    <suffix></suffix>
    <w>μή</w>
    <suffix></suffix>
    <w>τις</w>
    <suffix></suffix>
    <w>κακὸν</w>
    <suffix></suffix>
    <w>ἀντὶ</w>
    <suffix></suffix>
    <w>κακοῦ</w>
    <suffix></suffix>
    <w>τινι</w>
    <suffix></suffix>
    <w>ἀποδῷ</w>
    <suffix>, </suffix>
    <w>ἀλλὰ</w>
    <suffix></suffix>
    <w>πάντοτε</w>
    <suffix></suffix>
    <w>τὸ</w>
    <suffix></suffix>
    <w>ἀγαθὸν</w>
    <suffix></suffix>
    <prefix> ⸀</prefix>
    <w>διώκετε</w>
    <suffix></suffix>
    <w>εἰς</w>
    <suffix></suffix>
    <w>ἀλλήλους</w>
    <suffix></suffix>
    <w>καὶ</w>
    <suffix></suffix>
    <w>εἰς</w>
    <suffix></suffix>
    <w>πάντας</w>
    <suffix>. </suffix>
    <verse-number id="1 Thessalonians 5:16">16</verse-number>
    <w>πάντοτε</w>
    <suffix></suffix>
    <w>χαίρετε</w>
    <suffix>, </suffix>
    <verse-number id="1 Thessalonians 5:17">17</verse-number>
    <w>ἀδιαλείπτως</w>
    <suffix></suffix>
    <w>προσεύχεσθε</w>
    <suffix>, </suffix>
    <verse-number id="1 Thessalonians 5:18">18</verse-number>
    <w>ἐν</w>
    <suffix></suffix>
    <w>παντὶ</w>
    <suffix></suffix>
    <w>εὐχαριστεῖτε</w>
    <suffix>· </suffix>
    <w>τοῦτο</w>
    <suffix></suffix>
    <w>γὰρ</w>
    <suffix></suffix>
    <w>θέλημα</w>
    <suffix></suffix>
    <w>θεοῦ</w>
    <suffix></suffix>
    <w>ἐν</w>
    <suffix></suffix>
    <w>Χριστῷ</w>
    <suffix></suffix>
    <w>Ἰησοῦ</w>
    <suffix></suffix>
    <w>εἰς</w>
    <suffix></suffix>
    <w>ὑμᾶς</w>
    <suffix>. </suffix>
    <verse-number id="1 Thessalonians 5:19">19</verse-number>
    <w>τὸ</w>
    <suffix></suffix>
    <w>πνεῦμα</w>
    <suffix></suffix>
    <w>μὴ</w>
    <suffix></suffix>
    <w>σβέννυτε</w>
    <suffix>, </suffix>
    <verse-number id="1 Thessalonians 5:20">20</verse-number>
    <w>προφητείας</w>
    <suffix></suffix>
    <w>μὴ</w>
    <suffix></suffix>
    <w>ἐξουθενεῖτε</w>
    <suffix>· </suffix>
    <verse-number id="1 Thessalonians 5:21">21</verse-number>
    <w>πάντα</w>
    <suffix></suffix>
    <w>δὲ</w>
    <suffix></suffix>
    <w>δοκιμάζετε</w>
    <suffix>, </suffix>
    <w>τὸ</w>
    <suffix></suffix>
    <w>καλὸν</w>
    <suffix></suffix>
    <w>κατέχετε</w>
    <suffix>, </suffix>
    <verse-number id="1 Thessalonians 5:22">22</verse-number>
    <w>ἀπὸ</w>
    <suffix></suffix>
    <w>παντὸς</w>
    <suffix></suffix>
    <w>εἴδους</w>
    <suffix></suffix>
    <w>πονηροῦ</w>
    <suffix></suffix>
    <w>ἀπέχεσθε</w>
    <suffix>. </suffix>
  </p>
  <p>
    <verse-number id="1 Thessalonians 5:23">23</verse-number>
    <w>Αὐτὸς</w>
    <suffix></suffix>
    <w>δὲ</w>
    <suffix></suffix>
    <w>ὁ</w>
    <suffix></suffix>
    <w>θεὸς</w>
    <suffix></suffix>
    <w>τῆς</w>
    <suffix></suffix>
    <w>εἰρήνης</w>
    <suffix></suffix>
    <w>ἁγιάσαι</w>
    <suffix></suffix>
    <w>ὑμᾶς</w>
    <suffix></suffix>
    <w>ὁλοτελεῖς</w>
    <suffix>, </suffix>
    <w>καὶ</w>
    <suffix></suffix>
    <w>ὁλόκληρον</w>
    <suffix></suffix>
    <w>ὑμῶν</w>
    <suffix></suffix>
    <w>τὸ</w>
    <suffix></suffix>
    <w>πνεῦμα</w>
    <suffix></suffix>
    <w>καὶ</w>
    <suffix></suffix>
    <w>ἡ</w>
    <suffix></suffix>
    <w>ψυχὴ</w>
    <suffix></suffix>
    <w>καὶ</w>
    <suffix></suffix>
    <w>τὸ</w>
    <suffix></suffix>
    <w>σῶμα</w>
    <suffix></suffix>
    <w>ἀμέμπτως</w>
    <suffix></suffix>
    <w>ἐν</w>
    <suffix></suffix>
    <w>τῇ</w>
    <suffix></suffix>
    <w>παρουσίᾳ</w>
    <suffix></suffix>
    <w>τοῦ</w>
    <suffix></suffix>
    <w>κυρίου</w>
    <suffix></suffix>
    <w>ἡμῶν</w>
    <suffix></suffix>
    <w>Ἰησοῦ</w>
    <suffix></suffix>
    <w>Χριστοῦ</w>
    <suffix></suffix>
    <w>τηρηθείη</w>
    <suffix>. </suffix>
    <verse-number id="1 Thessalonians 5:24">24</verse-number>
    <w>πιστὸς</w>
    <suffix></suffix>
    <w>ὁ</w>
    <suffix></suffix>
    <w>καλῶν</w>
    <suffix></suffix>
    <w>ὑμᾶς</w>
    <suffix>, </suffix>
    <w>ὃς</w>
    <suffix></suffix>
    <w>καὶ</w>
    <suffix></suffix>
    <w>ποιήσει</w>
    <suffix>. </suffix>
  </p>
  <p>
    <verse-number id="1 Thessalonians 5:25">25</verse-number>
    <w>Ἀδελφοί</w>
    <suffix>, </suffix>
    <prefix> ⸀</prefix>
    <w>προσεύχεσθε</w>
    <suffix></suffix>
    <w>περὶ</w>
    <suffix></suffix>
    <w>ἡμῶν</w>
    <suffix>. </suffix>
    <verse-number id="1 Thessalonians 5:26">26</verse-number>
    <w>ἀσπάσασθε</w>
    <suffix></suffix>
    <w>τοὺς</w>
    <suffix></suffix>
    <w>ἀδελφοὺς</w>
    <suffix></suffix>
    <w>πάντας</w>
    <suffix></suffix>
    <w>ἐν</w>
    <suffix></suffix>
    <w>φιλήματι</w>
    <suffix></suffix>
    <w>ἁγίῳ</w>
    <suffix>. </suffix>
    <verse-number id="1 Thessalonians 5:27">27</verse-number>
    <prefix> ⸀</prefix>
    <w>ἐνορκίζω</w>
    <suffix></suffix>
    <w>ὑμᾶς</w>
    <suffix></suffix>
    <w>τὸν</w>
    <suffix></suffix>
    <w>κύριον</w>
    <suffix></suffix>
    <w>ἀναγνωσθῆναι</w>
    <suffix></suffix>
    <w>τὴν</w>
    <suffix></suffix>
    <w>ἐπιστολὴν</w>
    <suffix></suffix>
    <w>πᾶσιν</w>
    <suffix></suffix>
    <prefix> ⸀</prefix>
    <w>τοῖς</w>
    <suffix></suffix>
    <w>ἀδελφοῖς</w>
    <suffix>. </suffix>
    <verse-number id="1 Thessalonians 5:28">28</verse-number>
    <w>ἡ</w>
    <suffix></suffix>
    <w>χάρις</w>
    <suffix></suffix>
    <w>τοῦ</w>
    <suffix></suffix>
    <w>κυρίου</w>
    <suffix></suffix>
    <w>ἡμῶν</w>
    <suffix></suffix>
    <w>Ἰησοῦ</w>
    <suffix></suffix>
    <w>Χριστοῦ</w>
    <suffix></suffix>
    <w>μεθʼ</w>
    <suffix></suffix>
    <prefix> ⸀</prefix>
    <w>ὑμῶν</w>
    <suffix>. </suffix>
  </p>
  <p />
</book>