﻿<book id="2Jn">
  <title>ΙΩΑΝΝΟΥ Β</title>
  <p>
    <verse-number id="2 John 1:1">1:1</verse-number>
    <w>Ὁ</w>
    <suffix></suffix>
    <w>πρεσβύτερος</w>
    <suffix></suffix>
    <w>ἐκλεκτῇ</w>
    <suffix></suffix>
    <w>κυρίᾳ</w>
    <suffix></suffix>
    <w>καὶ</w>
    <suffix></suffix>
    <w>τοῖς</w>
    <suffix></suffix>
    <w>τέκνοις</w>
    <suffix></suffix>
    <w>αὐτῆς</w>
    <suffix>, </suffix>
    <w>οὓς</w>
    <suffix></suffix>
    <w>ἐγὼ</w>
    <suffix></suffix>
    <w>ἀγαπῶ</w>
    <suffix></suffix>
    <w>ἐν</w>
    <suffix></suffix>
    <w>ἀληθείᾳ</w>
    <suffix>, </suffix>
    <w>καὶ</w>
    <suffix></suffix>
    <w>οὐκ</w>
    <suffix></suffix>
    <w>ἐγὼ</w>
    <suffix></suffix>
    <w>μόνος</w>
    <suffix></suffix>
    <w>ἀλλὰ</w>
    <suffix></suffix>
    <w>καὶ</w>
    <suffix></suffix>
    <w>πάντες</w>
    <suffix></suffix>
    <w>οἱ</w>
    <suffix></suffix>
    <w>ἐγνωκότες</w>
    <suffix></suffix>
    <w>τὴν</w>
    <suffix></suffix>
    <w>ἀλήθειαν</w>
    <suffix>, </suffix>
    <verse-number id="2 John 1:2">2</verse-number>
    <w>διὰ</w>
    <suffix></suffix>
    <w>τὴν</w>
    <suffix></suffix>
    <w>ἀλήθειαν</w>
    <suffix></suffix>
    <w>τὴν</w>
    <suffix></suffix>
    <w>μένουσαν</w>
    <suffix></suffix>
    <w>ἐν</w>
    <suffix></suffix>
    <w>ἡμῖν</w>
    <suffix>, </suffix>
    <w>καὶ</w>
    <suffix></suffix>
    <w>μεθʼ</w>
    <suffix></suffix>
    <w>ἡμῶν</w>
    <suffix></suffix>
    <w>ἔσται</w>
    <suffix></suffix>
    <w>εἰς</w>
    <suffix></suffix>
    <w>τὸν</w>
    <suffix></suffix>
    <w>αἰῶνα</w>
    <suffix>· </suffix>
    <verse-number id="2 John 1:3">3</verse-number>
    <w>ἔσται</w>
    <suffix></suffix>
    <w>μεθʼ</w>
    <suffix></suffix>
    <w>ἡμῶν</w>
    <suffix></suffix>
    <w>χάρις</w>
    <suffix></suffix>
    <w>ἔλεος</w>
    <suffix></suffix>
    <w>εἰρήνη</w>
    <suffix></suffix>
    <w>παρὰ</w>
    <suffix></suffix>
    <w>θεοῦ</w>
    <suffix></suffix>
    <w>πατρός</w>
    <suffix>, </suffix>
    <w>καὶ</w>
    <suffix></suffix>
    <prefix> ⸀</prefix>
    <w>παρὰ</w>
    <suffix></suffix>
    <w>Ἰησοῦ</w>
    <suffix></suffix>
    <w>Χριστοῦ</w>
    <suffix></suffix>
    <w>τοῦ</w>
    <suffix></suffix>
    <w>υἱοῦ</w>
    <suffix></suffix>
    <w>τοῦ</w>
    <suffix></suffix>
    <w>πατρός</w>
    <suffix>, </suffix>
    <w>ἐν</w>
    <suffix></suffix>
    <w>ἀληθείᾳ</w>
    <suffix></suffix>
    <w>καὶ</w>
    <suffix></suffix>
    <w>ἀγάπῃ</w>
    <suffix>. </suffix>
  </p>
  <p>
    <verse-number id="2 John 1:4">4</verse-number>
    <w>Ἐχάρην</w>
    <suffix></suffix>
    <w>λίαν</w>
    <suffix></suffix>
    <w>ὅτι</w>
    <suffix></suffix>
    <w>εὕρηκα</w>
    <suffix></suffix>
    <w>ἐκ</w>
    <suffix></suffix>
    <w>τῶν</w>
    <suffix></suffix>
    <w>τέκνων</w>
    <suffix></suffix>
    <w>σου</w>
    <suffix></suffix>
    <w>περιπατοῦντας</w>
    <suffix></suffix>
    <w>ἐν</w>
    <suffix></suffix>
    <w>ἀληθείᾳ</w>
    <suffix>, </suffix>
    <w>καθὼς</w>
    <suffix></suffix>
    <w>ἐντολὴν</w>
    <suffix></suffix>
    <w>ἐλάβομεν</w>
    <suffix></suffix>
    <w>παρὰ</w>
    <suffix></suffix>
    <w>τοῦ</w>
    <suffix></suffix>
    <w>πατρός</w>
    <suffix>. </suffix>
    <verse-number id="2 John 1:5">5</verse-number>
    <w>καὶ</w>
    <suffix></suffix>
    <w>νῦν</w>
    <suffix></suffix>
    <w>ἐρωτῶ</w>
    <suffix></suffix>
    <w>σε</w>
    <suffix>, </suffix>
    <w>κυρία</w>
    <suffix>, </suffix>
    <w>οὐχ</w>
    <suffix></suffix>
    <w>ὡς</w>
    <suffix></suffix>
    <w>ἐντολὴν</w>
    <suffix></suffix>
    <prefix> ⸂</prefix>
    <w>καινὴν</w>
    <suffix></suffix>
    <w>γράφων</w>
    <suffix></suffix>
    <w>σοι</w>
    <suffix>⸃ </suffix>
    <w>ἀλλὰ</w>
    <suffix></suffix>
    <w>ἣν</w>
    <suffix></suffix>
    <w>εἴχομεν</w>
    <suffix></suffix>
    <w>ἀπʼ</w>
    <suffix></suffix>
    <w>ἀρχῆς</w>
    <suffix>, </suffix>
    <w>ἵνα</w>
    <suffix></suffix>
    <w>ἀγαπῶμεν</w>
    <suffix></suffix>
    <w>ἀλλήλους</w>
    <suffix>. </suffix>
    <verse-number id="2 John 1:6">6</verse-number>
    <w>καὶ</w>
    <suffix></suffix>
    <w>αὕτη</w>
    <suffix></suffix>
    <w>ἐστὶν</w>
    <suffix></suffix>
    <w>ἡ</w>
    <suffix></suffix>
    <w>ἀγάπη</w>
    <suffix>, </suffix>
    <w>ἵνα</w>
    <suffix></suffix>
    <w>περιπατῶμεν</w>
    <suffix></suffix>
    <w>κατὰ</w>
    <suffix></suffix>
    <w>τὰς</w>
    <suffix></suffix>
    <w>ἐντολὰς</w>
    <suffix></suffix>
    <w>αὐτοῦ</w>
    <suffix>· </suffix>
    <w>αὕτη</w>
    <suffix></suffix>
    <prefix> ⸂</prefix>
    <w>ἡ</w>
    <suffix></suffix>
    <w>ἐντολή</w>
    <suffix></suffix>
    <w>ἐστιν</w>
    <suffix>⸃, </suffix>
    <w>καθὼς</w>
    <suffix></suffix>
    <w>ἠκούσατε</w>
    <suffix></suffix>
    <w>ἀπʼ</w>
    <suffix></suffix>
    <w>ἀρχῆς</w>
    <suffix>, </suffix>
    <w>ἵνα</w>
    <suffix></suffix>
    <w>ἐν</w>
    <suffix></suffix>
    <w>αὐτῇ</w>
    <suffix></suffix>
    <w>περιπατῆτε</w>
    <suffix>. </suffix>
    <verse-number id="2 John 1:7">7</verse-number>
    <w>ὅτι</w>
    <suffix></suffix>
    <w>πολλοὶ</w>
    <suffix></suffix>
    <w>πλάνοι</w>
    <suffix></suffix>
    <prefix> ⸀</prefix>
    <w>ἐξῆλθον</w>
    <suffix></suffix>
    <w>εἰς</w>
    <suffix></suffix>
    <w>τὸν</w>
    <suffix></suffix>
    <w>κόσμον</w>
    <suffix>, </suffix>
    <w>οἱ</w>
    <suffix></suffix>
    <w>μὴ</w>
    <suffix></suffix>
    <w>ὁμολογοῦντες</w>
    <suffix></suffix>
    <w>Ἰησοῦν</w>
    <suffix></suffix>
    <w>Χριστὸν</w>
    <suffix></suffix>
    <w>ἐρχόμενον</w>
    <suffix></suffix>
    <w>ἐν</w>
    <suffix></suffix>
    <w>σαρκί</w>
    <suffix>· </suffix>
    <w>οὗτός</w>
    <suffix></suffix>
    <w>ἐστιν</w>
    <suffix></suffix>
    <w>ὁ</w>
    <suffix></suffix>
    <w>πλάνος</w>
    <suffix></suffix>
    <w>καὶ</w>
    <suffix></suffix>
    <w>ὁ</w>
    <suffix></suffix>
    <w>ἀντίχριστος</w>
    <suffix>. </suffix>
    <verse-number id="2 John 1:8">8</verse-number>
    <w>βλέπετε</w>
    <suffix></suffix>
    <w>ἑαυτούς</w>
    <suffix>, </suffix>
    <w>ἵνα</w>
    <suffix></suffix>
    <w>μὴ</w>
    <suffix></suffix>
    <prefix> ⸀</prefix>
    <w>ἀπολέσητε</w>
    <suffix></suffix>
    <w>ἃ</w>
    <suffix></suffix>
    <prefix> ⸀</prefix>
    <w>εἰργασάμεθα</w>
    <suffix>, </suffix>
    <w>ἀλλὰ</w>
    <suffix></suffix>
    <w>μισθὸν</w>
    <suffix></suffix>
    <w>πλήρη</w>
    <suffix></suffix>
    <prefix> ⸀</prefix>
    <w>ἀπολάβητε</w>
    <suffix>. </suffix>
    <verse-number id="2 John 1:9">9</verse-number>
    <w>πᾶς</w>
    <suffix></suffix>
    <w>ὁ</w>
    <suffix></suffix>
    <prefix> ⸀</prefix>
    <w>προάγων</w>
    <suffix></suffix>
    <w>καὶ</w>
    <suffix></suffix>
    <w>μὴ</w>
    <suffix></suffix>
    <w>μένων</w>
    <suffix></suffix>
    <w>ἐν</w>
    <suffix></suffix>
    <w>τῇ</w>
    <suffix></suffix>
    <w>διδαχῇ</w>
    <suffix></suffix>
    <w>τοῦ</w>
    <suffix></suffix>
    <w>Χριστοῦ</w>
    <suffix></suffix>
    <w>θεὸν</w>
    <suffix></suffix>
    <w>οὐκ</w>
    <suffix></suffix>
    <w>ἔχει</w>
    <suffix>· </suffix>
    <w>ὁ</w>
    <suffix></suffix>
    <w>μένων</w>
    <suffix></suffix>
    <w>ἐν</w>
    <suffix></suffix>
    <w>τῇ</w>
    <suffix></suffix>
    <prefix> ⸀</prefix>
    <w>διδαχῇ</w>
    <suffix>, </suffix>
    <w>οὗτος</w>
    <suffix></suffix>
    <w>καὶ</w>
    <suffix></suffix>
    <w>τὸν</w>
    <suffix></suffix>
    <w>πατέρα</w>
    <suffix></suffix>
    <w>καὶ</w>
    <suffix></suffix>
    <w>τὸν</w>
    <suffix></suffix>
    <w>υἱὸν</w>
    <suffix></suffix>
    <w>ἔχει</w>
    <suffix>. </suffix>
    <verse-number id="2 John 1:10">10</verse-number>
    <w>εἴ</w>
    <suffix></suffix>
    <w>τις</w>
    <suffix></suffix>
    <w>ἔρχεται</w>
    <suffix></suffix>
    <w>πρὸς</w>
    <suffix></suffix>
    <w>ὑμᾶς</w>
    <suffix></suffix>
    <w>καὶ</w>
    <suffix></suffix>
    <w>ταύτην</w>
    <suffix></suffix>
    <w>τὴν</w>
    <suffix></suffix>
    <w>διδαχὴν</w>
    <suffix></suffix>
    <w>οὐ</w>
    <suffix></suffix>
    <w>φέρει</w>
    <suffix>, </suffix>
    <w>μὴ</w>
    <suffix></suffix>
    <w>λαμβάνετε</w>
    <suffix></suffix>
    <w>αὐτὸν</w>
    <suffix></suffix>
    <w>εἰς</w>
    <suffix></suffix>
    <w>οἰκίαν</w>
    <suffix></suffix>
    <w>καὶ</w>
    <suffix></suffix>
    <w>χαίρειν</w>
    <suffix></suffix>
    <w>αὐτῷ</w>
    <suffix></suffix>
    <w>μὴ</w>
    <suffix></suffix>
    <w>λέγετε</w>
    <suffix>· </suffix>
    <verse-number id="2 John 1:11">11</verse-number>
    <w>ὁ</w>
    <suffix></suffix>
    <prefix> ⸂</prefix>
    <w>λέγων</w>
    <suffix></suffix>
    <w>γὰρ</w>
    <suffix>⸃ </suffix>
    <w>αὐτῷ</w>
    <suffix></suffix>
    <w>χαίρειν</w>
    <suffix></suffix>
    <w>κοινωνεῖ</w>
    <suffix></suffix>
    <w>τοῖς</w>
    <suffix></suffix>
    <w>ἔργοις</w>
    <suffix></suffix>
    <w>αὐτοῦ</w>
    <suffix></suffix>
    <w>τοῖς</w>
    <suffix></suffix>
    <w>πονηροῖς</w>
    <suffix>. </suffix>
  </p>
  <p>
    <verse-number id="2 John 1:12">12</verse-number>
    <w>Πολλὰ</w>
    <suffix></suffix>
    <w>ἔχων</w>
    <suffix></suffix>
    <w>ὑμῖν</w>
    <suffix></suffix>
    <w>γράφειν</w>
    <suffix></suffix>
    <w>οὐκ</w>
    <suffix></suffix>
    <w>ἐβουλήθην</w>
    <suffix></suffix>
    <w>διὰ</w>
    <suffix></suffix>
    <w>χάρτου</w>
    <suffix></suffix>
    <w>καὶ</w>
    <suffix></suffix>
    <w>μέλανος</w>
    <suffix>, </suffix>
    <w>ἀλλὰ</w>
    <suffix></suffix>
    <w>ἐλπίζω</w>
    <suffix></suffix>
    <prefix> ⸀</prefix>
    <w>γενέσθαι</w>
    <suffix></suffix>
    <w>πρὸς</w>
    <suffix></suffix>
    <w>ὑμᾶς</w>
    <suffix></suffix>
    <w>καὶ</w>
    <suffix></suffix>
    <w>στόμα</w>
    <suffix></suffix>
    <w>πρὸς</w>
    <suffix></suffix>
    <w>στόμα</w>
    <suffix></suffix>
    <w>λαλῆσαι</w>
    <suffix>, </suffix>
    <w>ἵνα</w>
    <suffix></suffix>
    <w>ἡ</w>
    <suffix></suffix>
    <w>χαρὰ</w>
    <suffix></suffix>
    <prefix> ⸀</prefix>
    <w>ὑμῶν</w>
    <suffix></suffix>
    <prefix> ⸂</prefix>
    <w>πεπληρωμένη</w>
    <suffix></suffix>
    <w>ᾖ</w>
    <suffix>⸃. </suffix>
    <verse-number id="2 John 1:13">13</verse-number>
    <w>Ἀσπάζεταί</w>
    <suffix></suffix>
    <w>σε</w>
    <suffix></suffix>
    <w>τὰ</w>
    <suffix></suffix>
    <w>τέκνα</w>
    <suffix></suffix>
    <w>τῆς</w>
    <suffix></suffix>
    <w>ἀδελφῆς</w>
    <suffix></suffix>
    <w>σου</w>
    <suffix></suffix>
    <w>τῆς</w>
    <suffix></suffix>
    <prefix> ⸀</prefix>
    <w>ἐκλεκτῆς</w>
    <suffix>. </suffix>
  </p>
  <p />
</book>