﻿<book id="2Th">
  <title>ΠΡΟΣ ΘΕΣΣΑΛΟΝΙΚΕΙΣ Β</title>
  <p>
    <verse-number id="2 Thessalonians 1:1">1:1</verse-number>
    <w>Παῦλος</w>
    <suffix></suffix>
    <w>καὶ</w>
    <suffix></suffix>
    <w>Σιλουανὸς</w>
    <suffix></suffix>
    <w>καὶ</w>
    <suffix></suffix>
    <w>Τιμόθεος</w>
    <suffix></suffix>
    <w>τῇ</w>
    <suffix></suffix>
    <w>ἐκκλησίᾳ</w>
    <suffix></suffix>
    <w>Θεσσαλονικέων</w>
    <suffix></suffix>
    <w>ἐν</w>
    <suffix></suffix>
    <w>θεῷ</w>
    <suffix></suffix>
    <w>πατρὶ</w>
    <suffix></suffix>
    <w>ἡμῶν</w>
    <suffix></suffix>
    <w>καὶ</w>
    <suffix></suffix>
    <w>κυρίῳ</w>
    <suffix></suffix>
    <w>Ἰησοῦ</w>
    <suffix></suffix>
    <w>Χριστῷ</w>
    <suffix>· </suffix>
    <verse-number id="2 Thessalonians 1:2">2</verse-number>
    <w>χάρις</w>
    <suffix></suffix>
    <w>ὑμῖν</w>
    <suffix></suffix>
    <w>καὶ</w>
    <suffix></suffix>
    <w>εἰρήνη</w>
    <suffix></suffix>
    <w>ἀπὸ</w>
    <suffix></suffix>
    <w>θεοῦ</w>
    <suffix></suffix>
    <prefix> ⸀</prefix>
    <w>πατρὸς</w>
    <suffix></suffix>
    <w>καὶ</w>
    <suffix></suffix>
    <w>κυρίου</w>
    <suffix></suffix>
    <w>Ἰησοῦ</w>
    <suffix></suffix>
    <w>Χριστοῦ</w>
    <suffix>. </suffix>
  </p>
  <p>
    <verse-number id="2 Thessalonians 1:3">3</verse-number>
    <w>Εὐχαριστεῖν</w>
    <suffix></suffix>
    <w>ὀφείλομεν</w>
    <suffix></suffix>
    <w>τῷ</w>
    <suffix></suffix>
    <w>θεῷ</w>
    <suffix></suffix>
    <w>πάντοτε</w>
    <suffix></suffix>
    <w>περὶ</w>
    <suffix></suffix>
    <w>ὑμῶν</w>
    <suffix>, </suffix>
    <w>ἀδελφοί</w>
    <suffix>, </suffix>
    <w>καθὼς</w>
    <suffix></suffix>
    <w>ἄξιόν</w>
    <suffix></suffix>
    <w>ἐστιν</w>
    <suffix>, </suffix>
    <w>ὅτι</w>
    <suffix></suffix>
    <w>ὑπεραυξάνει</w>
    <suffix></suffix>
    <w>ἡ</w>
    <suffix></suffix>
    <w>πίστις</w>
    <suffix></suffix>
    <w>ὑμῶν</w>
    <suffix></suffix>
    <w>καὶ</w>
    <suffix></suffix>
    <w>πλεονάζει</w>
    <suffix></suffix>
    <w>ἡ</w>
    <suffix></suffix>
    <w>ἀγάπη</w>
    <suffix></suffix>
    <w>ἑνὸς</w>
    <suffix></suffix>
    <w>ἑκάστου</w>
    <suffix></suffix>
    <w>πάντων</w>
    <suffix></suffix>
    <w>ὑμῶν</w>
    <suffix></suffix>
    <w>εἰς</w>
    <suffix></suffix>
    <w>ἀλλήλους</w>
    <suffix>, </suffix>
    <verse-number id="2 Thessalonians 1:4">4</verse-number>
    <w>ὥστε</w>
    <suffix></suffix>
    <prefix> ⸂</prefix>
    <w>αὐτοὺς</w>
    <suffix></suffix>
    <w>ἡμᾶς</w>
    <suffix>⸃ </suffix>
    <w>ἐν</w>
    <suffix></suffix>
    <w>ὑμῖν</w>
    <suffix></suffix>
    <prefix> ⸀</prefix>
    <w>ἐγκαυχᾶσθαι</w>
    <suffix></suffix>
    <w>ἐν</w>
    <suffix></suffix>
    <w>ταῖς</w>
    <suffix></suffix>
    <w>ἐκκλησίαις</w>
    <suffix></suffix>
    <w>τοῦ</w>
    <suffix></suffix>
    <w>θεοῦ</w>
    <suffix></suffix>
    <w>ὑπὲρ</w>
    <suffix></suffix>
    <w>τῆς</w>
    <suffix></suffix>
    <w>ὑπομονῆς</w>
    <suffix></suffix>
    <w>ὑμῶν</w>
    <suffix></suffix>
    <w>καὶ</w>
    <suffix></suffix>
    <w>πίστεως</w>
    <suffix></suffix>
    <w>ἐν</w>
    <suffix></suffix>
    <w>πᾶσιν</w>
    <suffix></suffix>
    <w>τοῖς</w>
    <suffix></suffix>
    <w>διωγμοῖς</w>
    <suffix></suffix>
    <w>ὑμῶν</w>
    <suffix></suffix>
    <w>καὶ</w>
    <suffix></suffix>
    <w>ταῖς</w>
    <suffix></suffix>
    <w>θλίψεσιν</w>
    <suffix></suffix>
    <w>αἷς</w>
    <suffix></suffix>
    <w>ἀνέχεσθε</w>
    <suffix>, </suffix>
    <verse-number id="2 Thessalonians 1:5">5</verse-number>
    <w>ἔνδειγμα</w>
    <suffix></suffix>
    <w>τῆς</w>
    <suffix></suffix>
    <w>δικαίας</w>
    <suffix></suffix>
    <w>κρίσεως</w>
    <suffix></suffix>
    <w>τοῦ</w>
    <suffix></suffix>
    <w>θεοῦ</w>
    <suffix>, </suffix>
    <w>εἰς</w>
    <suffix></suffix>
    <w>τὸ</w>
    <suffix></suffix>
    <w>καταξιωθῆναι</w>
    <suffix></suffix>
    <w>ὑμᾶς</w>
    <suffix></suffix>
    <w>τῆς</w>
    <suffix></suffix>
    <w>βασιλείας</w>
    <suffix></suffix>
    <w>τοῦ</w>
    <suffix></suffix>
    <w>θεοῦ</w>
    <suffix>, </suffix>
    <w>ὑπὲρ</w>
    <suffix></suffix>
    <w>ἧς</w>
    <suffix></suffix>
    <w>καὶ</w>
    <suffix></suffix>
    <w>πάσχετε</w>
    <suffix>, </suffix>
    <verse-number id="2 Thessalonians 1:6">6</verse-number>
    <w>εἴπερ</w>
    <suffix></suffix>
    <w>δίκαιον</w>
    <suffix></suffix>
    <w>παρὰ</w>
    <suffix></suffix>
    <w>θεῷ</w>
    <suffix></suffix>
    <w>ἀνταποδοῦναι</w>
    <suffix></suffix>
    <w>τοῖς</w>
    <suffix></suffix>
    <w>θλίβουσιν</w>
    <suffix></suffix>
    <w>ὑμᾶς</w>
    <suffix></suffix>
    <w>θλῖψιν</w>
    <suffix></suffix>
    <verse-number id="2 Thessalonians 1:7">7</verse-number>
    <w>καὶ</w>
    <suffix></suffix>
    <w>ὑμῖν</w>
    <suffix></suffix>
    <w>τοῖς</w>
    <suffix></suffix>
    <w>θλιβομένοις</w>
    <suffix></suffix>
    <w>ἄνεσιν</w>
    <suffix></suffix>
    <w>μεθʼ</w>
    <suffix></suffix>
    <w>ἡμῶν</w>
    <suffix></suffix>
    <w>ἐν</w>
    <suffix></suffix>
    <w>τῇ</w>
    <suffix></suffix>
    <w>ἀποκαλύψει</w>
    <suffix></suffix>
    <w>τοῦ</w>
    <suffix></suffix>
    <w>κυρίου</w>
    <suffix></suffix>
    <w>Ἰησοῦ</w>
    <suffix></suffix>
    <w>ἀπʼ</w>
    <suffix></suffix>
    <w>οὐρανοῦ</w>
    <suffix></suffix>
    <w>μετʼ</w>
    <suffix></suffix>
    <w>ἀγγέλων</w>
    <suffix></suffix>
    <w>δυνάμεως</w>
    <suffix></suffix>
    <w>αὐτοῦ</w>
    <suffix></suffix>
    <verse-number id="2 Thessalonians 1:8">8</verse-number>
    <w>ἐν</w>
    <suffix></suffix>
    <prefix> ⸂</prefix>
    <w>φλογὶ</w>
    <suffix></suffix>
    <w>πυρός</w>
    <suffix>⸃, </suffix>
    <w>διδόντος</w>
    <suffix></suffix>
    <w>ἐκδίκησιν</w>
    <suffix></suffix>
    <w>τοῖς</w>
    <suffix></suffix>
    <w>μὴ</w>
    <suffix></suffix>
    <w>εἰδόσι</w>
    <suffix></suffix>
    <w>θεὸν</w>
    <suffix></suffix>
    <w>καὶ</w>
    <suffix></suffix>
    <w>τοῖς</w>
    <suffix></suffix>
    <w>μὴ</w>
    <suffix></suffix>
    <w>ὑπακούουσιν</w>
    <suffix></suffix>
    <w>τῷ</w>
    <suffix></suffix>
    <w>εὐαγγελίῳ</w>
    <suffix></suffix>
    <w>τοῦ</w>
    <suffix></suffix>
    <w>κυρίου</w>
    <suffix></suffix>
    <w>ἡμῶν</w>
    <suffix></suffix>
    <w>Ἰησοῦ</w>
    <suffix>, </suffix>
    <verse-number id="2 Thessalonians 1:9">9</verse-number>
    <w>οἵτινες</w>
    <suffix></suffix>
    <w>δίκην</w>
    <suffix></suffix>
    <w>τίσουσιν</w>
    <suffix></suffix>
    <w>ὄλεθρον</w>
    <suffix></suffix>
    <w>αἰώνιον</w>
    <suffix></suffix>
    <w>ἀπὸ</w>
    <suffix></suffix>
    <w>προσώπου</w>
    <suffix></suffix>
    <w>τοῦ</w>
    <suffix></suffix>
    <w>κυρίου</w>
    <suffix></suffix>
    <w>καὶ</w>
    <suffix></suffix>
    <w>ἀπὸ</w>
    <suffix></suffix>
    <w>τῆς</w>
    <suffix></suffix>
    <w>δόξης</w>
    <suffix></suffix>
    <w>τῆς</w>
    <suffix></suffix>
    <w>ἰσχύος</w>
    <suffix></suffix>
    <w>αὐτοῦ</w>
    <suffix>, </suffix>
    <verse-number id="2 Thessalonians 1:10">10</verse-number>
    <w>ὅταν</w>
    <suffix></suffix>
    <w>ἔλθῃ</w>
    <suffix></suffix>
    <w>ἐνδοξασθῆναι</w>
    <suffix></suffix>
    <w>ἐν</w>
    <suffix></suffix>
    <w>τοῖς</w>
    <suffix></suffix>
    <w>ἁγίοις</w>
    <suffix></suffix>
    <w>αὐτοῦ</w>
    <suffix></suffix>
    <w>καὶ</w>
    <suffix></suffix>
    <w>θαυμασθῆναι</w>
    <suffix></suffix>
    <w>ἐν</w>
    <suffix></suffix>
    <w>πᾶσιν</w>
    <suffix></suffix>
    <w>τοῖς</w>
    <suffix></suffix>
    <w>πιστεύσασιν</w>
    <suffix>, </suffix>
    <w>ὅτι</w>
    <suffix></suffix>
    <w>ἐπιστεύθη</w>
    <suffix></suffix>
    <w>τὸ</w>
    <suffix></suffix>
    <w>μαρτύριον</w>
    <suffix></suffix>
    <w>ἡμῶν</w>
    <suffix></suffix>
    <w>ἐφʼ</w>
    <suffix></suffix>
    <w>ὑμᾶς</w>
    <suffix>, </suffix>
    <w>ἐν</w>
    <suffix></suffix>
    <w>τῇ</w>
    <suffix></suffix>
    <w>ἡμέρᾳ</w>
    <suffix></suffix>
    <w>ἐκείνῃ</w>
    <suffix>. </suffix>
    <verse-number id="2 Thessalonians 1:11">11</verse-number>
    <w>εἰς</w>
    <suffix></suffix>
    <w>ὃ</w>
    <suffix></suffix>
    <w>καὶ</w>
    <suffix></suffix>
    <w>προσευχόμεθα</w>
    <suffix></suffix>
    <w>πάντοτε</w>
    <suffix></suffix>
    <w>περὶ</w>
    <suffix></suffix>
    <w>ὑμῶν</w>
    <suffix>, </suffix>
    <w>ἵνα</w>
    <suffix></suffix>
    <w>ὑμᾶς</w>
    <suffix></suffix>
    <w>ἀξιώσῃ</w>
    <suffix></suffix>
    <w>τῆς</w>
    <suffix></suffix>
    <w>κλήσεως</w>
    <suffix></suffix>
    <w>ὁ</w>
    <suffix></suffix>
    <w>θεὸς</w>
    <suffix></suffix>
    <w>ἡμῶν</w>
    <suffix></suffix>
    <w>καὶ</w>
    <suffix></suffix>
    <w>πληρώσῃ</w>
    <suffix></suffix>
    <w>πᾶσαν</w>
    <suffix></suffix>
    <w>εὐδοκίαν</w>
    <suffix></suffix>
    <w>ἀγαθωσύνης</w>
    <suffix></suffix>
    <w>καὶ</w>
    <suffix></suffix>
    <w>ἔργον</w>
    <suffix></suffix>
    <w>πίστεως</w>
    <suffix></suffix>
    <w>ἐν</w>
    <suffix></suffix>
    <w>δυνάμει</w>
    <suffix>, </suffix>
    <verse-number id="2 Thessalonians 1:12">12</verse-number>
    <w>ὅπως</w>
    <suffix></suffix>
    <w>ἐνδοξασθῇ</w>
    <suffix></suffix>
    <w>τὸ</w>
    <suffix></suffix>
    <w>ὄνομα</w>
    <suffix></suffix>
    <w>τοῦ</w>
    <suffix></suffix>
    <w>κυρίου</w>
    <suffix></suffix>
    <w>ἡμῶν</w>
    <suffix></suffix>
    <w>Ἰησοῦ</w>
    <suffix></suffix>
    <w>ἐν</w>
    <suffix></suffix>
    <w>ὑμῖν</w>
    <suffix>, </suffix>
    <w>καὶ</w>
    <suffix></suffix>
    <w>ὑμεῖς</w>
    <suffix></suffix>
    <w>ἐν</w>
    <suffix></suffix>
    <w>αὐτῷ</w>
    <suffix>, </suffix>
    <w>κατὰ</w>
    <suffix></suffix>
    <w>τὴν</w>
    <suffix></suffix>
    <w>χάριν</w>
    <suffix></suffix>
    <w>τοῦ</w>
    <suffix></suffix>
    <w>θεοῦ</w>
    <suffix></suffix>
    <w>ἡμῶν</w>
    <suffix></suffix>
    <w>καὶ</w>
    <suffix></suffix>
    <w>κυρίου</w>
    <suffix></suffix>
    <w>Ἰησοῦ</w>
    <suffix></suffix>
    <w>Χριστοῦ</w>
    <suffix>. </suffix>
  </p>
  <p>
    <verse-number id="2 Thessalonians 2:1">2:1</verse-number>
    <w>Ἐρωτῶμεν</w>
    <suffix></suffix>
    <w>δὲ</w>
    <suffix></suffix>
    <w>ὑμᾶς</w>
    <suffix>, </suffix>
    <w>ἀδελφοί</w>
    <suffix>, </suffix>
    <w>ὑπὲρ</w>
    <suffix></suffix>
    <w>τῆς</w>
    <suffix></suffix>
    <w>παρουσίας</w>
    <suffix></suffix>
    <w>τοῦ</w>
    <suffix></suffix>
    <w>κυρίου</w>
    <suffix></suffix>
    <w>ἡμῶν</w>
    <suffix></suffix>
    <w>Ἰησοῦ</w>
    <suffix></suffix>
    <w>Χριστοῦ</w>
    <suffix></suffix>
    <w>καὶ</w>
    <suffix></suffix>
    <w>ἡμῶν</w>
    <suffix></suffix>
    <w>ἐπισυναγωγῆς</w>
    <suffix></suffix>
    <w>ἐπʼ</w>
    <suffix></suffix>
    <w>αὐτόν</w>
    <suffix>, </suffix>
    <verse-number id="2 Thessalonians 2:2">2</verse-number>
    <w>εἰς</w>
    <suffix></suffix>
    <w>τὸ</w>
    <suffix></suffix>
    <w>μὴ</w>
    <suffix></suffix>
    <w>ταχέως</w>
    <suffix></suffix>
    <w>σαλευθῆναι</w>
    <suffix></suffix>
    <w>ὑμᾶς</w>
    <suffix></suffix>
    <w>ἀπὸ</w>
    <suffix></suffix>
    <w>τοῦ</w>
    <suffix></suffix>
    <w>νοὸς</w>
    <suffix></suffix>
    <prefix> ⸀</prefix>
    <w>μηδὲ</w>
    <suffix></suffix>
    <w>θροεῖσθαι</w>
    <suffix></suffix>
    <w>μήτε</w>
    <suffix></suffix>
    <w>διὰ</w>
    <suffix></suffix>
    <w>πνεύματος</w>
    <suffix></suffix>
    <w>μήτε</w>
    <suffix></suffix>
    <w>διὰ</w>
    <suffix></suffix>
    <w>λόγου</w>
    <suffix></suffix>
    <w>μήτε</w>
    <suffix></suffix>
    <w>διʼ</w>
    <suffix></suffix>
    <w>ἐπιστολῆς</w>
    <suffix></suffix>
    <w>ὡς</w>
    <suffix></suffix>
    <w>διʼ</w>
    <suffix></suffix>
    <w>ἡμῶν</w>
    <suffix>, </suffix>
    <w>ὡς</w>
    <suffix></suffix>
    <w>ὅτι</w>
    <suffix></suffix>
    <w>ἐνέστηκεν</w>
    <suffix></suffix>
    <w>ἡ</w>
    <suffix></suffix>
    <w>ἡμέρα</w>
    <suffix></suffix>
    <w>τοῦ</w>
    <suffix></suffix>
    <prefix> ⸀</prefix>
    <w>κυρίου</w>
    <suffix>. </suffix>
    <verse-number id="2 Thessalonians 2:3">3</verse-number>
    <w>μή</w>
    <suffix></suffix>
    <w>τις</w>
    <suffix></suffix>
    <w>ὑμᾶς</w>
    <suffix></suffix>
    <w>ἐξαπατήσῃ</w>
    <suffix></suffix>
    <w>κατὰ</w>
    <suffix></suffix>
    <w>μηδένα</w>
    <suffix></suffix>
    <w>τρόπον</w>
    <suffix>· </suffix>
    <w>ὅτι</w>
    <suffix></suffix>
    <w>ἐὰν</w>
    <suffix></suffix>
    <w>μὴ</w>
    <suffix></suffix>
    <w>ἔλθῃ</w>
    <suffix></suffix>
    <w>ἡ</w>
    <suffix></suffix>
    <w>ἀποστασία</w>
    <suffix></suffix>
    <w>πρῶτον</w>
    <suffix></suffix>
    <w>καὶ</w>
    <suffix></suffix>
    <w>ἀποκαλυφθῇ</w>
    <suffix></suffix>
    <w>ὁ</w>
    <suffix></suffix>
    <w>ἄνθρωπος</w>
    <suffix></suffix>
    <w>τῆς</w>
    <suffix></suffix>
    <prefix> ⸀</prefix>
    <w>ἀνομίας</w>
    <suffix>, </suffix>
    <w>ὁ</w>
    <suffix></suffix>
    <w>υἱὸς</w>
    <suffix></suffix>
    <w>τῆς</w>
    <suffix></suffix>
    <w>ἀπωλείας</w>
    <suffix>, </suffix>
    <verse-number id="2 Thessalonians 2:4">4</verse-number>
    <w>ὁ</w>
    <suffix></suffix>
    <w>ἀντικείμενος</w>
    <suffix></suffix>
    <w>καὶ</w>
    <suffix></suffix>
    <w>ὑπεραιρόμενος</w>
    <suffix></suffix>
    <w>ἐπὶ</w>
    <suffix></suffix>
    <w>πάντα</w>
    <suffix></suffix>
    <w>λεγόμενον</w>
    <suffix></suffix>
    <w>θεὸν</w>
    <suffix></suffix>
    <w>ἢ</w>
    <suffix></suffix>
    <w>σέβασμα</w>
    <suffix>, </suffix>
    <w>ὥστε</w>
    <suffix></suffix>
    <w>αὐτὸν</w>
    <suffix></suffix>
    <w>εἰς</w>
    <suffix></suffix>
    <w>τὸν</w>
    <suffix></suffix>
    <w>ναὸν</w>
    <suffix></suffix>
    <w>τοῦ</w>
    <suffix></suffix>
    <prefix> ⸀</prefix>
    <w>θεοῦ</w>
    <suffix></suffix>
    <w>καθίσαι</w>
    <suffix></suffix>
    <w>ἀποδεικνύντα</w>
    <suffix></suffix>
    <w>ἑαυτὸν</w>
    <suffix></suffix>
    <w>ὅτι</w>
    <suffix></suffix>
    <w>ἔστιν</w>
    <suffix></suffix>
    <w>θεός</w>
    <suffix>. </suffix>
    <verse-number id="2 Thessalonians 2:5">5</verse-number>
    <w>οὐ</w>
    <suffix></suffix>
    <w>μνημονεύετε</w>
    <suffix></suffix>
    <w>ὅτι</w>
    <suffix></suffix>
    <w>ἔτι</w>
    <suffix></suffix>
    <w>ὢν</w>
    <suffix></suffix>
    <w>πρὸς</w>
    <suffix></suffix>
    <w>ὑμᾶς</w>
    <suffix></suffix>
    <w>ταῦτα</w>
    <suffix></suffix>
    <w>ἔλεγον</w>
    <suffix></suffix>
    <w>ὑμῖν</w>
    <suffix>; </suffix>
    <verse-number id="2 Thessalonians 2:6">6</verse-number>
    <w>καὶ</w>
    <suffix></suffix>
    <w>νῦν</w>
    <suffix></suffix>
    <w>τὸ</w>
    <suffix></suffix>
    <w>κατέχον</w>
    <suffix></suffix>
    <w>οἴδατε</w>
    <suffix>, </suffix>
    <w>εἰς</w>
    <suffix></suffix>
    <w>τὸ</w>
    <suffix></suffix>
    <w>ἀποκαλυφθῆναι</w>
    <suffix></suffix>
    <w>αὐτὸν</w>
    <suffix></suffix>
    <w>ἐν</w>
    <suffix></suffix>
    <w>τῷ</w>
    <suffix></suffix>
    <prefix> ⸀</prefix>
    <w>ἑαυτοῦ</w>
    <suffix></suffix>
    <w>καιρῷ</w>
    <suffix>· </suffix>
    <verse-number id="2 Thessalonians 2:7">7</verse-number>
    <w>τὸ</w>
    <suffix></suffix>
    <w>γὰρ</w>
    <suffix></suffix>
    <w>μυστήριον</w>
    <suffix></suffix>
    <w>ἤδη</w>
    <suffix></suffix>
    <w>ἐνεργεῖται</w>
    <suffix></suffix>
    <w>τῆς</w>
    <suffix></suffix>
    <w>ἀνομίας</w>
    <suffix>· </suffix>
    <w>μόνον</w>
    <suffix></suffix>
    <w>ὁ</w>
    <suffix></suffix>
    <w>κατέχων</w>
    <suffix></suffix>
    <w>ἄρτι</w>
    <suffix></suffix>
    <w>ἕως</w>
    <suffix></suffix>
    <w>ἐκ</w>
    <suffix></suffix>
    <w>μέσου</w>
    <suffix></suffix>
    <w>γένηται</w>
    <suffix>. </suffix>
    <verse-number id="2 Thessalonians 2:8">8</verse-number>
    <w>καὶ</w>
    <suffix></suffix>
    <w>τότε</w>
    <suffix></suffix>
    <w>ἀποκαλυφθήσεται</w>
    <suffix></suffix>
    <w>ὁ</w>
    <suffix></suffix>
    <w>ἄνομος</w>
    <suffix>, </suffix>
    <w>ὃν</w>
    <suffix></suffix>
    <w>ὁ</w>
    <suffix></suffix>
    <w>κύριος</w>
    <suffix></suffix>
    <prefix> ⸀</prefix>
    <w>Ἰησοῦς</w>
    <suffix></suffix>
    <prefix> ⸀</prefix>
    <w>ἀνελεῖ</w>
    <suffix></suffix>
    <w>τῷ</w>
    <suffix></suffix>
    <w>πνεύματι</w>
    <suffix></suffix>
    <w>τοῦ</w>
    <suffix></suffix>
    <w>στόματος</w>
    <suffix></suffix>
    <w>αὐτοῦ</w>
    <suffix></suffix>
    <w>καὶ</w>
    <suffix></suffix>
    <w>καταργήσει</w>
    <suffix></suffix>
    <w>τῇ</w>
    <suffix></suffix>
    <w>ἐπιφανείᾳ</w>
    <suffix></suffix>
    <w>τῆς</w>
    <suffix></suffix>
    <w>παρουσίας</w>
    <suffix></suffix>
    <w>αὐτοῦ</w>
    <suffix>, </suffix>
    <verse-number id="2 Thessalonians 2:9">9</verse-number>
    <w>οὗ</w>
    <suffix></suffix>
    <w>ἐστιν</w>
    <suffix></suffix>
    <w>ἡ</w>
    <suffix></suffix>
    <w>παρουσία</w>
    <suffix></suffix>
    <w>κατʼ</w>
    <suffix></suffix>
    <w>ἐνέργειαν</w>
    <suffix></suffix>
    <w>τοῦ</w>
    <suffix></suffix>
    <w>Σατανᾶ</w>
    <suffix></suffix>
    <w>ἐν</w>
    <suffix></suffix>
    <w>πάσῃ</w>
    <suffix></suffix>
    <w>δυνάμει</w>
    <suffix></suffix>
    <w>καὶ</w>
    <suffix></suffix>
    <w>σημείοις</w>
    <suffix></suffix>
    <w>καὶ</w>
    <suffix></suffix>
    <w>τέρασιν</w>
    <suffix></suffix>
    <w>ψεύδους</w>
    <suffix></suffix>
    <verse-number id="2 Thessalonians 2:10">10</verse-number>
    <w>καὶ</w>
    <suffix></suffix>
    <w>ἐν</w>
    <suffix></suffix>
    <w>πάσῃ</w>
    <suffix></suffix>
    <w>ἀπάτῃ</w>
    <suffix></suffix>
    <prefix> ⸀</prefix>
    <w>ἀδικίας</w>
    <suffix></suffix>
    <w>τοῖς</w>
    <suffix></suffix>
    <w>ἀπολλυμένοις</w>
    <suffix>, </suffix>
    <w>ἀνθʼ</w>
    <suffix></suffix>
    <w>ὧν</w>
    <suffix></suffix>
    <w>τὴν</w>
    <suffix></suffix>
    <w>ἀγάπην</w>
    <suffix></suffix>
    <w>τῆς</w>
    <suffix></suffix>
    <w>ἀληθείας</w>
    <suffix></suffix>
    <w>οὐκ</w>
    <suffix></suffix>
    <w>ἐδέξαντο</w>
    <suffix></suffix>
    <w>εἰς</w>
    <suffix></suffix>
    <w>τὸ</w>
    <suffix></suffix>
    <w>σωθῆναι</w>
    <suffix></suffix>
    <w>αὐτούς</w>
    <suffix>· </suffix>
    <verse-number id="2 Thessalonians 2:11">11</verse-number>
    <w>καὶ</w>
    <suffix></suffix>
    <w>διὰ</w>
    <suffix></suffix>
    <w>τοῦτο</w>
    <suffix></suffix>
    <prefix> ⸀</prefix>
    <w>πέμπει</w>
    <suffix></suffix>
    <w>αὐτοῖς</w>
    <suffix></suffix>
    <w>ὁ</w>
    <suffix></suffix>
    <w>θεὸς</w>
    <suffix></suffix>
    <w>ἐνέργειαν</w>
    <suffix></suffix>
    <w>πλάνης</w>
    <suffix></suffix>
    <w>εἰς</w>
    <suffix></suffix>
    <w>τὸ</w>
    <suffix></suffix>
    <w>πιστεῦσαι</w>
    <suffix></suffix>
    <w>αὐτοὺς</w>
    <suffix></suffix>
    <w>τῷ</w>
    <suffix></suffix>
    <w>ψεύδει</w>
    <suffix>, </suffix>
    <verse-number id="2 Thessalonians 2:12">12</verse-number>
    <w>ἵνα</w>
    <suffix></suffix>
    <w>κριθῶσιν</w>
    <suffix></suffix>
    <prefix> ⸀</prefix>
    <w>πάντες</w>
    <suffix></suffix>
    <w>οἱ</w>
    <suffix></suffix>
    <w>μὴ</w>
    <suffix></suffix>
    <w>πιστεύσαντες</w>
    <suffix></suffix>
    <w>τῇ</w>
    <suffix></suffix>
    <w>ἀληθείᾳ</w>
    <suffix></suffix>
    <w>ἀλλὰ</w>
    <suffix></suffix>
    <w>εὐδοκήσαντες</w>
    <suffix></suffix>
    <prefix> ⸀</prefix>
    <w>τῇ</w>
    <suffix></suffix>
    <w>ἀδικίᾳ</w>
    <suffix>. </suffix>
  </p>
  <p>
    <verse-number id="2 Thessalonians 2:13">13</verse-number>
    <w>Ἡμεῖς</w>
    <suffix></suffix>
    <w>δὲ</w>
    <suffix></suffix>
    <w>ὀφείλομεν</w>
    <suffix></suffix>
    <w>εὐχαριστεῖν</w>
    <suffix></suffix>
    <w>τῷ</w>
    <suffix></suffix>
    <w>θεῷ</w>
    <suffix></suffix>
    <w>πάντοτε</w>
    <suffix></suffix>
    <w>περὶ</w>
    <suffix></suffix>
    <w>ὑμῶν</w>
    <suffix>, </suffix>
    <w>ἀδελφοὶ</w>
    <suffix></suffix>
    <w>ἠγαπημένοι</w>
    <suffix></suffix>
    <w>ὑπὸ</w>
    <suffix></suffix>
    <w>κυρίου</w>
    <suffix>, </suffix>
    <w>ὅτι</w>
    <suffix></suffix>
    <w>εἵλατο</w>
    <suffix></suffix>
    <w>ὑμᾶς</w>
    <suffix></suffix>
    <w>ὁ</w>
    <suffix></suffix>
    <w>θεὸς</w>
    <suffix></suffix>
    <prefix> ⸀</prefix>
    <w>ἀπαρχὴν</w>
    <suffix></suffix>
    <w>εἰς</w>
    <suffix></suffix>
    <w>σωτηρίαν</w>
    <suffix></suffix>
    <w>ἐν</w>
    <suffix></suffix>
    <w>ἁγιασμῷ</w>
    <suffix></suffix>
    <w>πνεύματος</w>
    <suffix></suffix>
    <w>καὶ</w>
    <suffix></suffix>
    <w>πίστει</w>
    <suffix></suffix>
    <w>ἀληθείας</w>
    <suffix>, </suffix>
    <verse-number id="2 Thessalonians 2:14">14</verse-number>
    <w>εἰς</w>
    <suffix></suffix>
    <prefix> ⸀</prefix>
    <w>ὃ</w>
    <suffix></suffix>
    <w>ἐκάλεσεν</w>
    <suffix></suffix>
    <w>ὑμᾶς</w>
    <suffix></suffix>
    <w>διὰ</w>
    <suffix></suffix>
    <w>τοῦ</w>
    <suffix></suffix>
    <w>εὐαγγελίου</w>
    <suffix></suffix>
    <w>ἡμῶν</w>
    <suffix>, </suffix>
    <w>εἰς</w>
    <suffix></suffix>
    <w>περιποίησιν</w>
    <suffix></suffix>
    <w>δόξης</w>
    <suffix></suffix>
    <w>τοῦ</w>
    <suffix></suffix>
    <w>κυρίου</w>
    <suffix></suffix>
    <w>ἡμῶν</w>
    <suffix></suffix>
    <w>Ἰησοῦ</w>
    <suffix></suffix>
    <w>Χριστοῦ</w>
    <suffix>. </suffix>
    <verse-number id="2 Thessalonians 2:15">15</verse-number>
    <w>ἄρα</w>
    <suffix></suffix>
    <w>οὖν</w>
    <suffix>, </suffix>
    <w>ἀδελφοί</w>
    <suffix>, </suffix>
    <w>στήκετε</w>
    <suffix>, </suffix>
    <w>καὶ</w>
    <suffix></suffix>
    <w>κρατεῖτε</w>
    <suffix></suffix>
    <w>τὰς</w>
    <suffix></suffix>
    <w>παραδόσεις</w>
    <suffix></suffix>
    <w>ἃς</w>
    <suffix></suffix>
    <w>ἐδιδάχθητε</w>
    <suffix></suffix>
    <w>εἴτε</w>
    <suffix></suffix>
    <w>διὰ</w>
    <suffix></suffix>
    <w>λόγου</w>
    <suffix></suffix>
    <w>εἴτε</w>
    <suffix></suffix>
    <w>διʼ</w>
    <suffix></suffix>
    <w>ἐπιστολῆς</w>
    <suffix></suffix>
    <w>ἡμῶν</w>
    <suffix>. </suffix>
  </p>
  <p>
    <verse-number id="2 Thessalonians 2:16">16</verse-number>
    <w>Αὐτὸς</w>
    <suffix></suffix>
    <w>δὲ</w>
    <suffix></suffix>
    <w>ὁ</w>
    <suffix></suffix>
    <w>κύριος</w>
    <suffix></suffix>
    <w>ἡμῶν</w>
    <suffix></suffix>
    <w>Ἰησοῦς</w>
    <suffix></suffix>
    <w>Χριστὸς</w>
    <suffix></suffix>
    <w>καὶ</w>
    <suffix></suffix>
    <prefix> ⸀</prefix>
    <w>θεὸς</w>
    <suffix></suffix>
    <prefix> ⸀</prefix>
    <w>ὁ</w>
    <suffix></suffix>
    <w>πατὴρ</w>
    <suffix></suffix>
    <w>ἡμῶν</w>
    <suffix>, </suffix>
    <w>ὁ</w>
    <suffix></suffix>
    <w>ἀγαπήσας</w>
    <suffix></suffix>
    <w>ἡμᾶς</w>
    <suffix></suffix>
    <w>καὶ</w>
    <suffix></suffix>
    <w>δοὺς</w>
    <suffix></suffix>
    <w>παράκλησιν</w>
    <suffix></suffix>
    <w>αἰωνίαν</w>
    <suffix></suffix>
    <w>καὶ</w>
    <suffix></suffix>
    <w>ἐλπίδα</w>
    <suffix></suffix>
    <w>ἀγαθὴν</w>
    <suffix></suffix>
    <w>ἐν</w>
    <suffix></suffix>
    <w>χάριτι</w>
    <suffix>, </suffix>
    <verse-number id="2 Thessalonians 2:17">17</verse-number>
    <w>παρακαλέσαι</w>
    <suffix></suffix>
    <w>ὑμῶν</w>
    <suffix></suffix>
    <w>τὰς</w>
    <suffix></suffix>
    <w>καρδίας</w>
    <suffix></suffix>
    <w>καὶ</w>
    <suffix></suffix>
    <prefix> ⸀</prefix>
    <w>στηρίξαι</w>
    <suffix></suffix>
    <w>ἐν</w>
    <suffix></suffix>
    <w>παντὶ</w>
    <suffix></suffix>
    <prefix> ⸂</prefix>
    <w>ἔργῳ</w>
    <suffix></suffix>
    <w>καὶ</w>
    <suffix></suffix>
    <w>λόγῳ</w>
    <suffix>⸃ </suffix>
    <w>ἀγαθῷ</w>
    <suffix>. </suffix>
  </p>
  <p>
    <verse-number id="2 Thessalonians 3:1">3:1</verse-number>
    <w>Τὸ</w>
    <suffix></suffix>
    <w>λοιπὸν</w>
    <suffix></suffix>
    <w>προσεύχεσθε</w>
    <suffix>, </suffix>
    <w>ἀδελφοί</w>
    <suffix>, </suffix>
    <w>περὶ</w>
    <suffix></suffix>
    <w>ἡμῶν</w>
    <suffix>, </suffix>
    <w>ἵνα</w>
    <suffix></suffix>
    <w>ὁ</w>
    <suffix></suffix>
    <w>λόγος</w>
    <suffix></suffix>
    <w>τοῦ</w>
    <suffix></suffix>
    <w>κυρίου</w>
    <suffix></suffix>
    <w>τρέχῃ</w>
    <suffix></suffix>
    <w>καὶ</w>
    <suffix></suffix>
    <w>δοξάζηται</w>
    <suffix></suffix>
    <w>καθὼς</w>
    <suffix></suffix>
    <w>καὶ</w>
    <suffix></suffix>
    <w>πρὸς</w>
    <suffix></suffix>
    <w>ὑμᾶς</w>
    <suffix>, </suffix>
    <verse-number id="2 Thessalonians 3:2">2</verse-number>
    <w>καὶ</w>
    <suffix></suffix>
    <w>ἵνα</w>
    <suffix></suffix>
    <w>ῥυσθῶμεν</w>
    <suffix></suffix>
    <w>ἀπὸ</w>
    <suffix></suffix>
    <w>τῶν</w>
    <suffix></suffix>
    <w>ἀτόπων</w>
    <suffix></suffix>
    <w>καὶ</w>
    <suffix></suffix>
    <w>πονηρῶν</w>
    <suffix></suffix>
    <w>ἀνθρώπων</w>
    <suffix>, </suffix>
    <w>οὐ</w>
    <suffix></suffix>
    <w>γὰρ</w>
    <suffix></suffix>
    <w>πάντων</w>
    <suffix></suffix>
    <w>ἡ</w>
    <suffix></suffix>
    <w>πίστις</w>
    <suffix>. </suffix>
    <verse-number id="2 Thessalonians 3:3">3</verse-number>
    <w>πιστὸς</w>
    <suffix></suffix>
    <w>δέ</w>
    <suffix></suffix>
    <w>ἐστιν</w>
    <suffix></suffix>
    <w>ὁ</w>
    <suffix></suffix>
    <w>κύριος</w>
    <suffix>, </suffix>
    <w>ὃς</w>
    <suffix></suffix>
    <w>στηρίξει</w>
    <suffix></suffix>
    <w>ὑμᾶς</w>
    <suffix></suffix>
    <w>καὶ</w>
    <suffix></suffix>
    <w>φυλάξει</w>
    <suffix></suffix>
    <w>ἀπὸ</w>
    <suffix></suffix>
    <w>τοῦ</w>
    <suffix></suffix>
    <w>πονηροῦ</w>
    <suffix>. </suffix>
    <verse-number id="2 Thessalonians 3:4">4</verse-number>
    <w>πεποίθαμεν</w>
    <suffix></suffix>
    <w>δὲ</w>
    <suffix></suffix>
    <w>ἐν</w>
    <suffix></suffix>
    <w>κυρίῳ</w>
    <suffix></suffix>
    <w>ἐφʼ</w>
    <suffix></suffix>
    <w>ὑμᾶς</w>
    <suffix>, </suffix>
    <w>ὅτι</w>
    <suffix></suffix>
    <w>ἃ</w>
    <suffix></suffix>
    <prefix> ⸀</prefix>
    <w>παραγγέλλομεν</w>
    <suffix></suffix>
    <w>καὶ</w>
    <suffix></suffix>
    <w>ποιεῖτε</w>
    <suffix></suffix>
    <w>καὶ</w>
    <suffix></suffix>
    <w>ποιήσετε</w>
    <suffix>. </suffix>
    <verse-number id="2 Thessalonians 3:5">5</verse-number>
    <w>ὁ</w>
    <suffix></suffix>
    <w>δὲ</w>
    <suffix></suffix>
    <w>κύριος</w>
    <suffix></suffix>
    <w>κατευθύναι</w>
    <suffix></suffix>
    <w>ὑμῶν</w>
    <suffix></suffix>
    <w>τὰς</w>
    <suffix></suffix>
    <w>καρδίας</w>
    <suffix></suffix>
    <w>εἰς</w>
    <suffix></suffix>
    <w>τὴν</w>
    <suffix></suffix>
    <w>ἀγάπην</w>
    <suffix></suffix>
    <w>τοῦ</w>
    <suffix></suffix>
    <w>θεοῦ</w>
    <suffix></suffix>
    <w>καὶ</w>
    <suffix></suffix>
    <w>εἰς</w>
    <suffix></suffix>
    <w>τὴν</w>
    <suffix></suffix>
    <w>ὑπομονὴν</w>
    <suffix></suffix>
    <w>τοῦ</w>
    <suffix></suffix>
    <w>Χριστοῦ</w>
    <suffix>. </suffix>
  </p>
  <p>
    <verse-number id="2 Thessalonians 3:6">6</verse-number>
    <w>Παραγγέλλομεν</w>
    <suffix></suffix>
    <w>δὲ</w>
    <suffix></suffix>
    <w>ὑμῖν</w>
    <suffix>, </suffix>
    <w>ἀδελφοί</w>
    <suffix>, </suffix>
    <w>ἐν</w>
    <suffix></suffix>
    <w>ὀνόματι</w>
    <suffix></suffix>
    <w>τοῦ</w>
    <suffix></suffix>
    <w>κυρίου</w>
    <suffix></suffix>
    <prefix> ⸀</prefix>
    <w>ἡμῶν</w>
    <suffix></suffix>
    <w>Ἰησοῦ</w>
    <suffix></suffix>
    <w>Χριστοῦ</w>
    <suffix></suffix>
    <w>στέλλεσθαι</w>
    <suffix></suffix>
    <w>ὑμᾶς</w>
    <suffix></suffix>
    <w>ἀπὸ</w>
    <suffix></suffix>
    <w>παντὸς</w>
    <suffix></suffix>
    <w>ἀδελφοῦ</w>
    <suffix></suffix>
    <w>ἀτάκτως</w>
    <suffix></suffix>
    <w>περιπατοῦντος</w>
    <suffix></suffix>
    <w>καὶ</w>
    <suffix></suffix>
    <w>μὴ</w>
    <suffix></suffix>
    <w>κατὰ</w>
    <suffix></suffix>
    <w>τὴν</w>
    <suffix></suffix>
    <w>παράδοσιν</w>
    <suffix></suffix>
    <w>ἣν</w>
    <suffix></suffix>
    <prefix> ⸀</prefix>
    <w>παρελάβοσαν</w>
    <suffix></suffix>
    <w>παρʼ</w>
    <suffix></suffix>
    <w>ἡμῶν</w>
    <suffix>. </suffix>
    <verse-number id="2 Thessalonians 3:7">7</verse-number>
    <w>αὐτοὶ</w>
    <suffix></suffix>
    <w>γὰρ</w>
    <suffix></suffix>
    <w>οἴδατε</w>
    <suffix></suffix>
    <w>πῶς</w>
    <suffix></suffix>
    <w>δεῖ</w>
    <suffix></suffix>
    <w>μιμεῖσθαι</w>
    <suffix></suffix>
    <w>ἡμᾶς</w>
    <suffix>, </suffix>
    <w>ὅτι</w>
    <suffix></suffix>
    <w>οὐκ</w>
    <suffix></suffix>
    <w>ἠτακτήσαμεν</w>
    <suffix></suffix>
    <w>ἐν</w>
    <suffix></suffix>
    <w>ὑμῖν</w>
    <suffix></suffix>
    <verse-number id="2 Thessalonians 3:8">8</verse-number>
    <w>οὐδὲ</w>
    <suffix></suffix>
    <w>δωρεὰν</w>
    <suffix></suffix>
    <w>ἄρτον</w>
    <suffix></suffix>
    <w>ἐφάγομεν</w>
    <suffix></suffix>
    <w>παρά</w>
    <suffix></suffix>
    <w>τινος</w>
    <suffix>, </suffix>
    <w>ἀλλʼ</w>
    <suffix></suffix>
    <w>ἐν</w>
    <suffix></suffix>
    <w>κόπῳ</w>
    <suffix></suffix>
    <w>καὶ</w>
    <suffix></suffix>
    <w>μόχθῳ</w>
    <suffix></suffix>
    <prefix> ⸂</prefix>
    <w>νυκτὸς</w>
    <suffix></suffix>
    <w>καὶ</w>
    <suffix></suffix>
    <w>ἡμέρας</w>
    <suffix>⸃ </suffix>
    <w>ἐργαζόμενοι</w>
    <suffix></suffix>
    <w>πρὸς</w>
    <suffix></suffix>
    <w>τὸ</w>
    <suffix></suffix>
    <w>μὴ</w>
    <suffix></suffix>
    <w>ἐπιβαρῆσαί</w>
    <suffix></suffix>
    <w>τινα</w>
    <suffix></suffix>
    <w>ὑμῶν</w>
    <suffix>· </suffix>
    <verse-number id="2 Thessalonians 3:9">9</verse-number>
    <w>οὐχ</w>
    <suffix></suffix>
    <w>ὅτι</w>
    <suffix></suffix>
    <w>οὐκ</w>
    <suffix></suffix>
    <w>ἔχομεν</w>
    <suffix></suffix>
    <w>ἐξουσίαν</w>
    <suffix>, </suffix>
    <w>ἀλλʼ</w>
    <suffix></suffix>
    <w>ἵνα</w>
    <suffix></suffix>
    <w>ἑαυτοὺς</w>
    <suffix></suffix>
    <w>τύπον</w>
    <suffix></suffix>
    <w>δῶμεν</w>
    <suffix></suffix>
    <w>ὑμῖν</w>
    <suffix></suffix>
    <w>εἰς</w>
    <suffix></suffix>
    <w>τὸ</w>
    <suffix></suffix>
    <w>μιμεῖσθαι</w>
    <suffix></suffix>
    <w>ἡμᾶς</w>
    <suffix>. </suffix>
    <verse-number id="2 Thessalonians 3:10">10</verse-number>
    <w>καὶ</w>
    <suffix></suffix>
    <w>γὰρ</w>
    <suffix></suffix>
    <w>ὅτε</w>
    <suffix></suffix>
    <w>ἦμεν</w>
    <suffix></suffix>
    <w>πρὸς</w>
    <suffix></suffix>
    <w>ὑμᾶς</w>
    <suffix>, </suffix>
    <w>τοῦτο</w>
    <suffix></suffix>
    <w>παρηγγέλλομεν</w>
    <suffix></suffix>
    <w>ὑμῖν</w>
    <suffix>, </suffix>
    <w>ὅτι</w>
    <suffix></suffix>
    <w>εἴ</w>
    <suffix></suffix>
    <w>τις</w>
    <suffix></suffix>
    <w>οὐ</w>
    <suffix></suffix>
    <w>θέλει</w>
    <suffix></suffix>
    <w>ἐργάζεσθαι</w>
    <suffix></suffix>
    <w>μηδὲ</w>
    <suffix></suffix>
    <w>ἐσθιέτω</w>
    <suffix>. </suffix>
    <verse-number id="2 Thessalonians 3:11">11</verse-number>
    <w>ἀκούομεν</w>
    <suffix></suffix>
    <w>γάρ</w>
    <suffix></suffix>
    <w>τινας</w>
    <suffix></suffix>
    <w>περιπατοῦντας</w>
    <suffix></suffix>
    <w>ἐν</w>
    <suffix></suffix>
    <w>ὑμῖν</w>
    <suffix></suffix>
    <w>ἀτάκτως</w>
    <suffix>, </suffix>
    <w>μηδὲν</w>
    <suffix></suffix>
    <w>ἐργαζομένους</w>
    <suffix></suffix>
    <w>ἀλλὰ</w>
    <suffix></suffix>
    <w>περιεργαζομένους</w>
    <suffix>· </suffix>
    <verse-number id="2 Thessalonians 3:12">12</verse-number>
    <w>τοῖς</w>
    <suffix></suffix>
    <w>δὲ</w>
    <suffix></suffix>
    <w>τοιούτοις</w>
    <suffix></suffix>
    <w>παραγγέλλομεν</w>
    <suffix></suffix>
    <w>καὶ</w>
    <suffix></suffix>
    <w>παρακαλοῦμεν</w>
    <suffix></suffix>
    <prefix> ⸂</prefix>
    <w>ἐν</w>
    <suffix></suffix>
    <w>κυρίῳ</w>
    <suffix></suffix>
    <w>Ἰησοῦ</w>
    <suffix></suffix>
    <w>Χριστῷ</w>
    <suffix>⸃ </suffix>
    <w>ἵνα</w>
    <suffix></suffix>
    <w>μετὰ</w>
    <suffix></suffix>
    <w>ἡσυχίας</w>
    <suffix></suffix>
    <w>ἐργαζόμενοι</w>
    <suffix></suffix>
    <w>τὸν</w>
    <suffix></suffix>
    <w>ἑαυτῶν</w>
    <suffix></suffix>
    <w>ἄρτον</w>
    <suffix></suffix>
    <w>ἐσθίωσιν</w>
    <suffix>. </suffix>
    <verse-number id="2 Thessalonians 3:13">13</verse-number>
    <w>ὑμεῖς</w>
    <suffix></suffix>
    <w>δέ</w>
    <suffix>, </suffix>
    <w>ἀδελφοί</w>
    <suffix>, </suffix>
    <w>μὴ</w>
    <suffix></suffix>
    <prefix> ⸀</prefix>
    <w>ἐγκακήσητε</w>
    <suffix></suffix>
    <w>καλοποιοῦντες</w>
    <suffix>. </suffix>
  </p>
  <p>
    <verse-number id="2 Thessalonians 3:14">14</verse-number>
    <w>Εἰ</w>
    <suffix></suffix>
    <w>δέ</w>
    <suffix></suffix>
    <w>τις</w>
    <suffix></suffix>
    <w>οὐχ</w>
    <suffix></suffix>
    <w>ὑπακούει</w>
    <suffix></suffix>
    <w>τῷ</w>
    <suffix></suffix>
    <w>λόγῳ</w>
    <suffix></suffix>
    <w>ἡμῶν</w>
    <suffix></suffix>
    <w>διὰ</w>
    <suffix></suffix>
    <w>τῆς</w>
    <suffix></suffix>
    <w>ἐπιστολῆς</w>
    <suffix>, </suffix>
    <w>τοῦτον</w>
    <suffix></suffix>
    <w>σημειοῦσθε</w>
    <suffix>, </suffix>
    <prefix> ⸀</prefix>
    <w>μὴ</w>
    <suffix></suffix>
    <prefix> ⸀</prefix>
    <w>συναναμίγνυσθαι</w>
    <suffix></suffix>
    <w>αὐτῷ</w>
    <suffix>, </suffix>
    <w>ἵνα</w>
    <suffix></suffix>
    <w>ἐντραπῇ</w>
    <suffix>· </suffix>
    <verse-number id="2 Thessalonians 3:15">15</verse-number>
    <w>καὶ</w>
    <suffix></suffix>
    <w>μὴ</w>
    <suffix></suffix>
    <w>ὡς</w>
    <suffix></suffix>
    <w>ἐχθρὸν</w>
    <suffix></suffix>
    <w>ἡγεῖσθε</w>
    <suffix>, </suffix>
    <w>ἀλλὰ</w>
    <suffix></suffix>
    <w>νουθετεῖτε</w>
    <suffix></suffix>
    <w>ὡς</w>
    <suffix></suffix>
    <w>ἀδελφόν</w>
    <suffix>. </suffix>
  </p>
  <p>
    <verse-number id="2 Thessalonians 3:16">16</verse-number>
    <w>Αὐτὸς</w>
    <suffix></suffix>
    <w>δὲ</w>
    <suffix></suffix>
    <w>ὁ</w>
    <suffix></suffix>
    <w>κύριος</w>
    <suffix></suffix>
    <w>τῆς</w>
    <suffix></suffix>
    <w>εἰρήνης</w>
    <suffix></suffix>
    <w>δῴη</w>
    <suffix></suffix>
    <w>ὑμῖν</w>
    <suffix></suffix>
    <w>τὴν</w>
    <suffix></suffix>
    <w>εἰρήνην</w>
    <suffix></suffix>
    <w>διὰ</w>
    <suffix></suffix>
    <w>παντὸς</w>
    <suffix></suffix>
    <w>ἐν</w>
    <suffix></suffix>
    <w>παντὶ</w>
    <suffix></suffix>
    <w>τρόπῳ</w>
    <suffix>. </suffix>
    <w>ὁ</w>
    <suffix></suffix>
    <w>κύριος</w>
    <suffix></suffix>
    <w>μετὰ</w>
    <suffix></suffix>
    <w>πάντων</w>
    <suffix></suffix>
    <w>ὑμῶν</w>
    <suffix>. </suffix>
  </p>
  <p>
    <verse-number id="2 Thessalonians 3:17">17</verse-number>
    <w>Ὁ</w>
    <suffix></suffix>
    <w>ἀσπασμὸς</w>
    <suffix></suffix>
    <w>τῇ</w>
    <suffix></suffix>
    <w>ἐμῇ</w>
    <suffix></suffix>
    <w>χειρὶ</w>
    <suffix></suffix>
    <w>Παύλου</w>
    <suffix>, </suffix>
    <w>ὅ</w>
    <suffix></suffix>
    <w>ἐστιν</w>
    <suffix></suffix>
    <w>σημεῖον</w>
    <suffix></suffix>
    <w>ἐν</w>
    <suffix></suffix>
    <w>πάσῃ</w>
    <suffix></suffix>
    <w>ἐπιστολῇ</w>
    <suffix>· </suffix>
    <w>οὕτως</w>
    <suffix></suffix>
    <w>γράφω</w>
    <suffix>. </suffix>
    <verse-number id="2 Thessalonians 3:18">18</verse-number>
    <w>ἡ</w>
    <suffix></suffix>
    <w>χάρις</w>
    <suffix></suffix>
    <w>τοῦ</w>
    <suffix></suffix>
    <w>κυρίου</w>
    <suffix></suffix>
    <w>ἡμῶν</w>
    <suffix></suffix>
    <w>Ἰησοῦ</w>
    <suffix></suffix>
    <w>Χριστοῦ</w>
    <suffix></suffix>
    <w>μετὰ</w>
    <suffix></suffix>
    <w>πάντων</w>
    <suffix></suffix>
    <prefix> ⸀</prefix>
    <w>ὑμῶν</w>
    <suffix>. </suffix>
  </p>
  <p />
</book>