﻿<book id="3Jn">
  <title>ΙΩΑΝΝΟΥ Γ</title>
  <p>
    <verse-number id="3 John 1:1">1:1</verse-number>
    <w>Ὁ</w>
    <suffix></suffix>
    <w>πρεσβύτερος</w>
    <suffix></suffix>
    <w>Γαΐῳ</w>
    <suffix></suffix>
    <w>τῷ</w>
    <suffix></suffix>
    <w>ἀγαπητῷ</w>
    <suffix>, </suffix>
    <w>ὃν</w>
    <suffix></suffix>
    <w>ἐγὼ</w>
    <suffix></suffix>
    <w>ἀγαπῶ</w>
    <suffix></suffix>
    <w>ἐν</w>
    <suffix></suffix>
    <w>ἀληθείᾳ</w>
    <suffix>. </suffix>
  </p>
  <p>
    <verse-number id="3 John 1:2">2</verse-number>
    <w>Ἀγαπητέ</w>
    <suffix>, </suffix>
    <w>περὶ</w>
    <suffix></suffix>
    <w>πάντων</w>
    <suffix></suffix>
    <w>εὔχομαί</w>
    <suffix></suffix>
    <w>σε</w>
    <suffix></suffix>
    <w>εὐοδοῦσθαι</w>
    <suffix></suffix>
    <w>καὶ</w>
    <suffix></suffix>
    <w>ὑγιαίνειν</w>
    <suffix>, </suffix>
    <w>καθὼς</w>
    <suffix></suffix>
    <w>εὐοδοῦταί</w>
    <suffix></suffix>
    <w>σου</w>
    <suffix></suffix>
    <w>ἡ</w>
    <suffix></suffix>
    <w>ψυχή</w>
    <suffix>. </suffix>
    <verse-number id="3 John 1:3">3</verse-number>
    <w>ἐχάρην</w>
    <suffix></suffix>
    <w>γὰρ</w>
    <suffix></suffix>
    <w>λίαν</w>
    <suffix></suffix>
    <w>ἐρχομένων</w>
    <suffix></suffix>
    <w>ἀδελφῶν</w>
    <suffix></suffix>
    <w>καὶ</w>
    <suffix></suffix>
    <w>μαρτυρούντων</w>
    <suffix></suffix>
    <w>σου</w>
    <suffix></suffix>
    <w>τῇ</w>
    <suffix></suffix>
    <w>ἀληθείᾳ</w>
    <suffix>, </suffix>
    <w>καθὼς</w>
    <suffix></suffix>
    <w>σὺ</w>
    <suffix></suffix>
    <w>ἐν</w>
    <suffix></suffix>
    <w>ἀληθείᾳ</w>
    <suffix></suffix>
    <w>περιπατεῖς</w>
    <suffix>. </suffix>
    <verse-number id="3 John 1:4">4</verse-number>
    <w>μειζοτέραν</w>
    <suffix></suffix>
    <w>τούτων</w>
    <suffix></suffix>
    <w>οὐκ</w>
    <suffix></suffix>
    <w>ἔχω</w>
    <suffix></suffix>
    <prefix> ⸀</prefix>
    <w>χαράν</w>
    <suffix>, </suffix>
    <w>ἵνα</w>
    <suffix></suffix>
    <w>ἀκούω</w>
    <suffix></suffix>
    <w>τὰ</w>
    <suffix></suffix>
    <w>ἐμὰ</w>
    <suffix></suffix>
    <w>τέκνα</w>
    <suffix></suffix>
    <w>ἐν</w>
    <suffix></suffix>
    <prefix> ⸀</prefix>
    <w>τῇ</w>
    <suffix></suffix>
    <w>ἀληθείᾳ</w>
    <suffix></suffix>
    <w>περιπατοῦντα</w>
    <suffix>. </suffix>
  </p>
  <p>
    <verse-number id="3 John 1:5">5</verse-number>
    <w>Ἀγαπητέ</w>
    <suffix>, </suffix>
    <w>πιστὸν</w>
    <suffix></suffix>
    <w>ποιεῖς</w>
    <suffix></suffix>
    <w>ὃ</w>
    <suffix></suffix>
    <w>ἐὰν</w>
    <suffix></suffix>
    <w>ἐργάσῃ</w>
    <suffix></suffix>
    <w>εἰς</w>
    <suffix></suffix>
    <w>τοὺς</w>
    <suffix></suffix>
    <w>ἀδελφοὺς</w>
    <suffix></suffix>
    <w>καὶ</w>
    <suffix></suffix>
    <prefix> ⸀</prefix>
    <w>τοῦτο</w>
    <suffix></suffix>
    <w>ξένους</w>
    <suffix>, </suffix>
    <verse-number id="3 John 1:6">6</verse-number>
    <w>οἳ</w>
    <suffix></suffix>
    <w>ἐμαρτύρησάν</w>
    <suffix></suffix>
    <w>σου</w>
    <suffix></suffix>
    <w>τῇ</w>
    <suffix></suffix>
    <w>ἀγάπῃ</w>
    <suffix></suffix>
    <w>ἐνώπιον</w>
    <suffix></suffix>
    <w>ἐκκλησίας</w>
    <suffix>, </suffix>
    <w>οὓς</w>
    <suffix></suffix>
    <w>καλῶς</w>
    <suffix></suffix>
    <w>ποιήσεις</w>
    <suffix></suffix>
    <w>προπέμψας</w>
    <suffix></suffix>
    <w>ἀξίως</w>
    <suffix></suffix>
    <w>τοῦ</w>
    <suffix></suffix>
    <w>θεοῦ</w>
    <suffix>· </suffix>
    <verse-number id="3 John 1:7">7</verse-number>
    <w>ὑπὲρ</w>
    <suffix></suffix>
    <w>γὰρ</w>
    <suffix></suffix>
    <w>τοῦ</w>
    <suffix></suffix>
    <w>ὀνόματος</w>
    <suffix></suffix>
    <w>ἐξῆλθον</w>
    <suffix></suffix>
    <w>μηδὲν</w>
    <suffix></suffix>
    <w>λαμβάνοντες</w>
    <suffix></suffix>
    <w>ἀπὸ</w>
    <suffix></suffix>
    <w>τῶν</w>
    <suffix></suffix>
    <prefix> ⸀</prefix>
    <w>ἐθνικῶν</w>
    <suffix>. </suffix>
    <verse-number id="3 John 1:8">8</verse-number>
    <w>ἡμεῖς</w>
    <suffix></suffix>
    <w>οὖν</w>
    <suffix></suffix>
    <w>ὀφείλομεν</w>
    <suffix></suffix>
    <prefix> ⸀</prefix>
    <w>ὑπολαμβάνειν</w>
    <suffix></suffix>
    <w>τοὺς</w>
    <suffix></suffix>
    <w>τοιούτους</w>
    <suffix>, </suffix>
    <w>ἵνα</w>
    <suffix></suffix>
    <w>συνεργοὶ</w>
    <suffix></suffix>
    <w>γινώμεθα</w>
    <suffix></suffix>
    <w>τῇ</w>
    <suffix></suffix>
    <w>ἀληθείᾳ</w>
    <suffix>. </suffix>
  </p>
  <p>
    <verse-number id="3 John 1:9">9</verse-number>
    <w>Ἔγραψά</w>
    <suffix></suffix>
    <prefix> ⸀</prefix>
    <w>τι</w>
    <suffix></suffix>
    <w>τῇ</w>
    <suffix></suffix>
    <w>ἐκκλησίᾳ</w>
    <suffix>· </suffix>
    <w>ἀλλʼ</w>
    <suffix></suffix>
    <w>ὁ</w>
    <suffix></suffix>
    <w>φιλοπρωτεύων</w>
    <suffix></suffix>
    <w>αὐτῶν</w>
    <suffix></suffix>
    <w>Διοτρέφης</w>
    <suffix></suffix>
    <w>οὐκ</w>
    <suffix></suffix>
    <w>ἐπιδέχεται</w>
    <suffix></suffix>
    <w>ἡμᾶς</w>
    <suffix>. </suffix>
    <verse-number id="3 John 1:10">10</verse-number>
    <w>διὰ</w>
    <suffix></suffix>
    <w>τοῦτο</w>
    <suffix>, </suffix>
    <w>ἐὰν</w>
    <suffix></suffix>
    <w>ἔλθω</w>
    <suffix>, </suffix>
    <w>ὑπομνήσω</w>
    <suffix></suffix>
    <w>αὐτοῦ</w>
    <suffix></suffix>
    <w>τὰ</w>
    <suffix></suffix>
    <w>ἔργα</w>
    <suffix></suffix>
    <w>ἃ</w>
    <suffix></suffix>
    <w>ποιεῖ</w>
    <suffix>, </suffix>
    <w>λόγοις</w>
    <suffix></suffix>
    <w>πονηροῖς</w>
    <suffix></suffix>
    <w>φλυαρῶν</w>
    <suffix></suffix>
    <w>ἡμᾶς</w>
    <suffix>, </suffix>
    <w>καὶ</w>
    <suffix></suffix>
    <w>μὴ</w>
    <suffix></suffix>
    <w>ἀρκούμενος</w>
    <suffix></suffix>
    <w>ἐπὶ</w>
    <suffix></suffix>
    <w>τούτοις</w>
    <suffix></suffix>
    <w>οὔτε</w>
    <suffix></suffix>
    <w>αὐτὸς</w>
    <suffix></suffix>
    <w>ἐπιδέχεται</w>
    <suffix></suffix>
    <w>τοὺς</w>
    <suffix></suffix>
    <w>ἀδελφοὺς</w>
    <suffix></suffix>
    <w>καὶ</w>
    <suffix></suffix>
    <w>τοὺς</w>
    <suffix></suffix>
    <w>βουλομένους</w>
    <suffix></suffix>
    <w>κωλύει</w>
    <suffix></suffix>
    <w>καὶ</w>
    <suffix></suffix>
    <w>ἐκ</w>
    <suffix></suffix>
    <w>τῆς</w>
    <suffix></suffix>
    <w>ἐκκλησίας</w>
    <suffix></suffix>
    <w>ἐκβάλλει</w>
    <suffix>. </suffix>
  </p>
  <p>
    <verse-number id="3 John 1:11">11</verse-number>
    <w>Ἀγαπητέ</w>
    <suffix>, </suffix>
    <w>μὴ</w>
    <suffix></suffix>
    <w>μιμοῦ</w>
    <suffix></suffix>
    <w>τὸ</w>
    <suffix></suffix>
    <w>κακὸν</w>
    <suffix></suffix>
    <w>ἀλλὰ</w>
    <suffix></suffix>
    <w>τὸ</w>
    <suffix></suffix>
    <w>ἀγαθόν</w>
    <suffix>. </suffix>
    <w>ὁ</w>
    <suffix></suffix>
    <w>ἀγαθοποιῶν</w>
    <suffix></suffix>
    <w>ἐκ</w>
    <suffix></suffix>
    <w>τοῦ</w>
    <suffix></suffix>
    <w>θεοῦ</w>
    <suffix></suffix>
    <w>ἐστιν</w>
    <suffix>· </suffix>
    <w>ὁ</w>
    <suffix></suffix>
    <w>κακοποιῶν</w>
    <suffix></suffix>
    <w>οὐχ</w>
    <suffix></suffix>
    <w>ἑώρακεν</w>
    <suffix></suffix>
    <w>τὸν</w>
    <suffix></suffix>
    <w>θεόν</w>
    <suffix>. </suffix>
    <verse-number id="3 John 1:12">12</verse-number>
    <w>Δημητρίῳ</w>
    <suffix></suffix>
    <w>μεμαρτύρηται</w>
    <suffix></suffix>
    <w>ὑπὸ</w>
    <suffix></suffix>
    <w>πάντων</w>
    <suffix></suffix>
    <w>καὶ</w>
    <suffix></suffix>
    <w>ὑπὸ</w>
    <suffix></suffix>
    <w>αὐτῆς</w>
    <suffix></suffix>
    <w>τῆς</w>
    <suffix></suffix>
    <w>ἀληθείας</w>
    <suffix>· </suffix>
    <w>καὶ</w>
    <suffix></suffix>
    <w>ἡμεῖς</w>
    <suffix></suffix>
    <w>δὲ</w>
    <suffix></suffix>
    <w>μαρτυροῦμεν</w>
    <suffix>, </suffix>
    <w>καὶ</w>
    <suffix></suffix>
    <prefix> ⸀</prefix>
    <w>οἶδας</w>
    <suffix></suffix>
    <w>ὅτι</w>
    <suffix></suffix>
    <w>ἡ</w>
    <suffix></suffix>
    <w>μαρτυρία</w>
    <suffix></suffix>
    <w>ἡμῶν</w>
    <suffix></suffix>
    <w>ἀληθής</w>
    <suffix></suffix>
    <w>ἐστιν</w>
    <suffix>. </suffix>
  </p>
  <p>
    <verse-number id="3 John 1:13">13</verse-number>
    <w>Πολλὰ</w>
    <suffix></suffix>
    <w>εἶχον</w>
    <suffix></suffix>
    <prefix> ⸂</prefix>
    <w>γράψαι</w>
    <suffix></suffix>
    <w>σοι</w>
    <suffix>⸃, </suffix>
    <w>ἀλλʼ</w>
    <suffix></suffix>
    <w>οὐ</w>
    <suffix></suffix>
    <w>θέλω</w>
    <suffix></suffix>
    <w>διὰ</w>
    <suffix></suffix>
    <w>μέλανος</w>
    <suffix></suffix>
    <w>καὶ</w>
    <suffix></suffix>
    <w>καλάμου</w>
    <suffix></suffix>
    <w>σοι</w>
    <suffix></suffix>
    <prefix> ⸀</prefix>
    <w>γράφειν</w>
    <suffix>· </suffix>
    <verse-number id="3 John 1:14">14</verse-number>
    <w>ἐλπίζω</w>
    <suffix></suffix>
    <w>δὲ</w>
    <suffix></suffix>
    <w>εὐθέως</w>
    <suffix></suffix>
    <prefix> ⸂</prefix>
    <w>σε</w>
    <suffix></suffix>
    <w>ἰδεῖν</w>
    <suffix>⸃, </suffix>
    <w>καὶ</w>
    <suffix></suffix>
    <w>στόμα</w>
    <suffix></suffix>
    <w>πρὸς</w>
    <suffix></suffix>
    <w>στόμα</w>
    <suffix></suffix>
    <w>λαλήσομεν</w>
    <suffix>. </suffix>
  </p>
  <p>
    <verse-number id="3 John 1:15">15</verse-number>
    <w>Εἰρήνη</w>
    <suffix></suffix>
    <w>σοι</w>
    <suffix>. </suffix>
    <w>ἀσπάζονταί</w>
    <suffix></suffix>
    <w>σε</w>
    <suffix></suffix>
    <w>οἱ</w>
    <suffix></suffix>
    <w>φίλοι</w>
    <suffix>. </suffix>
    <w>ἀσπάζου</w>
    <suffix></suffix>
    <w>τοὺς</w>
    <suffix></suffix>
    <w>φίλους</w>
    <suffix></suffix>
    <w>κατʼ</w>
    <suffix></suffix>
    <w>ὄνομα</w>
    <suffix>. </suffix>
  </p>
  <p />
</book>