﻿<book id="Col">
  <title>ΠΡΟΣ ΚΟΛΟΣΣΑΕΙΣ</title>
  <p>
    <verse-number id="Colossians 1:1">1:1</verse-number>
    <w>Παῦλος</w>
    <suffix></suffix>
    <w>ἀπόστολος</w>
    <suffix></suffix>
    <prefix> ⸂</prefix>
    <w>Χριστοῦ</w>
    <suffix></suffix>
    <w>Ἰησοῦ</w>
    <suffix>⸃ </suffix>
    <w>διὰ</w>
    <suffix></suffix>
    <w>θελήματος</w>
    <suffix></suffix>
    <w>θεοῦ</w>
    <suffix></suffix>
    <w>καὶ</w>
    <suffix></suffix>
    <w>Τιμόθεος</w>
    <suffix></suffix>
    <w>ὁ</w>
    <suffix></suffix>
    <w>ἀδελφὸς</w>
    <suffix></suffix>
    <verse-number id="Colossians 1:2">2</verse-number>
    <w>τοῖς</w>
    <suffix></suffix>
    <w>ἐν</w>
    <suffix></suffix>
    <prefix> ⸀</prefix>
    <w>Κολοσσαῖς</w>
    <suffix></suffix>
    <w>ἁγίοις</w>
    <suffix></suffix>
    <w>καὶ</w>
    <suffix></suffix>
    <w>πιστοῖς</w>
    <suffix></suffix>
    <w>ἀδελφοῖς</w>
    <suffix></suffix>
    <w>ἐν</w>
    <suffix></suffix>
    <w>Χριστῷ</w>
    <suffix>· </suffix>
    <w>χάρις</w>
    <suffix></suffix>
    <w>ὑμῖν</w>
    <suffix></suffix>
    <w>καὶ</w>
    <suffix></suffix>
    <w>εἰρήνη</w>
    <suffix></suffix>
    <w>ἀπὸ</w>
    <suffix></suffix>
    <w>θεοῦ</w>
    <suffix></suffix>
    <w>πατρὸς</w>
    <suffix></suffix>
    <prefix> ⸀</prefix>
    <w>ἡμῶν</w>
    <suffix>. </suffix>
  </p>
  <p>
    <verse-number id="Colossians 1:3">3</verse-number>
    <w>Εὐχαριστοῦμεν</w>
    <suffix></suffix>
    <w>τῷ</w>
    <suffix></suffix>
    <prefix> ⸀</prefix>
    <w>θεῷ</w>
    <suffix></suffix>
    <w>πατρὶ</w>
    <suffix></suffix>
    <w>τοῦ</w>
    <suffix></suffix>
    <w>κυρίου</w>
    <suffix></suffix>
    <w>ἡμῶν</w>
    <suffix></suffix>
    <w>Ἰησοῦ</w>
    <suffix></suffix>
    <w>Χριστοῦ</w>
    <suffix></suffix>
    <w>πάντοτε</w>
    <suffix></suffix>
    <prefix> ⸀</prefix>
    <w>περὶ</w>
    <suffix></suffix>
    <w>ὑμῶν</w>
    <suffix></suffix>
    <w>προσευχόμενοι</w>
    <suffix>, </suffix>
    <verse-number id="Colossians 1:4">4</verse-number>
    <w>ἀκούσαντες</w>
    <suffix></suffix>
    <w>τὴν</w>
    <suffix></suffix>
    <w>πίστιν</w>
    <suffix></suffix>
    <w>ὑμῶν</w>
    <suffix></suffix>
    <w>ἐν</w>
    <suffix></suffix>
    <w>Χριστῷ</w>
    <suffix></suffix>
    <w>Ἰησοῦ</w>
    <suffix></suffix>
    <w>καὶ</w>
    <suffix></suffix>
    <w>τὴν</w>
    <suffix></suffix>
    <w>ἀγάπην</w>
    <suffix></suffix>
    <prefix> ⸂</prefix>
    <w>ἣν</w>
    <suffix></suffix>
    <w>ἔχετε</w>
    <suffix>⸃ </suffix>
    <w>εἰς</w>
    <suffix></suffix>
    <w>πάντας</w>
    <suffix></suffix>
    <w>τοὺς</w>
    <suffix></suffix>
    <w>ἁγίους</w>
    <suffix></suffix>
    <verse-number id="Colossians 1:5">5</verse-number>
    <w>διὰ</w>
    <suffix></suffix>
    <w>τὴν</w>
    <suffix></suffix>
    <w>ἐλπίδα</w>
    <suffix></suffix>
    <w>τὴν</w>
    <suffix></suffix>
    <w>ἀποκειμένην</w>
    <suffix></suffix>
    <w>ὑμῖν</w>
    <suffix></suffix>
    <w>ἐν</w>
    <suffix></suffix>
    <w>τοῖς</w>
    <suffix></suffix>
    <w>οὐρανοῖς</w>
    <suffix>, </suffix>
    <w>ἣν</w>
    <suffix></suffix>
    <w>προηκούσατε</w>
    <suffix></suffix>
    <w>ἐν</w>
    <suffix></suffix>
    <w>τῷ</w>
    <suffix></suffix>
    <w>λόγῳ</w>
    <suffix></suffix>
    <w>τῆς</w>
    <suffix></suffix>
    <w>ἀληθείας</w>
    <suffix></suffix>
    <w>τοῦ</w>
    <suffix></suffix>
    <w>εὐαγγελίου</w>
    <suffix></suffix>
    <verse-number id="Colossians 1:6">6</verse-number>
    <w>τοῦ</w>
    <suffix></suffix>
    <w>παρόντος</w>
    <suffix></suffix>
    <w>εἰς</w>
    <suffix></suffix>
    <w>ὑμᾶς</w>
    <suffix>, </suffix>
    <w>καθὼς</w>
    <suffix></suffix>
    <w>καὶ</w>
    <suffix></suffix>
    <w>ἐν</w>
    <suffix></suffix>
    <w>παντὶ</w>
    <suffix></suffix>
    <w>τῷ</w>
    <suffix></suffix>
    <prefix> ⸀</prefix>
    <w>κόσμῳ</w>
    <suffix></suffix>
    <w>ἐστὶν</w>
    <suffix></suffix>
    <w>καρποφορούμενον</w>
    <suffix></suffix>
    <w>καὶ</w>
    <suffix></suffix>
    <w>αὐξανόμενον</w>
    <suffix></suffix>
    <w>καθὼς</w>
    <suffix></suffix>
    <w>καὶ</w>
    <suffix></suffix>
    <w>ἐν</w>
    <suffix></suffix>
    <w>ὑμῖν</w>
    <suffix>, </suffix>
    <w>ἀφʼ</w>
    <suffix></suffix>
    <w>ἧς</w>
    <suffix></suffix>
    <w>ἡμέρας</w>
    <suffix></suffix>
    <w>ἠκούσατε</w>
    <suffix></suffix>
    <w>καὶ</w>
    <suffix></suffix>
    <w>ἐπέγνωτε</w>
    <suffix></suffix>
    <w>τὴν</w>
    <suffix></suffix>
    <w>χάριν</w>
    <suffix></suffix>
    <w>τοῦ</w>
    <suffix></suffix>
    <w>θεοῦ</w>
    <suffix></suffix>
    <w>ἐν</w>
    <suffix></suffix>
    <w>ἀληθείᾳ</w>
    <suffix>· </suffix>
    <verse-number id="Colossians 1:7">7</verse-number>
    <prefix> ⸀</prefix>
    <w>καθὼς</w>
    <suffix></suffix>
    <w>ἐμάθετε</w>
    <suffix></suffix>
    <w>ἀπὸ</w>
    <suffix></suffix>
    <w>Ἐπαφρᾶ</w>
    <suffix></suffix>
    <w>τοῦ</w>
    <suffix></suffix>
    <w>ἀγαπητοῦ</w>
    <suffix></suffix>
    <w>συνδούλου</w>
    <suffix></suffix>
    <w>ἡμῶν</w>
    <suffix>, </suffix>
    <w>ὅς</w>
    <suffix></suffix>
    <w>ἐστιν</w>
    <suffix></suffix>
    <w>πιστὸς</w>
    <suffix></suffix>
    <w>ὑπὲρ</w>
    <suffix></suffix>
    <prefix> ⸀</prefix>
    <w>ἡμῶν</w>
    <suffix></suffix>
    <w>διάκονος</w>
    <suffix></suffix>
    <w>τοῦ</w>
    <suffix></suffix>
    <w>Χριστοῦ</w>
    <suffix>, </suffix>
    <verse-number id="Colossians 1:8">8</verse-number>
    <w>ὁ</w>
    <suffix></suffix>
    <w>καὶ</w>
    <suffix></suffix>
    <w>δηλώσας</w>
    <suffix></suffix>
    <w>ἡμῖν</w>
    <suffix></suffix>
    <w>τὴν</w>
    <suffix></suffix>
    <w>ὑμῶν</w>
    <suffix></suffix>
    <w>ἀγάπην</w>
    <suffix></suffix>
    <w>ἐν</w>
    <suffix></suffix>
    <w>πνεύματι</w>
    <suffix>. </suffix>
  </p>
  <p>
    <verse-number id="Colossians 1:9">9</verse-number>
    <w>Διὰ</w>
    <suffix></suffix>
    <w>τοῦτο</w>
    <suffix></suffix>
    <w>καὶ</w>
    <suffix></suffix>
    <w>ἡμεῖς</w>
    <suffix>, </suffix>
    <w>ἀφʼ</w>
    <suffix></suffix>
    <w>ἧς</w>
    <suffix></suffix>
    <w>ἡμέρας</w>
    <suffix></suffix>
    <w>ἠκούσαμεν</w>
    <suffix>, </suffix>
    <w>οὐ</w>
    <suffix></suffix>
    <w>παυόμεθα</w>
    <suffix></suffix>
    <w>ὑπὲρ</w>
    <suffix></suffix>
    <w>ὑμῶν</w>
    <suffix></suffix>
    <w>προσευχόμενοι</w>
    <suffix></suffix>
    <w>καὶ</w>
    <suffix></suffix>
    <w>αἰτούμενοι</w>
    <suffix></suffix>
    <w>ἵνα</w>
    <suffix></suffix>
    <w>πληρωθῆτε</w>
    <suffix></suffix>
    <w>τὴν</w>
    <suffix></suffix>
    <w>ἐπίγνωσιν</w>
    <suffix></suffix>
    <w>τοῦ</w>
    <suffix></suffix>
    <w>θελήματος</w>
    <suffix></suffix>
    <w>αὐτοῦ</w>
    <suffix></suffix>
    <w>ἐν</w>
    <suffix></suffix>
    <w>πάσῃ</w>
    <suffix></suffix>
    <w>σοφίᾳ</w>
    <suffix></suffix>
    <w>καὶ</w>
    <suffix></suffix>
    <w>συνέσει</w>
    <suffix></suffix>
    <w>πνευματικῇ</w>
    <suffix>, </suffix>
    <verse-number id="Colossians 1:10">10</verse-number>
    <prefix> ⸀</prefix>
    <w>περιπατῆσαι</w>
    <suffix></suffix>
    <w>ἀξίως</w>
    <suffix></suffix>
    <w>τοῦ</w>
    <suffix></suffix>
    <w>κυρίου</w>
    <suffix></suffix>
    <w>εἰς</w>
    <suffix></suffix>
    <w>πᾶσαν</w>
    <suffix></suffix>
    <w>ἀρεσκείαν</w>
    <suffix></suffix>
    <w>ἐν</w>
    <suffix></suffix>
    <w>παντὶ</w>
    <suffix></suffix>
    <w>ἔργῳ</w>
    <suffix></suffix>
    <w>ἀγαθῷ</w>
    <suffix></suffix>
    <w>καρποφοροῦντες</w>
    <suffix></suffix>
    <w>καὶ</w>
    <suffix></suffix>
    <w>αὐξανόμενοι</w>
    <suffix></suffix>
    <prefix> ⸂</prefix>
    <w>τῇ</w>
    <suffix></suffix>
    <w>ἐπιγνώσει</w>
    <suffix>⸃ </suffix>
    <w>τοῦ</w>
    <suffix></suffix>
    <w>θεοῦ</w>
    <suffix>, </suffix>
    <verse-number id="Colossians 1:11">11</verse-number>
    <w>ἐν</w>
    <suffix></suffix>
    <w>πάσῃ</w>
    <suffix></suffix>
    <w>δυνάμει</w>
    <suffix></suffix>
    <w>δυναμούμενοι</w>
    <suffix></suffix>
    <w>κατὰ</w>
    <suffix></suffix>
    <w>τὸ</w>
    <suffix></suffix>
    <w>κράτος</w>
    <suffix></suffix>
    <w>τῆς</w>
    <suffix></suffix>
    <w>δόξης</w>
    <suffix></suffix>
    <w>αὐτοῦ</w>
    <suffix></suffix>
    <w>εἰς</w>
    <suffix></suffix>
    <w>πᾶσαν</w>
    <suffix></suffix>
    <w>ὑπομονὴν</w>
    <suffix></suffix>
    <w>καὶ</w>
    <suffix></suffix>
    <w>μακροθυμίαν</w>
    <suffix></suffix>
    <w>μετὰ</w>
    <suffix></suffix>
    <w>χαρᾶς</w>
    <suffix>, </suffix>
    <verse-number id="Colossians 1:12">12</verse-number>
    <w>εὐχαριστοῦντες</w>
    <suffix></suffix>
    <w>τῷ</w>
    <suffix></suffix>
    <w>πατρὶ</w>
    <suffix></suffix>
    <w>τῷ</w>
    <suffix></suffix>
    <w>ἱκανώσαντι</w>
    <suffix></suffix>
    <prefix> ⸀</prefix>
    <w>ὑμᾶς</w>
    <suffix></suffix>
    <w>εἰς</w>
    <suffix></suffix>
    <w>τὴν</w>
    <suffix></suffix>
    <w>μερίδα</w>
    <suffix></suffix>
    <w>τοῦ</w>
    <suffix></suffix>
    <w>κλήρου</w>
    <suffix></suffix>
    <w>τῶν</w>
    <suffix></suffix>
    <w>ἁγίων</w>
    <suffix></suffix>
    <w>ἐν</w>
    <suffix></suffix>
    <w>τῷ</w>
    <suffix></suffix>
    <w>φωτί</w>
    <suffix>, </suffix>
    <verse-number id="Colossians 1:13">13</verse-number>
    <w>ὃς</w>
    <suffix></suffix>
    <w>ἐρρύσατο</w>
    <suffix></suffix>
    <w>ἡμᾶς</w>
    <suffix></suffix>
    <w>ἐκ</w>
    <suffix></suffix>
    <w>τῆς</w>
    <suffix></suffix>
    <w>ἐξουσίας</w>
    <suffix></suffix>
    <w>τοῦ</w>
    <suffix></suffix>
    <w>σκότους</w>
    <suffix></suffix>
    <w>καὶ</w>
    <suffix></suffix>
    <w>μετέστησεν</w>
    <suffix></suffix>
    <w>εἰς</w>
    <suffix></suffix>
    <w>τὴν</w>
    <suffix></suffix>
    <w>βασιλείαν</w>
    <suffix></suffix>
    <w>τοῦ</w>
    <suffix></suffix>
    <w>υἱοῦ</w>
    <suffix></suffix>
    <w>τῆς</w>
    <suffix></suffix>
    <w>ἀγάπης</w>
    <suffix></suffix>
    <w>αὐτοῦ</w>
    <suffix>, </suffix>
    <verse-number id="Colossians 1:14">14</verse-number>
    <w>ἐν</w>
    <suffix></suffix>
    <w>ᾧ</w>
    <suffix></suffix>
    <w>ἔχομεν</w>
    <suffix></suffix>
    <w>τὴν</w>
    <suffix></suffix>
    <w>ἀπολύτρωσιν</w>
    <suffix>, </suffix>
    <w>τὴν</w>
    <suffix></suffix>
    <w>ἄφεσιν</w>
    <suffix></suffix>
    <w>τῶν</w>
    <suffix></suffix>
    <w>ἁμαρτιῶν</w>
    <suffix>· </suffix>
    <verse-number id="Colossians 1:15">15</verse-number>
    <w>ὅς</w>
    <suffix></suffix>
    <w>ἐστιν</w>
    <suffix></suffix>
    <w>εἰκὼν</w>
    <suffix></suffix>
    <w>τοῦ</w>
    <suffix></suffix>
    <w>θεοῦ</w>
    <suffix></suffix>
    <w>τοῦ</w>
    <suffix></suffix>
    <w>ἀοράτου</w>
    <suffix>, </suffix>
    <w>πρωτότοκος</w>
    <suffix></suffix>
    <w>πάσης</w>
    <suffix></suffix>
    <w>κτίσεως</w>
    <suffix>, </suffix>
    <verse-number id="Colossians 1:16">16</verse-number>
    <w>ὅτι</w>
    <suffix></suffix>
    <w>ἐν</w>
    <suffix></suffix>
    <w>αὐτῷ</w>
    <suffix></suffix>
    <w>ἐκτίσθη</w>
    <suffix></suffix>
    <w>τὰ</w>
    <suffix></suffix>
    <prefix> ⸀</prefix>
    <w>πάντα</w>
    <suffix></suffix>
    <w>ἐν</w>
    <suffix></suffix>
    <w>τοῖς</w>
    <suffix></suffix>
    <w>οὐρανοῖς</w>
    <suffix></suffix>
    <prefix> ⸀</prefix>
    <w>καὶ</w>
    <suffix></suffix>
    <w>ἐπὶ</w>
    <suffix></suffix>
    <w>τῆς</w>
    <suffix></suffix>
    <w>γῆς</w>
    <suffix>, </suffix>
    <w>τὰ</w>
    <suffix></suffix>
    <w>ὁρατὰ</w>
    <suffix></suffix>
    <w>καὶ</w>
    <suffix></suffix>
    <w>τὰ</w>
    <suffix></suffix>
    <w>ἀόρατα</w>
    <suffix>, </suffix>
    <w>εἴτε</w>
    <suffix></suffix>
    <w>θρόνοι</w>
    <suffix></suffix>
    <w>εἴτε</w>
    <suffix></suffix>
    <w>κυριότητες</w>
    <suffix></suffix>
    <w>εἴτε</w>
    <suffix></suffix>
    <w>ἀρχαὶ</w>
    <suffix></suffix>
    <w>εἴτε</w>
    <suffix></suffix>
    <w>ἐξουσίαι</w>
    <suffix>· </suffix>
    <w>τὰ</w>
    <suffix></suffix>
    <w>πάντα</w>
    <suffix></suffix>
    <w>διʼ</w>
    <suffix></suffix>
    <w>αὐτοῦ</w>
    <suffix></suffix>
    <w>καὶ</w>
    <suffix></suffix>
    <w>εἰς</w>
    <suffix></suffix>
    <w>αὐτὸν</w>
    <suffix></suffix>
    <w>ἔκτισται</w>
    <suffix>· </suffix>
    <verse-number id="Colossians 1:17">17</verse-number>
    <w>καὶ</w>
    <suffix></suffix>
    <w>αὐτός</w>
    <suffix></suffix>
    <w>ἐστιν</w>
    <suffix></suffix>
    <w>πρὸ</w>
    <suffix></suffix>
    <w>πάντων</w>
    <suffix></suffix>
    <w>καὶ</w>
    <suffix></suffix>
    <w>τὰ</w>
    <suffix></suffix>
    <w>πάντα</w>
    <suffix></suffix>
    <w>ἐν</w>
    <suffix></suffix>
    <w>αὐτῷ</w>
    <suffix></suffix>
    <w>συνέστηκεν</w>
    <suffix>, </suffix>
    <verse-number id="Colossians 1:18">18</verse-number>
    <w>καὶ</w>
    <suffix></suffix>
    <w>αὐτός</w>
    <suffix></suffix>
    <w>ἐστιν</w>
    <suffix></suffix>
    <w>ἡ</w>
    <suffix></suffix>
    <w>κεφαλὴ</w>
    <suffix></suffix>
    <w>τοῦ</w>
    <suffix></suffix>
    <w>σώματος</w>
    <suffix></suffix>
    <w>τῆς</w>
    <suffix></suffix>
    <w>ἐκκλησίας</w>
    <suffix>· </suffix>
    <w>ὅς</w>
    <suffix></suffix>
    <prefix> ⸀</prefix>
    <w>ἐστιν</w>
    <suffix></suffix>
    <w>ἀρχή</w>
    <suffix>, </suffix>
    <w>πρωτότοκος</w>
    <suffix></suffix>
    <w>ἐκ</w>
    <suffix></suffix>
    <w>τῶν</w>
    <suffix></suffix>
    <w>νεκρῶν</w>
    <suffix>, </suffix>
    <w>ἵνα</w>
    <suffix></suffix>
    <w>γένηται</w>
    <suffix></suffix>
    <w>ἐν</w>
    <suffix></suffix>
    <w>πᾶσιν</w>
    <suffix></suffix>
    <w>αὐτὸς</w>
    <suffix></suffix>
    <w>πρωτεύων</w>
    <suffix>, </suffix>
    <verse-number id="Colossians 1:19">19</verse-number>
    <w>ὅτι</w>
    <suffix></suffix>
    <w>ἐν</w>
    <suffix></suffix>
    <w>αὐτῷ</w>
    <suffix></suffix>
    <w>εὐδόκησεν</w>
    <suffix></suffix>
    <w>πᾶν</w>
    <suffix></suffix>
    <w>τὸ</w>
    <suffix></suffix>
    <w>πλήρωμα</w>
    <suffix></suffix>
    <w>κατοικῆσαι</w>
    <suffix></suffix>
    <verse-number id="Colossians 1:20">20</verse-number>
    <w>καὶ</w>
    <suffix></suffix>
    <w>διʼ</w>
    <suffix></suffix>
    <w>αὐτοῦ</w>
    <suffix></suffix>
    <w>ἀποκαταλλάξαι</w>
    <suffix></suffix>
    <w>τὰ</w>
    <suffix></suffix>
    <w>πάντα</w>
    <suffix></suffix>
    <w>εἰς</w>
    <suffix></suffix>
    <w>αὐτόν</w>
    <suffix>, </suffix>
    <w>εἰρηνοποιήσας</w>
    <suffix></suffix>
    <w>διὰ</w>
    <suffix></suffix>
    <w>τοῦ</w>
    <suffix></suffix>
    <w>αἵματος</w>
    <suffix></suffix>
    <w>τοῦ</w>
    <suffix></suffix>
    <w>σταυροῦ</w>
    <suffix></suffix>
    <w>αὐτοῦ</w>
    <suffix>, </suffix>
    <prefix> ⸂[</prefix>
    <w>διʼ</w>
    <suffix></suffix>
    <w>αὐτοῦ</w>
    <suffix>]⸃ </suffix>
    <w>εἴτε</w>
    <suffix></suffix>
    <w>τὰ</w>
    <suffix></suffix>
    <w>ἐπὶ</w>
    <suffix></suffix>
    <w>τῆς</w>
    <suffix></suffix>
    <w>γῆς</w>
    <suffix></suffix>
    <w>εἴτε</w>
    <suffix></suffix>
    <w>τὰ</w>
    <suffix></suffix>
    <prefix> ⸀</prefix>
    <w>ἐν</w>
    <suffix></suffix>
    <w>τοῖς</w>
    <suffix></suffix>
    <w>οὐρανοῖς</w>
    <suffix>· </suffix>
    <verse-number id="Colossians 1:21">21</verse-number>
    <w>καὶ</w>
    <suffix></suffix>
    <w>ὑμᾶς</w>
    <suffix></suffix>
    <w>ποτε</w>
    <suffix></suffix>
    <w>ὄντας</w>
    <suffix></suffix>
    <w>ἀπηλλοτριωμένους</w>
    <suffix></suffix>
    <w>καὶ</w>
    <suffix></suffix>
    <w>ἐχθροὺς</w>
    <suffix></suffix>
    <w>τῇ</w>
    <suffix></suffix>
    <w>διανοίᾳ</w>
    <suffix></suffix>
    <w>ἐν</w>
    <suffix></suffix>
    <w>τοῖς</w>
    <suffix></suffix>
    <w>ἔργοις</w>
    <suffix></suffix>
    <w>τοῖς</w>
    <suffix></suffix>
    <w>πονηροῖς</w>
    <suffix>—</suffix>
    <verse-number id="Colossians 1:22">22</verse-number>
    <w>νυνὶ</w>
    <suffix></suffix>
    <w>δὲ</w>
    <suffix></suffix>
    <prefix> ⸀</prefix>
    <w>ἀποκατηλλάγητε</w>
    <suffix></suffix>
    <w>ἐν</w>
    <suffix></suffix>
    <w>τῷ</w>
    <suffix></suffix>
    <w>σώματι</w>
    <suffix></suffix>
    <w>τῆς</w>
    <suffix></suffix>
    <w>σαρκὸς</w>
    <suffix></suffix>
    <w>αὐτοῦ</w>
    <suffix></suffix>
    <w>διὰ</w>
    <suffix></suffix>
    <w>τοῦ</w>
    <suffix></suffix>
    <w>θανάτου</w>
    <suffix>—</suffix>
    <w>παραστῆσαι</w>
    <suffix></suffix>
    <w>ὑμᾶς</w>
    <suffix></suffix>
    <w>ἁγίους</w>
    <suffix></suffix>
    <w>καὶ</w>
    <suffix></suffix>
    <w>ἀμώμους</w>
    <suffix></suffix>
    <w>καὶ</w>
    <suffix></suffix>
    <w>ἀνεγκλήτους</w>
    <suffix></suffix>
    <w>κατενώπιον</w>
    <suffix></suffix>
    <w>αὐτοῦ</w>
    <suffix>, </suffix>
    <verse-number id="Colossians 1:23">23</verse-number>
    <w>εἴ</w>
    <suffix></suffix>
    <w>γε</w>
    <suffix></suffix>
    <w>ἐπιμένετε</w>
    <suffix></suffix>
    <w>τῇ</w>
    <suffix></suffix>
    <w>πίστει</w>
    <suffix></suffix>
    <w>τεθεμελιωμένοι</w>
    <suffix></suffix>
    <w>καὶ</w>
    <suffix></suffix>
    <w>ἑδραῖοι</w>
    <suffix></suffix>
    <w>καὶ</w>
    <suffix></suffix>
    <w>μὴ</w>
    <suffix></suffix>
    <w>μετακινούμενοι</w>
    <suffix></suffix>
    <w>ἀπὸ</w>
    <suffix></suffix>
    <w>τῆς</w>
    <suffix></suffix>
    <w>ἐλπίδος</w>
    <suffix></suffix>
    <w>τοῦ</w>
    <suffix></suffix>
    <w>εὐαγγελίου</w>
    <suffix></suffix>
    <w>οὗ</w>
    <suffix></suffix>
    <w>ἠκούσατε</w>
    <suffix>, </suffix>
    <w>τοῦ</w>
    <suffix></suffix>
    <w>κηρυχθέντος</w>
    <suffix></suffix>
    <w>ἐν</w>
    <suffix></suffix>
    <prefix> ⸀</prefix>
    <w>πάσῃ</w>
    <suffix></suffix>
    <w>κτίσει</w>
    <suffix></suffix>
    <w>τῇ</w>
    <suffix></suffix>
    <w>ὑπὸ</w>
    <suffix></suffix>
    <w>τὸν</w>
    <suffix></suffix>
    <w>οὐρανόν</w>
    <suffix>, </suffix>
    <w>οὗ</w>
    <suffix></suffix>
    <w>ἐγενόμην</w>
    <suffix></suffix>
    <w>ἐγὼ</w>
    <suffix></suffix>
    <w>Παῦλος</w>
    <suffix></suffix>
    <w>διάκονος</w>
    <suffix>. </suffix>
  </p>
  <p>
    <verse-number id="Colossians 1:24">24</verse-number>
    <w>Νῦν</w>
    <suffix></suffix>
    <w>χαίρω</w>
    <suffix></suffix>
    <w>ἐν</w>
    <suffix></suffix>
    <w>τοῖς</w>
    <suffix></suffix>
    <w>παθήμασιν</w>
    <suffix></suffix>
    <w>ὑπὲρ</w>
    <suffix></suffix>
    <w>ὑμῶν</w>
    <suffix>, </suffix>
    <w>καὶ</w>
    <suffix></suffix>
    <w>ἀνταναπληρῶ</w>
    <suffix></suffix>
    <w>τὰ</w>
    <suffix></suffix>
    <w>ὑστερήματα</w>
    <suffix></suffix>
    <w>τῶν</w>
    <suffix></suffix>
    <w>θλίψεων</w>
    <suffix></suffix>
    <w>τοῦ</w>
    <suffix></suffix>
    <w>Χριστοῦ</w>
    <suffix></suffix>
    <w>ἐν</w>
    <suffix></suffix>
    <w>τῇ</w>
    <suffix></suffix>
    <w>σαρκί</w>
    <suffix></suffix>
    <w>μου</w>
    <suffix></suffix>
    <w>ὑπὲρ</w>
    <suffix></suffix>
    <w>τοῦ</w>
    <suffix></suffix>
    <w>σώματος</w>
    <suffix></suffix>
    <w>αὐτοῦ</w>
    <suffix>, </suffix>
    <w>ὅ</w>
    <suffix></suffix>
    <w>ἐστιν</w>
    <suffix></suffix>
    <w>ἡ</w>
    <suffix></suffix>
    <w>ἐκκλησία</w>
    <suffix>, </suffix>
    <verse-number id="Colossians 1:25">25</verse-number>
    <w>ἧς</w>
    <suffix></suffix>
    <w>ἐγενόμην</w>
    <suffix></suffix>
    <w>ἐγὼ</w>
    <suffix></suffix>
    <w>διάκονος</w>
    <suffix></suffix>
    <w>κατὰ</w>
    <suffix></suffix>
    <w>τὴν</w>
    <suffix></suffix>
    <w>οἰκονομίαν</w>
    <suffix></suffix>
    <w>τοῦ</w>
    <suffix></suffix>
    <w>θεοῦ</w>
    <suffix></suffix>
    <w>τὴν</w>
    <suffix></suffix>
    <w>δοθεῖσάν</w>
    <suffix></suffix>
    <w>μοι</w>
    <suffix></suffix>
    <w>εἰς</w>
    <suffix></suffix>
    <w>ὑμᾶς</w>
    <suffix></suffix>
    <w>πληρῶσαι</w>
    <suffix></suffix>
    <w>τὸν</w>
    <suffix></suffix>
    <w>λόγον</w>
    <suffix></suffix>
    <w>τοῦ</w>
    <suffix></suffix>
    <w>θεοῦ</w>
    <suffix>, </suffix>
    <verse-number id="Colossians 1:26">26</verse-number>
    <w>τὸ</w>
    <suffix></suffix>
    <w>μυστήριον</w>
    <suffix></suffix>
    <w>τὸ</w>
    <suffix></suffix>
    <w>ἀποκεκρυμμένον</w>
    <suffix></suffix>
    <w>ἀπὸ</w>
    <suffix></suffix>
    <w>τῶν</w>
    <suffix></suffix>
    <w>αἰώνων</w>
    <suffix></suffix>
    <w>καὶ</w>
    <suffix></suffix>
    <w>ἀπὸ</w>
    <suffix></suffix>
    <w>τῶν</w>
    <suffix></suffix>
    <w>γενεῶν</w>
    <suffix>,—</suffix>
    <prefix> ⸀</prefix>
    <w>νῦν</w>
    <suffix></suffix>
    <w>δὲ</w>
    <suffix></suffix>
    <w>ἐφανερώθη</w>
    <suffix></suffix>
    <w>τοῖς</w>
    <suffix></suffix>
    <w>ἁγίοις</w>
    <suffix></suffix>
    <w>αὐτοῦ</w>
    <suffix>, </suffix>
    <verse-number id="Colossians 1:27">27</verse-number>
    <w>οἷς</w>
    <suffix></suffix>
    <w>ἠθέλησεν</w>
    <suffix></suffix>
    <w>ὁ</w>
    <suffix></suffix>
    <w>θεὸς</w>
    <suffix></suffix>
    <w>γνωρίσαι</w>
    <suffix></suffix>
    <w>τί</w>
    <suffix></suffix>
    <w>τὸ</w>
    <suffix></suffix>
    <w>πλοῦτος</w>
    <suffix></suffix>
    <w>τῆς</w>
    <suffix></suffix>
    <w>δόξης</w>
    <suffix></suffix>
    <w>τοῦ</w>
    <suffix></suffix>
    <w>μυστηρίου</w>
    <suffix></suffix>
    <w>τούτου</w>
    <suffix></suffix>
    <w>ἐν</w>
    <suffix></suffix>
    <w>τοῖς</w>
    <suffix></suffix>
    <w>ἔθνεσιν</w>
    <suffix>, </suffix>
    <prefix> ⸀</prefix>
    <w>ὅ</w>
    <suffix></suffix>
    <w>ἐστιν</w>
    <suffix></suffix>
    <w>Χριστὸς</w>
    <suffix></suffix>
    <w>ἐν</w>
    <suffix></suffix>
    <w>ὑμῖν</w>
    <suffix>, </suffix>
    <w>ἡ</w>
    <suffix></suffix>
    <w>ἐλπὶς</w>
    <suffix></suffix>
    <w>τῆς</w>
    <suffix></suffix>
    <w>δόξης</w>
    <suffix>· </suffix>
    <verse-number id="Colossians 1:28">28</verse-number>
    <w>ὃν</w>
    <suffix></suffix>
    <w>ἡμεῖς</w>
    <suffix></suffix>
    <w>καταγγέλλομεν</w>
    <suffix></suffix>
    <w>νουθετοῦντες</w>
    <suffix></suffix>
    <w>πάντα</w>
    <suffix></suffix>
    <w>ἄνθρωπον</w>
    <suffix></suffix>
    <w>καὶ</w>
    <suffix></suffix>
    <w>διδάσκοντες</w>
    <suffix></suffix>
    <w>πάντα</w>
    <suffix></suffix>
    <w>ἄνθρωπον</w>
    <suffix></suffix>
    <w>ἐν</w>
    <suffix></suffix>
    <w>πάσῃ</w>
    <suffix></suffix>
    <w>σοφίᾳ</w>
    <suffix>, </suffix>
    <w>ἵνα</w>
    <suffix></suffix>
    <w>παραστήσωμεν</w>
    <suffix></suffix>
    <w>πάντα</w>
    <suffix></suffix>
    <w>ἄνθρωπον</w>
    <suffix></suffix>
    <w>τέλειον</w>
    <suffix></suffix>
    <w>ἐν</w>
    <suffix></suffix>
    <prefix> ⸀</prefix>
    <w>Χριστῷ</w>
    <suffix>· </suffix>
    <verse-number id="Colossians 1:29">29</verse-number>
    <w>εἰς</w>
    <suffix></suffix>
    <w>ὃ</w>
    <suffix></suffix>
    <w>καὶ</w>
    <suffix></suffix>
    <w>κοπιῶ</w>
    <suffix></suffix>
    <w>ἀγωνιζόμενος</w>
    <suffix></suffix>
    <w>κατὰ</w>
    <suffix></suffix>
    <w>τὴν</w>
    <suffix></suffix>
    <w>ἐνέργειαν</w>
    <suffix></suffix>
    <w>αὐτοῦ</w>
    <suffix></suffix>
    <w>τὴν</w>
    <suffix></suffix>
    <w>ἐνεργουμένην</w>
    <suffix></suffix>
    <w>ἐν</w>
    <suffix></suffix>
    <w>ἐμοὶ</w>
    <suffix></suffix>
    <w>ἐν</w>
    <suffix></suffix>
    <w>δυνάμει</w>
    <suffix>. </suffix>
  </p>
  <p>
    <verse-number id="Colossians 2:1">2:1</verse-number>
    <w>Θέλω</w>
    <suffix></suffix>
    <w>γὰρ</w>
    <suffix></suffix>
    <w>ὑμᾶς</w>
    <suffix></suffix>
    <w>εἰδέναι</w>
    <suffix></suffix>
    <w>ἡλίκον</w>
    <suffix></suffix>
    <w>ἀγῶνα</w>
    <suffix></suffix>
    <w>ἔχω</w>
    <suffix></suffix>
    <prefix> ⸀</prefix>
    <w>ὑπὲρ</w>
    <suffix></suffix>
    <w>ὑμῶν</w>
    <suffix></suffix>
    <w>καὶ</w>
    <suffix></suffix>
    <w>τῶν</w>
    <suffix></suffix>
    <w>ἐν</w>
    <suffix></suffix>
    <w>Λαοδικείᾳ</w>
    <suffix></suffix>
    <w>καὶ</w>
    <suffix></suffix>
    <w>ὅσοι</w>
    <suffix></suffix>
    <w>οὐχ</w>
    <suffix></suffix>
    <w>ἑόρακαν</w>
    <suffix></suffix>
    <w>τὸ</w>
    <suffix></suffix>
    <w>πρόσωπόν</w>
    <suffix></suffix>
    <w>μου</w>
    <suffix></suffix>
    <w>ἐν</w>
    <suffix></suffix>
    <w>σαρκί</w>
    <suffix>, </suffix>
    <verse-number id="Colossians 2:2">2</verse-number>
    <w>ἵνα</w>
    <suffix></suffix>
    <w>παρακληθῶσιν</w>
    <suffix></suffix>
    <w>αἱ</w>
    <suffix></suffix>
    <w>καρδίαι</w>
    <suffix></suffix>
    <w>αὐτῶν</w>
    <suffix>, </suffix>
    <prefix> ⸀</prefix>
    <w>συμβιβασθέντες</w>
    <suffix></suffix>
    <w>ἐν</w>
    <suffix></suffix>
    <w>ἀγάπῃ</w>
    <suffix></suffix>
    <w>καὶ</w>
    <suffix></suffix>
    <w>εἰς</w>
    <suffix></suffix>
    <prefix> ⸂</prefix>
    <w>πᾶν</w>
    <suffix></suffix>
    <w>πλοῦτος</w>
    <suffix>⸃ </suffix>
    <w>τῆς</w>
    <suffix></suffix>
    <w>πληροφορίας</w>
    <suffix></suffix>
    <w>τῆς</w>
    <suffix></suffix>
    <w>συνέσεως</w>
    <suffix>, </suffix>
    <w>εἰς</w>
    <suffix></suffix>
    <w>ἐπίγνωσιν</w>
    <suffix></suffix>
    <w>τοῦ</w>
    <suffix></suffix>
    <w>μυστηρίου</w>
    <suffix></suffix>
    <w>τοῦ</w>
    <suffix></suffix>
    <prefix> ⸀</prefix>
    <w>θεοῦ</w>
    <suffix>, </suffix>
    <w>Χριστοῦ</w>
    <suffix>, </suffix>
    <verse-number id="Colossians 2:3">3</verse-number>
    <w>ἐν</w>
    <suffix></suffix>
    <w>ᾧ</w>
    <suffix></suffix>
    <w>εἰσιν</w>
    <suffix></suffix>
    <w>πάντες</w>
    <suffix></suffix>
    <w>οἱ</w>
    <suffix></suffix>
    <w>θησαυροὶ</w>
    <suffix></suffix>
    <w>τῆς</w>
    <suffix></suffix>
    <w>σοφίας</w>
    <suffix></suffix>
    <prefix> ⸀</prefix>
    <w>καὶ</w>
    <suffix></suffix>
    <w>γνώσεως</w>
    <suffix></suffix>
    <w>ἀπόκρυφοι</w>
    <suffix>. </suffix>
    <verse-number id="Colossians 2:4">4</verse-number>
    <prefix> ⸀</prefix>
    <w>τοῦτο</w>
    <suffix></suffix>
    <w>λέγω</w>
    <suffix></suffix>
    <w>ἵνα</w>
    <suffix></suffix>
    <prefix> ⸀</prefix>
    <w>μηδεὶς</w>
    <suffix></suffix>
    <w>ὑμᾶς</w>
    <suffix></suffix>
    <w>παραλογίζηται</w>
    <suffix></suffix>
    <w>ἐν</w>
    <suffix></suffix>
    <w>πιθανολογίᾳ</w>
    <suffix>. </suffix>
    <verse-number id="Colossians 2:5">5</verse-number>
    <w>εἰ</w>
    <suffix></suffix>
    <w>γὰρ</w>
    <suffix></suffix>
    <w>καὶ</w>
    <suffix></suffix>
    <w>τῇ</w>
    <suffix></suffix>
    <w>σαρκὶ</w>
    <suffix></suffix>
    <w>ἄπειμι</w>
    <suffix>, </suffix>
    <w>ἀλλὰ</w>
    <suffix></suffix>
    <w>τῷ</w>
    <suffix></suffix>
    <w>πνεύματι</w>
    <suffix></suffix>
    <w>σὺν</w>
    <suffix></suffix>
    <w>ὑμῖν</w>
    <suffix></suffix>
    <w>εἰμι</w>
    <suffix>, </suffix>
    <w>χαίρων</w>
    <suffix></suffix>
    <w>καὶ</w>
    <suffix></suffix>
    <w>βλέπων</w>
    <suffix></suffix>
    <w>ὑμῶν</w>
    <suffix></suffix>
    <w>τὴν</w>
    <suffix></suffix>
    <w>τάξιν</w>
    <suffix></suffix>
    <w>καὶ</w>
    <suffix></suffix>
    <w>τὸ</w>
    <suffix></suffix>
    <w>στερέωμα</w>
    <suffix></suffix>
    <w>τῆς</w>
    <suffix></suffix>
    <w>εἰς</w>
    <suffix></suffix>
    <w>Χριστὸν</w>
    <suffix></suffix>
    <w>πίστεως</w>
    <suffix></suffix>
    <w>ὑμῶν</w>
    <suffix>. </suffix>
  </p>
  <p>
    <verse-number id="Colossians 2:6">6</verse-number>
    <w>Ὡς</w>
    <suffix></suffix>
    <w>οὖν</w>
    <suffix></suffix>
    <w>παρελάβετε</w>
    <suffix></suffix>
    <w>τὸν</w>
    <suffix></suffix>
    <w>Χριστὸν</w>
    <suffix></suffix>
    <w>Ἰησοῦν</w>
    <suffix></suffix>
    <w>τὸν</w>
    <suffix></suffix>
    <w>κύριον</w>
    <suffix>, </suffix>
    <w>ἐν</w>
    <suffix></suffix>
    <w>αὐτῷ</w>
    <suffix></suffix>
    <w>περιπατεῖτε</w>
    <suffix>, </suffix>
    <verse-number id="Colossians 2:7">7</verse-number>
    <w>ἐρριζωμένοι</w>
    <suffix></suffix>
    <w>καὶ</w>
    <suffix></suffix>
    <w>ἐποικοδομούμενοι</w>
    <suffix></suffix>
    <w>ἐν</w>
    <suffix></suffix>
    <w>αὐτῷ</w>
    <suffix></suffix>
    <w>καὶ</w>
    <suffix></suffix>
    <prefix> ⸀</prefix>
    <w>βεβαιούμενοι</w>
    <suffix></suffix>
    <w>τῇ</w>
    <suffix></suffix>
    <w>πίστει</w>
    <suffix></suffix>
    <w>καθὼς</w>
    <suffix></suffix>
    <w>ἐδιδάχθητε</w>
    <suffix>, </suffix>
    <prefix> ⸀</prefix>
    <w>περισσεύοντες</w>
    <suffix></suffix>
    <w>ἐν</w>
    <suffix></suffix>
    <w>εὐχαριστίᾳ</w>
    <suffix>. </suffix>
  </p>
  <p>
    <verse-number id="Colossians 2:8">8</verse-number>
    <w>Βλέπετε</w>
    <suffix></suffix>
    <w>μή</w>
    <suffix></suffix>
    <w>τις</w>
    <suffix></suffix>
    <w>ὑμᾶς</w>
    <suffix></suffix>
    <w>ἔσται</w>
    <suffix></suffix>
    <w>ὁ</w>
    <suffix></suffix>
    <w>συλαγωγῶν</w>
    <suffix></suffix>
    <w>διὰ</w>
    <suffix></suffix>
    <w>τῆς</w>
    <suffix></suffix>
    <w>φιλοσοφίας</w>
    <suffix></suffix>
    <w>καὶ</w>
    <suffix></suffix>
    <w>κενῆς</w>
    <suffix></suffix>
    <w>ἀπάτης</w>
    <suffix></suffix>
    <w>κατὰ</w>
    <suffix></suffix>
    <w>τὴν</w>
    <suffix></suffix>
    <w>παράδοσιν</w>
    <suffix></suffix>
    <w>τῶν</w>
    <suffix></suffix>
    <w>ἀνθρώπων</w>
    <suffix>, </suffix>
    <w>κατὰ</w>
    <suffix></suffix>
    <w>τὰ</w>
    <suffix></suffix>
    <w>στοιχεῖα</w>
    <suffix></suffix>
    <w>τοῦ</w>
    <suffix></suffix>
    <w>κόσμου</w>
    <suffix></suffix>
    <w>καὶ</w>
    <suffix></suffix>
    <w>οὐ</w>
    <suffix></suffix>
    <w>κατὰ</w>
    <suffix></suffix>
    <w>Χριστόν</w>
    <suffix>· </suffix>
    <verse-number id="Colossians 2:9">9</verse-number>
    <w>ὅτι</w>
    <suffix></suffix>
    <w>ἐν</w>
    <suffix></suffix>
    <w>αὐτῷ</w>
    <suffix></suffix>
    <w>κατοικεῖ</w>
    <suffix></suffix>
    <w>πᾶν</w>
    <suffix></suffix>
    <w>τὸ</w>
    <suffix></suffix>
    <w>πλήρωμα</w>
    <suffix></suffix>
    <w>τῆς</w>
    <suffix></suffix>
    <w>θεότητος</w>
    <suffix></suffix>
    <w>σωματικῶς</w>
    <suffix>, </suffix>
    <verse-number id="Colossians 2:10">10</verse-number>
    <w>καὶ</w>
    <suffix></suffix>
    <w>ἐστὲ</w>
    <suffix></suffix>
    <w>ἐν</w>
    <suffix></suffix>
    <w>αὐτῷ</w>
    <suffix></suffix>
    <w>πεπληρωμένοι</w>
    <suffix>, </suffix>
    <w>ὅς</w>
    <suffix></suffix>
    <w>ἐστιν</w>
    <suffix></suffix>
    <w>ἡ</w>
    <suffix></suffix>
    <w>κεφαλὴ</w>
    <suffix></suffix>
    <w>πάσης</w>
    <suffix></suffix>
    <w>ἀρχῆς</w>
    <suffix></suffix>
    <w>καὶ</w>
    <suffix></suffix>
    <w>ἐξουσίας</w>
    <suffix>, </suffix>
    <verse-number id="Colossians 2:11">11</verse-number>
    <w>ἐν</w>
    <suffix></suffix>
    <w>ᾧ</w>
    <suffix></suffix>
    <w>καὶ</w>
    <suffix></suffix>
    <w>περιετμήθητε</w>
    <suffix></suffix>
    <w>περιτομῇ</w>
    <suffix></suffix>
    <w>ἀχειροποιήτῳ</w>
    <suffix></suffix>
    <w>ἐν</w>
    <suffix></suffix>
    <w>τῇ</w>
    <suffix></suffix>
    <w>ἀπεκδύσει</w>
    <suffix></suffix>
    <w>τοῦ</w>
    <suffix></suffix>
    <prefix> ⸀</prefix>
    <w>σώματος</w>
    <suffix></suffix>
    <w>τῆς</w>
    <suffix></suffix>
    <w>σαρκός</w>
    <suffix>, </suffix>
    <w>ἐν</w>
    <suffix></suffix>
    <w>τῇ</w>
    <suffix></suffix>
    <w>περιτομῇ</w>
    <suffix></suffix>
    <w>τοῦ</w>
    <suffix></suffix>
    <w>Χριστοῦ</w>
    <suffix>, </suffix>
    <verse-number id="Colossians 2:12">12</verse-number>
    <w>συνταφέντες</w>
    <suffix></suffix>
    <w>αὐτῷ</w>
    <suffix></suffix>
    <w>ἐν</w>
    <suffix></suffix>
    <w>τῷ</w>
    <suffix></suffix>
    <prefix> ⸀</prefix>
    <w>βαπτισμῷ</w>
    <suffix>, </suffix>
    <w>ἐν</w>
    <suffix></suffix>
    <w>ᾧ</w>
    <suffix></suffix>
    <w>καὶ</w>
    <suffix></suffix>
    <w>συνηγέρθητε</w>
    <suffix></suffix>
    <w>διὰ</w>
    <suffix></suffix>
    <w>τῆς</w>
    <suffix></suffix>
    <w>πίστεως</w>
    <suffix></suffix>
    <w>τῆς</w>
    <suffix></suffix>
    <w>ἐνεργείας</w>
    <suffix></suffix>
    <w>τοῦ</w>
    <suffix></suffix>
    <w>θεοῦ</w>
    <suffix></suffix>
    <w>τοῦ</w>
    <suffix></suffix>
    <w>ἐγείραντος</w>
    <suffix></suffix>
    <w>αὐτὸν</w>
    <suffix></suffix>
    <prefix> ⸀</prefix>
    <w>ἐκ</w>
    <suffix></suffix>
    <w>νεκρῶν</w>
    <suffix>· </suffix>
    <verse-number id="Colossians 2:13">13</verse-number>
    <w>καὶ</w>
    <suffix></suffix>
    <w>ὑμᾶς</w>
    <suffix></suffix>
    <w>νεκροὺς</w>
    <suffix></suffix>
    <w>ὄντας</w>
    <suffix></suffix>
    <prefix> ⸀</prefix>
    <w>ἐν</w>
    <suffix></suffix>
    <w>τοῖς</w>
    <suffix></suffix>
    <w>παραπτώμασιν</w>
    <suffix></suffix>
    <w>καὶ</w>
    <suffix></suffix>
    <w>τῇ</w>
    <suffix></suffix>
    <w>ἀκροβυστίᾳ</w>
    <suffix></suffix>
    <w>τῆς</w>
    <suffix></suffix>
    <w>σαρκὸς</w>
    <suffix></suffix>
    <w>ὑμῶν</w>
    <suffix>, </suffix>
    <w>συνεζωοποίησεν</w>
    <suffix></suffix>
    <w>ὑμᾶς</w>
    <suffix></suffix>
    <w>σὺν</w>
    <suffix></suffix>
    <w>αὐτῷ</w>
    <suffix>· </suffix>
    <w>χαρισάμενος</w>
    <suffix></suffix>
    <w>ἡμῖν</w>
    <suffix></suffix>
    <w>πάντα</w>
    <suffix></suffix>
    <w>τὰ</w>
    <suffix></suffix>
    <w>παραπτώματα</w>
    <suffix>, </suffix>
    <verse-number id="Colossians 2:14">14</verse-number>
    <w>ἐξαλείψας</w>
    <suffix></suffix>
    <w>τὸ</w>
    <suffix></suffix>
    <w>καθʼ</w>
    <suffix></suffix>
    <w>ἡμῶν</w>
    <suffix></suffix>
    <w>χειρόγραφον</w>
    <suffix></suffix>
    <w>τοῖς</w>
    <suffix></suffix>
    <w>δόγμασιν</w>
    <suffix></suffix>
    <w>ὃ</w>
    <suffix></suffix>
    <w>ἦν</w>
    <suffix></suffix>
    <w>ὑπεναντίον</w>
    <suffix></suffix>
    <w>ἡμῖν</w>
    <suffix>, </suffix>
    <w>καὶ</w>
    <suffix></suffix>
    <w>αὐτὸ</w>
    <suffix></suffix>
    <w>ἦρκεν</w>
    <suffix></suffix>
    <w>ἐκ</w>
    <suffix></suffix>
    <w>τοῦ</w>
    <suffix></suffix>
    <w>μέσου</w>
    <suffix></suffix>
    <w>προσηλώσας</w>
    <suffix></suffix>
    <w>αὐτὸ</w>
    <suffix></suffix>
    <w>τῷ</w>
    <suffix></suffix>
    <w>σταυρῷ</w>
    <suffix>· </suffix>
    <verse-number id="Colossians 2:15">15</verse-number>
    <w>ἀπεκδυσάμενος</w>
    <suffix></suffix>
    <w>τὰς</w>
    <suffix></suffix>
    <w>ἀρχὰς</w>
    <suffix></suffix>
    <w>καὶ</w>
    <suffix></suffix>
    <w>τὰς</w>
    <suffix></suffix>
    <w>ἐξουσίας</w>
    <suffix></suffix>
    <w>ἐδειγμάτισεν</w>
    <suffix></suffix>
    <w>ἐν</w>
    <suffix></suffix>
    <w>παρρησίᾳ</w>
    <suffix>, </suffix>
    <w>θριαμβεύσας</w>
    <suffix></suffix>
    <w>αὐτοὺς</w>
    <suffix></suffix>
    <w>ἐν</w>
    <suffix></suffix>
    <w>αὐτῷ</w>
    <suffix>. </suffix>
  </p>
  <p>
    <verse-number id="Colossians 2:16">16</verse-number>
    <w>Μὴ</w>
    <suffix></suffix>
    <w>οὖν</w>
    <suffix></suffix>
    <w>τις</w>
    <suffix></suffix>
    <w>ὑμᾶς</w>
    <suffix></suffix>
    <w>κρινέτω</w>
    <suffix></suffix>
    <w>ἐν</w>
    <suffix></suffix>
    <w>βρώσει</w>
    <suffix></suffix>
    <prefix> ⸀</prefix>
    <w>ἢ</w>
    <suffix></suffix>
    <w>ἐν</w>
    <suffix></suffix>
    <w>πόσει</w>
    <suffix></suffix>
    <w>ἢ</w>
    <suffix></suffix>
    <w>ἐν</w>
    <suffix></suffix>
    <w>μέρει</w>
    <suffix></suffix>
    <w>ἑορτῆς</w>
    <suffix></suffix>
    <w>ἢ</w>
    <suffix></suffix>
    <w>νουμηνίας</w>
    <suffix></suffix>
    <w>ἢ</w>
    <suffix></suffix>
    <w>σαββάτων</w>
    <suffix>, </suffix>
    <verse-number id="Colossians 2:17">17</verse-number>
    <w>ἅ</w>
    <suffix></suffix>
    <w>ἐστιν</w>
    <suffix></suffix>
    <w>σκιὰ</w>
    <suffix></suffix>
    <w>τῶν</w>
    <suffix></suffix>
    <w>μελλόντων</w>
    <suffix>, </suffix>
    <w>τὸ</w>
    <suffix></suffix>
    <w>δὲ</w>
    <suffix></suffix>
    <w>σῶμα</w>
    <suffix></suffix>
    <prefix> ⸀</prefix>
    <w>τοῦ</w>
    <suffix></suffix>
    <w>Χριστοῦ</w>
    <suffix>. </suffix>
    <verse-number id="Colossians 2:18">18</verse-number>
    <w>μηδεὶς</w>
    <suffix></suffix>
    <w>ὑμᾶς</w>
    <suffix></suffix>
    <w>καταβραβευέτω</w>
    <suffix></suffix>
    <w>θέλων</w>
    <suffix></suffix>
    <w>ἐν</w>
    <suffix></suffix>
    <w>ταπεινοφροσύνῃ</w>
    <suffix></suffix>
    <w>καὶ</w>
    <suffix></suffix>
    <w>θρησκείᾳ</w>
    <suffix></suffix>
    <w>τῶν</w>
    <suffix></suffix>
    <w>ἀγγέλων</w>
    <suffix>, </suffix>
    <prefix> ⸀</prefix>
    <w>ἃ</w>
    <suffix></suffix>
    <w>ἑόρακεν</w>
    <suffix></suffix>
    <w>ἐμβατεύων</w>
    <suffix>, </suffix>
    <w>εἰκῇ</w>
    <suffix></suffix>
    <w>φυσιούμενος</w>
    <suffix></suffix>
    <w>ὑπὸ</w>
    <suffix></suffix>
    <w>τοῦ</w>
    <suffix></suffix>
    <w>νοὸς</w>
    <suffix></suffix>
    <w>τῆς</w>
    <suffix></suffix>
    <w>σαρκὸς</w>
    <suffix></suffix>
    <w>αὐτοῦ</w>
    <suffix>, </suffix>
    <verse-number id="Colossians 2:19">19</verse-number>
    <w>καὶ</w>
    <suffix></suffix>
    <w>οὐ</w>
    <suffix></suffix>
    <w>κρατῶν</w>
    <suffix></suffix>
    <w>τὴν</w>
    <suffix></suffix>
    <w>κεφαλήν</w>
    <suffix>, </suffix>
    <w>ἐξ</w>
    <suffix></suffix>
    <w>οὗ</w>
    <suffix></suffix>
    <w>πᾶν</w>
    <suffix></suffix>
    <w>τὸ</w>
    <suffix></suffix>
    <w>σῶμα</w>
    <suffix></suffix>
    <w>διὰ</w>
    <suffix></suffix>
    <w>τῶν</w>
    <suffix></suffix>
    <w>ἁφῶν</w>
    <suffix></suffix>
    <w>καὶ</w>
    <suffix></suffix>
    <w>συνδέσμων</w>
    <suffix></suffix>
    <w>ἐπιχορηγούμενον</w>
    <suffix></suffix>
    <w>καὶ</w>
    <suffix></suffix>
    <w>συμβιβαζόμενον</w>
    <suffix></suffix>
    <w>αὔξει</w>
    <suffix></suffix>
    <w>τὴν</w>
    <suffix></suffix>
    <w>αὔξησιν</w>
    <suffix></suffix>
    <w>τοῦ</w>
    <suffix></suffix>
    <w>θεοῦ</w>
    <suffix>. </suffix>
  </p>
  <p>
    <verse-number id="Colossians 2:20">20</verse-number>
    <w>Εἰ</w>
    <suffix></suffix>
    <w>ἀπεθάνετε</w>
    <suffix></suffix>
    <w>σὺν</w>
    <suffix></suffix>
    <w>Χριστῷ</w>
    <suffix></suffix>
    <w>ἀπὸ</w>
    <suffix></suffix>
    <w>τῶν</w>
    <suffix></suffix>
    <w>στοιχείων</w>
    <suffix></suffix>
    <w>τοῦ</w>
    <suffix></suffix>
    <w>κόσμου</w>
    <suffix>, </suffix>
    <w>τί</w>
    <suffix></suffix>
    <w>ὡς</w>
    <suffix></suffix>
    <w>ζῶντες</w>
    <suffix></suffix>
    <w>ἐν</w>
    <suffix></suffix>
    <w>κόσμῳ</w>
    <suffix></suffix>
    <w>δογματίζεσθε</w>
    <suffix>· </suffix>
    <verse-number id="Colossians 2:21">21</verse-number>
    <w>Μὴ</w>
    <suffix></suffix>
    <w>ἅψῃ</w>
    <suffix></suffix>
    <w>μηδὲ</w>
    <suffix></suffix>
    <w>γεύσῃ</w>
    <suffix></suffix>
    <w>μηδὲ</w>
    <suffix></suffix>
    <w>θίγῃς</w>
    <suffix>, </suffix>
    <verse-number id="Colossians 2:22">22</verse-number>
    <w>ἅ</w>
    <suffix></suffix>
    <w>ἐστιν</w>
    <suffix></suffix>
    <w>πάντα</w>
    <suffix></suffix>
    <w>εἰς</w>
    <suffix></suffix>
    <w>φθορὰν</w>
    <suffix></suffix>
    <w>τῇ</w>
    <suffix></suffix>
    <w>ἀποχρήσει</w>
    <suffix>, </suffix>
    <w>κατὰ</w>
    <suffix></suffix>
    <w>τὰ</w>
    <suffix></suffix>
    <w>ἐντάλματα</w>
    <suffix></suffix>
    <w>καὶ</w>
    <suffix></suffix>
    <w>διδασκαλίας</w>
    <suffix></suffix>
    <w>τῶν</w>
    <suffix></suffix>
    <w>ἀνθρώπων</w>
    <suffix>; </suffix>
    <verse-number id="Colossians 2:23">23</verse-number>
    <w>ἅτινά</w>
    <suffix></suffix>
    <w>ἐστιν</w>
    <suffix></suffix>
    <w>λόγον</w>
    <suffix></suffix>
    <w>μὲν</w>
    <suffix></suffix>
    <w>ἔχοντα</w>
    <suffix></suffix>
    <w>σοφίας</w>
    <suffix></suffix>
    <w>ἐν</w>
    <suffix></suffix>
    <w>ἐθελοθρησκίᾳ</w>
    <suffix></suffix>
    <w>καὶ</w>
    <suffix></suffix>
    <w>ταπεινοφροσύνῃ</w>
    <suffix></suffix>
    <w>καὶ</w>
    <suffix></suffix>
    <w>ἀφειδίᾳ</w>
    <suffix></suffix>
    <w>σώματος</w>
    <suffix>, </suffix>
    <w>οὐκ</w>
    <suffix></suffix>
    <w>ἐν</w>
    <suffix></suffix>
    <w>τιμῇ</w>
    <suffix></suffix>
    <w>τινι</w>
    <suffix></suffix>
    <w>πρὸς</w>
    <suffix></suffix>
    <w>πλησμονὴν</w>
    <suffix></suffix>
    <w>τῆς</w>
    <suffix></suffix>
    <w>σαρκός</w>
    <suffix>. </suffix>
  </p>
  <p>
    <verse-number id="Colossians 3:1">3:1</verse-number>
    <w>Εἰ</w>
    <suffix></suffix>
    <w>οὖν</w>
    <suffix></suffix>
    <w>συνηγέρθητε</w>
    <suffix></suffix>
    <w>τῷ</w>
    <suffix></suffix>
    <w>Χριστῷ</w>
    <suffix>, </suffix>
    <w>τὰ</w>
    <suffix></suffix>
    <w>ἄνω</w>
    <suffix></suffix>
    <w>ζητεῖτε</w>
    <suffix>, </suffix>
    <w>οὗ</w>
    <suffix></suffix>
    <w>ὁ</w>
    <suffix></suffix>
    <w>Χριστός</w>
    <suffix></suffix>
    <w>ἐστιν</w>
    <suffix></suffix>
    <w>ἐν</w>
    <suffix></suffix>
    <w>δεξιᾷ</w>
    <suffix></suffix>
    <w>τοῦ</w>
    <suffix></suffix>
    <w>θεοῦ</w>
    <suffix></suffix>
    <w>καθήμενος</w>
    <suffix>· </suffix>
    <verse-number id="Colossians 3:2">2</verse-number>
    <w>τὰ</w>
    <suffix></suffix>
    <w>ἄνω</w>
    <suffix></suffix>
    <w>φρονεῖτε</w>
    <suffix>, </suffix>
    <w>μὴ</w>
    <suffix></suffix>
    <w>τὰ</w>
    <suffix></suffix>
    <w>ἐπὶ</w>
    <suffix></suffix>
    <w>τῆς</w>
    <suffix></suffix>
    <w>γῆς</w>
    <suffix>, </suffix>
    <verse-number id="Colossians 3:3">3</verse-number>
    <w>ἀπεθάνετε</w>
    <suffix></suffix>
    <w>γάρ</w>
    <suffix>, </suffix>
    <w>καὶ</w>
    <suffix></suffix>
    <w>ἡ</w>
    <suffix></suffix>
    <w>ζωὴ</w>
    <suffix></suffix>
    <w>ὑμῶν</w>
    <suffix></suffix>
    <w>κέκρυπται</w>
    <suffix></suffix>
    <w>σὺν</w>
    <suffix></suffix>
    <w>τῷ</w>
    <suffix></suffix>
    <w>Χριστῷ</w>
    <suffix></suffix>
    <w>ἐν</w>
    <suffix></suffix>
    <w>τῷ</w>
    <suffix></suffix>
    <w>θεῷ</w>
    <suffix>· </suffix>
    <verse-number id="Colossians 3:4">4</verse-number>
    <w>ὅταν</w>
    <suffix></suffix>
    <w>ὁ</w>
    <suffix></suffix>
    <w>Χριστὸς</w>
    <suffix></suffix>
    <w>φανερωθῇ</w>
    <suffix>, </suffix>
    <w>ἡ</w>
    <suffix></suffix>
    <w>ζωὴ</w>
    <suffix></suffix>
    <prefix> ⸀</prefix>
    <w>ὑμῶν</w>
    <suffix>, </suffix>
    <w>τότε</w>
    <suffix></suffix>
    <w>καὶ</w>
    <suffix></suffix>
    <w>ὑμεῖς</w>
    <suffix></suffix>
    <w>σὺν</w>
    <suffix></suffix>
    <w>αὐτῷ</w>
    <suffix></suffix>
    <w>φανερωθήσεσθε</w>
    <suffix></suffix>
    <w>ἐν</w>
    <suffix></suffix>
    <w>δόξῃ</w>
    <suffix>. </suffix>
  </p>
  <p>
    <verse-number id="Colossians 3:5">5</verse-number>
    <w>Νεκρώσατε</w>
    <suffix></suffix>
    <w>οὖν</w>
    <suffix></suffix>
    <w>τὰ</w>
    <suffix></suffix>
    <prefix> ⸀</prefix>
    <w>μέλη</w>
    <suffix></suffix>
    <w>τὰ</w>
    <suffix></suffix>
    <w>ἐπὶ</w>
    <suffix></suffix>
    <w>τῆς</w>
    <suffix></suffix>
    <w>γῆς</w>
    <suffix>, </suffix>
    <w>πορνείαν</w>
    <suffix>, </suffix>
    <w>ἀκαθαρσίαν</w>
    <suffix>, </suffix>
    <w>πάθος</w>
    <suffix>, </suffix>
    <w>ἐπιθυμίαν</w>
    <suffix></suffix>
    <w>κακήν</w>
    <suffix>, </suffix>
    <w>καὶ</w>
    <suffix></suffix>
    <w>τὴν</w>
    <suffix></suffix>
    <w>πλεονεξίαν</w>
    <suffix></suffix>
    <w>ἥτις</w>
    <suffix></suffix>
    <w>ἐστὶν</w>
    <suffix></suffix>
    <w>εἰδωλολατρία</w>
    <suffix>, </suffix>
    <verse-number id="Colossians 3:6">6</verse-number>
    <w>διʼ</w>
    <suffix></suffix>
    <w>ἃ</w>
    <suffix></suffix>
    <w>ἔρχεται</w>
    <suffix></suffix>
    <w>ἡ</w>
    <suffix></suffix>
    <w>ὀργὴ</w>
    <suffix></suffix>
    <w>τοῦ</w>
    <suffix></suffix>
    <w>θεοῦ</w>
    <suffix></suffix>
    <prefix> ⸂</prefix>
    <w>ἐπὶ</w>
    <suffix></suffix>
    <w>τοὺς</w>
    <suffix></suffix>
    <w>υἱοὺς</w>
    <suffix></suffix>
    <w>τῆς</w>
    <suffix></suffix>
    <w>ἀπειθείας</w>
    <suffix>⸃· </suffix>
    <verse-number id="Colossians 3:7">7</verse-number>
    <w>ἐν</w>
    <suffix></suffix>
    <w>οἷς</w>
    <suffix></suffix>
    <w>καὶ</w>
    <suffix></suffix>
    <w>ὑμεῖς</w>
    <suffix></suffix>
    <w>περιεπατήσατέ</w>
    <suffix></suffix>
    <w>ποτε</w>
    <suffix></suffix>
    <w>ὅτε</w>
    <suffix></suffix>
    <w>ἐζῆτε</w>
    <suffix></suffix>
    <w>ἐν</w>
    <suffix></suffix>
    <prefix> ⸀</prefix>
    <w>τούτοις</w>
    <suffix>· </suffix>
    <verse-number id="Colossians 3:8">8</verse-number>
    <w>νυνὶ</w>
    <suffix></suffix>
    <w>δὲ</w>
    <suffix></suffix>
    <w>ἀπόθεσθε</w>
    <suffix></suffix>
    <w>καὶ</w>
    <suffix></suffix>
    <w>ὑμεῖς</w>
    <suffix></suffix>
    <w>τὰ</w>
    <suffix></suffix>
    <w>πάντα</w>
    <suffix>, </suffix>
    <w>ὀργήν</w>
    <suffix>, </suffix>
    <w>θυμόν</w>
    <suffix>, </suffix>
    <w>κακίαν</w>
    <suffix>, </suffix>
    <w>βλασφημίαν</w>
    <suffix>, </suffix>
    <w>αἰσχρολογίαν</w>
    <suffix></suffix>
    <w>ἐκ</w>
    <suffix></suffix>
    <w>τοῦ</w>
    <suffix></suffix>
    <w>στόματος</w>
    <suffix></suffix>
    <w>ὑμῶν</w>
    <suffix>· </suffix>
    <verse-number id="Colossians 3:9">9</verse-number>
    <w>μὴ</w>
    <suffix></suffix>
    <w>ψεύδεσθε</w>
    <suffix></suffix>
    <w>εἰς</w>
    <suffix></suffix>
    <w>ἀλλήλους</w>
    <suffix>· </suffix>
    <w>ἀπεκδυσάμενοι</w>
    <suffix></suffix>
    <w>τὸν</w>
    <suffix></suffix>
    <w>παλαιὸν</w>
    <suffix></suffix>
    <w>ἄνθρωπον</w>
    <suffix></suffix>
    <w>σὺν</w>
    <suffix></suffix>
    <w>ταῖς</w>
    <suffix></suffix>
    <w>πράξεσιν</w>
    <suffix></suffix>
    <w>αὐτοῦ</w>
    <suffix>, </suffix>
    <verse-number id="Colossians 3:10">10</verse-number>
    <w>καὶ</w>
    <suffix></suffix>
    <w>ἐνδυσάμενοι</w>
    <suffix></suffix>
    <w>τὸν</w>
    <suffix></suffix>
    <w>νέον</w>
    <suffix></suffix>
    <w>τὸν</w>
    <suffix></suffix>
    <w>ἀνακαινούμενον</w>
    <suffix></suffix>
    <w>εἰς</w>
    <suffix></suffix>
    <w>ἐπίγνωσιν</w>
    <suffix></suffix>
    <w>κατʼ</w>
    <suffix></suffix>
    <w>εἰκόνα</w>
    <suffix></suffix>
    <w>τοῦ</w>
    <suffix></suffix>
    <w>κτίσαντος</w>
    <suffix></suffix>
    <w>αὐτόν</w>
    <suffix>, </suffix>
    <verse-number id="Colossians 3:11">11</verse-number>
    <w>ὅπου</w>
    <suffix></suffix>
    <w>οὐκ</w>
    <suffix></suffix>
    <w>ἔνι</w>
    <suffix></suffix>
    <w>Ἕλλην</w>
    <suffix></suffix>
    <w>καὶ</w>
    <suffix></suffix>
    <w>Ἰουδαῖος</w>
    <suffix>, </suffix>
    <w>περιτομὴ</w>
    <suffix></suffix>
    <w>καὶ</w>
    <suffix></suffix>
    <w>ἀκροβυστία</w>
    <suffix>, </suffix>
    <w>βάρβαρος</w>
    <suffix>, </suffix>
    <w>Σκύθης</w>
    <suffix>, </suffix>
    <w>δοῦλος</w>
    <suffix>, </suffix>
    <w>ἐλεύθερος</w>
    <suffix>, </suffix>
    <w>ἀλλὰ</w>
    <suffix></suffix>
    <prefix> ⸀</prefix>
    <w>τὰ</w>
    <suffix></suffix>
    <w>πάντα</w>
    <suffix></suffix>
    <w>καὶ</w>
    <suffix></suffix>
    <w>ἐν</w>
    <suffix></suffix>
    <w>πᾶσιν</w>
    <suffix></suffix>
    <w>Χριστός</w>
    <suffix>. </suffix>
  </p>
  <p>
    <verse-number id="Colossians 3:12">12</verse-number>
    <w>Ἐνδύσασθε</w>
    <suffix></suffix>
    <w>οὖν</w>
    <suffix></suffix>
    <w>ὡς</w>
    <suffix></suffix>
    <w>ἐκλεκτοὶ</w>
    <suffix></suffix>
    <w>τοῦ</w>
    <suffix></suffix>
    <w>θεοῦ</w>
    <suffix>, </suffix>
    <w>ἅγιοι</w>
    <suffix></suffix>
    <w>καὶ</w>
    <suffix></suffix>
    <w>ἠγαπημένοι</w>
    <suffix>, </suffix>
    <w>σπλάγχνα</w>
    <suffix></suffix>
    <w>οἰκτιρμοῦ</w>
    <suffix>, </suffix>
    <w>χρηστότητα</w>
    <suffix>, </suffix>
    <w>ταπεινοφροσύνην</w>
    <suffix>, </suffix>
    <w>πραΰτητα</w>
    <suffix>, </suffix>
    <w>μακροθυμίαν</w>
    <suffix>, </suffix>
    <verse-number id="Colossians 3:13">13</verse-number>
    <w>ἀνεχόμενοι</w>
    <suffix></suffix>
    <w>ἀλλήλων</w>
    <suffix></suffix>
    <w>καὶ</w>
    <suffix></suffix>
    <w>χαριζόμενοι</w>
    <suffix></suffix>
    <w>ἑαυτοῖς</w>
    <suffix></suffix>
    <w>ἐάν</w>
    <suffix></suffix>
    <w>τις</w>
    <suffix></suffix>
    <w>πρός</w>
    <suffix></suffix>
    <w>τινα</w>
    <suffix></suffix>
    <w>ἔχῃ</w>
    <suffix></suffix>
    <w>μομφήν</w>
    <suffix>· </suffix>
    <w>καθὼς</w>
    <suffix></suffix>
    <w>καὶ</w>
    <suffix></suffix>
    <w>ὁ</w>
    <suffix></suffix>
    <prefix> ⸀</prefix>
    <w>κύριος</w>
    <suffix></suffix>
    <w>ἐχαρίσατο</w>
    <suffix></suffix>
    <w>ὑμῖν</w>
    <suffix></suffix>
    <w>οὕτως</w>
    <suffix></suffix>
    <w>καὶ</w>
    <suffix></suffix>
    <w>ὑμεῖς</w>
    <suffix>· </suffix>
    <verse-number id="Colossians 3:14">14</verse-number>
    <w>ἐπὶ</w>
    <suffix></suffix>
    <w>πᾶσιν</w>
    <suffix></suffix>
    <w>δὲ</w>
    <suffix></suffix>
    <w>τούτοις</w>
    <suffix></suffix>
    <w>τὴν</w>
    <suffix></suffix>
    <w>ἀγάπην</w>
    <suffix>, </suffix>
    <prefix> ⸀</prefix>
    <w>ὅ</w>
    <suffix></suffix>
    <w>ἐστιν</w>
    <suffix></suffix>
    <w>σύνδεσμος</w>
    <suffix></suffix>
    <w>τῆς</w>
    <suffix></suffix>
    <w>τελειότητος</w>
    <suffix>. </suffix>
    <verse-number id="Colossians 3:15">15</verse-number>
    <w>καὶ</w>
    <suffix></suffix>
    <w>ἡ</w>
    <suffix></suffix>
    <w>εἰρήνη</w>
    <suffix></suffix>
    <w>τοῦ</w>
    <suffix></suffix>
    <prefix> ⸀</prefix>
    <w>Χριστοῦ</w>
    <suffix></suffix>
    <w>βραβευέτω</w>
    <suffix></suffix>
    <w>ἐν</w>
    <suffix></suffix>
    <w>ταῖς</w>
    <suffix></suffix>
    <w>καρδίαις</w>
    <suffix></suffix>
    <w>ὑμῶν</w>
    <suffix>, </suffix>
    <w>εἰς</w>
    <suffix></suffix>
    <w>ἣν</w>
    <suffix></suffix>
    <w>καὶ</w>
    <suffix></suffix>
    <w>ἐκλήθητε</w>
    <suffix></suffix>
    <w>ἐν</w>
    <suffix></suffix>
    <w>ἑνὶ</w>
    <suffix></suffix>
    <w>σώματι</w>
    <suffix>· </suffix>
    <w>καὶ</w>
    <suffix></suffix>
    <w>εὐχάριστοι</w>
    <suffix></suffix>
    <w>γίνεσθε</w>
    <suffix>. </suffix>
    <verse-number id="Colossians 3:16">16</verse-number>
    <w>ὁ</w>
    <suffix></suffix>
    <w>λόγος</w>
    <suffix></suffix>
    <w>τοῦ</w>
    <suffix></suffix>
    <w>Χριστοῦ</w>
    <suffix></suffix>
    <w>ἐνοικείτω</w>
    <suffix></suffix>
    <w>ἐν</w>
    <suffix></suffix>
    <w>ὑμῖν</w>
    <suffix></suffix>
    <w>πλουσίως</w>
    <suffix></suffix>
    <w>ἐν</w>
    <suffix></suffix>
    <w>πάσῃ</w>
    <suffix></suffix>
    <w>σοφίᾳ</w>
    <suffix>· </suffix>
    <w>διδάσκοντες</w>
    <suffix></suffix>
    <w>καὶ</w>
    <suffix></suffix>
    <w>νουθετοῦντες</w>
    <suffix></suffix>
    <w>ἑαυτοὺς</w>
    <suffix></suffix>
    <prefix> ⸀</prefix>
    <w>ψαλμοῖς</w>
    <suffix>, </suffix>
    <prefix> ⸀</prefix>
    <w>ὕμνοις</w>
    <suffix>, </suffix>
    <w>ᾠδαῖς</w>
    <suffix></suffix>
    <w>πνευματικαῖς</w>
    <suffix></suffix>
    <prefix> ⸀</prefix>
    <w>ἐν</w>
    <suffix></suffix>
    <w>χάριτι</w>
    <suffix>, </suffix>
    <w>ᾄδοντες</w>
    <suffix></suffix>
    <w>ἐν</w>
    <suffix></suffix>
    <prefix> ⸂</prefix>
    <w>ταῖς</w>
    <suffix></suffix>
    <w>καρδίαις</w>
    <suffix>⸃ </suffix>
    <w>ὑμῶν</w>
    <suffix></suffix>
    <w>τῷ</w>
    <suffix></suffix>
    <prefix> ⸀</prefix>
    <w>θεῷ</w>
    <suffix>· </suffix>
    <verse-number id="Colossians 3:17">17</verse-number>
    <w>καὶ</w>
    <suffix></suffix>
    <w>πᾶν</w>
    <suffix></suffix>
    <prefix> ⸂</prefix>
    <w>ὅ</w>
    <suffix></suffix>
    <w>τι</w>
    <suffix>⸃ </suffix>
    <prefix> ⸀</prefix>
    <w>ἐὰν</w>
    <suffix></suffix>
    <w>ποιῆτε</w>
    <suffix></suffix>
    <w>ἐν</w>
    <suffix></suffix>
    <w>λόγῳ</w>
    <suffix></suffix>
    <w>ἢ</w>
    <suffix></suffix>
    <w>ἐν</w>
    <suffix></suffix>
    <w>ἔργῳ</w>
    <suffix>, </suffix>
    <w>πάντα</w>
    <suffix></suffix>
    <w>ἐν</w>
    <suffix></suffix>
    <w>ὀνόματι</w>
    <suffix></suffix>
    <w>κυρίου</w>
    <suffix></suffix>
    <w>Ἰησοῦ</w>
    <suffix>, </suffix>
    <w>εὐχαριστοῦντες</w>
    <suffix></suffix>
    <w>τῷ</w>
    <suffix></suffix>
    <prefix> ⸀</prefix>
    <w>θεῷ</w>
    <suffix></suffix>
    <w>πατρὶ</w>
    <suffix></suffix>
    <w>διʼ</w>
    <suffix></suffix>
    <w>αὐτοῦ</w>
    <suffix>. </suffix>
  </p>
  <p>
    <verse-number id="Colossians 3:18">18</verse-number>
    <w>Αἱ</w>
    <suffix></suffix>
    <w>γυναῖκες</w>
    <suffix>, </suffix>
    <w>ὑποτάσσεσθε</w>
    <suffix></suffix>
    <prefix> ⸀</prefix>
    <w>τοῖς</w>
    <suffix></suffix>
    <w>ἀνδράσιν</w>
    <suffix>, </suffix>
    <w>ὡς</w>
    <suffix></suffix>
    <w>ἀνῆκεν</w>
    <suffix></suffix>
    <w>ἐν</w>
    <suffix></suffix>
    <w>κυρίῳ</w>
    <suffix>. </suffix>
    <verse-number id="Colossians 3:19">19</verse-number>
    <w>οἱ</w>
    <suffix></suffix>
    <w>ἄνδρες</w>
    <suffix>, </suffix>
    <w>ἀγαπᾶτε</w>
    <suffix></suffix>
    <w>τὰς</w>
    <suffix></suffix>
    <w>γυναῖκας</w>
    <suffix></suffix>
    <w>καὶ</w>
    <suffix></suffix>
    <w>μὴ</w>
    <suffix></suffix>
    <w>πικραίνεσθε</w>
    <suffix></suffix>
    <w>πρὸς</w>
    <suffix></suffix>
    <w>αὐτάς</w>
    <suffix>. </suffix>
  </p>
  <p>
    <verse-number id="Colossians 3:20">20</verse-number>
    <w>Τὰ</w>
    <suffix></suffix>
    <w>τέκνα</w>
    <suffix>, </suffix>
    <w>ὑπακούετε</w>
    <suffix></suffix>
    <w>τοῖς</w>
    <suffix></suffix>
    <w>γονεῦσιν</w>
    <suffix></suffix>
    <w>κατὰ</w>
    <suffix></suffix>
    <w>πάντα</w>
    <suffix>, </suffix>
    <w>τοῦτο</w>
    <suffix></suffix>
    <w>γὰρ</w>
    <suffix></suffix>
    <prefix> ⸂</prefix>
    <w>εὐάρεστόν</w>
    <suffix></suffix>
    <w>ἐστιν</w>
    <suffix>⸃ </suffix>
    <w>ἐν</w>
    <suffix></suffix>
    <w>κυρίῳ</w>
    <suffix>. </suffix>
    <verse-number id="Colossians 3:21">21</verse-number>
    <w>οἱ</w>
    <suffix></suffix>
    <w>πατέρες</w>
    <suffix>, </suffix>
    <w>μὴ</w>
    <suffix></suffix>
    <w>ἐρεθίζετε</w>
    <suffix></suffix>
    <w>τὰ</w>
    <suffix></suffix>
    <w>τέκνα</w>
    <suffix></suffix>
    <w>ὑμῶν</w>
    <suffix>, </suffix>
    <w>ἵνα</w>
    <suffix></suffix>
    <w>μὴ</w>
    <suffix></suffix>
    <w>ἀθυμῶσιν</w>
    <suffix>. </suffix>
    <verse-number id="Colossians 3:22">22</verse-number>
    <w>οἱ</w>
    <suffix></suffix>
    <w>δοῦλοι</w>
    <suffix>, </suffix>
    <w>ὑπακούετε</w>
    <suffix></suffix>
    <w>κατὰ</w>
    <suffix></suffix>
    <w>πάντα</w>
    <suffix></suffix>
    <w>τοῖς</w>
    <suffix></suffix>
    <w>κατὰ</w>
    <suffix></suffix>
    <w>σάρκα</w>
    <suffix></suffix>
    <w>κυρίοις</w>
    <suffix>, </suffix>
    <w>μὴ</w>
    <suffix></suffix>
    <w>ἐν</w>
    <suffix></suffix>
    <prefix> ⸀</prefix>
    <w>ὀφθαλμοδουλίαις</w>
    <suffix>, </suffix>
    <w>ὡς</w>
    <suffix></suffix>
    <w>ἀνθρωπάρεσκοι</w>
    <suffix>, </suffix>
    <w>ἀλλʼ</w>
    <suffix></suffix>
    <w>ἐν</w>
    <suffix></suffix>
    <w>ἁπλότητι</w>
    <suffix></suffix>
    <w>καρδίας</w>
    <suffix>, </suffix>
    <w>φοβούμενοι</w>
    <suffix></suffix>
    <w>τὸν</w>
    <suffix></suffix>
    <prefix> ⸀</prefix>
    <w>κύριον</w>
    <suffix>. </suffix>
    <verse-number id="Colossians 3:23">23</verse-number>
    <prefix> ⸀</prefix>
    <w>ὃ</w>
    <suffix></suffix>
    <w>ἐὰν</w>
    <suffix></suffix>
    <w>ποιῆτε</w>
    <suffix>, </suffix>
    <w>ἐκ</w>
    <suffix></suffix>
    <w>ψυχῆς</w>
    <suffix></suffix>
    <w>ἐργάζεσθε</w>
    <suffix>, </suffix>
    <w>ὡς</w>
    <suffix></suffix>
    <w>τῷ</w>
    <suffix></suffix>
    <w>κυρίῳ</w>
    <suffix></suffix>
    <w>καὶ</w>
    <suffix></suffix>
    <w>οὐκ</w>
    <suffix></suffix>
    <w>ἀνθρώποις</w>
    <suffix>, </suffix>
    <verse-number id="Colossians 3:24">24</verse-number>
    <w>εἰδότες</w>
    <suffix></suffix>
    <w>ὅτι</w>
    <suffix></suffix>
    <w>ἀπὸ</w>
    <suffix></suffix>
    <w>κυρίου</w>
    <suffix></suffix>
    <prefix> ⸀</prefix>
    <w>ἀπολήμψεσθε</w>
    <suffix></suffix>
    <w>τὴν</w>
    <suffix></suffix>
    <w>ἀνταπόδοσιν</w>
    <suffix></suffix>
    <w>τῆς</w>
    <suffix></suffix>
    <w>κληρονομίας</w>
    <suffix>· </suffix>
    <prefix> ⸀</prefix>
    <w>τῷ</w>
    <suffix></suffix>
    <w>κυρίῳ</w>
    <suffix></suffix>
    <w>Χριστῷ</w>
    <suffix></suffix>
    <w>δουλεύετε</w>
    <suffix>· </suffix>
    <verse-number id="Colossians 3:25">25</verse-number>
    <w>ὁ</w>
    <suffix></suffix>
    <prefix> ⸀</prefix>
    <w>γὰρ</w>
    <suffix></suffix>
    <w>ἀδικῶν</w>
    <suffix></suffix>
    <w>κομίσεται</w>
    <suffix></suffix>
    <w>ὃ</w>
    <suffix></suffix>
    <w>ἠδίκησεν</w>
    <suffix>, </suffix>
    <w>καὶ</w>
    <suffix></suffix>
    <w>οὐκ</w>
    <suffix></suffix>
    <w>ἔστιν</w>
    <suffix></suffix>
    <w>προσωπολημψία</w>
    <suffix>. </suffix>
    <verse-number id="Colossians 4:1">4:1</verse-number>
    <w>οἱ</w>
    <suffix></suffix>
    <w>κύριοι</w>
    <suffix>, </suffix>
    <w>τὸ</w>
    <suffix></suffix>
    <w>δίκαιον</w>
    <suffix></suffix>
    <w>καὶ</w>
    <suffix></suffix>
    <w>τὴν</w>
    <suffix></suffix>
    <w>ἰσότητα</w>
    <suffix></suffix>
    <w>τοῖς</w>
    <suffix></suffix>
    <w>δούλοις</w>
    <suffix></suffix>
    <w>παρέχεσθε</w>
    <suffix>, </suffix>
    <w>εἰδότες</w>
    <suffix></suffix>
    <w>ὅτι</w>
    <suffix></suffix>
    <w>καὶ</w>
    <suffix></suffix>
    <w>ὑμεῖς</w>
    <suffix></suffix>
    <w>ἔχετε</w>
    <suffix></suffix>
    <w>κύριον</w>
    <suffix></suffix>
    <w>ἐν</w>
    <suffix></suffix>
    <prefix> ⸀</prefix>
    <w>οὐρανῷ</w>
    <suffix>. </suffix>
  </p>
  <p>
    <verse-number id="Colossians 4:2">2</verse-number>
    <w>Τῇ</w>
    <suffix></suffix>
    <w>προσευχῇ</w>
    <suffix></suffix>
    <w>προσκαρτερεῖτε</w>
    <suffix>, </suffix>
    <w>γρηγοροῦντες</w>
    <suffix></suffix>
    <w>ἐν</w>
    <suffix></suffix>
    <w>αὐτῇ</w>
    <suffix></suffix>
    <w>ἐν</w>
    <suffix></suffix>
    <w>εὐχαριστίᾳ</w>
    <suffix>, </suffix>
    <verse-number id="Colossians 4:3">3</verse-number>
    <w>προσευχόμενοι</w>
    <suffix></suffix>
    <w>ἅμα</w>
    <suffix></suffix>
    <w>καὶ</w>
    <suffix></suffix>
    <w>περὶ</w>
    <suffix></suffix>
    <w>ἡμῶν</w>
    <suffix>, </suffix>
    <w>ἵνα</w>
    <suffix></suffix>
    <w>ὁ</w>
    <suffix></suffix>
    <w>θεὸς</w>
    <suffix></suffix>
    <w>ἀνοίξῃ</w>
    <suffix></suffix>
    <w>ἡμῖν</w>
    <suffix></suffix>
    <w>θύραν</w>
    <suffix></suffix>
    <w>τοῦ</w>
    <suffix></suffix>
    <w>λόγου</w>
    <suffix>, </suffix>
    <w>λαλῆσαι</w>
    <suffix></suffix>
    <w>τὸ</w>
    <suffix></suffix>
    <w>μυστήριον</w>
    <suffix></suffix>
    <w>τοῦ</w>
    <suffix></suffix>
    <w>Χριστοῦ</w>
    <suffix>, </suffix>
    <w>διʼ</w>
    <suffix></suffix>
    <w>ὃ</w>
    <suffix></suffix>
    <w>καὶ</w>
    <suffix></suffix>
    <w>δέδεμαι</w>
    <suffix>, </suffix>
    <verse-number id="Colossians 4:4">4</verse-number>
    <w>ἵνα</w>
    <suffix></suffix>
    <w>φανερώσω</w>
    <suffix></suffix>
    <w>αὐτὸ</w>
    <suffix></suffix>
    <w>ὡς</w>
    <suffix></suffix>
    <w>δεῖ</w>
    <suffix></suffix>
    <w>με</w>
    <suffix></suffix>
    <w>λαλῆσαι</w>
    <suffix>. </suffix>
  </p>
  <p>
    <verse-number id="Colossians 4:5">5</verse-number>
    <w>Ἐν</w>
    <suffix></suffix>
    <w>σοφίᾳ</w>
    <suffix></suffix>
    <w>περιπατεῖτε</w>
    <suffix></suffix>
    <w>πρὸς</w>
    <suffix></suffix>
    <w>τοὺς</w>
    <suffix></suffix>
    <w>ἔξω</w>
    <suffix>, </suffix>
    <w>τὸν</w>
    <suffix></suffix>
    <w>καιρὸν</w>
    <suffix></suffix>
    <w>ἐξαγοραζόμενοι</w>
    <suffix>. </suffix>
    <verse-number id="Colossians 4:6">6</verse-number>
    <w>ὁ</w>
    <suffix></suffix>
    <w>λόγος</w>
    <suffix></suffix>
    <w>ὑμῶν</w>
    <suffix></suffix>
    <w>πάντοτε</w>
    <suffix></suffix>
    <w>ἐν</w>
    <suffix></suffix>
    <w>χάριτι</w>
    <suffix>, </suffix>
    <w>ἅλατι</w>
    <suffix></suffix>
    <w>ἠρτυμένος</w>
    <suffix>, </suffix>
    <w>εἰδέναι</w>
    <suffix></suffix>
    <w>πῶς</w>
    <suffix></suffix>
    <w>δεῖ</w>
    <suffix></suffix>
    <w>ὑμᾶς</w>
    <suffix></suffix>
    <w>ἑνὶ</w>
    <suffix></suffix>
    <w>ἑκάστῳ</w>
    <suffix></suffix>
    <w>ἀποκρίνεσθαι</w>
    <suffix>. </suffix>
  </p>
  <p>
    <verse-number id="Colossians 4:7">7</verse-number>
    <w>Τὰ</w>
    <suffix></suffix>
    <w>κατʼ</w>
    <suffix></suffix>
    <w>ἐμὲ</w>
    <suffix></suffix>
    <w>πάντα</w>
    <suffix></suffix>
    <w>γνωρίσει</w>
    <suffix></suffix>
    <w>ὑμῖν</w>
    <suffix></suffix>
    <w>Τυχικὸς</w>
    <suffix></suffix>
    <w>ὁ</w>
    <suffix></suffix>
    <w>ἀγαπητὸς</w>
    <suffix></suffix>
    <w>ἀδελφὸς</w>
    <suffix></suffix>
    <w>καὶ</w>
    <suffix></suffix>
    <w>πιστὸς</w>
    <suffix></suffix>
    <w>διάκονος</w>
    <suffix></suffix>
    <w>καὶ</w>
    <suffix></suffix>
    <w>σύνδουλος</w>
    <suffix></suffix>
    <w>ἐν</w>
    <suffix></suffix>
    <w>κυρίῳ</w>
    <suffix>, </suffix>
    <verse-number id="Colossians 4:8">8</verse-number>
    <w>ὃν</w>
    <suffix></suffix>
    <w>ἔπεμψα</w>
    <suffix></suffix>
    <w>πρὸς</w>
    <suffix></suffix>
    <w>ὑμᾶς</w>
    <suffix></suffix>
    <w>εἰς</w>
    <suffix></suffix>
    <w>αὐτὸ</w>
    <suffix></suffix>
    <w>τοῦτο</w>
    <suffix></suffix>
    <w>ἵνα</w>
    <suffix></suffix>
    <prefix> ⸀</prefix>
    <w>γνῶτε</w>
    <suffix></suffix>
    <w>τὰ</w>
    <suffix></suffix>
    <w>περὶ</w>
    <suffix></suffix>
    <prefix> ⸀</prefix>
    <w>ἡμῶν</w>
    <suffix></suffix>
    <w>καὶ</w>
    <suffix></suffix>
    <w>παρακαλέσῃ</w>
    <suffix></suffix>
    <w>τὰς</w>
    <suffix></suffix>
    <w>καρδίας</w>
    <suffix></suffix>
    <w>ὑμῶν</w>
    <suffix>, </suffix>
    <verse-number id="Colossians 4:9">9</verse-number>
    <w>σὺν</w>
    <suffix></suffix>
    <w>Ὀνησίμῳ</w>
    <suffix></suffix>
    <w>τῷ</w>
    <suffix></suffix>
    <w>πιστῷ</w>
    <suffix></suffix>
    <w>καὶ</w>
    <suffix></suffix>
    <w>ἀγαπητῷ</w>
    <suffix></suffix>
    <w>ἀδελφῷ</w>
    <suffix>, </suffix>
    <w>ὅς</w>
    <suffix></suffix>
    <w>ἐστιν</w>
    <suffix></suffix>
    <w>ἐξ</w>
    <suffix></suffix>
    <w>ὑμῶν</w>
    <suffix>· </suffix>
    <w>πάντα</w>
    <suffix></suffix>
    <w>ὑμῖν</w>
    <suffix></suffix>
    <w>γνωρίσουσιν</w>
    <suffix></suffix>
    <w>τὰ</w>
    <suffix></suffix>
    <w>ὧδε</w>
    <suffix>. </suffix>
  </p>
  <p>
    <verse-number id="Colossians 4:10">10</verse-number>
    <w>Ἀσπάζεται</w>
    <suffix></suffix>
    <w>ὑμᾶς</w>
    <suffix></suffix>
    <w>Ἀρίσταρχος</w>
    <suffix></suffix>
    <w>ὁ</w>
    <suffix></suffix>
    <w>συναιχμάλωτός</w>
    <suffix></suffix>
    <w>μου</w>
    <suffix>, </suffix>
    <w>καὶ</w>
    <suffix></suffix>
    <w>Μᾶρκος</w>
    <suffix></suffix>
    <w>ὁ</w>
    <suffix></suffix>
    <w>ἀνεψιὸς</w>
    <suffix></suffix>
    <w>Βαρναβᾶ</w>
    <suffix></suffix>
    <prefix> (</prefix>
    <w>περὶ</w>
    <suffix></suffix>
    <w>οὗ</w>
    <suffix></suffix>
    <w>ἐλάβετε</w>
    <suffix></suffix>
    <w>ἐντολάς</w>
    <suffix>, </suffix>
    <w>ἐὰν</w>
    <suffix></suffix>
    <w>ἔλθῃ</w>
    <suffix></suffix>
    <w>πρὸς</w>
    <suffix></suffix>
    <w>ὑμᾶς</w>
    <suffix></suffix>
    <w>δέξασθε</w>
    <suffix></suffix>
    <w>αὐτόν</w>
    <suffix>), </suffix>
    <verse-number id="Colossians 4:11">11</verse-number>
    <w>καὶ</w>
    <suffix></suffix>
    <w>Ἰησοῦς</w>
    <suffix></suffix>
    <w>ὁ</w>
    <suffix></suffix>
    <w>λεγόμενος</w>
    <suffix></suffix>
    <w>Ἰοῦστος</w>
    <suffix>, </suffix>
    <w>οἱ</w>
    <suffix></suffix>
    <w>ὄντες</w>
    <suffix></suffix>
    <w>ἐκ</w>
    <suffix></suffix>
    <w>περιτομῆς</w>
    <suffix>, </suffix>
    <w>οὗτοι</w>
    <suffix></suffix>
    <w>μόνοι</w>
    <suffix></suffix>
    <w>συνεργοὶ</w>
    <suffix></suffix>
    <w>εἰς</w>
    <suffix></suffix>
    <w>τὴν</w>
    <suffix></suffix>
    <w>βασιλείαν</w>
    <suffix></suffix>
    <w>τοῦ</w>
    <suffix></suffix>
    <w>θεοῦ</w>
    <suffix>, </suffix>
    <w>οἵτινες</w>
    <suffix></suffix>
    <w>ἐγενήθησάν</w>
    <suffix></suffix>
    <w>μοι</w>
    <suffix></suffix>
    <w>παρηγορία</w>
    <suffix>. </suffix>
    <verse-number id="Colossians 4:12">12</verse-number>
    <w>ἀσπάζεται</w>
    <suffix></suffix>
    <w>ὑμᾶς</w>
    <suffix></suffix>
    <w>Ἐπαφρᾶς</w>
    <suffix></suffix>
    <w>ὁ</w>
    <suffix></suffix>
    <w>ἐξ</w>
    <suffix></suffix>
    <w>ὑμῶν</w>
    <suffix>, </suffix>
    <w>δοῦλος</w>
    <suffix></suffix>
    <prefix> ⸀</prefix>
    <w>Χριστοῦ</w>
    <suffix>, </suffix>
    <w>πάντοτε</w>
    <suffix></suffix>
    <w>ἀγωνιζόμενος</w>
    <suffix></suffix>
    <w>ὑπὲρ</w>
    <suffix></suffix>
    <w>ὑμῶν</w>
    <suffix></suffix>
    <w>ἐν</w>
    <suffix></suffix>
    <w>ταῖς</w>
    <suffix></suffix>
    <w>προσευχαῖς</w>
    <suffix>, </suffix>
    <w>ἵνα</w>
    <suffix></suffix>
    <prefix> ⸀</prefix>
    <w>σταθῆτε</w>
    <suffix></suffix>
    <w>τέλειοι</w>
    <suffix></suffix>
    <w>καὶ</w>
    <suffix></suffix>
    <prefix> ⸀</prefix>
    <w>πεπληροφορημένοι</w>
    <suffix></suffix>
    <w>ἐν</w>
    <suffix></suffix>
    <w>παντὶ</w>
    <suffix></suffix>
    <w>θελήματι</w>
    <suffix></suffix>
    <w>τοῦ</w>
    <suffix></suffix>
    <w>θεοῦ</w>
    <suffix>. </suffix>
    <verse-number id="Colossians 4:13">13</verse-number>
    <w>μαρτυρῶ</w>
    <suffix></suffix>
    <w>γὰρ</w>
    <suffix></suffix>
    <w>αὐτῷ</w>
    <suffix></suffix>
    <w>ὅτι</w>
    <suffix></suffix>
    <w>ἔχει</w>
    <suffix></suffix>
    <prefix> ⸂</prefix>
    <w>πολὺν</w>
    <suffix></suffix>
    <w>πόνον</w>
    <suffix>⸃ </suffix>
    <w>ὑπὲρ</w>
    <suffix></suffix>
    <w>ὑμῶν</w>
    <suffix></suffix>
    <w>καὶ</w>
    <suffix></suffix>
    <w>τῶν</w>
    <suffix></suffix>
    <w>ἐν</w>
    <suffix></suffix>
    <w>Λαοδικείᾳ</w>
    <suffix></suffix>
    <w>καὶ</w>
    <suffix></suffix>
    <w>τῶν</w>
    <suffix></suffix>
    <w>ἐν</w>
    <suffix></suffix>
    <w>Ἱεραπόλει</w>
    <suffix>. </suffix>
    <verse-number id="Colossians 4:14">14</verse-number>
    <w>ἀσπάζεται</w>
    <suffix></suffix>
    <w>ὑμᾶς</w>
    <suffix></suffix>
    <w>Λουκᾶς</w>
    <suffix></suffix>
    <w>ὁ</w>
    <suffix></suffix>
    <w>ἰατρὸς</w>
    <suffix></suffix>
    <w>ὁ</w>
    <suffix></suffix>
    <w>ἀγαπητὸς</w>
    <suffix></suffix>
    <w>καὶ</w>
    <suffix></suffix>
    <w>Δημᾶς</w>
    <suffix>. </suffix>
    <verse-number id="Colossians 4:15">15</verse-number>
    <w>ἀσπάσασθε</w>
    <suffix></suffix>
    <w>τοὺς</w>
    <suffix></suffix>
    <w>ἐν</w>
    <suffix></suffix>
    <w>Λαοδικείᾳ</w>
    <suffix></suffix>
    <w>ἀδελφοὺς</w>
    <suffix></suffix>
    <w>καὶ</w>
    <suffix></suffix>
    <prefix> ⸂</prefix>
    <w>Νύμφαν</w>
    <suffix></suffix>
    <w>καὶ</w>
    <suffix></suffix>
    <w>τὴν</w>
    <suffix></suffix>
    <w>κατʼ</w>
    <suffix></suffix>
    <w>οἶκον</w>
    <suffix></suffix>
    <w>αὐτῆς</w>
    <suffix>⸃ </suffix>
    <w>ἐκκλησίαν</w>
    <suffix>. </suffix>
    <verse-number id="Colossians 4:16">16</verse-number>
    <w>καὶ</w>
    <suffix></suffix>
    <w>ὅταν</w>
    <suffix></suffix>
    <w>ἀναγνωσθῇ</w>
    <suffix></suffix>
    <w>παρʼ</w>
    <suffix></suffix>
    <w>ὑμῖν</w>
    <suffix></suffix>
    <w>ἡ</w>
    <suffix></suffix>
    <w>ἐπιστολή</w>
    <suffix>, </suffix>
    <w>ποιήσατε</w>
    <suffix></suffix>
    <w>ἵνα</w>
    <suffix></suffix>
    <w>καὶ</w>
    <suffix></suffix>
    <w>ἐν</w>
    <suffix></suffix>
    <w>τῇ</w>
    <suffix></suffix>
    <prefix> ⸀</prefix>
    <w>Λαοδικέων</w>
    <suffix></suffix>
    <w>ἐκκλησίᾳ</w>
    <suffix></suffix>
    <w>ἀναγνωσθῇ</w>
    <suffix>, </suffix>
    <w>καὶ</w>
    <suffix></suffix>
    <w>τὴν</w>
    <suffix></suffix>
    <w>ἐκ</w>
    <suffix></suffix>
    <w>Λαοδικείας</w>
    <suffix></suffix>
    <w>ἵνα</w>
    <suffix></suffix>
    <w>καὶ</w>
    <suffix></suffix>
    <w>ὑμεῖς</w>
    <suffix></suffix>
    <w>ἀναγνῶτε</w>
    <suffix>. </suffix>
    <verse-number id="Colossians 4:17">17</verse-number>
    <w>καὶ</w>
    <suffix></suffix>
    <w>εἴπατε</w>
    <suffix></suffix>
    <w>Ἀρχίππῳ</w>
    <suffix>· </suffix>
    <w>Βλέπε</w>
    <suffix></suffix>
    <w>τὴν</w>
    <suffix></suffix>
    <w>διακονίαν</w>
    <suffix></suffix>
    <w>ἣν</w>
    <suffix></suffix>
    <w>παρέλαβες</w>
    <suffix></suffix>
    <w>ἐν</w>
    <suffix></suffix>
    <w>κυρίῳ</w>
    <suffix>, </suffix>
    <w>ἵνα</w>
    <suffix></suffix>
    <w>αὐτὴν</w>
    <suffix></suffix>
    <w>πληροῖς</w>
    <suffix>. </suffix>
  </p>
  <p>
    <verse-number id="Colossians 4:18">18</verse-number>
    <w>Ὁ</w>
    <suffix></suffix>
    <w>ἀσπασμὸς</w>
    <suffix></suffix>
    <w>τῇ</w>
    <suffix></suffix>
    <w>ἐμῇ</w>
    <suffix></suffix>
    <w>χειρὶ</w>
    <suffix></suffix>
    <w>Παύλου</w>
    <suffix>. </suffix>
    <w>μνημονεύετέ</w>
    <suffix></suffix>
    <w>μου</w>
    <suffix></suffix>
    <w>τῶν</w>
    <suffix></suffix>
    <w>δεσμῶν</w>
    <suffix>. </suffix>
    <w>ἡ</w>
    <suffix></suffix>
    <w>χάρις</w>
    <suffix></suffix>
    <w>μεθʼ</w>
    <suffix></suffix>
    <prefix> ⸀</prefix>
    <w>ὑμῶν</w>
    <suffix>. </suffix>
  </p>
  <p />
</book>