﻿<book id="Jam">
  <title>ΙΑΚΩΒΟΥ</title>
  <p>
    <verse-number id="James 1:1">1:1</verse-number>
    <w>Ἰάκωβος</w>
    <suffix></suffix>
    <w>θεοῦ</w>
    <suffix></suffix>
    <w>καὶ</w>
    <suffix></suffix>
    <w>κυρίου</w>
    <suffix></suffix>
    <w>Ἰησοῦ</w>
    <suffix></suffix>
    <w>Χριστοῦ</w>
    <suffix></suffix>
    <w>δοῦλος</w>
    <suffix></suffix>
    <w>ταῖς</w>
    <suffix></suffix>
    <w>δώδεκα</w>
    <suffix></suffix>
    <w>φυλαῖς</w>
    <suffix></suffix>
    <w>ταῖς</w>
    <suffix></suffix>
    <w>ἐν</w>
    <suffix></suffix>
    <w>τῇ</w>
    <suffix></suffix>
    <w>διασπορᾷ</w>
    <suffix></suffix>
    <w>χαίρειν</w>
    <suffix>. </suffix>
  </p>
  <p>
    <verse-number id="James 1:2">2</verse-number>
    <w>Πᾶσαν</w>
    <suffix></suffix>
    <w>χαρὰν</w>
    <suffix></suffix>
    <w>ἡγήσασθε</w>
    <suffix>, </suffix>
    <w>ἀδελφοί</w>
    <suffix></suffix>
    <w>μου</w>
    <suffix>, </suffix>
    <w>ὅταν</w>
    <suffix></suffix>
    <w>πειρασμοῖς</w>
    <suffix></suffix>
    <w>περιπέσητε</w>
    <suffix></suffix>
    <w>ποικίλοις</w>
    <suffix>, </suffix>
    <verse-number id="James 1:3">3</verse-number>
    <w>γινώσκοντες</w>
    <suffix></suffix>
    <w>ὅτι</w>
    <suffix></suffix>
    <w>τὸ</w>
    <suffix></suffix>
    <w>δοκίμιον</w>
    <suffix></suffix>
    <w>ὑμῶν</w>
    <suffix></suffix>
    <w>τῆς</w>
    <suffix></suffix>
    <w>πίστεως</w>
    <suffix></suffix>
    <w>κατεργάζεται</w>
    <suffix></suffix>
    <w>ὑπομονήν</w>
    <suffix>· </suffix>
    <verse-number id="James 1:4">4</verse-number>
    <w>ἡ</w>
    <suffix></suffix>
    <w>δὲ</w>
    <suffix></suffix>
    <w>ὑπομονὴ</w>
    <suffix></suffix>
    <w>ἔργον</w>
    <suffix></suffix>
    <w>τέλειον</w>
    <suffix></suffix>
    <w>ἐχέτω</w>
    <suffix>, </suffix>
    <w>ἵνα</w>
    <suffix></suffix>
    <w>ἦτε</w>
    <suffix></suffix>
    <w>τέλειοι</w>
    <suffix></suffix>
    <w>καὶ</w>
    <suffix></suffix>
    <w>ὁλόκληροι</w>
    <suffix>, </suffix>
    <w>ἐν</w>
    <suffix></suffix>
    <w>μηδενὶ</w>
    <suffix></suffix>
    <w>λειπόμενοι</w>
    <suffix>. </suffix>
  </p>
  <p>
    <verse-number id="James 1:5">5</verse-number>
    <w>Εἰ</w>
    <suffix></suffix>
    <w>δέ</w>
    <suffix></suffix>
    <w>τις</w>
    <suffix></suffix>
    <w>ὑμῶν</w>
    <suffix></suffix>
    <w>λείπεται</w>
    <suffix></suffix>
    <w>σοφίας</w>
    <suffix>, </suffix>
    <w>αἰτείτω</w>
    <suffix></suffix>
    <w>παρὰ</w>
    <suffix></suffix>
    <w>τοῦ</w>
    <suffix></suffix>
    <w>διδόντος</w>
    <suffix></suffix>
    <w>θεοῦ</w>
    <suffix></suffix>
    <w>πᾶσιν</w>
    <suffix></suffix>
    <w>ἁπλῶς</w>
    <suffix></suffix>
    <w>καὶ</w>
    <suffix></suffix>
    <prefix> ⸀</prefix>
    <w>μὴ</w>
    <suffix></suffix>
    <w>ὀνειδίζοντος</w>
    <suffix>, </suffix>
    <w>καὶ</w>
    <suffix></suffix>
    <w>δοθήσεται</w>
    <suffix></suffix>
    <w>αὐτῷ</w>
    <suffix>· </suffix>
    <verse-number id="James 1:6">6</verse-number>
    <w>αἰτείτω</w>
    <suffix></suffix>
    <w>δὲ</w>
    <suffix></suffix>
    <w>ἐν</w>
    <suffix></suffix>
    <w>πίστει</w>
    <suffix>, </suffix>
    <w>μηδὲν</w>
    <suffix></suffix>
    <w>διακρινόμενος</w>
    <suffix>, </suffix>
    <w>ὁ</w>
    <suffix></suffix>
    <w>γὰρ</w>
    <suffix></suffix>
    <w>διακρινόμενος</w>
    <suffix></suffix>
    <w>ἔοικεν</w>
    <suffix></suffix>
    <w>κλύδωνι</w>
    <suffix></suffix>
    <w>θαλάσσης</w>
    <suffix></suffix>
    <w>ἀνεμιζομένῳ</w>
    <suffix></suffix>
    <w>καὶ</w>
    <suffix></suffix>
    <w>ῥιπιζομένῳ</w>
    <suffix>· </suffix>
    <verse-number id="James 1:7">7</verse-number>
    <w>μὴ</w>
    <suffix></suffix>
    <w>γὰρ</w>
    <suffix></suffix>
    <w>οἰέσθω</w>
    <suffix></suffix>
    <w>ὁ</w>
    <suffix></suffix>
    <w>ἄνθρωπος</w>
    <suffix></suffix>
    <w>ἐκεῖνος</w>
    <suffix></suffix>
    <w>ὅτι</w>
    <suffix></suffix>
    <w>λήμψεταί</w>
    <suffix></suffix>
    <w>τι</w>
    <suffix></suffix>
    <w>παρὰ</w>
    <suffix></suffix>
    <w>τοῦ</w>
    <suffix></suffix>
    <w>κυρίου</w>
    <suffix></suffix>
    <verse-number id="James 1:8">8</verse-number>
    <w>ἀνὴρ</w>
    <suffix></suffix>
    <w>δίψυχος</w>
    <suffix>, </suffix>
    <w>ἀκατάστατος</w>
    <suffix></suffix>
    <w>ἐν</w>
    <suffix></suffix>
    <w>πάσαις</w>
    <suffix></suffix>
    <w>ταῖς</w>
    <suffix></suffix>
    <w>ὁδοῖς</w>
    <suffix></suffix>
    <w>αὐτοῦ</w>
    <suffix>. </suffix>
  </p>
  <p>
    <verse-number id="James 1:9">9</verse-number>
    <w>Καυχάσθω</w>
    <suffix></suffix>
    <w>δὲ</w>
    <suffix></suffix>
    <w>ὁ</w>
    <suffix></suffix>
    <w>ἀδελφὸς</w>
    <suffix></suffix>
    <w>ὁ</w>
    <suffix></suffix>
    <w>ταπεινὸς</w>
    <suffix></suffix>
    <w>ἐν</w>
    <suffix></suffix>
    <w>τῷ</w>
    <suffix></suffix>
    <w>ὕψει</w>
    <suffix></suffix>
    <w>αὐτοῦ</w>
    <suffix>, </suffix>
    <verse-number id="James 1:10">10</verse-number>
    <w>ὁ</w>
    <suffix></suffix>
    <w>δὲ</w>
    <suffix></suffix>
    <w>πλούσιος</w>
    <suffix></suffix>
    <w>ἐν</w>
    <suffix></suffix>
    <w>τῇ</w>
    <suffix></suffix>
    <w>ταπεινώσει</w>
    <suffix></suffix>
    <w>αὐτοῦ</w>
    <suffix>, </suffix>
    <w>ὅτι</w>
    <suffix></suffix>
    <w>ὡς</w>
    <suffix></suffix>
    <w>ἄνθος</w>
    <suffix></suffix>
    <w>χόρτου</w>
    <suffix></suffix>
    <w>παρελεύσεται</w>
    <suffix>. </suffix>
    <verse-number id="James 1:11">11</verse-number>
    <w>ἀνέτειλεν</w>
    <suffix></suffix>
    <w>γὰρ</w>
    <suffix></suffix>
    <w>ὁ</w>
    <suffix></suffix>
    <w>ἥλιος</w>
    <suffix></suffix>
    <w>σὺν</w>
    <suffix></suffix>
    <w>τῷ</w>
    <suffix></suffix>
    <w>καύσωνι</w>
    <suffix></suffix>
    <w>καὶ</w>
    <suffix></suffix>
    <w>ἐξήρανεν</w>
    <suffix></suffix>
    <w>τὸν</w>
    <suffix></suffix>
    <w>χόρτον</w>
    <suffix>, </suffix>
    <w>καὶ</w>
    <suffix></suffix>
    <w>τὸ</w>
    <suffix></suffix>
    <w>ἄνθος</w>
    <suffix></suffix>
    <w>αὐτοῦ</w>
    <suffix></suffix>
    <w>ἐξέπεσεν</w>
    <suffix></suffix>
    <w>καὶ</w>
    <suffix></suffix>
    <w>ἡ</w>
    <suffix></suffix>
    <w>εὐπρέπεια</w>
    <suffix></suffix>
    <w>τοῦ</w>
    <suffix></suffix>
    <w>προσώπου</w>
    <suffix></suffix>
    <w>αὐτοῦ</w>
    <suffix></suffix>
    <w>ἀπώλετο</w>
    <suffix>· </suffix>
    <w>οὕτως</w>
    <suffix></suffix>
    <w>καὶ</w>
    <suffix></suffix>
    <w>ὁ</w>
    <suffix></suffix>
    <w>πλούσιος</w>
    <suffix></suffix>
    <w>ἐν</w>
    <suffix></suffix>
    <w>ταῖς</w>
    <suffix></suffix>
    <w>πορείαις</w>
    <suffix></suffix>
    <w>αὐτοῦ</w>
    <suffix></suffix>
    <w>μαρανθήσεται</w>
    <suffix>. </suffix>
  </p>
  <p>
    <verse-number id="James 1:12">12</verse-number>
    <w>Μακάριος</w>
    <suffix></suffix>
    <w>ἀνὴρ</w>
    <suffix></suffix>
    <w>ὃς</w>
    <suffix></suffix>
    <w>ὑπομένει</w>
    <suffix></suffix>
    <w>πειρασμόν</w>
    <suffix>, </suffix>
    <w>ὅτι</w>
    <suffix></suffix>
    <w>δόκιμος</w>
    <suffix></suffix>
    <w>γενόμενος</w>
    <suffix></suffix>
    <w>λήμψεται</w>
    <suffix></suffix>
    <w>τὸν</w>
    <suffix></suffix>
    <w>στέφανον</w>
    <suffix></suffix>
    <w>τῆς</w>
    <suffix></suffix>
    <w>ζωῆς</w>
    <suffix>, </suffix>
    <w>ὃν</w>
    <suffix></suffix>
    <prefix> ⸀</prefix>
    <w>ἐπηγγείλατο</w>
    <suffix></suffix>
    <w>τοῖς</w>
    <suffix></suffix>
    <w>ἀγαπῶσιν</w>
    <suffix></suffix>
    <w>αὐτόν</w>
    <suffix>. </suffix>
    <verse-number id="James 1:13">13</verse-number>
    <w>μηδεὶς</w>
    <suffix></suffix>
    <w>πειραζόμενος</w>
    <suffix></suffix>
    <w>λεγέτω</w>
    <suffix></suffix>
    <w>ὅτι</w>
    <suffix></suffix>
    <w>Ἀπὸ</w>
    <suffix></suffix>
    <w>θεοῦ</w>
    <suffix></suffix>
    <w>πειράζομαι</w>
    <suffix>· </suffix>
    <w>ὁ</w>
    <suffix></suffix>
    <w>γὰρ</w>
    <suffix></suffix>
    <w>θεὸς</w>
    <suffix></suffix>
    <w>ἀπείραστός</w>
    <suffix></suffix>
    <w>ἐστιν</w>
    <suffix></suffix>
    <w>κακῶν</w>
    <suffix>, </suffix>
    <w>πειράζει</w>
    <suffix></suffix>
    <w>δὲ</w>
    <suffix></suffix>
    <w>αὐτὸς</w>
    <suffix></suffix>
    <w>οὐδένα</w>
    <suffix>. </suffix>
    <verse-number id="James 1:14">14</verse-number>
    <w>ἕκαστος</w>
    <suffix></suffix>
    <w>δὲ</w>
    <suffix></suffix>
    <w>πειράζεται</w>
    <suffix></suffix>
    <w>ὑπὸ</w>
    <suffix></suffix>
    <w>τῆς</w>
    <suffix></suffix>
    <w>ἰδίας</w>
    <suffix></suffix>
    <w>ἐπιθυμίας</w>
    <suffix></suffix>
    <w>ἐξελκόμενος</w>
    <suffix></suffix>
    <w>καὶ</w>
    <suffix></suffix>
    <w>δελεαζόμενος</w>
    <suffix>· </suffix>
    <verse-number id="James 1:15">15</verse-number>
    <w>εἶτα</w>
    <suffix></suffix>
    <w>ἡ</w>
    <suffix></suffix>
    <w>ἐπιθυμία</w>
    <suffix></suffix>
    <w>συλλαβοῦσα</w>
    <suffix></suffix>
    <w>τίκτει</w>
    <suffix></suffix>
    <w>ἁμαρτίαν</w>
    <suffix>, </suffix>
    <w>ἡ</w>
    <suffix></suffix>
    <w>δὲ</w>
    <suffix></suffix>
    <w>ἁμαρτία</w>
    <suffix></suffix>
    <w>ἀποτελεσθεῖσα</w>
    <suffix></suffix>
    <w>ἀποκύει</w>
    <suffix></suffix>
    <w>θάνατον</w>
    <suffix>. </suffix>
    <verse-number id="James 1:16">16</verse-number>
    <w>μὴ</w>
    <suffix></suffix>
    <w>πλανᾶσθε</w>
    <suffix>, </suffix>
    <w>ἀδελφοί</w>
    <suffix></suffix>
    <w>μου</w>
    <suffix></suffix>
    <w>ἀγαπητοί</w>
    <suffix>. </suffix>
  </p>
  <p>
    <verse-number id="James 1:17">17</verse-number>
    <w>Πᾶσα</w>
    <suffix></suffix>
    <w>δόσις</w>
    <suffix></suffix>
    <w>ἀγαθὴ</w>
    <suffix></suffix>
    <w>καὶ</w>
    <suffix></suffix>
    <w>πᾶν</w>
    <suffix></suffix>
    <w>δώρημα</w>
    <suffix></suffix>
    <w>τέλειον</w>
    <suffix></suffix>
    <w>ἄνωθέν</w>
    <suffix></suffix>
    <w>ἐστιν</w>
    <suffix>, </suffix>
    <w>καταβαῖνον</w>
    <suffix></suffix>
    <w>ἀπὸ</w>
    <suffix></suffix>
    <w>τοῦ</w>
    <suffix></suffix>
    <w>πατρὸς</w>
    <suffix></suffix>
    <w>τῶν</w>
    <suffix></suffix>
    <w>φώτων</w>
    <suffix>, </suffix>
    <w>παρʼ</w>
    <suffix></suffix>
    <w>ᾧ</w>
    <suffix></suffix>
    <w>οὐκ</w>
    <suffix></suffix>
    <w>ἔνι</w>
    <suffix></suffix>
    <w>παραλλαγὴ</w>
    <suffix></suffix>
    <w>ἢ</w>
    <suffix></suffix>
    <w>τροπῆς</w>
    <suffix></suffix>
    <w>ἀποσκίασμα</w>
    <suffix>. </suffix>
    <verse-number id="James 1:18">18</verse-number>
    <w>βουληθεὶς</w>
    <suffix></suffix>
    <w>ἀπεκύησεν</w>
    <suffix></suffix>
    <w>ἡμᾶς</w>
    <suffix></suffix>
    <w>λόγῳ</w>
    <suffix></suffix>
    <w>ἀληθείας</w>
    <suffix>, </suffix>
    <w>εἰς</w>
    <suffix></suffix>
    <w>τὸ</w>
    <suffix></suffix>
    <w>εἶναι</w>
    <suffix></suffix>
    <w>ἡμᾶς</w>
    <suffix></suffix>
    <w>ἀπαρχήν</w>
    <suffix></suffix>
    <w>τινα</w>
    <suffix></suffix>
    <w>τῶν</w>
    <suffix></suffix>
    <w>αὐτοῦ</w>
    <suffix></suffix>
    <w>κτισμάτων</w>
    <suffix>. </suffix>
  </p>
  <p>
    <verse-number id="James 1:19">19</verse-number>
    <prefix> ⸀</prefix>
    <w>Ἴστε</w>
    <suffix>, </suffix>
    <w>ἀδελφοί</w>
    <suffix></suffix>
    <w>μου</w>
    <suffix></suffix>
    <w>ἀγαπητοί</w>
    <suffix>. </suffix>
    <w>ἔστω</w>
    <suffix></suffix>
    <prefix> ⸀</prefix>
    <w>δὲ</w>
    <suffix></suffix>
    <w>πᾶς</w>
    <suffix></suffix>
    <w>ἄνθρωπος</w>
    <suffix></suffix>
    <w>ταχὺς</w>
    <suffix></suffix>
    <w>εἰς</w>
    <suffix></suffix>
    <w>τὸ</w>
    <suffix></suffix>
    <w>ἀκοῦσαι</w>
    <suffix>, </suffix>
    <w>βραδὺς</w>
    <suffix></suffix>
    <w>εἰς</w>
    <suffix></suffix>
    <w>τὸ</w>
    <suffix></suffix>
    <w>λαλῆσαι</w>
    <suffix>, </suffix>
    <w>βραδὺς</w>
    <suffix></suffix>
    <w>εἰς</w>
    <suffix></suffix>
    <w>ὀργήν</w>
    <suffix>, </suffix>
    <verse-number id="James 1:20">20</verse-number>
    <w>ὀργὴ</w>
    <suffix></suffix>
    <w>γὰρ</w>
    <suffix></suffix>
    <w>ἀνδρὸς</w>
    <suffix></suffix>
    <w>δικαιοσύνην</w>
    <suffix></suffix>
    <w>θεοῦ</w>
    <suffix></suffix>
    <prefix> ⸂</prefix>
    <w>οὐκ</w>
    <suffix></suffix>
    <w>ἐργάζεται</w>
    <suffix>⸃. </suffix>
    <verse-number id="James 1:21">21</verse-number>
    <w>διὸ</w>
    <suffix></suffix>
    <w>ἀποθέμενοι</w>
    <suffix></suffix>
    <w>πᾶσαν</w>
    <suffix></suffix>
    <w>ῥυπαρίαν</w>
    <suffix></suffix>
    <w>καὶ</w>
    <suffix></suffix>
    <w>περισσείαν</w>
    <suffix></suffix>
    <w>κακίας</w>
    <suffix></suffix>
    <w>ἐν</w>
    <suffix></suffix>
    <w>πραΰτητι</w>
    <suffix></suffix>
    <w>δέξασθε</w>
    <suffix></suffix>
    <w>τὸν</w>
    <suffix></suffix>
    <w>ἔμφυτον</w>
    <suffix></suffix>
    <w>λόγον</w>
    <suffix></suffix>
    <w>τὸν</w>
    <suffix></suffix>
    <w>δυνάμενον</w>
    <suffix></suffix>
    <w>σῶσαι</w>
    <suffix></suffix>
    <w>τὰς</w>
    <suffix></suffix>
    <w>ψυχὰς</w>
    <suffix></suffix>
    <w>ὑμῶν</w>
    <suffix>. </suffix>
  </p>
  <p>
    <verse-number id="James 1:22">22</verse-number>
    <w>Γίνεσθε</w>
    <suffix></suffix>
    <w>δὲ</w>
    <suffix></suffix>
    <w>ποιηταὶ</w>
    <suffix></suffix>
    <w>λόγου</w>
    <suffix></suffix>
    <w>καὶ</w>
    <suffix></suffix>
    <w>μὴ</w>
    <suffix></suffix>
    <prefix> ⸂</prefix>
    <w>ἀκροαταὶ</w>
    <suffix></suffix>
    <w>μόνον</w>
    <suffix>⸃ </suffix>
    <w>παραλογιζόμενοι</w>
    <suffix></suffix>
    <w>ἑαυτούς</w>
    <suffix>. </suffix>
    <verse-number id="James 1:23">23</verse-number>
    <w>ὅτι</w>
    <suffix></suffix>
    <w>εἴ</w>
    <suffix></suffix>
    <w>τις</w>
    <suffix></suffix>
    <w>ἀκροατὴς</w>
    <suffix></suffix>
    <w>λόγου</w>
    <suffix></suffix>
    <w>ἐστὶν</w>
    <suffix></suffix>
    <w>καὶ</w>
    <suffix></suffix>
    <w>οὐ</w>
    <suffix></suffix>
    <w>ποιητής</w>
    <suffix>, </suffix>
    <w>οὗτος</w>
    <suffix></suffix>
    <w>ἔοικεν</w>
    <suffix></suffix>
    <w>ἀνδρὶ</w>
    <suffix></suffix>
    <w>κατανοοῦντι</w>
    <suffix></suffix>
    <w>τὸ</w>
    <suffix></suffix>
    <w>πρόσωπον</w>
    <suffix></suffix>
    <w>τῆς</w>
    <suffix></suffix>
    <w>γενέσεως</w>
    <suffix></suffix>
    <w>αὐτοῦ</w>
    <suffix></suffix>
    <w>ἐν</w>
    <suffix></suffix>
    <w>ἐσόπτρῳ</w>
    <suffix>, </suffix>
    <verse-number id="James 1:24">24</verse-number>
    <w>κατενόησεν</w>
    <suffix></suffix>
    <w>γὰρ</w>
    <suffix></suffix>
    <w>ἑαυτὸν</w>
    <suffix></suffix>
    <w>καὶ</w>
    <suffix></suffix>
    <w>ἀπελήλυθεν</w>
    <suffix></suffix>
    <w>καὶ</w>
    <suffix></suffix>
    <w>εὐθέως</w>
    <suffix></suffix>
    <w>ἐπελάθετο</w>
    <suffix></suffix>
    <w>ὁποῖος</w>
    <suffix></suffix>
    <w>ἦν</w>
    <suffix>. </suffix>
    <verse-number id="James 1:25">25</verse-number>
    <w>ὁ</w>
    <suffix></suffix>
    <w>δὲ</w>
    <suffix></suffix>
    <w>παρακύψας</w>
    <suffix></suffix>
    <w>εἰς</w>
    <suffix></suffix>
    <w>νόμον</w>
    <suffix></suffix>
    <w>τέλειον</w>
    <suffix></suffix>
    <w>τὸν</w>
    <suffix></suffix>
    <w>τῆς</w>
    <suffix></suffix>
    <w>ἐλευθερίας</w>
    <suffix></suffix>
    <w>καὶ</w>
    <suffix></suffix>
    <w>παραμείνας</w>
    <suffix>, </suffix>
    <prefix> ⸀</prefix>
    <w>οὐκ</w>
    <suffix></suffix>
    <w>ἀκροατὴς</w>
    <suffix></suffix>
    <w>ἐπιλησμονῆς</w>
    <suffix></suffix>
    <w>γενόμενος</w>
    <suffix></suffix>
    <w>ἀλλὰ</w>
    <suffix></suffix>
    <w>ποιητὴς</w>
    <suffix></suffix>
    <w>ἔργου</w>
    <suffix>, </suffix>
    <w>οὗτος</w>
    <suffix></suffix>
    <w>μακάριος</w>
    <suffix></suffix>
    <w>ἐν</w>
    <suffix></suffix>
    <w>τῇ</w>
    <suffix></suffix>
    <w>ποιήσει</w>
    <suffix></suffix>
    <w>αὐτοῦ</w>
    <suffix></suffix>
    <w>ἔσται</w>
    <suffix>. </suffix>
  </p>
  <p>
    <verse-number id="James 1:26">26</verse-number>
    <w>Εἴ</w>
    <suffix></suffix>
    <w>τις</w>
    <suffix></suffix>
    <w>δοκεῖ</w>
    <suffix></suffix>
    <w>θρησκὸς</w>
    <suffix></suffix>
    <prefix> ⸀</prefix>
    <w>εἶναι</w>
    <suffix></suffix>
    <w>μὴ</w>
    <suffix></suffix>
    <w>χαλιναγωγῶν</w>
    <suffix></suffix>
    <w>γλῶσσαν</w>
    <suffix></suffix>
    <prefix> ⸀</prefix>
    <w>αὐτοῦ</w>
    <suffix></suffix>
    <w>ἀλλὰ</w>
    <suffix></suffix>
    <w>ἀπατῶν</w>
    <suffix></suffix>
    <w>καρδίαν</w>
    <suffix></suffix>
    <prefix> ⸀</prefix>
    <w>αὐτοῦ</w>
    <suffix>, </suffix>
    <w>τούτου</w>
    <suffix></suffix>
    <w>μάταιος</w>
    <suffix></suffix>
    <w>ἡ</w>
    <suffix></suffix>
    <w>θρησκεία</w>
    <suffix>. </suffix>
    <verse-number id="James 1:27">27</verse-number>
    <w>θρησκεία</w>
    <suffix></suffix>
    <w>καθαρὰ</w>
    <suffix></suffix>
    <w>καὶ</w>
    <suffix></suffix>
    <w>ἀμίαντος</w>
    <suffix></suffix>
    <w>παρὰ</w>
    <suffix></suffix>
    <prefix> ⸀</prefix>
    <w>τῷ</w>
    <suffix></suffix>
    <w>θεῷ</w>
    <suffix></suffix>
    <w>καὶ</w>
    <suffix></suffix>
    <w>πατρὶ</w>
    <suffix></suffix>
    <w>αὕτη</w>
    <suffix></suffix>
    <w>ἐστίν</w>
    <suffix>, </suffix>
    <w>ἐπισκέπτεσθαι</w>
    <suffix></suffix>
    <w>ὀρφανοὺς</w>
    <suffix></suffix>
    <w>καὶ</w>
    <suffix></suffix>
    <w>χήρας</w>
    <suffix></suffix>
    <w>ἐν</w>
    <suffix></suffix>
    <w>τῇ</w>
    <suffix></suffix>
    <w>θλίψει</w>
    <suffix></suffix>
    <w>αὐτῶν</w>
    <suffix>, </suffix>
    <w>ἄσπιλον</w>
    <suffix></suffix>
    <w>ἑαυτὸν</w>
    <suffix></suffix>
    <w>τηρεῖν</w>
    <suffix></suffix>
    <w>ἀπὸ</w>
    <suffix></suffix>
    <w>τοῦ</w>
    <suffix></suffix>
    <w>κόσμου</w>
    <suffix>. </suffix>
  </p>
  <p>
    <verse-number id="James 2:1">2:1</verse-number>
    <w>Ἀδελφοί</w>
    <suffix></suffix>
    <w>μου</w>
    <suffix>, </suffix>
    <w>μὴ</w>
    <suffix></suffix>
    <w>ἐν</w>
    <suffix></suffix>
    <w>προσωπολημψίαις</w>
    <suffix></suffix>
    <w>ἔχετε</w>
    <suffix></suffix>
    <w>τὴν</w>
    <suffix></suffix>
    <w>πίστιν</w>
    <suffix></suffix>
    <w>τοῦ</w>
    <suffix></suffix>
    <w>κυρίου</w>
    <suffix></suffix>
    <w>ἡμῶν</w>
    <suffix></suffix>
    <w>Ἰησοῦ</w>
    <suffix></suffix>
    <w>Χριστοῦ</w>
    <suffix></suffix>
    <w>τῆς</w>
    <suffix></suffix>
    <w>δόξης</w>
    <suffix>; </suffix>
    <verse-number id="James 2:2">2</verse-number>
    <w>ἐὰν</w>
    <suffix></suffix>
    <w>γὰρ</w>
    <suffix></suffix>
    <w>εἰσέλθῃ</w>
    <suffix></suffix>
    <prefix> ⸀</prefix>
    <w>εἰς</w>
    <suffix></suffix>
    <w>συναγωγὴν</w>
    <suffix></suffix>
    <w>ὑμῶν</w>
    <suffix></suffix>
    <w>ἀνὴρ</w>
    <suffix></suffix>
    <w>χρυσοδακτύλιος</w>
    <suffix></suffix>
    <w>ἐν</w>
    <suffix></suffix>
    <w>ἐσθῆτι</w>
    <suffix></suffix>
    <w>λαμπρᾷ</w>
    <suffix>, </suffix>
    <w>εἰσέλθῃ</w>
    <suffix></suffix>
    <w>δὲ</w>
    <suffix></suffix>
    <w>καὶ</w>
    <suffix></suffix>
    <w>πτωχὸς</w>
    <suffix></suffix>
    <w>ἐν</w>
    <suffix></suffix>
    <w>ῥυπαρᾷ</w>
    <suffix></suffix>
    <w>ἐσθῆτι</w>
    <suffix>, </suffix>
    <verse-number id="James 2:3">3</verse-number>
    <prefix> ⸂</prefix>
    <w>ἐπιβλέψητε</w>
    <suffix></suffix>
    <w>δὲ</w>
    <suffix>⸃ </suffix>
    <w>ἐπὶ</w>
    <suffix></suffix>
    <w>τὸν</w>
    <suffix></suffix>
    <w>φοροῦντα</w>
    <suffix></suffix>
    <w>τὴν</w>
    <suffix></suffix>
    <w>ἐσθῆτα</w>
    <suffix></suffix>
    <w>τὴν</w>
    <suffix></suffix>
    <w>λαμπρὰν</w>
    <suffix></suffix>
    <w>καὶ</w>
    <suffix></suffix>
    <prefix> ⸀</prefix>
    <w>εἴπητε</w>
    <suffix>· </suffix>
    <w>Σὺ</w>
    <suffix></suffix>
    <w>κάθου</w>
    <suffix></suffix>
    <w>ὧδε</w>
    <suffix></suffix>
    <w>καλῶς</w>
    <suffix>, </suffix>
    <w>καὶ</w>
    <suffix></suffix>
    <w>τῷ</w>
    <suffix></suffix>
    <w>πτωχῷ</w>
    <suffix></suffix>
    <w>εἴπητε</w>
    <suffix>· </suffix>
    <w>Σὺ</w>
    <suffix></suffix>
    <w>στῆθι</w>
    <suffix></suffix>
    <prefix> ⸂</prefix>
    <w>ἢ</w>
    <suffix></suffix>
    <w>κάθου</w>
    <suffix></suffix>
    <w>ἐκεῖ</w>
    <suffix>⸃ </suffix>
    <w>ὑπὸ</w>
    <suffix></suffix>
    <w>τὸ</w>
    <suffix></suffix>
    <w>ὑποπόδιόν</w>
    <suffix></suffix>
    <w>μου</w>
    <suffix>, </suffix>
    <verse-number id="James 2:4">4</verse-number>
    <prefix> ⸀</prefix>
    <w>οὐ</w>
    <suffix></suffix>
    <w>διεκρίθητε</w>
    <suffix></suffix>
    <w>ἐν</w>
    <suffix></suffix>
    <w>ἑαυτοῖς</w>
    <suffix></suffix>
    <w>καὶ</w>
    <suffix></suffix>
    <w>ἐγένεσθε</w>
    <suffix></suffix>
    <w>κριταὶ</w>
    <suffix></suffix>
    <w>διαλογισμῶν</w>
    <suffix></suffix>
    <w>πονηρῶν</w>
    <suffix>; </suffix>
    <verse-number id="James 2:5">5</verse-number>
    <w>ἀκούσατε</w>
    <suffix>, </suffix>
    <w>ἀδελφοί</w>
    <suffix></suffix>
    <w>μου</w>
    <suffix></suffix>
    <w>ἀγαπητοί</w>
    <suffix>. </suffix>
    <w>οὐχ</w>
    <suffix></suffix>
    <w>ὁ</w>
    <suffix></suffix>
    <w>θεὸς</w>
    <suffix></suffix>
    <w>ἐξελέξατο</w>
    <suffix></suffix>
    <w>τοὺς</w>
    <suffix></suffix>
    <w>πτωχοὺς</w>
    <suffix></suffix>
    <prefix> ⸂</prefix>
    <w>τῷ</w>
    <suffix></suffix>
    <w>κόσμῳ</w>
    <suffix>⸃ </suffix>
    <w>πλουσίους</w>
    <suffix></suffix>
    <w>ἐν</w>
    <suffix></suffix>
    <w>πίστει</w>
    <suffix></suffix>
    <w>καὶ</w>
    <suffix></suffix>
    <w>κληρονόμους</w>
    <suffix></suffix>
    <w>τῆς</w>
    <suffix></suffix>
    <w>βασιλείας</w>
    <suffix></suffix>
    <w>ἧς</w>
    <suffix></suffix>
    <w>ἐπηγγείλατο</w>
    <suffix></suffix>
    <w>τοῖς</w>
    <suffix></suffix>
    <w>ἀγαπῶσιν</w>
    <suffix></suffix>
    <w>αὐτόν</w>
    <suffix>; </suffix>
    <verse-number id="James 2:6">6</verse-number>
    <w>ὑμεῖς</w>
    <suffix></suffix>
    <w>δὲ</w>
    <suffix></suffix>
    <w>ἠτιμάσατε</w>
    <suffix></suffix>
    <w>τὸν</w>
    <suffix></suffix>
    <w>πτωχόν</w>
    <suffix>. </suffix>
    <w>οὐχ</w>
    <suffix></suffix>
    <w>οἱ</w>
    <suffix></suffix>
    <w>πλούσιοι</w>
    <suffix></suffix>
    <w>καταδυναστεύουσιν</w>
    <suffix></suffix>
    <w>ὑμῶν</w>
    <suffix>, </suffix>
    <w>καὶ</w>
    <suffix></suffix>
    <w>αὐτοὶ</w>
    <suffix></suffix>
    <w>ἕλκουσιν</w>
    <suffix></suffix>
    <w>ὑμᾶς</w>
    <suffix></suffix>
    <w>εἰς</w>
    <suffix></suffix>
    <w>κριτήρια</w>
    <suffix>; </suffix>
    <verse-number id="James 2:7">7</verse-number>
    <w>οὐκ</w>
    <suffix></suffix>
    <w>αὐτοὶ</w>
    <suffix></suffix>
    <w>βλασφημοῦσιν</w>
    <suffix></suffix>
    <w>τὸ</w>
    <suffix></suffix>
    <w>καλὸν</w>
    <suffix></suffix>
    <w>ὄνομα</w>
    <suffix></suffix>
    <w>τὸ</w>
    <suffix></suffix>
    <w>ἐπικληθὲν</w>
    <suffix></suffix>
    <w>ἐφʼ</w>
    <suffix></suffix>
    <w>ὑμᾶς</w>
    <suffix>; </suffix>
  </p>
  <p>
    <verse-number id="James 2:8">8</verse-number>
    <w>Εἰ</w>
    <suffix></suffix>
    <w>μέντοι</w>
    <suffix></suffix>
    <w>νόμον</w>
    <suffix></suffix>
    <w>τελεῖτε</w>
    <suffix></suffix>
    <w>βασιλικὸν</w>
    <suffix></suffix>
    <w>κατὰ</w>
    <suffix></suffix>
    <w>τὴν</w>
    <suffix></suffix>
    <w>γραφήν</w>
    <suffix></suffix>
    <w>Ἀγαπήσεις</w>
    <suffix></suffix>
    <w>τὸν</w>
    <suffix></suffix>
    <w>πλησίον</w>
    <suffix></suffix>
    <w>σου</w>
    <suffix></suffix>
    <w>ὡς</w>
    <suffix></suffix>
    <w>σεαυτόν</w>
    <suffix>, </suffix>
    <w>καλῶς</w>
    <suffix></suffix>
    <w>ποιεῖτε</w>
    <suffix>· </suffix>
    <verse-number id="James 2:9">9</verse-number>
    <w>εἰ</w>
    <suffix></suffix>
    <w>δὲ</w>
    <suffix></suffix>
    <w>προσωπολημπτεῖτε</w>
    <suffix>, </suffix>
    <w>ἁμαρτίαν</w>
    <suffix></suffix>
    <w>ἐργάζεσθε</w>
    <suffix>, </suffix>
    <w>ἐλεγχόμενοι</w>
    <suffix></suffix>
    <w>ὑπὸ</w>
    <suffix></suffix>
    <w>τοῦ</w>
    <suffix></suffix>
    <w>νόμου</w>
    <suffix></suffix>
    <w>ὡς</w>
    <suffix></suffix>
    <w>παραβάται</w>
    <suffix>. </suffix>
    <verse-number id="James 2:10">10</verse-number>
    <w>ὅστις</w>
    <suffix></suffix>
    <w>γὰρ</w>
    <suffix></suffix>
    <w>ὅλον</w>
    <suffix></suffix>
    <w>τὸν</w>
    <suffix></suffix>
    <w>νόμον</w>
    <suffix></suffix>
    <prefix> ⸂</prefix>
    <w>τηρήσῃ</w>
    <suffix>, </suffix>
    <w>πταίσῃ</w>
    <suffix>⸃ </suffix>
    <w>δὲ</w>
    <suffix></suffix>
    <w>ἐν</w>
    <suffix></suffix>
    <w>ἑνί</w>
    <suffix>, </suffix>
    <w>γέγονεν</w>
    <suffix></suffix>
    <w>πάντων</w>
    <suffix></suffix>
    <w>ἔνοχος</w>
    <suffix>. </suffix>
    <verse-number id="James 2:11">11</verse-number>
    <w>ὁ</w>
    <suffix></suffix>
    <w>γὰρ</w>
    <suffix></suffix>
    <w>εἰπών</w>
    <suffix>· </suffix>
    <w>Μὴ</w>
    <suffix></suffix>
    <prefix> ⸀</prefix>
    <w>μοιχεύσῃς</w>
    <suffix></suffix>
    <w>εἶπεν</w>
    <suffix></suffix>
    <w>καί</w>
    <suffix>· </suffix>
    <w>Μὴ</w>
    <suffix></suffix>
    <prefix> ⸀</prefix>
    <w>φονεύσῃς</w>
    <suffix>· </suffix>
    <w>εἰ</w>
    <suffix></suffix>
    <w>δὲ</w>
    <suffix></suffix>
    <w>οὐ</w>
    <suffix></suffix>
    <prefix> ⸂</prefix>
    <w>μοιχεύεις</w>
    <suffix></suffix>
    <w>φονεύεις</w>
    <suffix>⸃ </suffix>
    <w>δέ</w>
    <suffix>, </suffix>
    <w>γέγονας</w>
    <suffix></suffix>
    <w>παραβάτης</w>
    <suffix></suffix>
    <w>νόμου</w>
    <suffix>. </suffix>
    <verse-number id="James 2:12">12</verse-number>
    <w>οὕτως</w>
    <suffix></suffix>
    <w>λαλεῖτε</w>
    <suffix></suffix>
    <w>καὶ</w>
    <suffix></suffix>
    <w>οὕτως</w>
    <suffix></suffix>
    <w>ποιεῖτε</w>
    <suffix></suffix>
    <w>ὡς</w>
    <suffix></suffix>
    <w>διὰ</w>
    <suffix></suffix>
    <w>νόμου</w>
    <suffix></suffix>
    <w>ἐλευθερίας</w>
    <suffix></suffix>
    <w>μέλλοντες</w>
    <suffix></suffix>
    <w>κρίνεσθαι</w>
    <suffix>. </suffix>
    <verse-number id="James 2:13">13</verse-number>
    <w>ἡ</w>
    <suffix></suffix>
    <w>γὰρ</w>
    <suffix></suffix>
    <w>κρίσις</w>
    <suffix></suffix>
    <w>ἀνέλεος</w>
    <suffix></suffix>
    <w>τῷ</w>
    <suffix></suffix>
    <w>μὴ</w>
    <suffix></suffix>
    <w>ποιήσαντι</w>
    <suffix></suffix>
    <w>ἔλεος</w>
    <suffix>· </suffix>
    <w>κατακαυχᾶται</w>
    <suffix></suffix>
    <prefix> ⸀</prefix>
    <w>ἔλεος</w>
    <suffix></suffix>
    <w>κρίσεως</w>
    <suffix>. </suffix>
  </p>
  <p>
    <verse-number id="James 2:14">14</verse-number>
    <prefix> ⸀</prefix>
    <w>Τί</w>
    <suffix></suffix>
    <w>ὄφελος</w>
    <suffix>, </suffix>
    <w>ἀδελφοί</w>
    <suffix></suffix>
    <w>μου</w>
    <suffix>, </suffix>
    <w>ἐὰν</w>
    <suffix></suffix>
    <w>πίστιν</w>
    <suffix></suffix>
    <w>λέγῃ</w>
    <suffix></suffix>
    <w>τις</w>
    <suffix></suffix>
    <w>ἔχειν</w>
    <suffix></suffix>
    <w>ἔργα</w>
    <suffix></suffix>
    <w>δὲ</w>
    <suffix></suffix>
    <w>μὴ</w>
    <suffix></suffix>
    <w>ἔχῃ</w>
    <suffix>; </suffix>
    <w>μὴ</w>
    <suffix></suffix>
    <w>δύναται</w>
    <suffix></suffix>
    <w>ἡ</w>
    <suffix></suffix>
    <w>πίστις</w>
    <suffix></suffix>
    <w>σῶσαι</w>
    <suffix></suffix>
    <w>αὐτόν</w>
    <suffix>; </suffix>
    <verse-number id="James 2:15">15</verse-number>
    <prefix> ⸀</prefix>
    <w>ἐὰν</w>
    <suffix></suffix>
    <w>ἀδελφὸς</w>
    <suffix></suffix>
    <w>ἢ</w>
    <suffix></suffix>
    <w>ἀδελφὴ</w>
    <suffix></suffix>
    <w>γυμνοὶ</w>
    <suffix></suffix>
    <w>ὑπάρχωσιν</w>
    <suffix></suffix>
    <w>καὶ</w>
    <suffix></suffix>
    <prefix> ⸀</prefix>
    <w>λειπόμενοι</w>
    <suffix></suffix>
    <w>τῆς</w>
    <suffix></suffix>
    <w>ἐφημέρου</w>
    <suffix></suffix>
    <w>τροφῆς</w>
    <suffix>, </suffix>
    <verse-number id="James 2:16">16</verse-number>
    <w>εἴπῃ</w>
    <suffix></suffix>
    <w>δέ</w>
    <suffix></suffix>
    <w>τις</w>
    <suffix></suffix>
    <w>αὐτοῖς</w>
    <suffix></suffix>
    <w>ἐξ</w>
    <suffix></suffix>
    <w>ὑμῶν</w>
    <suffix>· </suffix>
    <w>Ὑπάγετε</w>
    <suffix></suffix>
    <w>ἐν</w>
    <suffix></suffix>
    <w>εἰρήνῃ</w>
    <suffix>, </suffix>
    <w>θερμαίνεσθε</w>
    <suffix></suffix>
    <w>καὶ</w>
    <suffix></suffix>
    <w>χορτάζεσθε</w>
    <suffix>, </suffix>
    <w>μὴ</w>
    <suffix></suffix>
    <w>δῶτε</w>
    <suffix></suffix>
    <w>δὲ</w>
    <suffix></suffix>
    <w>αὐτοῖς</w>
    <suffix></suffix>
    <w>τὰ</w>
    <suffix></suffix>
    <w>ἐπιτήδεια</w>
    <suffix></suffix>
    <w>τοῦ</w>
    <suffix></suffix>
    <w>σώματος</w>
    <suffix>, </suffix>
    <prefix> ⸀</prefix>
    <w>τί</w>
    <suffix></suffix>
    <w>ὄφελος</w>
    <suffix>; </suffix>
    <verse-number id="James 2:17">17</verse-number>
    <w>οὕτως</w>
    <suffix></suffix>
    <w>καὶ</w>
    <suffix></suffix>
    <w>ἡ</w>
    <suffix></suffix>
    <w>πίστις</w>
    <suffix>, </suffix>
    <w>ἐὰν</w>
    <suffix></suffix>
    <w>μὴ</w>
    <suffix></suffix>
    <prefix> ⸂</prefix>
    <w>ἔχῃ</w>
    <suffix></suffix>
    <w>ἔργα</w>
    <suffix>⸃, </suffix>
    <w>νεκρά</w>
    <suffix></suffix>
    <w>ἐστιν</w>
    <suffix></suffix>
    <w>καθʼ</w>
    <suffix></suffix>
    <w>ἑαυτήν</w>
    <suffix>. </suffix>
  </p>
  <p>
    <verse-number id="James 2:18">18</verse-number>
    <w>Ἀλλʼ</w>
    <suffix></suffix>
    <w>ἐρεῖ</w>
    <suffix></suffix>
    <w>τις</w>
    <suffix>· </suffix>
    <w>Σὺ</w>
    <suffix></suffix>
    <w>πίστιν</w>
    <suffix></suffix>
    <w>ἔχεις</w>
    <suffix></suffix>
    <w>κἀγὼ</w>
    <suffix></suffix>
    <w>ἔργα</w>
    <suffix></suffix>
    <w>ἔχω</w>
    <suffix>. </suffix>
    <w>δεῖξόν</w>
    <suffix></suffix>
    <w>μοι</w>
    <suffix></suffix>
    <w>τὴν</w>
    <suffix></suffix>
    <w>πίστιν</w>
    <suffix></suffix>
    <w>σου</w>
    <suffix></suffix>
    <prefix> ⸀</prefix>
    <w>χωρὶς</w>
    <suffix></suffix>
    <w>τῶν</w>
    <suffix></suffix>
    <prefix> ⸀</prefix>
    <w>ἔργων</w>
    <suffix>, </suffix>
    <w>κἀγώ</w>
    <suffix></suffix>
    <prefix> ⸂</prefix>
    <w>σοι</w>
    <suffix></suffix>
    <w>δείξω</w>
    <suffix>⸃ </suffix>
    <w>ἐκ</w>
    <suffix></suffix>
    <w>τῶν</w>
    <suffix></suffix>
    <w>ἔργων</w>
    <suffix></suffix>
    <w>μου</w>
    <suffix></suffix>
    <w>τὴν</w>
    <suffix></suffix>
    <prefix> ⸀</prefix>
    <w>πίστιν</w>
    <suffix>. </suffix>
    <verse-number id="James 2:19">19</verse-number>
    <w>σὺ</w>
    <suffix></suffix>
    <w>πιστεύεις</w>
    <suffix></suffix>
    <w>ὅτι</w>
    <suffix></suffix>
    <prefix> ⸂</prefix>
    <w>εἷς</w>
    <suffix></suffix>
    <w>ἐστιν</w>
    <suffix></suffix>
    <w>ὁ</w>
    <suffix></suffix>
    <w>θεός</w>
    <suffix>⸃; </suffix>
    <w>καλῶς</w>
    <suffix></suffix>
    <w>ποιεῖς</w>
    <suffix>· </suffix>
    <w>καὶ</w>
    <suffix></suffix>
    <w>τὰ</w>
    <suffix></suffix>
    <w>δαιμόνια</w>
    <suffix></suffix>
    <w>πιστεύουσιν</w>
    <suffix></suffix>
    <w>καὶ</w>
    <suffix></suffix>
    <w>φρίσσουσιν</w>
    <suffix>. </suffix>
    <verse-number id="James 2:20">20</verse-number>
    <w>θέλεις</w>
    <suffix></suffix>
    <w>δὲ</w>
    <suffix></suffix>
    <w>γνῶναι</w>
    <suffix>, </suffix>
    <w>ὦ</w>
    <suffix></suffix>
    <w>ἄνθρωπε</w>
    <suffix></suffix>
    <w>κενέ</w>
    <suffix>, </suffix>
    <w>ὅτι</w>
    <suffix></suffix>
    <w>ἡ</w>
    <suffix></suffix>
    <w>πίστις</w>
    <suffix></suffix>
    <w>χωρὶς</w>
    <suffix></suffix>
    <w>τῶν</w>
    <suffix></suffix>
    <w>ἔργων</w>
    <suffix></suffix>
    <prefix> ⸀</prefix>
    <w>ἀργή</w>
    <suffix></suffix>
    <w>ἐστιν</w>
    <suffix>; </suffix>
    <verse-number id="James 2:21">21</verse-number>
    <w>Ἀβραὰμ</w>
    <suffix></suffix>
    <w>ὁ</w>
    <suffix></suffix>
    <w>πατὴρ</w>
    <suffix></suffix>
    <w>ἡμῶν</w>
    <suffix></suffix>
    <w>οὐκ</w>
    <suffix></suffix>
    <w>ἐξ</w>
    <suffix></suffix>
    <w>ἔργων</w>
    <suffix></suffix>
    <w>ἐδικαιώθη</w>
    <suffix>, </suffix>
    <w>ἀνενέγκας</w>
    <suffix></suffix>
    <w>Ἰσαὰκ</w>
    <suffix></suffix>
    <w>τὸν</w>
    <suffix></suffix>
    <w>υἱὸν</w>
    <suffix></suffix>
    <w>αὐτοῦ</w>
    <suffix></suffix>
    <w>ἐπὶ</w>
    <suffix></suffix>
    <w>τὸ</w>
    <suffix></suffix>
    <w>θυσιαστήριον</w>
    <suffix>; </suffix>
    <verse-number id="James 2:22">22</verse-number>
    <w>βλέπεις</w>
    <suffix></suffix>
    <w>ὅτι</w>
    <suffix></suffix>
    <w>ἡ</w>
    <suffix></suffix>
    <w>πίστις</w>
    <suffix></suffix>
    <w>συνήργει</w>
    <suffix></suffix>
    <w>τοῖς</w>
    <suffix></suffix>
    <w>ἔργοις</w>
    <suffix></suffix>
    <w>αὐτοῦ</w>
    <suffix></suffix>
    <w>καὶ</w>
    <suffix></suffix>
    <w>ἐκ</w>
    <suffix></suffix>
    <w>τῶν</w>
    <suffix></suffix>
    <w>ἔργων</w>
    <suffix></suffix>
    <w>ἡ</w>
    <suffix></suffix>
    <w>πίστις</w>
    <suffix></suffix>
    <w>ἐτελειώθη</w>
    <suffix>, </suffix>
    <verse-number id="James 2:23">23</verse-number>
    <w>καὶ</w>
    <suffix></suffix>
    <w>ἐπληρώθη</w>
    <suffix></suffix>
    <w>ἡ</w>
    <suffix></suffix>
    <w>γραφὴ</w>
    <suffix></suffix>
    <w>ἡ</w>
    <suffix></suffix>
    <w>λέγουσα</w>
    <suffix>· </suffix>
    <w>Ἐπίστευσεν</w>
    <suffix></suffix>
    <w>δὲ</w>
    <suffix></suffix>
    <w>Ἀβραὰμ</w>
    <suffix></suffix>
    <w>τῷ</w>
    <suffix></suffix>
    <w>θεῷ</w>
    <suffix>, </suffix>
    <w>καὶ</w>
    <suffix></suffix>
    <w>ἐλογίσθη</w>
    <suffix></suffix>
    <w>αὐτῷ</w>
    <suffix></suffix>
    <w>εἰς</w>
    <suffix></suffix>
    <w>δικαιοσύνην</w>
    <suffix>, </suffix>
    <w>καὶ</w>
    <suffix></suffix>
    <w>φίλος</w>
    <suffix></suffix>
    <w>θεοῦ</w>
    <suffix></suffix>
    <w>ἐκλήθη</w>
    <suffix>. </suffix>
    <verse-number id="James 2:24">24</verse-number>
    <prefix> ⸀</prefix>
    <w>ὁρᾶτε</w>
    <suffix></suffix>
    <w>ὅτι</w>
    <suffix></suffix>
    <w>ἐξ</w>
    <suffix></suffix>
    <w>ἔργων</w>
    <suffix></suffix>
    <w>δικαιοῦται</w>
    <suffix></suffix>
    <w>ἄνθρωπος</w>
    <suffix></suffix>
    <w>καὶ</w>
    <suffix></suffix>
    <w>οὐκ</w>
    <suffix></suffix>
    <w>ἐκ</w>
    <suffix></suffix>
    <w>πίστεως</w>
    <suffix></suffix>
    <w>μόνον</w>
    <suffix>. </suffix>
    <verse-number id="James 2:25">25</verse-number>
    <w>ὁμοίως</w>
    <suffix></suffix>
    <w>δὲ</w>
    <suffix></suffix>
    <w>καὶ</w>
    <suffix></suffix>
    <w>Ῥαὰβ</w>
    <suffix></suffix>
    <w>ἡ</w>
    <suffix></suffix>
    <w>πόρνη</w>
    <suffix></suffix>
    <w>οὐκ</w>
    <suffix></suffix>
    <w>ἐξ</w>
    <suffix></suffix>
    <w>ἔργων</w>
    <suffix></suffix>
    <w>ἐδικαιώθη</w>
    <suffix>, </suffix>
    <w>ὑποδεξαμένη</w>
    <suffix></suffix>
    <w>τοὺς</w>
    <suffix></suffix>
    <w>ἀγγέλους</w>
    <suffix></suffix>
    <w>καὶ</w>
    <suffix></suffix>
    <w>ἑτέρᾳ</w>
    <suffix></suffix>
    <w>ὁδῷ</w>
    <suffix></suffix>
    <w>ἐκβαλοῦσα</w>
    <suffix>; </suffix>
    <verse-number id="James 2:26">26</verse-number>
    <w>ὥσπερ</w>
    <suffix></suffix>
    <prefix> ⸀</prefix>
    <w>γὰρ</w>
    <suffix></suffix>
    <w>τὸ</w>
    <suffix></suffix>
    <w>σῶμα</w>
    <suffix></suffix>
    <w>χωρὶς</w>
    <suffix></suffix>
    <w>πνεύματος</w>
    <suffix></suffix>
    <w>νεκρόν</w>
    <suffix></suffix>
    <w>ἐστιν</w>
    <suffix>, </suffix>
    <w>οὕτως</w>
    <suffix></suffix>
    <w>καὶ</w>
    <suffix></suffix>
    <w>ἡ</w>
    <suffix></suffix>
    <w>πίστις</w>
    <suffix></suffix>
    <prefix> ⸀</prefix>
    <w>χωρὶς</w>
    <suffix></suffix>
    <w>ἔργων</w>
    <suffix></suffix>
    <w>νεκρά</w>
    <suffix></suffix>
    <w>ἐστιν</w>
    <suffix>. </suffix>
  </p>
  <p>
    <verse-number id="James 3:1">3:1</verse-number>
    <w>Μὴ</w>
    <suffix></suffix>
    <w>πολλοὶ</w>
    <suffix></suffix>
    <w>διδάσκαλοι</w>
    <suffix></suffix>
    <w>γίνεσθε</w>
    <suffix>, </suffix>
    <w>ἀδελφοί</w>
    <suffix></suffix>
    <w>μου</w>
    <suffix>, </suffix>
    <w>εἰδότες</w>
    <suffix></suffix>
    <w>ὅτι</w>
    <suffix></suffix>
    <w>μεῖζον</w>
    <suffix></suffix>
    <w>κρίμα</w>
    <suffix></suffix>
    <w>λημψόμεθα</w>
    <suffix>· </suffix>
    <verse-number id="James 3:2">2</verse-number>
    <w>πολλὰ</w>
    <suffix></suffix>
    <w>γὰρ</w>
    <suffix></suffix>
    <w>πταίομεν</w>
    <suffix></suffix>
    <w>ἅπαντες</w>
    <suffix>. </suffix>
    <w>εἴ</w>
    <suffix></suffix>
    <w>τις</w>
    <suffix></suffix>
    <w>ἐν</w>
    <suffix></suffix>
    <w>λόγῳ</w>
    <suffix></suffix>
    <w>οὐ</w>
    <suffix></suffix>
    <w>πταίει</w>
    <suffix>, </suffix>
    <w>οὗτος</w>
    <suffix></suffix>
    <w>τέλειος</w>
    <suffix></suffix>
    <w>ἀνήρ</w>
    <suffix>, </suffix>
    <w>δυνατὸς</w>
    <suffix></suffix>
    <w>χαλιναγωγῆσαι</w>
    <suffix></suffix>
    <w>καὶ</w>
    <suffix></suffix>
    <w>ὅλον</w>
    <suffix></suffix>
    <w>τὸ</w>
    <suffix></suffix>
    <w>σῶμα</w>
    <suffix>. </suffix>
    <verse-number id="James 3:3">3</verse-number>
    <prefix> ⸂</prefix>
    <w>εἰ</w>
    <suffix></suffix>
    <w>δὲ</w>
    <suffix>⸃ </suffix>
    <w>τῶν</w>
    <suffix></suffix>
    <w>ἵππων</w>
    <suffix></suffix>
    <w>τοὺς</w>
    <suffix></suffix>
    <w>χαλινοὺς</w>
    <suffix></suffix>
    <w>εἰς</w>
    <suffix></suffix>
    <w>τὰ</w>
    <suffix></suffix>
    <w>στόματα</w>
    <suffix></suffix>
    <w>βάλλομεν</w>
    <suffix></suffix>
    <prefix> ⸀</prefix>
    <w>εἰς</w>
    <suffix></suffix>
    <w>τὸ</w>
    <suffix></suffix>
    <w>πείθεσθαι</w>
    <suffix></suffix>
    <w>αὐτοὺς</w>
    <suffix></suffix>
    <w>ἡμῖν</w>
    <suffix>, </suffix>
    <w>καὶ</w>
    <suffix></suffix>
    <w>ὅλον</w>
    <suffix></suffix>
    <w>τὸ</w>
    <suffix></suffix>
    <w>σῶμα</w>
    <suffix></suffix>
    <w>αὐτῶν</w>
    <suffix></suffix>
    <w>μετάγομεν</w>
    <suffix>. </suffix>
    <verse-number id="James 3:4">4</verse-number>
    <w>ἰδοὺ</w>
    <suffix></suffix>
    <w>καὶ</w>
    <suffix></suffix>
    <w>τὰ</w>
    <suffix></suffix>
    <w>πλοῖα</w>
    <suffix>, </suffix>
    <w>τηλικαῦτα</w>
    <suffix></suffix>
    <w>ὄντα</w>
    <suffix></suffix>
    <w>καὶ</w>
    <suffix></suffix>
    <w>ὑπὸ</w>
    <suffix></suffix>
    <prefix> ⸂</prefix>
    <w>ἀνέμων</w>
    <suffix></suffix>
    <w>σκληρῶν</w>
    <suffix>⸃ </suffix>
    <w>ἐλαυνόμενα</w>
    <suffix>, </suffix>
    <w>μετάγεται</w>
    <suffix></suffix>
    <w>ὑπὸ</w>
    <suffix></suffix>
    <w>ἐλαχίστου</w>
    <suffix></suffix>
    <w>πηδαλίου</w>
    <suffix></suffix>
    <w>ὅπου</w>
    <suffix></suffix>
    <prefix> ⸂</prefix>
    <w>ἡ</w>
    <suffix></suffix>
    <w>ὁρμὴ</w>
    <suffix></suffix>
    <w>τοῦ</w>
    <suffix></suffix>
    <w>εὐθύνοντος</w>
    <suffix></suffix>
    <w>βούλεται</w>
    <suffix>⸃· </suffix>
    <verse-number id="James 3:5">5</verse-number>
    <w>οὕτως</w>
    <suffix></suffix>
    <w>καὶ</w>
    <suffix></suffix>
    <w>ἡ</w>
    <suffix></suffix>
    <w>γλῶσσα</w>
    <suffix></suffix>
    <w>μικρὸν</w>
    <suffix></suffix>
    <w>μέλος</w>
    <suffix></suffix>
    <w>ἐστὶν</w>
    <suffix></suffix>
    <w>καὶ</w>
    <suffix></suffix>
    <prefix> ⸂</prefix>
    <w>μεγάλα</w>
    <suffix></suffix>
    <w>αὐχεῖ</w>
    <suffix>⸃. </suffix>
  </p>
  <p>
    <w>Ἰδοὺ</w>
    <suffix></suffix>
    <prefix> ⸀</prefix>
    <w>ἡλίκον</w>
    <suffix></suffix>
    <w>πῦρ</w>
    <suffix></suffix>
    <w>ἡλίκην</w>
    <suffix></suffix>
    <w>ὕλην</w>
    <suffix></suffix>
    <w>ἀνάπτει</w>
    <suffix>· </suffix>
    <verse-number id="James 3:6">6</verse-number>
    <w>καὶ</w>
    <suffix></suffix>
    <w>ἡ</w>
    <suffix></suffix>
    <w>γλῶσσα</w>
    <suffix></suffix>
    <w>πῦρ</w>
    <suffix>, </suffix>
    <w>ὁ</w>
    <suffix></suffix>
    <w>κόσμος</w>
    <suffix></suffix>
    <w>τῆς</w>
    <suffix></suffix>
    <prefix> ⸀</prefix>
    <w>ἀδικίας</w>
    <suffix></suffix>
    <w>ἡ</w>
    <suffix></suffix>
    <w>γλῶσσα</w>
    <suffix></suffix>
    <w>καθίσταται</w>
    <suffix></suffix>
    <w>ἐν</w>
    <suffix></suffix>
    <w>τοῖς</w>
    <suffix></suffix>
    <w>μέλεσιν</w>
    <suffix></suffix>
    <w>ἡμῶν</w>
    <suffix>, </suffix>
    <w>ἡ</w>
    <suffix></suffix>
    <w>σπιλοῦσα</w>
    <suffix></suffix>
    <w>ὅλον</w>
    <suffix></suffix>
    <w>τὸ</w>
    <suffix></suffix>
    <w>σῶμα</w>
    <suffix></suffix>
    <w>καὶ</w>
    <suffix></suffix>
    <w>φλογίζουσα</w>
    <suffix></suffix>
    <w>τὸν</w>
    <suffix></suffix>
    <w>τροχὸν</w>
    <suffix></suffix>
    <w>τῆς</w>
    <suffix></suffix>
    <w>γενέσεως</w>
    <suffix></suffix>
    <w>καὶ</w>
    <suffix></suffix>
    <w>φλογιζομένη</w>
    <suffix></suffix>
    <w>ὑπὸ</w>
    <suffix></suffix>
    <w>τῆς</w>
    <suffix></suffix>
    <w>γεέννης</w>
    <suffix>. </suffix>
    <verse-number id="James 3:7">7</verse-number>
    <w>πᾶσα</w>
    <suffix></suffix>
    <w>γὰρ</w>
    <suffix></suffix>
    <w>φύσις</w>
    <suffix></suffix>
    <w>θηρίων</w>
    <suffix></suffix>
    <w>τε</w>
    <suffix></suffix>
    <w>καὶ</w>
    <suffix></suffix>
    <w>πετεινῶν</w>
    <suffix></suffix>
    <w>ἑρπετῶν</w>
    <suffix></suffix>
    <w>τε</w>
    <suffix></suffix>
    <w>καὶ</w>
    <suffix></suffix>
    <w>ἐναλίων</w>
    <suffix></suffix>
    <w>δαμάζεται</w>
    <suffix></suffix>
    <w>καὶ</w>
    <suffix></suffix>
    <w>δεδάμασται</w>
    <suffix></suffix>
    <w>τῇ</w>
    <suffix></suffix>
    <w>φύσει</w>
    <suffix></suffix>
    <w>τῇ</w>
    <suffix></suffix>
    <w>ἀνθρωπίνῃ</w>
    <suffix>· </suffix>
    <verse-number id="James 3:8">8</verse-number>
    <w>τὴν</w>
    <suffix></suffix>
    <w>δὲ</w>
    <suffix></suffix>
    <w>γλῶσσαν</w>
    <suffix></suffix>
    <w>οὐδεὶς</w>
    <suffix></suffix>
    <prefix> ⸂</prefix>
    <w>δαμάσαι</w>
    <suffix></suffix>
    <w>δύναται</w>
    <suffix></suffix>
    <w>ἀνθρώπων</w>
    <suffix>⸃· </suffix>
    <prefix> ⸀</prefix>
    <w>ἀκατάστατον</w>
    <suffix></suffix>
    <w>κακόν</w>
    <suffix>, </suffix>
    <w>μεστὴ</w>
    <suffix></suffix>
    <w>ἰοῦ</w>
    <suffix></suffix>
    <w>θανατηφόρου</w>
    <suffix>. </suffix>
    <verse-number id="James 3:9">9</verse-number>
    <w>ἐν</w>
    <suffix></suffix>
    <w>αὐτῇ</w>
    <suffix></suffix>
    <w>εὐλογοῦμεν</w>
    <suffix></suffix>
    <w>τὸν</w>
    <suffix></suffix>
    <prefix> ⸀</prefix>
    <w>κύριον</w>
    <suffix></suffix>
    <w>καὶ</w>
    <suffix></suffix>
    <w>πατέρα</w>
    <suffix>, </suffix>
    <w>καὶ</w>
    <suffix></suffix>
    <w>ἐν</w>
    <suffix></suffix>
    <w>αὐτῇ</w>
    <suffix></suffix>
    <w>καταρώμεθα</w>
    <suffix></suffix>
    <w>τοὺς</w>
    <suffix></suffix>
    <w>ἀνθρώπους</w>
    <suffix></suffix>
    <w>τοὺς</w>
    <suffix></suffix>
    <w>καθʼ</w>
    <suffix></suffix>
    <w>ὁμοίωσιν</w>
    <suffix></suffix>
    <w>θεοῦ</w>
    <suffix></suffix>
    <w>γεγονότας</w>
    <suffix>· </suffix>
    <verse-number id="James 3:10">10</verse-number>
    <w>ἐκ</w>
    <suffix></suffix>
    <w>τοῦ</w>
    <suffix></suffix>
    <w>αὐτοῦ</w>
    <suffix></suffix>
    <w>στόματος</w>
    <suffix></suffix>
    <w>ἐξέρχεται</w>
    <suffix></suffix>
    <w>εὐλογία</w>
    <suffix></suffix>
    <w>καὶ</w>
    <suffix></suffix>
    <w>κατάρα</w>
    <suffix>. </suffix>
    <w>οὐ</w>
    <suffix></suffix>
    <w>χρή</w>
    <suffix>, </suffix>
    <w>ἀδελφοί</w>
    <suffix></suffix>
    <w>μου</w>
    <suffix>, </suffix>
    <w>ταῦτα</w>
    <suffix></suffix>
    <w>οὕτως</w>
    <suffix></suffix>
    <w>γίνεσθαι</w>
    <suffix>. </suffix>
    <verse-number id="James 3:11">11</verse-number>
    <w>μήτι</w>
    <suffix></suffix>
    <w>ἡ</w>
    <suffix></suffix>
    <w>πηγὴ</w>
    <suffix></suffix>
    <w>ἐκ</w>
    <suffix></suffix>
    <w>τῆς</w>
    <suffix></suffix>
    <w>αὐτῆς</w>
    <suffix></suffix>
    <w>ὀπῆς</w>
    <suffix></suffix>
    <w>βρύει</w>
    <suffix></suffix>
    <w>τὸ</w>
    <suffix></suffix>
    <w>γλυκὺ</w>
    <suffix></suffix>
    <w>καὶ</w>
    <suffix></suffix>
    <w>τὸ</w>
    <suffix></suffix>
    <w>πικρόν</w>
    <suffix>; </suffix>
    <verse-number id="James 3:12">12</verse-number>
    <w>μὴ</w>
    <suffix></suffix>
    <w>δύναται</w>
    <suffix>, </suffix>
    <w>ἀδελφοί</w>
    <suffix></suffix>
    <w>μου</w>
    <suffix>, </suffix>
    <w>συκῆ</w>
    <suffix></suffix>
    <w>ἐλαίας</w>
    <suffix></suffix>
    <w>ποιῆσαι</w>
    <suffix></suffix>
    <w>ἢ</w>
    <suffix></suffix>
    <w>ἄμπελος</w>
    <suffix></suffix>
    <w>σῦκα</w>
    <suffix>; </suffix>
    <prefix> ⸂</prefix>
    <w>οὔτε</w>
    <suffix></suffix>
    <w>ἁλυκὸν</w>
    <suffix>⸃ </suffix>
    <w>γλυκὺ</w>
    <suffix></suffix>
    <w>ποιῆσαι</w>
    <suffix></suffix>
    <w>ὕδωρ</w>
    <suffix>. </suffix>
  </p>
  <p>
    <verse-number id="James 3:13">13</verse-number>
    <w>Τίς</w>
    <suffix></suffix>
    <w>σοφὸς</w>
    <suffix></suffix>
    <w>καὶ</w>
    <suffix></suffix>
    <w>ἐπιστήμων</w>
    <suffix></suffix>
    <w>ἐν</w>
    <suffix></suffix>
    <w>ὑμῖν</w>
    <suffix>; </suffix>
    <w>δειξάτω</w>
    <suffix></suffix>
    <w>ἐκ</w>
    <suffix></suffix>
    <w>τῆς</w>
    <suffix></suffix>
    <w>καλῆς</w>
    <suffix></suffix>
    <w>ἀναστροφῆς</w>
    <suffix></suffix>
    <w>τὰ</w>
    <suffix></suffix>
    <w>ἔργα</w>
    <suffix></suffix>
    <w>αὐτοῦ</w>
    <suffix></suffix>
    <w>ἐν</w>
    <suffix></suffix>
    <w>πραΰτητι</w>
    <suffix></suffix>
    <w>σοφίας</w>
    <suffix>. </suffix>
    <verse-number id="James 3:14">14</verse-number>
    <w>εἰ</w>
    <suffix></suffix>
    <w>δὲ</w>
    <suffix></suffix>
    <w>ζῆλον</w>
    <suffix></suffix>
    <w>πικρὸν</w>
    <suffix></suffix>
    <w>ἔχετε</w>
    <suffix></suffix>
    <w>καὶ</w>
    <suffix></suffix>
    <w>ἐριθείαν</w>
    <suffix></suffix>
    <w>ἐν</w>
    <suffix></suffix>
    <w>τῇ</w>
    <suffix></suffix>
    <w>καρδίᾳ</w>
    <suffix></suffix>
    <w>ὑμῶν</w>
    <suffix>, </suffix>
    <w>μὴ</w>
    <suffix></suffix>
    <w>κατακαυχᾶσθε</w>
    <suffix></suffix>
    <w>καὶ</w>
    <suffix></suffix>
    <w>ψεύδεσθε</w>
    <suffix></suffix>
    <w>κατὰ</w>
    <suffix></suffix>
    <w>τῆς</w>
    <suffix></suffix>
    <w>ἀληθείας</w>
    <suffix>. </suffix>
    <verse-number id="James 3:15">15</verse-number>
    <w>οὐκ</w>
    <suffix></suffix>
    <w>ἔστιν</w>
    <suffix></suffix>
    <w>αὕτη</w>
    <suffix></suffix>
    <w>ἡ</w>
    <suffix></suffix>
    <w>σοφία</w>
    <suffix></suffix>
    <w>ἄνωθεν</w>
    <suffix></suffix>
    <w>κατερχομένη</w>
    <suffix>, </suffix>
    <w>ἀλλὰ</w>
    <suffix></suffix>
    <w>ἐπίγειος</w>
    <suffix>, </suffix>
    <w>ψυχική</w>
    <suffix>, </suffix>
    <w>δαιμονιώδης</w>
    <suffix>· </suffix>
    <verse-number id="James 3:16">16</verse-number>
    <w>ὅπου</w>
    <suffix></suffix>
    <w>γὰρ</w>
    <suffix></suffix>
    <w>ζῆλος</w>
    <suffix></suffix>
    <w>καὶ</w>
    <suffix></suffix>
    <w>ἐριθεία</w>
    <suffix>, </suffix>
    <w>ἐκεῖ</w>
    <suffix></suffix>
    <w>ἀκαταστασία</w>
    <suffix></suffix>
    <w>καὶ</w>
    <suffix></suffix>
    <w>πᾶν</w>
    <suffix></suffix>
    <w>φαῦλον</w>
    <suffix></suffix>
    <w>πρᾶγμα</w>
    <suffix>. </suffix>
    <verse-number id="James 3:17">17</verse-number>
    <w>ἡ</w>
    <suffix></suffix>
    <w>δὲ</w>
    <suffix></suffix>
    <w>ἄνωθεν</w>
    <suffix></suffix>
    <w>σοφία</w>
    <suffix></suffix>
    <w>πρῶτον</w>
    <suffix></suffix>
    <w>μὲν</w>
    <suffix></suffix>
    <w>ἁγνή</w>
    <suffix></suffix>
    <w>ἐστιν</w>
    <suffix>, </suffix>
    <w>ἔπειτα</w>
    <suffix></suffix>
    <w>εἰρηνική</w>
    <suffix>, </suffix>
    <w>ἐπιεικής</w>
    <suffix>, </suffix>
    <w>εὐπειθής</w>
    <suffix>, </suffix>
    <w>μεστὴ</w>
    <suffix></suffix>
    <w>ἐλέους</w>
    <suffix></suffix>
    <w>καὶ</w>
    <suffix></suffix>
    <w>καρπῶν</w>
    <suffix></suffix>
    <w>ἀγαθῶν</w>
    <suffix>, </suffix>
    <prefix> ⸀</prefix>
    <w>ἀδιάκριτος</w>
    <suffix>, </suffix>
    <w>ἀνυπόκριτος</w>
    <suffix>· </suffix>
    <verse-number id="James 3:18">18</verse-number>
    <w>καρπὸς</w>
    <suffix></suffix>
    <prefix> ⸀</prefix>
    <w>δὲ</w>
    <suffix></suffix>
    <w>δικαιοσύνης</w>
    <suffix></suffix>
    <w>ἐν</w>
    <suffix></suffix>
    <w>εἰρήνῃ</w>
    <suffix></suffix>
    <w>σπείρεται</w>
    <suffix></suffix>
    <w>τοῖς</w>
    <suffix></suffix>
    <w>ποιοῦσιν</w>
    <suffix></suffix>
    <w>εἰρήνην</w>
    <suffix>. </suffix>
  </p>
  <p>
    <verse-number id="James 4:1">4:1</verse-number>
    <w>Πόθεν</w>
    <suffix></suffix>
    <w>πόλεμοι</w>
    <suffix></suffix>
    <w>καὶ</w>
    <suffix></suffix>
    <prefix> ⸀</prefix>
    <w>πόθεν</w>
    <suffix></suffix>
    <w>μάχαι</w>
    <suffix></suffix>
    <w>ἐν</w>
    <suffix></suffix>
    <w>ὑμῖν</w>
    <suffix>; </suffix>
    <w>οὐκ</w>
    <suffix></suffix>
    <w>ἐντεῦθεν</w>
    <suffix>, </suffix>
    <w>ἐκ</w>
    <suffix></suffix>
    <w>τῶν</w>
    <suffix></suffix>
    <w>ἡδονῶν</w>
    <suffix></suffix>
    <w>ὑμῶν</w>
    <suffix></suffix>
    <w>τῶν</w>
    <suffix></suffix>
    <w>στρατευομένων</w>
    <suffix></suffix>
    <w>ἐν</w>
    <suffix></suffix>
    <w>τοῖς</w>
    <suffix></suffix>
    <w>μέλεσιν</w>
    <suffix></suffix>
    <w>ὑμῶν</w>
    <suffix>; </suffix>
    <verse-number id="James 4:2">2</verse-number>
    <w>ἐπιθυμεῖτε</w>
    <suffix>, </suffix>
    <w>καὶ</w>
    <suffix></suffix>
    <w>οὐκ</w>
    <suffix></suffix>
    <w>ἔχετε</w>
    <suffix>· </suffix>
    <w>φονεύετε</w>
    <suffix></suffix>
    <w>καὶ</w>
    <suffix></suffix>
    <w>ζηλοῦτε</w>
    <suffix>, </suffix>
    <w>καὶ</w>
    <suffix></suffix>
    <w>οὐ</w>
    <suffix></suffix>
    <w>δύνασθε</w>
    <suffix></suffix>
    <w>ἐπιτυχεῖν</w>
    <suffix>· </suffix>
    <w>μάχεσθε</w>
    <suffix></suffix>
    <w>καὶ</w>
    <suffix></suffix>
    <w>πολεμεῖτε</w>
    <suffix>. </suffix>
    <w>οὐκ</w>
    <suffix></suffix>
    <w>ἔχετε</w>
    <suffix></suffix>
    <w>διὰ</w>
    <suffix></suffix>
    <w>τὸ</w>
    <suffix></suffix>
    <w>μὴ</w>
    <suffix></suffix>
    <w>αἰτεῖσθαι</w>
    <suffix></suffix>
    <w>ὑμᾶς</w>
    <suffix>· </suffix>
    <verse-number id="James 4:3">3</verse-number>
    <w>αἰτεῖτε</w>
    <suffix></suffix>
    <w>καὶ</w>
    <suffix></suffix>
    <w>οὐ</w>
    <suffix></suffix>
    <w>λαμβάνετε</w>
    <suffix>, </suffix>
    <w>διότι</w>
    <suffix></suffix>
    <w>κακῶς</w>
    <suffix></suffix>
    <w>αἰτεῖσθε</w>
    <suffix>, </suffix>
    <w>ἵνα</w>
    <suffix></suffix>
    <w>ἐν</w>
    <suffix></suffix>
    <w>ταῖς</w>
    <suffix></suffix>
    <w>ἡδοναῖς</w>
    <suffix></suffix>
    <w>ὑμῶν</w>
    <suffix></suffix>
    <w>δαπανήσητε</w>
    <suffix>. </suffix>
    <verse-number id="James 4:4">4</verse-number>
    <prefix> ⸀</prefix>
    <w>μοιχαλίδες</w>
    <suffix>, </suffix>
    <w>οὐκ</w>
    <suffix></suffix>
    <w>οἴδατε</w>
    <suffix></suffix>
    <w>ὅτι</w>
    <suffix></suffix>
    <w>ἡ</w>
    <suffix></suffix>
    <w>φιλία</w>
    <suffix></suffix>
    <w>τοῦ</w>
    <suffix></suffix>
    <w>κόσμου</w>
    <suffix></suffix>
    <w>ἔχθρα</w>
    <suffix></suffix>
    <w>τοῦ</w>
    <suffix></suffix>
    <w>θεοῦ</w>
    <suffix></suffix>
    <w>ἐστιν</w>
    <suffix>; </suffix>
    <w>ὃς</w>
    <suffix></suffix>
    <prefix> ⸀</prefix>
    <w>ἐὰν</w>
    <suffix></suffix>
    <w>οὖν</w>
    <suffix></suffix>
    <w>βουληθῇ</w>
    <suffix></suffix>
    <w>φίλος</w>
    <suffix></suffix>
    <w>εἶναι</w>
    <suffix></suffix>
    <w>τοῦ</w>
    <suffix></suffix>
    <w>κόσμου</w>
    <suffix>, </suffix>
    <w>ἐχθρὸς</w>
    <suffix></suffix>
    <w>τοῦ</w>
    <suffix></suffix>
    <w>θεοῦ</w>
    <suffix></suffix>
    <w>καθίσταται</w>
    <suffix>. </suffix>
    <verse-number id="James 4:5">5</verse-number>
    <w>ἢ</w>
    <suffix></suffix>
    <w>δοκεῖτε</w>
    <suffix></suffix>
    <w>ὅτι</w>
    <suffix></suffix>
    <w>κενῶς</w>
    <suffix></suffix>
    <w>ἡ</w>
    <suffix></suffix>
    <w>γραφὴ</w>
    <suffix></suffix>
    <w>λέγει</w>
    <suffix>· </suffix>
    <w>Πρὸς</w>
    <suffix></suffix>
    <w>φθόνον</w>
    <suffix></suffix>
    <w>ἐπιποθεῖ</w>
    <suffix></suffix>
    <w>τὸ</w>
    <suffix></suffix>
    <w>πνεῦμα</w>
    <suffix></suffix>
    <w>ὃ</w>
    <suffix></suffix>
    <prefix> ⸀</prefix>
    <w>κατῴκισεν</w>
    <suffix></suffix>
    <w>ἐν</w>
    <suffix></suffix>
    <w>ἡμῖν</w>
    <suffix>; </suffix>
    <verse-number id="James 4:6">6</verse-number>
    <w>μείζονα</w>
    <suffix></suffix>
    <w>δὲ</w>
    <suffix></suffix>
    <w>δίδωσιν</w>
    <suffix></suffix>
    <w>χάριν</w>
    <suffix>· </suffix>
    <w>διὸ</w>
    <suffix></suffix>
    <w>λέγει</w>
    <suffix>· </suffix>
    <w>Ὁ</w>
    <suffix></suffix>
    <w>θεὸς</w>
    <suffix></suffix>
    <w>ὑπερηφάνοις</w>
    <suffix></suffix>
    <w>ἀντιτάσσεται</w>
    <suffix></suffix>
    <w>ταπεινοῖς</w>
    <suffix></suffix>
    <w>δὲ</w>
    <suffix></suffix>
    <w>δίδωσιν</w>
    <suffix></suffix>
    <w>χάριν</w>
    <suffix>. </suffix>
    <verse-number id="James 4:7">7</verse-number>
    <w>ὑποτάγητε</w>
    <suffix></suffix>
    <w>οὖν</w>
    <suffix></suffix>
    <w>τῷ</w>
    <suffix></suffix>
    <w>θεῷ</w>
    <suffix>· </suffix>
    <w>ἀντίστητε</w>
    <suffix></suffix>
    <w>δὲ</w>
    <suffix></suffix>
    <w>τῷ</w>
    <suffix></suffix>
    <w>διαβόλῳ</w>
    <suffix>, </suffix>
    <w>καὶ</w>
    <suffix></suffix>
    <w>φεύξεται</w>
    <suffix></suffix>
    <w>ἀφʼ</w>
    <suffix></suffix>
    <w>ὑμῶν</w>
    <suffix>· </suffix>
    <verse-number id="James 4:8">8</verse-number>
    <w>ἐγγίσατε</w>
    <suffix></suffix>
    <w>τῷ</w>
    <suffix></suffix>
    <w>θεῷ</w>
    <suffix>, </suffix>
    <w>καὶ</w>
    <suffix></suffix>
    <prefix> ⸀</prefix>
    <w>ἐγγιεῖ</w>
    <suffix></suffix>
    <w>ὑμῖν</w>
    <suffix>. </suffix>
    <w>καθαρίσατε</w>
    <suffix></suffix>
    <w>χεῖρας</w>
    <suffix>, </suffix>
    <w>ἁμαρτωλοί</w>
    <suffix>, </suffix>
    <w>καὶ</w>
    <suffix></suffix>
    <w>ἁγνίσατε</w>
    <suffix></suffix>
    <w>καρδίας</w>
    <suffix>, </suffix>
    <w>δίψυχοι</w>
    <suffix>. </suffix>
    <verse-number id="James 4:9">9</verse-number>
    <w>ταλαιπωρήσατε</w>
    <suffix></suffix>
    <w>καὶ</w>
    <suffix></suffix>
    <w>πενθήσατε</w>
    <suffix></suffix>
    <w>καὶ</w>
    <suffix></suffix>
    <w>κλαύσατε</w>
    <suffix>· </suffix>
    <w>ὁ</w>
    <suffix></suffix>
    <w>γέλως</w>
    <suffix></suffix>
    <w>ὑμῶν</w>
    <suffix></suffix>
    <w>εἰς</w>
    <suffix></suffix>
    <w>πένθος</w>
    <suffix></suffix>
    <prefix> ⸀</prefix>
    <w>μετατραπήτω</w>
    <suffix></suffix>
    <w>καὶ</w>
    <suffix></suffix>
    <w>ἡ</w>
    <suffix></suffix>
    <w>χαρὰ</w>
    <suffix></suffix>
    <w>εἰς</w>
    <suffix></suffix>
    <w>κατήφειαν</w>
    <suffix>· </suffix>
    <verse-number id="James 4:10">10</verse-number>
    <w>ταπεινώθητε</w>
    <suffix></suffix>
    <w>ἐνώπιον</w>
    <suffix></suffix>
    <prefix> ⸀</prefix>
    <w>κυρίου</w>
    <suffix>, </suffix>
    <w>καὶ</w>
    <suffix></suffix>
    <w>ὑψώσει</w>
    <suffix></suffix>
    <w>ὑμᾶς</w>
    <suffix>. </suffix>
  </p>
  <p>
    <verse-number id="James 4:11">11</verse-number>
    <w>Μὴ</w>
    <suffix></suffix>
    <w>καταλαλεῖτε</w>
    <suffix></suffix>
    <w>ἀλλήλων</w>
    <suffix>, </suffix>
    <w>ἀδελφοί</w>
    <suffix>· </suffix>
    <w>ὁ</w>
    <suffix></suffix>
    <w>καταλαλῶν</w>
    <suffix></suffix>
    <w>ἀδελφοῦ</w>
    <suffix></suffix>
    <prefix> ⸀</prefix>
    <w>ἢ</w>
    <suffix></suffix>
    <w>κρίνων</w>
    <suffix></suffix>
    <w>τὸν</w>
    <suffix></suffix>
    <w>ἀδελφὸν</w>
    <suffix></suffix>
    <w>αὐτοῦ</w>
    <suffix></suffix>
    <w>καταλαλεῖ</w>
    <suffix></suffix>
    <w>νόμου</w>
    <suffix></suffix>
    <w>καὶ</w>
    <suffix></suffix>
    <w>κρίνει</w>
    <suffix></suffix>
    <w>νόμον</w>
    <suffix>· </suffix>
    <w>εἰ</w>
    <suffix></suffix>
    <w>δὲ</w>
    <suffix></suffix>
    <w>νόμον</w>
    <suffix></suffix>
    <w>κρίνεις</w>
    <suffix>, </suffix>
    <w>οὐκ</w>
    <suffix></suffix>
    <w>εἶ</w>
    <suffix></suffix>
    <w>ποιητὴς</w>
    <suffix></suffix>
    <w>νόμου</w>
    <suffix></suffix>
    <w>ἀλλὰ</w>
    <suffix></suffix>
    <w>κριτής</w>
    <suffix>. </suffix>
    <verse-number id="James 4:12">12</verse-number>
    <w>εἷς</w>
    <suffix></suffix>
    <prefix> ⸀</prefix>
    <w>ἐστιν</w>
    <suffix></suffix>
    <w>νομοθέτης</w>
    <suffix></suffix>
    <prefix> ⸂</prefix>
    <w>καὶ</w>
    <suffix></suffix>
    <w>κριτής</w>
    <suffix>⸃, </suffix>
    <w>ὁ</w>
    <suffix></suffix>
    <w>δυνάμενος</w>
    <suffix></suffix>
    <w>σῶσαι</w>
    <suffix></suffix>
    <w>καὶ</w>
    <suffix></suffix>
    <w>ἀπολέσαι</w>
    <suffix>· </suffix>
    <w>σὺ</w>
    <suffix></suffix>
    <w>δὲ</w>
    <suffix></suffix>
    <w>τίς</w>
    <suffix></suffix>
    <w>εἶ</w>
    <suffix>, </suffix>
    <prefix> ⸂</prefix>
    <w>ὁ</w>
    <suffix></suffix>
    <w>κρίνων</w>
    <suffix>⸃ </suffix>
    <w>τὸν</w>
    <suffix></suffix>
    <prefix> ⸀</prefix>
    <w>πλησίον</w>
    <suffix>; </suffix>
  </p>
  <p>
    <verse-number id="James 4:13">13</verse-number>
    <w>Ἄγε</w>
    <suffix></suffix>
    <w>νῦν</w>
    <suffix></suffix>
    <w>οἱ</w>
    <suffix></suffix>
    <w>λέγοντες</w>
    <suffix>· </suffix>
    <w>Σήμερον</w>
    <suffix></suffix>
    <prefix> ⸀</prefix>
    <w>ἢ</w>
    <suffix></suffix>
    <w>αὔριον</w>
    <suffix></suffix>
    <prefix> ⸀</prefix>
    <w>πορευσόμεθα</w>
    <suffix></suffix>
    <w>εἰς</w>
    <suffix></suffix>
    <w>τήνδε</w>
    <suffix></suffix>
    <w>τὴν</w>
    <suffix></suffix>
    <w>πόλιν</w>
    <suffix></suffix>
    <w>καὶ</w>
    <suffix></suffix>
    <prefix> ⸀</prefix>
    <w>ποιήσομεν</w>
    <suffix></suffix>
    <w>ἐκεῖ</w>
    <suffix></suffix>
    <prefix> ⸀</prefix>
    <w>ἐνιαυτὸν</w>
    <suffix></suffix>
    <w>καὶ</w>
    <suffix></suffix>
    <prefix> ⸀</prefix>
    <w>ἐμπορευσόμεθα</w>
    <suffix></suffix>
    <w>καὶ</w>
    <suffix></suffix>
    <prefix> ⸀</prefix>
    <w>κερδήσομεν</w>
    <suffix>· </suffix>
    <verse-number id="James 4:14">14</verse-number>
    <w>οἵτινες</w>
    <suffix></suffix>
    <w>οὐκ</w>
    <suffix></suffix>
    <w>ἐπίστασθε</w>
    <suffix></suffix>
    <prefix> ⸀</prefix>
    <w>τὸ</w>
    <suffix></suffix>
    <w>τῆς</w>
    <suffix></suffix>
    <w>αὔριον</w>
    <suffix></suffix>
    <prefix> ⸀</prefix>
    <w>ποία</w>
    <suffix></suffix>
    <w>ἡ</w>
    <suffix></suffix>
    <w>ζωὴ</w>
    <suffix></suffix>
    <w>ὑμῶν</w>
    <suffix>· </suffix>
    <w>ἀτμὶς</w>
    <suffix></suffix>
    <w>γάρ</w>
    <suffix></suffix>
    <prefix> ⸀</prefix>
    <w>ἐστε</w>
    <suffix></suffix>
    <prefix> ⸀</prefix>
    <w>ἡ</w>
    <suffix></suffix>
    <w>πρὸς</w>
    <suffix></suffix>
    <w>ὀλίγον</w>
    <suffix></suffix>
    <w>φαινομένη</w>
    <suffix>, </suffix>
    <prefix> ⸀</prefix>
    <w>ἔπειτα</w>
    <suffix></suffix>
    <w>καὶ</w>
    <suffix></suffix>
    <w>ἀφανιζομένη</w>
    <suffix>· </suffix>
    <verse-number id="James 4:15">15</verse-number>
    <w>ἀντὶ</w>
    <suffix></suffix>
    <w>τοῦ</w>
    <suffix></suffix>
    <w>λέγειν</w>
    <suffix></suffix>
    <w>ὑμᾶς</w>
    <suffix>· </suffix>
    <w>Ἐὰν</w>
    <suffix></suffix>
    <w>ὁ</w>
    <suffix></suffix>
    <w>κύριος</w>
    <suffix></suffix>
    <prefix> ⸀</prefix>
    <w>θελήσῃ</w>
    <suffix>, </suffix>
    <w>καὶ</w>
    <suffix></suffix>
    <prefix> ⸀</prefix>
    <w>ζήσομεν</w>
    <suffix></suffix>
    <w>καὶ</w>
    <suffix></suffix>
    <prefix> ⸀</prefix>
    <w>ποιήσομεν</w>
    <suffix></suffix>
    <w>τοῦτο</w>
    <suffix></suffix>
    <w>ἢ</w>
    <suffix></suffix>
    <w>ἐκεῖνο</w>
    <suffix>. </suffix>
    <verse-number id="James 4:16">16</verse-number>
    <w>νῦν</w>
    <suffix></suffix>
    <w>δὲ</w>
    <suffix></suffix>
    <w>καυχᾶσθε</w>
    <suffix></suffix>
    <w>ἐν</w>
    <suffix></suffix>
    <w>ταῖς</w>
    <suffix></suffix>
    <w>ἀλαζονείαις</w>
    <suffix></suffix>
    <w>ὑμῶν</w>
    <suffix>· </suffix>
    <w>πᾶσα</w>
    <suffix></suffix>
    <w>καύχησις</w>
    <suffix></suffix>
    <w>τοιαύτη</w>
    <suffix></suffix>
    <w>πονηρά</w>
    <suffix></suffix>
    <w>ἐστιν</w>
    <suffix>. </suffix>
    <verse-number id="James 4:17">17</verse-number>
    <w>εἰδότι</w>
    <suffix></suffix>
    <w>οὖν</w>
    <suffix></suffix>
    <w>καλὸν</w>
    <suffix></suffix>
    <w>ποιεῖν</w>
    <suffix></suffix>
    <w>καὶ</w>
    <suffix></suffix>
    <w>μὴ</w>
    <suffix></suffix>
    <w>ποιοῦντι</w>
    <suffix>, </suffix>
    <w>ἁμαρτία</w>
    <suffix></suffix>
    <w>αὐτῷ</w>
    <suffix></suffix>
    <w>ἐστιν</w>
    <suffix>. </suffix>
  </p>
  <p>
    <verse-number id="James 5:1">5:1</verse-number>
    <w>Ἄγε</w>
    <suffix></suffix>
    <w>νῦν</w>
    <suffix></suffix>
    <w>οἱ</w>
    <suffix></suffix>
    <w>πλούσιοι</w>
    <suffix>, </suffix>
    <w>κλαύσατε</w>
    <suffix></suffix>
    <w>ὀλολύζοντες</w>
    <suffix></suffix>
    <w>ἐπὶ</w>
    <suffix></suffix>
    <w>ταῖς</w>
    <suffix></suffix>
    <w>ταλαιπωρίαις</w>
    <suffix></suffix>
    <w>ὑμῶν</w>
    <suffix></suffix>
    <w>ταῖς</w>
    <suffix></suffix>
    <w>ἐπερχομέναις</w>
    <suffix>. </suffix>
    <verse-number id="James 5:2">2</verse-number>
    <w>ὁ</w>
    <suffix></suffix>
    <w>πλοῦτος</w>
    <suffix></suffix>
    <w>ὑμῶν</w>
    <suffix></suffix>
    <w>σέσηπεν</w>
    <suffix>, </suffix>
    <w>καὶ</w>
    <suffix></suffix>
    <w>τὰ</w>
    <suffix></suffix>
    <w>ἱμάτια</w>
    <suffix></suffix>
    <w>ὑμῶν</w>
    <suffix></suffix>
    <w>σητόβρωτα</w>
    <suffix></suffix>
    <w>γέγονεν</w>
    <suffix>, </suffix>
    <verse-number id="James 5:3">3</verse-number>
    <w>ὁ</w>
    <suffix></suffix>
    <w>χρυσὸς</w>
    <suffix></suffix>
    <w>ὑμῶν</w>
    <suffix></suffix>
    <w>καὶ</w>
    <suffix></suffix>
    <w>ὁ</w>
    <suffix></suffix>
    <w>ἄργυρος</w>
    <suffix></suffix>
    <w>κατίωται</w>
    <suffix>, </suffix>
    <w>καὶ</w>
    <suffix></suffix>
    <w>ὁ</w>
    <suffix></suffix>
    <w>ἰὸς</w>
    <suffix></suffix>
    <w>αὐτῶν</w>
    <suffix></suffix>
    <w>εἰς</w>
    <suffix></suffix>
    <w>μαρτύριον</w>
    <suffix></suffix>
    <w>ὑμῖν</w>
    <suffix></suffix>
    <w>ἔσται</w>
    <suffix></suffix>
    <w>καὶ</w>
    <suffix></suffix>
    <w>φάγεται</w>
    <suffix></suffix>
    <w>τὰς</w>
    <suffix></suffix>
    <w>σάρκας</w>
    <suffix></suffix>
    <w>ὑμῶν</w>
    <suffix>· </suffix>
    <w>ὡς</w>
    <suffix></suffix>
    <w>πῦρ</w>
    <suffix></suffix>
    <w>ἐθησαυρίσατε</w>
    <suffix></suffix>
    <w>ἐν</w>
    <suffix></suffix>
    <w>ἐσχάταις</w>
    <suffix></suffix>
    <w>ἡμέραις</w>
    <suffix>. </suffix>
    <verse-number id="James 5:4">4</verse-number>
    <w>ἰδοὺ</w>
    <suffix></suffix>
    <w>ὁ</w>
    <suffix></suffix>
    <w>μισθὸς</w>
    <suffix></suffix>
    <w>τῶν</w>
    <suffix></suffix>
    <w>ἐργατῶν</w>
    <suffix></suffix>
    <w>τῶν</w>
    <suffix></suffix>
    <w>ἀμησάντων</w>
    <suffix></suffix>
    <w>τὰς</w>
    <suffix></suffix>
    <w>χώρας</w>
    <suffix></suffix>
    <w>ὑμῶν</w>
    <suffix></suffix>
    <w>ὁ</w>
    <suffix></suffix>
    <prefix> ⸀</prefix>
    <w>ἀφυστερημένος</w>
    <suffix></suffix>
    <w>ἀφʼ</w>
    <suffix></suffix>
    <w>ὑμῶν</w>
    <suffix></suffix>
    <w>κράζει</w>
    <suffix>, </suffix>
    <w>καὶ</w>
    <suffix></suffix>
    <w>αἱ</w>
    <suffix></suffix>
    <w>βοαὶ</w>
    <suffix></suffix>
    <w>τῶν</w>
    <suffix></suffix>
    <w>θερισάντων</w>
    <suffix></suffix>
    <w>εἰς</w>
    <suffix></suffix>
    <w>τὰ</w>
    <suffix></suffix>
    <w>ὦτα</w>
    <suffix></suffix>
    <w>Κυρίου</w>
    <suffix></suffix>
    <w>Σαβαὼθ</w>
    <suffix></suffix>
    <prefix> ⸀</prefix>
    <w>εἰσεληλύθασιν</w>
    <suffix>· </suffix>
    <verse-number id="James 5:5">5</verse-number>
    <w>ἐτρυφήσατε</w>
    <suffix></suffix>
    <w>ἐπὶ</w>
    <suffix></suffix>
    <w>τῆς</w>
    <suffix></suffix>
    <w>γῆς</w>
    <suffix></suffix>
    <w>καὶ</w>
    <suffix></suffix>
    <w>ἐσπαταλήσατε</w>
    <suffix>, </suffix>
    <w>ἐθρέψατε</w>
    <suffix></suffix>
    <w>τὰς</w>
    <suffix></suffix>
    <w>καρδίας</w>
    <suffix></suffix>
    <prefix> ⸀</prefix>
    <w>ὑμῶν</w>
    <suffix></suffix>
    <w>ἐν</w>
    <suffix></suffix>
    <w>ἡμέρᾳ</w>
    <suffix></suffix>
    <w>σφαγῆς</w>
    <suffix>. </suffix>
    <verse-number id="James 5:6">6</verse-number>
    <w>κατεδικάσατε</w>
    <suffix>, </suffix>
    <w>ἐφονεύσατε</w>
    <suffix></suffix>
    <w>τὸν</w>
    <suffix></suffix>
    <w>δίκαιον</w>
    <suffix>. </suffix>
    <w>οὐκ</w>
    <suffix></suffix>
    <w>ἀντιτάσσεται</w>
    <suffix></suffix>
    <w>ὑμῖν</w>
    <suffix>; </suffix>
  </p>
  <p>
    <verse-number id="James 5:7">7</verse-number>
    <w>Μακροθυμήσατε</w>
    <suffix></suffix>
    <w>οὖν</w>
    <suffix>, </suffix>
    <w>ἀδελφοί</w>
    <suffix>, </suffix>
    <w>ἕως</w>
    <suffix></suffix>
    <w>τῆς</w>
    <suffix></suffix>
    <w>παρουσίας</w>
    <suffix></suffix>
    <w>τοῦ</w>
    <suffix></suffix>
    <w>κυρίου</w>
    <suffix>. </suffix>
    <w>ἰδοὺ</w>
    <suffix></suffix>
    <w>ὁ</w>
    <suffix></suffix>
    <w>γεωργὸς</w>
    <suffix></suffix>
    <w>ἐκδέχεται</w>
    <suffix></suffix>
    <w>τὸν</w>
    <suffix></suffix>
    <w>τίμιον</w>
    <suffix></suffix>
    <w>καρπὸν</w>
    <suffix></suffix>
    <w>τῆς</w>
    <suffix></suffix>
    <w>γῆς</w>
    <suffix>, </suffix>
    <w>μακροθυμῶν</w>
    <suffix></suffix>
    <w>ἐπʼ</w>
    <suffix></suffix>
    <prefix> ⸀</prefix>
    <w>αὐτῷ</w>
    <suffix></suffix>
    <w>ἕως</w>
    <suffix></suffix>
    <prefix> ⸀</prefix>
    <w>λάβῃ</w>
    <suffix></suffix>
    <w>πρόϊμον</w>
    <suffix></suffix>
    <w>καὶ</w>
    <suffix></suffix>
    <w>ὄψιμον</w>
    <suffix>. </suffix>
    <verse-number id="James 5:8">8</verse-number>
    <w>μακροθυμήσατε</w>
    <suffix></suffix>
    <w>καὶ</w>
    <suffix></suffix>
    <w>ὑμεῖς</w>
    <suffix>, </suffix>
    <w>στηρίξατε</w>
    <suffix></suffix>
    <w>τὰς</w>
    <suffix></suffix>
    <w>καρδίας</w>
    <suffix></suffix>
    <w>ὑμῶν</w>
    <suffix>, </suffix>
    <w>ὅτι</w>
    <suffix></suffix>
    <w>ἡ</w>
    <suffix></suffix>
    <w>παρουσία</w>
    <suffix></suffix>
    <w>τοῦ</w>
    <suffix></suffix>
    <w>κυρίου</w>
    <suffix></suffix>
    <w>ἤγγικεν</w>
    <suffix>. </suffix>
    <verse-number id="James 5:9">9</verse-number>
    <w>μὴ</w>
    <suffix></suffix>
    <w>στενάζετε</w>
    <suffix>, </suffix>
    <prefix> ⸂</prefix>
    <w>ἀδελφοί</w>
    <suffix>, </suffix>
    <w>κατʼ</w>
    <suffix></suffix>
    <w>ἀλλήλων</w>
    <suffix>⸃, </suffix>
    <w>ἵνα</w>
    <suffix></suffix>
    <w>μὴ</w>
    <suffix></suffix>
    <w>κριθῆτε</w>
    <suffix>· </suffix>
    <w>ἰδοὺ</w>
    <suffix></suffix>
    <w>ὁ</w>
    <suffix></suffix>
    <w>κριτὴς</w>
    <suffix></suffix>
    <w>πρὸ</w>
    <suffix></suffix>
    <w>τῶν</w>
    <suffix></suffix>
    <w>θυρῶν</w>
    <suffix></suffix>
    <w>ἕστηκεν</w>
    <suffix>. </suffix>
    <verse-number id="James 5:10">10</verse-number>
    <w>ὑπόδειγμα</w>
    <suffix></suffix>
    <w>λάβετε</w>
    <suffix>, </suffix>
    <prefix> ⸀</prefix>
    <w>ἀδελφοί</w>
    <suffix>, </suffix>
    <w>τῆς</w>
    <suffix></suffix>
    <w>κακοπαθίας</w>
    <suffix></suffix>
    <w>καὶ</w>
    <suffix></suffix>
    <w>τῆς</w>
    <suffix></suffix>
    <w>μακροθυμίας</w>
    <suffix></suffix>
    <w>τοὺς</w>
    <suffix></suffix>
    <w>προφήτας</w>
    <suffix>, </suffix>
    <w>οἳ</w>
    <suffix></suffix>
    <w>ἐλάλησαν</w>
    <suffix></suffix>
    <prefix> ⸀</prefix>
    <w>ἐν</w>
    <suffix></suffix>
    <w>τῷ</w>
    <suffix></suffix>
    <w>ὀνόματι</w>
    <suffix></suffix>
    <w>κυρίου</w>
    <suffix>. </suffix>
    <verse-number id="James 5:11">11</verse-number>
    <w>ἰδοὺ</w>
    <suffix></suffix>
    <w>μακαρίζομεν</w>
    <suffix></suffix>
    <w>τοὺς</w>
    <suffix></suffix>
    <prefix> ⸀</prefix>
    <w>ὑπομείναντας</w>
    <suffix>· </suffix>
    <w>τὴν</w>
    <suffix></suffix>
    <w>ὑπομονὴν</w>
    <suffix></suffix>
    <w>Ἰὼβ</w>
    <suffix></suffix>
    <w>ἠκούσατε</w>
    <suffix>, </suffix>
    <w>καὶ</w>
    <suffix></suffix>
    <w>τὸ</w>
    <suffix></suffix>
    <w>τέλος</w>
    <suffix></suffix>
    <w>κυρίου</w>
    <suffix></suffix>
    <prefix> ⸀</prefix>
    <w>εἴδετε</w>
    <suffix>, </suffix>
    <w>ὅτι</w>
    <suffix></suffix>
    <w>πολύσπλαγχνός</w>
    <suffix></suffix>
    <w>ἐστιν</w>
    <suffix></suffix>
    <prefix> ⸂</prefix>
    <w>ὁ</w>
    <suffix></suffix>
    <w>κύριος</w>
    <suffix>⸃ </suffix>
    <w>καὶ</w>
    <suffix></suffix>
    <w>οἰκτίρμων</w>
    <suffix>. </suffix>
  </p>
  <p>
    <verse-number id="James 5:12">12</verse-number>
    <w>Πρὸ</w>
    <suffix></suffix>
    <w>πάντων</w>
    <suffix></suffix>
    <w>δέ</w>
    <suffix>, </suffix>
    <w>ἀδελφοί</w>
    <suffix></suffix>
    <w>μου</w>
    <suffix>, </suffix>
    <w>μὴ</w>
    <suffix></suffix>
    <w>ὀμνύετε</w>
    <suffix>, </suffix>
    <w>μήτε</w>
    <suffix></suffix>
    <w>τὸν</w>
    <suffix></suffix>
    <w>οὐρανὸν</w>
    <suffix></suffix>
    <w>μήτε</w>
    <suffix></suffix>
    <w>τὴν</w>
    <suffix></suffix>
    <w>γῆν</w>
    <suffix></suffix>
    <w>μήτε</w>
    <suffix></suffix>
    <w>ἄλλον</w>
    <suffix></suffix>
    <w>τινὰ</w>
    <suffix></suffix>
    <w>ὅρκον</w>
    <suffix>· </suffix>
    <w>ἤτω</w>
    <suffix></suffix>
    <w>δὲ</w>
    <suffix></suffix>
    <w>ὑμῶν</w>
    <suffix></suffix>
    <w>τὸ</w>
    <suffix></suffix>
    <w>Ναὶ</w>
    <suffix></suffix>
    <w>ναὶ</w>
    <suffix></suffix>
    <w>καὶ</w>
    <suffix></suffix>
    <w>τὸ</w>
    <suffix></suffix>
    <w>Οὒ</w>
    <suffix></suffix>
    <w>οὔ</w>
    <suffix>, </suffix>
    <w>ἵνα</w>
    <suffix></suffix>
    <w>μὴ</w>
    <suffix></suffix>
    <prefix> ⸂</prefix>
    <w>ὑπὸ</w>
    <suffix></suffix>
    <w>κρίσιν</w>
    <suffix>⸃ </suffix>
    <w>πέσητε</w>
    <suffix>. </suffix>
  </p>
  <p>
    <verse-number id="James 5:13">13</verse-number>
    <w>Κακοπαθεῖ</w>
    <suffix></suffix>
    <w>τις</w>
    <suffix></suffix>
    <w>ἐν</w>
    <suffix></suffix>
    <w>ὑμῖν</w>
    <suffix>; </suffix>
    <w>προσευχέσθω</w>
    <suffix>· </suffix>
    <w>εὐθυμεῖ</w>
    <suffix></suffix>
    <w>τις</w>
    <suffix>; </suffix>
    <w>ψαλλέτω</w>
    <suffix>. </suffix>
    <verse-number id="James 5:14">14</verse-number>
    <w>ἀσθενεῖ</w>
    <suffix></suffix>
    <w>τις</w>
    <suffix></suffix>
    <w>ἐν</w>
    <suffix></suffix>
    <w>ὑμῖν</w>
    <suffix>; </suffix>
    <w>προσκαλεσάσθω</w>
    <suffix></suffix>
    <w>τοὺς</w>
    <suffix></suffix>
    <w>πρεσβυτέρους</w>
    <suffix></suffix>
    <w>τῆς</w>
    <suffix></suffix>
    <w>ἐκκλησίας</w>
    <suffix>, </suffix>
    <w>καὶ</w>
    <suffix></suffix>
    <w>προσευξάσθωσαν</w>
    <suffix></suffix>
    <w>ἐπʼ</w>
    <suffix></suffix>
    <w>αὐτὸν</w>
    <suffix></suffix>
    <w>ἀλείψαντες</w>
    <suffix></suffix>
    <prefix> ⸀</prefix>
    <w>αὐτὸν</w>
    <suffix></suffix>
    <w>ἐλαίῳ</w>
    <suffix></suffix>
    <w>ἐν</w>
    <suffix></suffix>
    <w>τῷ</w>
    <suffix></suffix>
    <w>ὀνόματι</w>
    <suffix></suffix>
    <w>τοῦ</w>
    <suffix></suffix>
    <w>κυρίου</w>
    <suffix>· </suffix>
    <verse-number id="James 5:15">15</verse-number>
    <w>καὶ</w>
    <suffix></suffix>
    <w>ἡ</w>
    <suffix></suffix>
    <w>εὐχὴ</w>
    <suffix></suffix>
    <w>τῆς</w>
    <suffix></suffix>
    <w>πίστεως</w>
    <suffix></suffix>
    <w>σώσει</w>
    <suffix></suffix>
    <w>τὸν</w>
    <suffix></suffix>
    <w>κάμνοντα</w>
    <suffix>, </suffix>
    <w>καὶ</w>
    <suffix></suffix>
    <w>ἐγερεῖ</w>
    <suffix></suffix>
    <w>αὐτὸν</w>
    <suffix></suffix>
    <w>ὁ</w>
    <suffix></suffix>
    <w>κύριος</w>
    <suffix>· </suffix>
    <w>κἂν</w>
    <suffix></suffix>
    <w>ἁμαρτίας</w>
    <suffix></suffix>
    <w>ᾖ</w>
    <suffix></suffix>
    <w>πεποιηκώς</w>
    <suffix>, </suffix>
    <w>ἀφεθήσεται</w>
    <suffix></suffix>
    <w>αὐτῷ</w>
    <suffix>. </suffix>
    <verse-number id="James 5:16">16</verse-number>
    <w>ἐξομολογεῖσθε</w>
    <suffix></suffix>
    <prefix> ⸀</prefix>
    <w>οὖν</w>
    <suffix></suffix>
    <w>ἀλλήλοις</w>
    <suffix></suffix>
    <prefix> ⸂</prefix>
    <w>τὰς</w>
    <suffix></suffix>
    <w>ἁμαρτίας</w>
    <suffix>⸃ </suffix>
    <w>καὶ</w>
    <suffix></suffix>
    <prefix> ⸀</prefix>
    <w>εὔχεσθε</w>
    <suffix></suffix>
    <w>ὑπὲρ</w>
    <suffix></suffix>
    <w>ἀλλήλων</w>
    <suffix>, </suffix>
    <w>ὅπως</w>
    <suffix></suffix>
    <w>ἰαθῆτε</w>
    <suffix>. </suffix>
    <w>πολὺ</w>
    <suffix></suffix>
    <w>ἰσχύει</w>
    <suffix></suffix>
    <w>δέησις</w>
    <suffix></suffix>
    <w>δικαίου</w>
    <suffix></suffix>
    <w>ἐνεργουμένη</w>
    <suffix>. </suffix>
    <verse-number id="James 5:17">17</verse-number>
    <w>Ἠλίας</w>
    <suffix></suffix>
    <w>ἄνθρωπος</w>
    <suffix></suffix>
    <w>ἦν</w>
    <suffix></suffix>
    <w>ὁμοιοπαθὴς</w>
    <suffix></suffix>
    <w>ἡμῖν</w>
    <suffix>, </suffix>
    <w>καὶ</w>
    <suffix></suffix>
    <w>προσευχῇ</w>
    <suffix></suffix>
    <w>προσηύξατο</w>
    <suffix></suffix>
    <w>τοῦ</w>
    <suffix></suffix>
    <w>μὴ</w>
    <suffix></suffix>
    <w>βρέξαι</w>
    <suffix>, </suffix>
    <w>καὶ</w>
    <suffix></suffix>
    <w>οὐκ</w>
    <suffix></suffix>
    <w>ἔβρεξεν</w>
    <suffix></suffix>
    <w>ἐπὶ</w>
    <suffix></suffix>
    <w>τῆς</w>
    <suffix></suffix>
    <w>γῆς</w>
    <suffix></suffix>
    <w>ἐνιαυτοὺς</w>
    <suffix></suffix>
    <w>τρεῖς</w>
    <suffix></suffix>
    <w>καὶ</w>
    <suffix></suffix>
    <w>μῆνας</w>
    <suffix></suffix>
    <w>ἕξ</w>
    <suffix>· </suffix>
    <verse-number id="James 5:18">18</verse-number>
    <w>καὶ</w>
    <suffix></suffix>
    <w>πάλιν</w>
    <suffix></suffix>
    <w>προσηύξατο</w>
    <suffix>, </suffix>
    <w>καὶ</w>
    <suffix></suffix>
    <w>ὁ</w>
    <suffix></suffix>
    <w>οὐρανὸς</w>
    <suffix></suffix>
    <prefix> ⸂</prefix>
    <w>ὑετὸν</w>
    <suffix></suffix>
    <w>ἔδωκεν</w>
    <suffix>⸃ </suffix>
    <w>καὶ</w>
    <suffix></suffix>
    <w>ἡ</w>
    <suffix></suffix>
    <w>γῆ</w>
    <suffix></suffix>
    <w>ἐβλάστησεν</w>
    <suffix></suffix>
    <w>τὸν</w>
    <suffix></suffix>
    <w>καρπὸν</w>
    <suffix></suffix>
    <w>αὐτῆς</w>
    <suffix>. </suffix>
  </p>
  <p>
    <verse-number id="James 5:19">19</verse-number>
    <w>Ἀδελφοί</w>
    <suffix></suffix>
    <prefix> ⸀</prefix>
    <w>μου</w>
    <suffix>, </suffix>
    <w>ἐάν</w>
    <suffix></suffix>
    <w>τις</w>
    <suffix></suffix>
    <w>ἐν</w>
    <suffix></suffix>
    <w>ὑμῖν</w>
    <suffix></suffix>
    <w>πλανηθῇ</w>
    <suffix></suffix>
    <w>ἀπὸ</w>
    <suffix></suffix>
    <w>τῆς</w>
    <suffix></suffix>
    <w>ἀληθείας</w>
    <suffix></suffix>
    <w>καὶ</w>
    <suffix></suffix>
    <w>ἐπιστρέψῃ</w>
    <suffix></suffix>
    <w>τις</w>
    <suffix></suffix>
    <w>αὐτόν</w>
    <suffix>, </suffix>
    <verse-number id="James 5:20">20</verse-number>
    <prefix> ⸀</prefix>
    <w>γινωσκέτω</w>
    <suffix></suffix>
    <w>ὅτι</w>
    <suffix></suffix>
    <w>ὁ</w>
    <suffix></suffix>
    <w>ἐπιστρέψας</w>
    <suffix></suffix>
    <w>ἁμαρτωλὸν</w>
    <suffix></suffix>
    <w>ἐκ</w>
    <suffix></suffix>
    <w>πλάνης</w>
    <suffix></suffix>
    <w>ὁδοῦ</w>
    <suffix></suffix>
    <w>αὐτοῦ</w>
    <suffix></suffix>
    <w>σώσει</w>
    <suffix></suffix>
    <w>ψυχὴν</w>
    <suffix></suffix>
    <prefix> ⸀</prefix>
    <w>αὐτοῦ</w>
    <suffix></suffix>
    <w>ἐκ</w>
    <suffix></suffix>
    <w>θανάτου</w>
    <suffix></suffix>
    <w>καὶ</w>
    <suffix></suffix>
    <w>καλύψει</w>
    <suffix></suffix>
    <w>πλῆθος</w>
    <suffix></suffix>
    <w>ἁμαρτιῶν</w>
    <suffix>. </suffix>
  </p>
  <p />
</book>