﻿<book id="Jud">
  <title>ΙΟΥΔΑ</title>
  <p>
    <verse-number id="Jude 1:1">1:1</verse-number>
    <w>Ἰούδας</w>
    <suffix></suffix>
    <w>Ἰησοῦ</w>
    <suffix></suffix>
    <w>Χριστοῦ</w>
    <suffix></suffix>
    <w>δοῦλος</w>
    <suffix>, </suffix>
    <w>ἀδελφὸς</w>
    <suffix></suffix>
    <w>δὲ</w>
    <suffix></suffix>
    <w>Ἰακώβου</w>
    <suffix>, </suffix>
    <w>τοῖς</w>
    <suffix></suffix>
    <w>ἐν</w>
    <suffix></suffix>
    <w>θεῷ</w>
    <suffix></suffix>
    <w>πατρὶ</w>
    <suffix></suffix>
    <prefix> ⸀</prefix>
    <w>ἠγαπημένοις</w>
    <suffix></suffix>
    <w>καὶ</w>
    <suffix></suffix>
    <w>Ἰησοῦ</w>
    <suffix></suffix>
    <w>Χριστῷ</w>
    <suffix></suffix>
    <w>τετηρημένοις</w>
    <suffix></suffix>
    <w>κλητοῖς</w>
    <suffix>· </suffix>
    <verse-number id="Jude 1:2">2</verse-number>
    <w>ἔλεος</w>
    <suffix></suffix>
    <w>ὑμῖν</w>
    <suffix></suffix>
    <w>καὶ</w>
    <suffix></suffix>
    <w>εἰρήνη</w>
    <suffix></suffix>
    <w>καὶ</w>
    <suffix></suffix>
    <w>ἀγάπη</w>
    <suffix></suffix>
    <w>πληθυνθείη</w>
    <suffix>. </suffix>
    <verse-number id="Jude 1:3">3</verse-number>
    <w>Ἀγαπητοί</w>
    <suffix>, </suffix>
    <w>πᾶσαν</w>
    <suffix></suffix>
    <w>σπουδὴν</w>
    <suffix></suffix>
    <w>ποιούμενος</w>
    <suffix></suffix>
    <w>γράφειν</w>
    <suffix></suffix>
    <w>ὑμῖν</w>
    <suffix></suffix>
    <w>περὶ</w>
    <suffix></suffix>
    <w>τῆς</w>
    <suffix></suffix>
    <w>κοινῆς</w>
    <suffix></suffix>
    <prefix> ⸀</prefix>
    <w>ἡμῶν</w>
    <suffix></suffix>
    <w>σωτηρίας</w>
    <suffix></suffix>
    <w>ἀνάγκην</w>
    <suffix></suffix>
    <w>ἔσχον</w>
    <suffix></suffix>
    <w>γράψαι</w>
    <suffix></suffix>
    <w>ὑμῖν</w>
    <suffix></suffix>
    <w>παρακαλῶν</w>
    <suffix></suffix>
    <w>ἐπαγωνίζεσθαι</w>
    <suffix></suffix>
    <w>τῇ</w>
    <suffix></suffix>
    <w>ἅπαξ</w>
    <suffix></suffix>
    <w>παραδοθείσῃ</w>
    <suffix></suffix>
    <w>τοῖς</w>
    <suffix></suffix>
    <w>ἁγίοις</w>
    <suffix></suffix>
    <w>πίστει</w>
    <suffix>. </suffix>
    <verse-number id="Jude 1:4">4</verse-number>
    <w>παρεισέδυσαν</w>
    <suffix></suffix>
    <w>γάρ</w>
    <suffix></suffix>
    <w>τινες</w>
    <suffix></suffix>
    <w>ἄνθρωποι</w>
    <suffix>, </suffix>
    <w>οἱ</w>
    <suffix></suffix>
    <w>πάλαι</w>
    <suffix></suffix>
    <w>προγεγραμμένοι</w>
    <suffix></suffix>
    <w>εἰς</w>
    <suffix></suffix>
    <w>τοῦτο</w>
    <suffix></suffix>
    <w>τὸ</w>
    <suffix></suffix>
    <w>κρίμα</w>
    <suffix>, </suffix>
    <w>ἀσεβεῖς</w>
    <suffix>, </suffix>
    <w>τὴν</w>
    <suffix></suffix>
    <w>τοῦ</w>
    <suffix></suffix>
    <w>θεοῦ</w>
    <suffix></suffix>
    <w>ἡμῶν</w>
    <suffix></suffix>
    <w>χάριτα</w>
    <suffix></suffix>
    <w>μετατιθέντες</w>
    <suffix></suffix>
    <w>εἰς</w>
    <suffix></suffix>
    <w>ἀσέλγειαν</w>
    <suffix></suffix>
    <w>καὶ</w>
    <suffix></suffix>
    <w>τὸν</w>
    <suffix></suffix>
    <w>μόνον</w>
    <suffix></suffix>
    <prefix> ⸀</prefix>
    <w>δεσπότην</w>
    <suffix></suffix>
    <w>καὶ</w>
    <suffix></suffix>
    <w>κύριον</w>
    <suffix></suffix>
    <w>ἡμῶν</w>
    <suffix></suffix>
    <w>Ἰησοῦν</w>
    <suffix></suffix>
    <w>Χριστὸν</w>
    <suffix></suffix>
    <w>ἀρνούμενοι</w>
    <suffix>. </suffix>
    <verse-number id="Jude 1:5">5</verse-number>
    <w>Ὑπομνῆσαι</w>
    <suffix></suffix>
    <w>δὲ</w>
    <suffix></suffix>
    <w>ὑμᾶς</w>
    <suffix></suffix>
    <w>βούλομαι</w>
    <suffix>, </suffix>
    <w>εἰδότας</w>
    <suffix></suffix>
    <prefix> ⸂</prefix>
    <w>ὑμᾶς</w>
    <suffix></suffix>
    <w>ἅπαξ</w>
    <suffix>⸃ </suffix>
    <prefix> ⸀</prefix>
    <w>πάντα</w>
    <suffix>, </suffix>
    <w>ὅτι</w>
    <suffix></suffix>
    <prefix> ⸀</prefix>
    <w>Ἰησοῦς</w>
    <suffix></suffix>
    <w>λαὸν</w>
    <suffix></suffix>
    <w>ἐκ</w>
    <suffix></suffix>
    <w>γῆς</w>
    <suffix></suffix>
    <w>Αἰγύπτου</w>
    <suffix></suffix>
    <w>σώσας</w>
    <suffix></suffix>
    <w>τὸ</w>
    <suffix></suffix>
    <w>δεύτερον</w>
    <suffix></suffix>
    <w>τοὺς</w>
    <suffix></suffix>
    <w>μὴ</w>
    <suffix></suffix>
    <w>πιστεύσαντας</w>
    <suffix></suffix>
    <w>ἀπώλεσεν</w>
    <suffix>, </suffix>
    <verse-number id="Jude 1:6">6</verse-number>
    <w>ἀγγέλους</w>
    <suffix></suffix>
    <w>τε</w>
    <suffix></suffix>
    <w>τοὺς</w>
    <suffix></suffix>
    <w>μὴ</w>
    <suffix></suffix>
    <w>τηρήσαντας</w>
    <suffix></suffix>
    <w>τὴν</w>
    <suffix></suffix>
    <w>ἑαυτῶν</w>
    <suffix></suffix>
    <w>ἀρχὴν</w>
    <suffix></suffix>
    <w>ἀλλὰ</w>
    <suffix></suffix>
    <w>ἀπολιπόντας</w>
    <suffix></suffix>
    <w>τὸ</w>
    <suffix></suffix>
    <w>ἴδιον</w>
    <suffix></suffix>
    <w>οἰκητήριον</w>
    <suffix></suffix>
    <w>εἰς</w>
    <suffix></suffix>
    <w>κρίσιν</w>
    <suffix></suffix>
    <w>μεγάλης</w>
    <suffix></suffix>
    <w>ἡμέρας</w>
    <suffix></suffix>
    <w>δεσμοῖς</w>
    <suffix></suffix>
    <w>ἀϊδίοις</w>
    <suffix></suffix>
    <w>ὑπὸ</w>
    <suffix></suffix>
    <w>ζόφον</w>
    <suffix></suffix>
    <w>τετήρηκεν</w>
    <suffix>· </suffix>
    <verse-number id="Jude 1:7">7</verse-number>
    <w>ὡς</w>
    <suffix></suffix>
    <w>Σόδομα</w>
    <suffix></suffix>
    <w>καὶ</w>
    <suffix></suffix>
    <w>Γόμορρα</w>
    <suffix></suffix>
    <w>καὶ</w>
    <suffix></suffix>
    <w>αἱ</w>
    <suffix></suffix>
    <w>περὶ</w>
    <suffix></suffix>
    <w>αὐτὰς</w>
    <suffix></suffix>
    <w>πόλεις</w>
    <suffix>, </suffix>
    <w>τὸν</w>
    <suffix></suffix>
    <w>ὅμοιον</w>
    <suffix></suffix>
    <prefix> ⸂</prefix>
    <w>τρόπον</w>
    <suffix></suffix>
    <w>τούτοις</w>
    <suffix>⸃ </suffix>
    <w>ἐκπορνεύσασαι</w>
    <suffix></suffix>
    <w>καὶ</w>
    <suffix></suffix>
    <w>ἀπελθοῦσαι</w>
    <suffix></suffix>
    <w>ὀπίσω</w>
    <suffix></suffix>
    <w>σαρκὸς</w>
    <suffix></suffix>
    <w>ἑτέρας</w>
    <suffix>, </suffix>
    <w>πρόκεινται</w>
    <suffix></suffix>
    <w>δεῖγμα</w>
    <suffix></suffix>
    <w>πυρὸς</w>
    <suffix></suffix>
    <w>αἰωνίου</w>
    <suffix></suffix>
    <w>δίκην</w>
    <suffix></suffix>
    <w>ὑπέχουσαι</w>
    <suffix>. </suffix>
    <verse-number id="Jude 1:8">8</verse-number>
    <w>Ὁμοίως</w>
    <suffix></suffix>
    <w>μέντοι</w>
    <suffix></suffix>
    <w>καὶ</w>
    <suffix></suffix>
    <w>οὗτοι</w>
    <suffix></suffix>
    <w>ἐνυπνιαζόμενοι</w>
    <suffix></suffix>
    <w>σάρκα</w>
    <suffix></suffix>
    <w>μὲν</w>
    <suffix></suffix>
    <w>μιαίνουσιν</w>
    <suffix>, </suffix>
    <w>κυριότητα</w>
    <suffix></suffix>
    <w>δὲ</w>
    <suffix></suffix>
    <w>ἀθετοῦσιν</w>
    <suffix>, </suffix>
    <w>δόξας</w>
    <suffix></suffix>
    <w>δὲ</w>
    <suffix></suffix>
    <w>βλασφημοῦσιν</w>
    <suffix>. </suffix>
    <verse-number id="Jude 1:9">9</verse-number>
    <w>ὁ</w>
    <suffix></suffix>
    <w>δὲ</w>
    <suffix></suffix>
    <w>Μιχαὴλ</w>
    <suffix></suffix>
    <w>ὁ</w>
    <suffix></suffix>
    <w>ἀρχάγγελος</w>
    <suffix>, </suffix>
    <w>ὅτε</w>
    <suffix></suffix>
    <w>τῷ</w>
    <suffix></suffix>
    <w>διαβόλῳ</w>
    <suffix></suffix>
    <w>διακρινόμενος</w>
    <suffix></suffix>
    <w>διελέγετο</w>
    <suffix></suffix>
    <w>περὶ</w>
    <suffix></suffix>
    <w>τοῦ</w>
    <suffix></suffix>
    <w>Μωϋσέως</w>
    <suffix></suffix>
    <w>σώματος</w>
    <suffix>, </suffix>
    <w>οὐκ</w>
    <suffix></suffix>
    <w>ἐτόλμησεν</w>
    <suffix></suffix>
    <w>κρίσιν</w>
    <suffix></suffix>
    <w>ἐπενεγκεῖν</w>
    <suffix></suffix>
    <w>βλασφημίας</w>
    <suffix>, </suffix>
    <w>ἀλλὰ</w>
    <suffix></suffix>
    <w>εἶπεν</w>
    <suffix>· </suffix>
    <w>Ἐπιτιμήσαι</w>
    <suffix></suffix>
    <w>σοι</w>
    <suffix></suffix>
    <w>κύριος</w>
    <suffix>. </suffix>
    <verse-number id="Jude 1:10">10</verse-number>
    <w>οὗτοι</w>
    <suffix></suffix>
    <w>δὲ</w>
    <suffix></suffix>
    <w>ὅσα</w>
    <suffix></suffix>
    <w>μὲν</w>
    <suffix></suffix>
    <w>οὐκ</w>
    <suffix></suffix>
    <w>οἴδασιν</w>
    <suffix></suffix>
    <w>βλασφημοῦσιν</w>
    <suffix>, </suffix>
    <w>ὅσα</w>
    <suffix></suffix>
    <w>δὲ</w>
    <suffix></suffix>
    <w>φυσικῶς</w>
    <suffix></suffix>
    <w>ὡς</w>
    <suffix></suffix>
    <w>τὰ</w>
    <suffix></suffix>
    <w>ἄλογα</w>
    <suffix></suffix>
    <w>ζῷα</w>
    <suffix></suffix>
    <w>ἐπίστανται</w>
    <suffix>, </suffix>
    <w>ἐν</w>
    <suffix></suffix>
    <w>τούτοις</w>
    <suffix></suffix>
    <w>φθείρονται</w>
    <suffix>. </suffix>
    <verse-number id="Jude 1:11">11</verse-number>
    <w>οὐαὶ</w>
    <suffix></suffix>
    <w>αὐτοῖς</w>
    <suffix>, </suffix>
    <w>ὅτι</w>
    <suffix></suffix>
    <w>τῇ</w>
    <suffix></suffix>
    <w>ὁδῷ</w>
    <suffix></suffix>
    <w>τοῦ</w>
    <suffix></suffix>
    <w>Κάϊν</w>
    <suffix></suffix>
    <w>ἐπορεύθησαν</w>
    <suffix>, </suffix>
    <w>καὶ</w>
    <suffix></suffix>
    <w>τῇ</w>
    <suffix></suffix>
    <w>πλάνῃ</w>
    <suffix></suffix>
    <w>τοῦ</w>
    <suffix></suffix>
    <w>Βαλαὰμ</w>
    <suffix></suffix>
    <w>μισθοῦ</w>
    <suffix></suffix>
    <w>ἐξεχύθησαν</w>
    <suffix>, </suffix>
    <w>καὶ</w>
    <suffix></suffix>
    <w>τῇ</w>
    <suffix></suffix>
    <w>ἀντιλογίᾳ</w>
    <suffix></suffix>
    <w>τοῦ</w>
    <suffix></suffix>
    <w>Κόρε</w>
    <suffix></suffix>
    <w>ἀπώλοντο</w>
    <suffix>. </suffix>
    <verse-number id="Jude 1:12">12</verse-number>
    <w>οὗτοί</w>
    <suffix></suffix>
    <w>εἰσιν</w>
    <suffix></suffix>
    <prefix> ⸀</prefix>
    <w>οἱ</w>
    <suffix></suffix>
    <w>ἐν</w>
    <suffix></suffix>
    <w>ταῖς</w>
    <suffix></suffix>
    <w>ἀγάπαις</w>
    <suffix></suffix>
    <w>ὑμῶν</w>
    <suffix></suffix>
    <w>σπιλάδες</w>
    <suffix></suffix>
    <w>συνευωχούμενοι</w>
    <suffix>, </suffix>
    <w>ἀφόβως</w>
    <suffix></suffix>
    <w>ἑαυτοὺς</w>
    <suffix></suffix>
    <w>ποιμαίνοντες</w>
    <suffix>, </suffix>
    <w>νεφέλαι</w>
    <suffix></suffix>
    <w>ἄνυδροι</w>
    <suffix></suffix>
    <w>ὑπὸ</w>
    <suffix></suffix>
    <w>ἀνέμων</w>
    <suffix></suffix>
    <w>παραφερόμεναι</w>
    <suffix>, </suffix>
    <w>δένδρα</w>
    <suffix></suffix>
    <w>φθινοπωρινὰ</w>
    <suffix></suffix>
    <w>ἄκαρπα</w>
    <suffix></suffix>
    <w>δὶς</w>
    <suffix></suffix>
    <w>ἀποθανόντα</w>
    <suffix></suffix>
    <w>ἐκριζωθέντα</w>
    <suffix>, </suffix>
    <verse-number id="Jude 1:13">13</verse-number>
    <w>κύματα</w>
    <suffix></suffix>
    <w>ἄγρια</w>
    <suffix></suffix>
    <w>θαλάσσης</w>
    <suffix></suffix>
    <w>ἐπαφρίζοντα</w>
    <suffix></suffix>
    <w>τὰς</w>
    <suffix></suffix>
    <w>ἑαυτῶν</w>
    <suffix></suffix>
    <w>αἰσχύνας</w>
    <suffix>, </suffix>
    <w>ἀστέρες</w>
    <suffix></suffix>
    <w>πλανῆται</w>
    <suffix></suffix>
    <w>οἷς</w>
    <suffix></suffix>
    <w>ὁ</w>
    <suffix></suffix>
    <w>ζόφος</w>
    <suffix></suffix>
    <w>τοῦ</w>
    <suffix></suffix>
    <w>σκότους</w>
    <suffix></suffix>
    <w>εἰς</w>
    <suffix></suffix>
    <w>αἰῶνα</w>
    <suffix></suffix>
    <w>τετήρηται</w>
    <suffix>. </suffix>
    <verse-number id="Jude 1:14">14</verse-number>
    <w>Προεφήτευσεν</w>
    <suffix></suffix>
    <w>δὲ</w>
    <suffix></suffix>
    <w>καὶ</w>
    <suffix></suffix>
    <w>τούτοις</w>
    <suffix></suffix>
    <w>ἕβδομος</w>
    <suffix></suffix>
    <w>ἀπὸ</w>
    <suffix></suffix>
    <w>Ἀδὰμ</w>
    <suffix></suffix>
    <w>Ἑνὼχ</w>
    <suffix></suffix>
    <w>λέγων</w>
    <suffix>· </suffix>
    <w>Ἰδοὺ</w>
    <suffix></suffix>
    <w>ἦλθεν</w>
    <suffix></suffix>
    <w>κύριος</w>
    <suffix></suffix>
    <w>ἐν</w>
    <suffix></suffix>
    <w>ἁγίαις</w>
    <suffix></suffix>
    <w>μυριάσιν</w>
    <suffix></suffix>
    <w>αὐτοῦ</w>
    <suffix>, </suffix>
    <verse-number id="Jude 1:15">15</verse-number>
    <w>ποιῆσαι</w>
    <suffix></suffix>
    <w>κρίσιν</w>
    <suffix></suffix>
    <w>κατὰ</w>
    <suffix></suffix>
    <w>πάντων</w>
    <suffix></suffix>
    <w>καὶ</w>
    <suffix></suffix>
    <w>ἐλέγξαι</w>
    <suffix></suffix>
    <prefix> ⸂</prefix>
    <w>πάντας</w>
    <suffix></suffix>
    <w>τοὺς</w>
    <suffix></suffix>
    <w>ἀσεβεῖς</w>
    <suffix>⸃ </suffix>
    <w>περὶ</w>
    <suffix></suffix>
    <w>πάντων</w>
    <suffix></suffix>
    <w>τῶν</w>
    <suffix></suffix>
    <w>ἔργων</w>
    <suffix></suffix>
    <w>ἀσεβείας</w>
    <suffix></suffix>
    <w>αὐτῶν</w>
    <suffix></suffix>
    <w>ὧν</w>
    <suffix></suffix>
    <w>ἠσέβησαν</w>
    <suffix></suffix>
    <w>καὶ</w>
    <suffix></suffix>
    <w>περὶ</w>
    <suffix></suffix>
    <w>πάντων</w>
    <suffix></suffix>
    <w>τῶν</w>
    <suffix></suffix>
    <w>σκληρῶν</w>
    <suffix></suffix>
    <w>ὧν</w>
    <suffix></suffix>
    <w>ἐλάλησαν</w>
    <suffix></suffix>
    <w>κατʼ</w>
    <suffix></suffix>
    <w>αὐτοῦ</w>
    <suffix></suffix>
    <w>ἁμαρτωλοὶ</w>
    <suffix></suffix>
    <w>ἀσεβεῖς</w>
    <suffix>. </suffix>
    <verse-number id="Jude 1:16">16</verse-number>
    <w>οὗτοί</w>
    <suffix></suffix>
    <w>εἰσιν</w>
    <suffix></suffix>
    <w>γογγυσταί</w>
    <suffix>, </suffix>
    <w>μεμψίμοιροι</w>
    <suffix>, </suffix>
    <w>κατὰ</w>
    <suffix></suffix>
    <w>τὰς</w>
    <suffix></suffix>
    <w>ἐπιθυμίας</w>
    <suffix></suffix>
    <prefix> ⸀</prefix>
    <w>αὐτῶν</w>
    <suffix></suffix>
    <w>πορευόμενοι</w>
    <suffix>, </suffix>
    <w>καὶ</w>
    <suffix></suffix>
    <w>τὸ</w>
    <suffix></suffix>
    <w>στόμα</w>
    <suffix></suffix>
    <w>αὐτῶν</w>
    <suffix></suffix>
    <w>λαλεῖ</w>
    <suffix></suffix>
    <w>ὑπέρογκα</w>
    <suffix>, </suffix>
    <w>θαυμάζοντες</w>
    <suffix></suffix>
    <w>πρόσωπα</w>
    <suffix></suffix>
    <w>ὠφελείας</w>
    <suffix></suffix>
    <w>χάριν</w>
    <suffix>. </suffix>
    <verse-number id="Jude 1:17">17</verse-number>
    <w>Ὑμεῖς</w>
    <suffix></suffix>
    <w>δέ</w>
    <suffix>, </suffix>
    <w>ἀγαπητοί</w>
    <suffix>, </suffix>
    <w>μνήσθητε</w>
    <suffix></suffix>
    <w>τῶν</w>
    <suffix></suffix>
    <w>ῥημάτων</w>
    <suffix></suffix>
    <w>τῶν</w>
    <suffix></suffix>
    <w>προειρημένων</w>
    <suffix></suffix>
    <w>ὑπὸ</w>
    <suffix></suffix>
    <w>τῶν</w>
    <suffix></suffix>
    <w>ἀποστόλων</w>
    <suffix></suffix>
    <w>τοῦ</w>
    <suffix></suffix>
    <w>κυρίου</w>
    <suffix></suffix>
    <w>ἡμῶν</w>
    <suffix></suffix>
    <w>Ἰησοῦ</w>
    <suffix></suffix>
    <w>Χριστοῦ</w>
    <suffix>· </suffix>
    <verse-number id="Jude 1:18">18</verse-number>
    <w>ὅτι</w>
    <suffix></suffix>
    <w>ἔλεγον</w>
    <suffix></suffix>
    <prefix> ⸀</prefix>
    <w>ὑμῖν</w>
    <suffix>· </suffix>
    <prefix> ⸂</prefix>
    <w>Ἐπʼ</w>
    <suffix></suffix>
    <w>ἐσχάτου</w>
    <suffix></suffix>
    <w>χρόνου</w>
    <suffix>⸃ </suffix>
    <w>ἔσονται</w>
    <suffix></suffix>
    <w>ἐμπαῖκται</w>
    <suffix></suffix>
    <w>κατὰ</w>
    <suffix></suffix>
    <w>τὰς</w>
    <suffix></suffix>
    <w>ἑαυτῶν</w>
    <suffix></suffix>
    <w>ἐπιθυμίας</w>
    <suffix></suffix>
    <w>πορευόμενοι</w>
    <suffix></suffix>
    <w>τῶν</w>
    <suffix></suffix>
    <w>ἀσεβειῶν</w>
    <suffix>. </suffix>
    <verse-number id="Jude 1:19">19</verse-number>
    <w>οὗτοί</w>
    <suffix></suffix>
    <w>εἰσιν</w>
    <suffix></suffix>
    <w>οἱ</w>
    <suffix></suffix>
    <w>ἀποδιορίζοντες</w>
    <suffix>, </suffix>
    <w>ψυχικοί</w>
    <suffix>, </suffix>
    <w>πνεῦμα</w>
    <suffix></suffix>
    <w>μὴ</w>
    <suffix></suffix>
    <w>ἔχοντες</w>
    <suffix>. </suffix>
    <verse-number id="Jude 1:20">20</verse-number>
    <w>ὑμεῖς</w>
    <suffix></suffix>
    <w>δέ</w>
    <suffix>, </suffix>
    <w>ἀγαπητοί</w>
    <suffix>, </suffix>
    <prefix> ⸂</prefix>
    <w>ἐποικοδομοῦντες</w>
    <suffix></suffix>
    <w>ἑαυτοὺς</w>
    <suffix></suffix>
    <w>τῇ</w>
    <suffix></suffix>
    <w>ἁγιωτάτῃ</w>
    <suffix></suffix>
    <w>ὑμῶν</w>
    <suffix></suffix>
    <w>πίστει</w>
    <suffix>⸃, </suffix>
    <w>ἐν</w>
    <suffix></suffix>
    <w>πνεύματι</w>
    <suffix></suffix>
    <w>ἁγίῳ</w>
    <suffix></suffix>
    <w>προσευχόμενοι</w>
    <suffix>, </suffix>
    <verse-number id="Jude 1:21">21</verse-number>
    <w>ἑαυτοὺς</w>
    <suffix></suffix>
    <w>ἐν</w>
    <suffix></suffix>
    <w>ἀγάπῃ</w>
    <suffix></suffix>
    <w>θεοῦ</w>
    <suffix></suffix>
    <w>τηρήσατε</w>
    <suffix></suffix>
    <w>προσδεχόμενοι</w>
    <suffix></suffix>
    <w>τὸ</w>
    <suffix></suffix>
    <w>ἔλεος</w>
    <suffix></suffix>
    <w>τοῦ</w>
    <suffix></suffix>
    <w>κυρίου</w>
    <suffix></suffix>
    <w>ἡμῶν</w>
    <suffix></suffix>
    <w>Ἰησοῦ</w>
    <suffix></suffix>
    <w>Χριστοῦ</w>
    <suffix></suffix>
    <w>εἰς</w>
    <suffix></suffix>
    <w>ζωὴν</w>
    <suffix></suffix>
    <w>αἰώνιον</w>
    <suffix>. </suffix>
    <verse-number id="Jude 1:22">22</verse-number>
    <w>καὶ</w>
    <suffix></suffix>
    <w>οὓς</w>
    <suffix></suffix>
    <w>μὲν</w>
    <suffix></suffix>
    <prefix> ⸀</prefix>
    <w>ἐλεᾶτε</w>
    <suffix></suffix>
    <prefix> ⸂</prefix>
    <w>διακρινομένους</w>
    <suffix>, </suffix>
    <verse-number id="Jude 1:23">23</verse-number>
    <w>οὓς</w>
    <suffix></suffix>
    <w>δὲ</w>
    <suffix></suffix>
    <w>σῴζετε</w>
    <suffix></suffix>
    <w>ἐκ</w>
    <suffix></suffix>
    <w>πυρὸς</w>
    <suffix></suffix>
    <w>ἁρπάζοντες</w>
    <suffix>, </suffix>
    <w>οὓς</w>
    <suffix></suffix>
    <w>δὲ</w>
    <suffix></suffix>
    <w>ἐλεᾶτε</w>
    <suffix></suffix>
    <w>ἐν</w>
    <suffix></suffix>
    <w>φόβῳ</w>
    <suffix>⸃, </suffix>
    <w>μισοῦντες</w>
    <suffix></suffix>
    <w>καὶ</w>
    <suffix></suffix>
    <w>τὸν</w>
    <suffix></suffix>
    <w>ἀπὸ</w>
    <suffix></suffix>
    <w>τῆς</w>
    <suffix></suffix>
    <w>σαρκὸς</w>
    <suffix></suffix>
    <w>ἐσπιλωμένον</w>
    <suffix></suffix>
    <w>χιτῶνα</w>
    <suffix>. </suffix>
    <verse-number id="Jude 1:24">24</verse-number>
    <w>Τῷ</w>
    <suffix></suffix>
    <w>δὲ</w>
    <suffix></suffix>
    <w>δυναμένῳ</w>
    <suffix></suffix>
    <w>φυλάξαι</w>
    <suffix></suffix>
    <prefix> ⸀</prefix>
    <w>ὑμᾶς</w>
    <suffix></suffix>
    <w>ἀπταίστους</w>
    <suffix></suffix>
    <w>καὶ</w>
    <suffix></suffix>
    <w>στῆσαι</w>
    <suffix></suffix>
    <w>κατενώπιον</w>
    <suffix></suffix>
    <w>τῆς</w>
    <suffix></suffix>
    <w>δόξης</w>
    <suffix></suffix>
    <w>αὐτοῦ</w>
    <suffix></suffix>
    <w>ἀμώμους</w>
    <suffix></suffix>
    <w>ἐν</w>
    <suffix></suffix>
    <w>ἀγαλλιάσει</w>
    <suffix></suffix>
    <verse-number id="Jude 1:25">25</verse-number>
    <prefix> ⸀</prefix>
    <w>μόνῳ</w>
    <suffix></suffix>
    <w>θεῷ</w>
    <suffix></suffix>
    <w>σωτῆρι</w>
    <suffix></suffix>
    <w>ἡμῶν</w>
    <suffix></suffix>
    <prefix> ⸂</prefix>
    <w>διὰ</w>
    <suffix></suffix>
    <w>Ἰησοῦ</w>
    <suffix></suffix>
    <w>Χριστοῦ</w>
    <suffix></suffix>
    <w>τοῦ</w>
    <suffix></suffix>
    <w>κυρίου</w>
    <suffix></suffix>
    <w>ἡμῶν</w>
    <suffix>⸃ </suffix>
    <prefix> ⸀</prefix>
    <w>δόξα</w>
    <suffix></suffix>
    <w>μεγαλωσύνη</w>
    <suffix></suffix>
    <w>κράτος</w>
    <suffix></suffix>
    <w>καὶ</w>
    <suffix></suffix>
    <w>ἐξουσία</w>
    <suffix></suffix>
    <prefix> ⸂</prefix>
    <w>πρὸ</w>
    <suffix></suffix>
    <w>παντὸς</w>
    <suffix></suffix>
    <w>τοῦ</w>
    <suffix></suffix>
    <w>αἰῶνος</w>
    <suffix>⸃ </suffix>
    <w>καὶ</w>
    <suffix></suffix>
    <w>νῦν</w>
    <suffix></suffix>
    <w>καὶ</w>
    <suffix></suffix>
    <w>εἰς</w>
    <suffix></suffix>
    <w>πάντας</w>
    <suffix></suffix>
    <w>τοὺς</w>
    <suffix></suffix>
    <w>αἰῶνας</w>
    <suffix>· </suffix>
    <w>ἀμήν</w>
    <suffix>. </suffix>
  </p>
</book>