﻿<book id="Php">
  <title>ΠΡΟΣ ΦΙΛΙΠΠΗΣΙΟΥΣ</title>
  <p>
    <verse-number id="Philippians 1:1">1:1</verse-number>
    <w>Παῦλος</w>
    <suffix></suffix>
    <w>καὶ</w>
    <suffix></suffix>
    <w>Τιμόθεος</w>
    <suffix></suffix>
    <w>δοῦλοι</w>
    <suffix></suffix>
    <prefix> ⸂</prefix>
    <w>Χριστοῦ</w>
    <suffix></suffix>
    <w>Ἰησοῦ</w>
    <suffix>⸃ </suffix>
    <w>πᾶσιν</w>
    <suffix></suffix>
    <w>τοῖς</w>
    <suffix></suffix>
    <w>ἁγίοις</w>
    <suffix></suffix>
    <w>ἐν</w>
    <suffix></suffix>
    <w>Χριστῷ</w>
    <suffix></suffix>
    <w>Ἰησοῦ</w>
    <suffix></suffix>
    <w>τοῖς</w>
    <suffix></suffix>
    <w>οὖσιν</w>
    <suffix></suffix>
    <w>ἐν</w>
    <suffix></suffix>
    <w>Φιλίπποις</w>
    <suffix></suffix>
    <w>σὺν</w>
    <suffix></suffix>
    <w>ἐπισκόποις</w>
    <suffix></suffix>
    <w>καὶ</w>
    <suffix></suffix>
    <w>διακόνοις</w>
    <suffix>· </suffix>
    <verse-number id="Philippians 1:2">2</verse-number>
    <w>χάρις</w>
    <suffix></suffix>
    <w>ὑμῖν</w>
    <suffix></suffix>
    <w>καὶ</w>
    <suffix></suffix>
    <w>εἰρήνη</w>
    <suffix></suffix>
    <w>ἀπὸ</w>
    <suffix></suffix>
    <w>θεοῦ</w>
    <suffix></suffix>
    <w>πατρὸς</w>
    <suffix></suffix>
    <w>ἡμῶν</w>
    <suffix></suffix>
    <w>καὶ</w>
    <suffix></suffix>
    <w>κυρίου</w>
    <suffix></suffix>
    <w>Ἰησοῦ</w>
    <suffix></suffix>
    <w>Χριστοῦ</w>
    <suffix>. </suffix>
  </p>
  <p>
    <verse-number id="Philippians 1:3">3</verse-number>
    <w>Εὐχαριστῶ</w>
    <suffix></suffix>
    <w>τῷ</w>
    <suffix></suffix>
    <w>θεῷ</w>
    <suffix></suffix>
    <w>μου</w>
    <suffix></suffix>
    <w>ἐπὶ</w>
    <suffix></suffix>
    <w>πάσῃ</w>
    <suffix></suffix>
    <w>τῇ</w>
    <suffix></suffix>
    <w>μνείᾳ</w>
    <suffix></suffix>
    <w>ὑμῶν</w>
    <suffix></suffix>
    <verse-number id="Philippians 1:4">4</verse-number>
    <w>πάντοτε</w>
    <suffix></suffix>
    <w>ἐν</w>
    <suffix></suffix>
    <w>πάσῃ</w>
    <suffix></suffix>
    <w>δεήσει</w>
    <suffix></suffix>
    <w>μου</w>
    <suffix></suffix>
    <w>ὑπὲρ</w>
    <suffix></suffix>
    <w>πάντων</w>
    <suffix></suffix>
    <w>ὑμῶν</w>
    <suffix>, </suffix>
    <w>μετὰ</w>
    <suffix></suffix>
    <w>χαρᾶς</w>
    <suffix></suffix>
    <w>τὴν</w>
    <suffix></suffix>
    <w>δέησιν</w>
    <suffix></suffix>
    <w>ποιούμενος</w>
    <suffix>, </suffix>
    <verse-number id="Philippians 1:5">5</verse-number>
    <w>ἐπὶ</w>
    <suffix></suffix>
    <w>τῇ</w>
    <suffix></suffix>
    <w>κοινωνίᾳ</w>
    <suffix></suffix>
    <w>ὑμῶν</w>
    <suffix></suffix>
    <w>εἰς</w>
    <suffix></suffix>
    <w>τὸ</w>
    <suffix></suffix>
    <w>εὐαγγέλιον</w>
    <suffix></suffix>
    <w>ἀπὸ</w>
    <suffix></suffix>
    <prefix> ⸀</prefix>
    <w>τῆς</w>
    <suffix></suffix>
    <w>πρώτης</w>
    <suffix></suffix>
    <w>ἡμέρας</w>
    <suffix></suffix>
    <w>ἄχρι</w>
    <suffix></suffix>
    <w>τοῦ</w>
    <suffix></suffix>
    <w>νῦν</w>
    <suffix>, </suffix>
    <verse-number id="Philippians 1:6">6</verse-number>
    <w>πεποιθὼς</w>
    <suffix></suffix>
    <w>αὐτὸ</w>
    <suffix></suffix>
    <w>τοῦτο</w>
    <suffix></suffix>
    <w>ὅτι</w>
    <suffix></suffix>
    <w>ὁ</w>
    <suffix></suffix>
    <w>ἐναρξάμενος</w>
    <suffix></suffix>
    <w>ἐν</w>
    <suffix></suffix>
    <w>ὑμῖν</w>
    <suffix></suffix>
    <w>ἔργον</w>
    <suffix></suffix>
    <w>ἀγαθὸν</w>
    <suffix></suffix>
    <w>ἐπιτελέσει</w>
    <suffix></suffix>
    <w>ἄχρι</w>
    <suffix></suffix>
    <w>ἡμέρας</w>
    <suffix></suffix>
    <prefix> ⸂</prefix>
    <w>Χριστοῦ</w>
    <suffix></suffix>
    <w>Ἰησοῦ</w>
    <suffix>⸃· </suffix>
    <verse-number id="Philippians 1:7">7</verse-number>
    <w>καθώς</w>
    <suffix></suffix>
    <w>ἐστιν</w>
    <suffix></suffix>
    <w>δίκαιον</w>
    <suffix></suffix>
    <w>ἐμοὶ</w>
    <suffix></suffix>
    <w>τοῦτο</w>
    <suffix></suffix>
    <w>φρονεῖν</w>
    <suffix></suffix>
    <w>ὑπὲρ</w>
    <suffix></suffix>
    <w>πάντων</w>
    <suffix></suffix>
    <w>ὑμῶν</w>
    <suffix>, </suffix>
    <w>διὰ</w>
    <suffix></suffix>
    <w>τὸ</w>
    <suffix></suffix>
    <w>ἔχειν</w>
    <suffix></suffix>
    <w>με</w>
    <suffix></suffix>
    <w>ἐν</w>
    <suffix></suffix>
    <w>τῇ</w>
    <suffix></suffix>
    <w>καρδίᾳ</w>
    <suffix></suffix>
    <w>ὑμᾶς</w>
    <suffix>, </suffix>
    <w>ἔν</w>
    <suffix></suffix>
    <w>τε</w>
    <suffix></suffix>
    <w>τοῖς</w>
    <suffix></suffix>
    <w>δεσμοῖς</w>
    <suffix></suffix>
    <w>μου</w>
    <suffix></suffix>
    <w>καὶ</w>
    <suffix></suffix>
    <w>ἐν</w>
    <suffix></suffix>
    <w>τῇ</w>
    <suffix></suffix>
    <w>ἀπολογίᾳ</w>
    <suffix></suffix>
    <w>καὶ</w>
    <suffix></suffix>
    <w>βεβαιώσει</w>
    <suffix></suffix>
    <w>τοῦ</w>
    <suffix></suffix>
    <w>εὐαγγελίου</w>
    <suffix></suffix>
    <w>συγκοινωνούς</w>
    <suffix></suffix>
    <w>μου</w>
    <suffix></suffix>
    <w>τῆς</w>
    <suffix></suffix>
    <w>χάριτος</w>
    <suffix></suffix>
    <w>πάντας</w>
    <suffix></suffix>
    <w>ὑμᾶς</w>
    <suffix></suffix>
    <w>ὄντας</w>
    <suffix>· </suffix>
    <verse-number id="Philippians 1:8">8</verse-number>
    <w>μάρτυς</w>
    <suffix></suffix>
    <w>γάρ</w>
    <suffix></suffix>
    <prefix> ⸀</prefix>
    <w>μου</w>
    <suffix></suffix>
    <w>ὁ</w>
    <suffix></suffix>
    <w>θεός</w>
    <suffix>, </suffix>
    <w>ὡς</w>
    <suffix></suffix>
    <w>ἐπιποθῶ</w>
    <suffix></suffix>
    <w>πάντας</w>
    <suffix></suffix>
    <w>ὑμᾶς</w>
    <suffix></suffix>
    <w>ἐν</w>
    <suffix></suffix>
    <w>σπλάγχνοις</w>
    <suffix></suffix>
    <prefix> ⸂</prefix>
    <w>Χριστοῦ</w>
    <suffix></suffix>
    <w>Ἰησοῦ</w>
    <suffix>⸃. </suffix>
    <verse-number id="Philippians 1:9">9</verse-number>
    <w>καὶ</w>
    <suffix></suffix>
    <w>τοῦτο</w>
    <suffix></suffix>
    <w>προσεύχομαι</w>
    <suffix></suffix>
    <w>ἵνα</w>
    <suffix></suffix>
    <w>ἡ</w>
    <suffix></suffix>
    <w>ἀγάπη</w>
    <suffix></suffix>
    <w>ὑμῶν</w>
    <suffix></suffix>
    <w>ἔτι</w>
    <suffix></suffix>
    <w>μᾶλλον</w>
    <suffix></suffix>
    <w>καὶ</w>
    <suffix></suffix>
    <w>μᾶλλον</w>
    <suffix></suffix>
    <w>περισσεύῃ</w>
    <suffix></suffix>
    <w>ἐν</w>
    <suffix></suffix>
    <w>ἐπιγνώσει</w>
    <suffix></suffix>
    <w>καὶ</w>
    <suffix></suffix>
    <w>πάσῃ</w>
    <suffix></suffix>
    <w>αἰσθήσει</w>
    <suffix>, </suffix>
    <verse-number id="Philippians 1:10">10</verse-number>
    <w>εἰς</w>
    <suffix></suffix>
    <w>τὸ</w>
    <suffix></suffix>
    <w>δοκιμάζειν</w>
    <suffix></suffix>
    <w>ὑμᾶς</w>
    <suffix></suffix>
    <w>τὰ</w>
    <suffix></suffix>
    <w>διαφέροντα</w>
    <suffix>, </suffix>
    <w>ἵνα</w>
    <suffix></suffix>
    <w>ἦτε</w>
    <suffix></suffix>
    <w>εἰλικρινεῖς</w>
    <suffix></suffix>
    <w>καὶ</w>
    <suffix></suffix>
    <w>ἀπρόσκοποι</w>
    <suffix></suffix>
    <w>εἰς</w>
    <suffix></suffix>
    <w>ἡμέραν</w>
    <suffix></suffix>
    <w>Χριστοῦ</w>
    <suffix>, </suffix>
    <verse-number id="Philippians 1:11">11</verse-number>
    <w>πεπληρωμένοι</w>
    <suffix></suffix>
    <prefix> ⸂</prefix>
    <w>καρπὸν</w>
    <suffix></suffix>
    <w>δικαιοσύνης</w>
    <suffix></suffix>
    <w>τὸν</w>
    <suffix>⸃ </suffix>
    <w>διὰ</w>
    <suffix></suffix>
    <w>Ἰησοῦ</w>
    <suffix></suffix>
    <w>Χριστοῦ</w>
    <suffix></suffix>
    <w>εἰς</w>
    <suffix></suffix>
    <w>δόξαν</w>
    <suffix></suffix>
    <w>καὶ</w>
    <suffix></suffix>
    <w>ἔπαινον</w>
    <suffix></suffix>
    <w>θεοῦ</w>
    <suffix>. </suffix>
  </p>
  <p>
    <verse-number id="Philippians 1:12">12</verse-number>
    <w>Γινώσκειν</w>
    <suffix></suffix>
    <w>δὲ</w>
    <suffix></suffix>
    <w>ὑμᾶς</w>
    <suffix></suffix>
    <w>βούλομαι</w>
    <suffix>, </suffix>
    <w>ἀδελφοί</w>
    <suffix>, </suffix>
    <w>ὅτι</w>
    <suffix></suffix>
    <w>τὰ</w>
    <suffix></suffix>
    <w>κατʼ</w>
    <suffix></suffix>
    <w>ἐμὲ</w>
    <suffix></suffix>
    <w>μᾶλλον</w>
    <suffix></suffix>
    <w>εἰς</w>
    <suffix></suffix>
    <w>προκοπὴν</w>
    <suffix></suffix>
    <w>τοῦ</w>
    <suffix></suffix>
    <w>εὐαγγελίου</w>
    <suffix></suffix>
    <w>ἐλήλυθεν</w>
    <suffix>, </suffix>
    <verse-number id="Philippians 1:13">13</verse-number>
    <w>ὥστε</w>
    <suffix></suffix>
    <w>τοὺς</w>
    <suffix></suffix>
    <w>δεσμούς</w>
    <suffix></suffix>
    <w>μου</w>
    <suffix></suffix>
    <w>φανεροὺς</w>
    <suffix></suffix>
    <w>ἐν</w>
    <suffix></suffix>
    <w>Χριστῷ</w>
    <suffix></suffix>
    <w>γενέσθαι</w>
    <suffix></suffix>
    <w>ἐν</w>
    <suffix></suffix>
    <w>ὅλῳ</w>
    <suffix></suffix>
    <w>τῷ</w>
    <suffix></suffix>
    <w>πραιτωρίῳ</w>
    <suffix></suffix>
    <w>καὶ</w>
    <suffix></suffix>
    <w>τοῖς</w>
    <suffix></suffix>
    <w>λοιποῖς</w>
    <suffix></suffix>
    <w>πᾶσιν</w>
    <suffix>, </suffix>
    <verse-number id="Philippians 1:14">14</verse-number>
    <w>καὶ</w>
    <suffix></suffix>
    <w>τοὺς</w>
    <suffix></suffix>
    <w>πλείονας</w>
    <suffix></suffix>
    <w>τῶν</w>
    <suffix></suffix>
    <w>ἀδελφῶν</w>
    <suffix></suffix>
    <w>ἐν</w>
    <suffix></suffix>
    <w>κυρίῳ</w>
    <suffix></suffix>
    <w>πεποιθότας</w>
    <suffix></suffix>
    <w>τοῖς</w>
    <suffix></suffix>
    <w>δεσμοῖς</w>
    <suffix></suffix>
    <w>μου</w>
    <suffix></suffix>
    <w>περισσοτέρως</w>
    <suffix></suffix>
    <w>τολμᾶν</w>
    <suffix></suffix>
    <w>ἀφόβως</w>
    <suffix></suffix>
    <w>τὸν</w>
    <suffix></suffix>
    <prefix> ⸀</prefix>
    <w>λόγον</w>
    <suffix></suffix>
    <w>λαλεῖν</w>
    <suffix>. </suffix>
  </p>
  <p>
    <verse-number id="Philippians 1:15">15</verse-number>
    <w>Τινὲς</w>
    <suffix></suffix>
    <w>μὲν</w>
    <suffix></suffix>
    <w>καὶ</w>
    <suffix></suffix>
    <w>διὰ</w>
    <suffix></suffix>
    <w>φθόνον</w>
    <suffix></suffix>
    <w>καὶ</w>
    <suffix></suffix>
    <w>ἔριν</w>
    <suffix>, </suffix>
    <w>τινὲς</w>
    <suffix></suffix>
    <w>δὲ</w>
    <suffix></suffix>
    <w>καὶ</w>
    <suffix></suffix>
    <w>διʼ</w>
    <suffix></suffix>
    <w>εὐδοκίαν</w>
    <suffix></suffix>
    <w>τὸν</w>
    <suffix></suffix>
    <w>Χριστὸν</w>
    <suffix></suffix>
    <w>κηρύσσουσιν</w>
    <suffix>· </suffix>
    <verse-number id="Philippians 1:16">16</verse-number>
    <w>οἱ</w>
    <suffix></suffix>
    <w>μὲν</w>
    <suffix></suffix>
    <w>ἐξ</w>
    <suffix></suffix>
    <prefix> ⸂</prefix>
    <w>ἀγάπης</w>
    <suffix>, </suffix>
    <w>εἰδότες</w>
    <suffix></suffix>
    <w>ὅτι</w>
    <suffix></suffix>
    <w>εἰς</w>
    <suffix></suffix>
    <w>ἀπολογίαν</w>
    <suffix></suffix>
    <w>τοῦ</w>
    <suffix></suffix>
    <w>εὐαγγελίου</w>
    <suffix></suffix>
    <w>κεῖμαι</w>
    <suffix>⸃, </suffix>
    <verse-number id="Philippians 1:17">17</verse-number>
    <w>οἱ</w>
    <suffix></suffix>
    <w>δὲ</w>
    <suffix></suffix>
    <w>ἐξ</w>
    <suffix></suffix>
    <prefix> ⸂</prefix>
    <w>ἐριθείας</w>
    <suffix></suffix>
    <w>τὸν</w>
    <suffix></suffix>
    <w>Χριστὸν</w>
    <suffix></suffix>
    <w>καταγγέλλουσιν</w>
    <suffix>, </suffix>
    <w>οὐχ</w>
    <suffix></suffix>
    <w>ἁγνῶς</w>
    <suffix>, </suffix>
    <w>οἰόμενοι</w>
    <suffix></suffix>
    <w>θλῖψιν</w>
    <suffix></suffix>
    <w>ἐγείρειν</w>
    <suffix></suffix>
    <w>τοῖς</w>
    <suffix></suffix>
    <w>δεσμοῖς</w>
    <suffix></suffix>
    <w>μου</w>
    <suffix>⸃. </suffix>
    <verse-number id="Philippians 1:18">18</verse-number>
    <w>τί</w>
    <suffix></suffix>
    <w>γάρ</w>
    <suffix>; </suffix>
    <w>πλὴν</w>
    <suffix></suffix>
    <prefix> ⸀</prefix>
    <w>ὅτι</w>
    <suffix></suffix>
    <w>παντὶ</w>
    <suffix></suffix>
    <w>τρόπῳ</w>
    <suffix>, </suffix>
    <w>εἴτε</w>
    <suffix></suffix>
    <w>προφάσει</w>
    <suffix></suffix>
    <w>εἴτε</w>
    <suffix></suffix>
    <w>ἀληθείᾳ</w>
    <suffix>, </suffix>
    <w>Χριστὸς</w>
    <suffix></suffix>
    <w>καταγγέλλεται</w>
    <suffix>, </suffix>
    <w>καὶ</w>
    <suffix></suffix>
    <w>ἐν</w>
    <suffix></suffix>
    <w>τούτῳ</w>
    <suffix></suffix>
    <w>χαίρω</w>
    <suffix>· </suffix>
    <w>ἀλλὰ</w>
    <suffix></suffix>
    <w>καὶ</w>
    <suffix></suffix>
    <w>χαρήσομαι</w>
    <suffix>, </suffix>
    <verse-number id="Philippians 1:19">19</verse-number>
    <w>οἶδα</w>
    <suffix></suffix>
    <w>γὰρ</w>
    <suffix></suffix>
    <w>ὅτι</w>
    <suffix></suffix>
    <w>τοῦτό</w>
    <suffix></suffix>
    <w>μοι</w>
    <suffix></suffix>
    <w>ἀποβήσεται</w>
    <suffix></suffix>
    <w>εἰς</w>
    <suffix></suffix>
    <w>σωτηρίαν</w>
    <suffix></suffix>
    <w>διὰ</w>
    <suffix></suffix>
    <w>τῆς</w>
    <suffix></suffix>
    <w>ὑμῶν</w>
    <suffix></suffix>
    <w>δεήσεως</w>
    <suffix></suffix>
    <w>καὶ</w>
    <suffix></suffix>
    <w>ἐπιχορηγίας</w>
    <suffix></suffix>
    <w>τοῦ</w>
    <suffix></suffix>
    <w>πνεύματος</w>
    <suffix></suffix>
    <w>Ἰησοῦ</w>
    <suffix></suffix>
    <w>Χριστοῦ</w>
    <suffix>, </suffix>
    <verse-number id="Philippians 1:20">20</verse-number>
    <w>κατὰ</w>
    <suffix></suffix>
    <w>τὴν</w>
    <suffix></suffix>
    <w>ἀποκαραδοκίαν</w>
    <suffix></suffix>
    <w>καὶ</w>
    <suffix></suffix>
    <w>ἐλπίδα</w>
    <suffix></suffix>
    <w>μου</w>
    <suffix></suffix>
    <w>ὅτι</w>
    <suffix></suffix>
    <w>ἐν</w>
    <suffix></suffix>
    <w>οὐδενὶ</w>
    <suffix></suffix>
    <w>αἰσχυνθήσομαι</w>
    <suffix>, </suffix>
    <w>ἀλλʼ</w>
    <suffix></suffix>
    <w>ἐν</w>
    <suffix></suffix>
    <w>πάσῃ</w>
    <suffix></suffix>
    <w>παρρησίᾳ</w>
    <suffix></suffix>
    <w>ὡς</w>
    <suffix></suffix>
    <w>πάντοτε</w>
    <suffix></suffix>
    <w>καὶ</w>
    <suffix></suffix>
    <w>νῦν</w>
    <suffix></suffix>
    <w>μεγαλυνθήσεται</w>
    <suffix></suffix>
    <w>Χριστὸς</w>
    <suffix></suffix>
    <w>ἐν</w>
    <suffix></suffix>
    <w>τῷ</w>
    <suffix></suffix>
    <w>σώματί</w>
    <suffix></suffix>
    <w>μου</w>
    <suffix>, </suffix>
    <w>εἴτε</w>
    <suffix></suffix>
    <w>διὰ</w>
    <suffix></suffix>
    <w>ζωῆς</w>
    <suffix></suffix>
    <w>εἴτε</w>
    <suffix></suffix>
    <w>διὰ</w>
    <suffix></suffix>
    <w>θανάτου</w>
    <suffix>. </suffix>
    <verse-number id="Philippians 1:21">21</verse-number>
    <w>ἐμοὶ</w>
    <suffix></suffix>
    <w>γὰρ</w>
    <suffix></suffix>
    <w>τὸ</w>
    <suffix></suffix>
    <w>ζῆν</w>
    <suffix></suffix>
    <w>Χριστὸς</w>
    <suffix></suffix>
    <w>καὶ</w>
    <suffix></suffix>
    <w>τὸ</w>
    <suffix></suffix>
    <w>ἀποθανεῖν</w>
    <suffix></suffix>
    <w>κέρδος</w>
    <suffix>. </suffix>
    <verse-number id="Philippians 1:22">22</verse-number>
    <w>εἰ</w>
    <suffix></suffix>
    <w>δὲ</w>
    <suffix></suffix>
    <w>τὸ</w>
    <suffix></suffix>
    <w>ζῆν</w>
    <suffix></suffix>
    <w>ἐν</w>
    <suffix></suffix>
    <w>σαρκί</w>
    <suffix>, </suffix>
    <w>τοῦτό</w>
    <suffix></suffix>
    <w>μοι</w>
    <suffix></suffix>
    <w>καρπὸς</w>
    <suffix></suffix>
    <w>ἔργου</w>
    <suffix>—</suffix>
    <w>καὶ</w>
    <suffix></suffix>
    <w>τί</w>
    <suffix></suffix>
    <w>αἱρήσομαι</w>
    <suffix></suffix>
    <w>οὐ</w>
    <suffix></suffix>
    <w>γνωρίζω</w>
    <suffix>· </suffix>
    <verse-number id="Philippians 1:23">23</verse-number>
    <w>συνέχομαι</w>
    <suffix></suffix>
    <w>δὲ</w>
    <suffix></suffix>
    <w>ἐκ</w>
    <suffix></suffix>
    <w>τῶν</w>
    <suffix></suffix>
    <w>δύο</w>
    <suffix>, </suffix>
    <w>τὴν</w>
    <suffix></suffix>
    <w>ἐπιθυμίαν</w>
    <suffix></suffix>
    <w>ἔχων</w>
    <suffix></suffix>
    <w>εἰς</w>
    <suffix></suffix>
    <w>τὸ</w>
    <suffix></suffix>
    <w>ἀναλῦσαι</w>
    <suffix></suffix>
    <w>καὶ</w>
    <suffix></suffix>
    <w>σὺν</w>
    <suffix></suffix>
    <w>Χριστῷ</w>
    <suffix></suffix>
    <w>εἶναι</w>
    <suffix>, </suffix>
    <w>πολλῷ</w>
    <suffix></suffix>
    <prefix> ⸀</prefix>
    <w>γὰρ</w>
    <suffix></suffix>
    <w>μᾶλλον</w>
    <suffix></suffix>
    <w>κρεῖσσον</w>
    <suffix>, </suffix>
    <verse-number id="Philippians 1:24">24</verse-number>
    <w>τὸ</w>
    <suffix></suffix>
    <w>δὲ</w>
    <suffix></suffix>
    <w>ἐπιμένειν</w>
    <suffix></suffix>
    <prefix> ⸀</prefix>
    <w>ἐν</w>
    <suffix></suffix>
    <w>τῇ</w>
    <suffix></suffix>
    <w>σαρκὶ</w>
    <suffix></suffix>
    <w>ἀναγκαιότερον</w>
    <suffix></suffix>
    <w>διʼ</w>
    <suffix></suffix>
    <w>ὑμᾶς</w>
    <suffix>. </suffix>
    <verse-number id="Philippians 1:25">25</verse-number>
    <w>καὶ</w>
    <suffix></suffix>
    <w>τοῦτο</w>
    <suffix></suffix>
    <w>πεποιθὼς</w>
    <suffix></suffix>
    <w>οἶδα</w>
    <suffix></suffix>
    <w>ὅτι</w>
    <suffix></suffix>
    <w>μενῶ</w>
    <suffix></suffix>
    <w>καὶ</w>
    <suffix></suffix>
    <prefix> ⸀</prefix>
    <w>παραμενῶ</w>
    <suffix></suffix>
    <w>πᾶσιν</w>
    <suffix></suffix>
    <w>ὑμῖν</w>
    <suffix></suffix>
    <w>εἰς</w>
    <suffix></suffix>
    <w>τὴν</w>
    <suffix></suffix>
    <w>ὑμῶν</w>
    <suffix></suffix>
    <w>προκοπὴν</w>
    <suffix></suffix>
    <w>καὶ</w>
    <suffix></suffix>
    <w>χαρὰν</w>
    <suffix></suffix>
    <w>τῆς</w>
    <suffix></suffix>
    <w>πίστεως</w>
    <suffix>, </suffix>
    <verse-number id="Philippians 1:26">26</verse-number>
    <w>ἵνα</w>
    <suffix></suffix>
    <w>τὸ</w>
    <suffix></suffix>
    <w>καύχημα</w>
    <suffix></suffix>
    <w>ὑμῶν</w>
    <suffix></suffix>
    <w>περισσεύῃ</w>
    <suffix></suffix>
    <w>ἐν</w>
    <suffix></suffix>
    <w>Χριστῷ</w>
    <suffix></suffix>
    <w>Ἰησοῦ</w>
    <suffix></suffix>
    <w>ἐν</w>
    <suffix></suffix>
    <w>ἐμοὶ</w>
    <suffix></suffix>
    <w>διὰ</w>
    <suffix></suffix>
    <w>τῆς</w>
    <suffix></suffix>
    <w>ἐμῆς</w>
    <suffix></suffix>
    <w>παρουσίας</w>
    <suffix></suffix>
    <w>πάλιν</w>
    <suffix></suffix>
    <w>πρὸς</w>
    <suffix></suffix>
    <w>ὑμᾶς</w>
    <suffix>. </suffix>
  </p>
  <p>
    <verse-number id="Philippians 1:27">27</verse-number>
    <w>Μόνον</w>
    <suffix></suffix>
    <w>ἀξίως</w>
    <suffix></suffix>
    <w>τοῦ</w>
    <suffix></suffix>
    <w>εὐαγγελίου</w>
    <suffix></suffix>
    <w>τοῦ</w>
    <suffix></suffix>
    <w>Χριστοῦ</w>
    <suffix></suffix>
    <w>πολιτεύεσθε</w>
    <suffix>, </suffix>
    <w>ἵνα</w>
    <suffix></suffix>
    <w>εἴτε</w>
    <suffix></suffix>
    <w>ἐλθὼν</w>
    <suffix></suffix>
    <w>καὶ</w>
    <suffix></suffix>
    <w>ἰδὼν</w>
    <suffix></suffix>
    <w>ὑμᾶς</w>
    <suffix></suffix>
    <w>εἴτε</w>
    <suffix></suffix>
    <w>ἀπὼν</w>
    <suffix></suffix>
    <prefix> ⸀</prefix>
    <w>ἀκούω</w>
    <suffix></suffix>
    <w>τὰ</w>
    <suffix></suffix>
    <w>περὶ</w>
    <suffix></suffix>
    <w>ὑμῶν</w>
    <suffix>, </suffix>
    <w>ὅτι</w>
    <suffix></suffix>
    <w>στήκετε</w>
    <suffix></suffix>
    <w>ἐν</w>
    <suffix></suffix>
    <w>ἑνὶ</w>
    <suffix></suffix>
    <w>πνεύματι</w>
    <suffix>, </suffix>
    <w>μιᾷ</w>
    <suffix></suffix>
    <w>ψυχῇ</w>
    <suffix></suffix>
    <w>συναθλοῦντες</w>
    <suffix></suffix>
    <w>τῇ</w>
    <suffix></suffix>
    <w>πίστει</w>
    <suffix></suffix>
    <w>τοῦ</w>
    <suffix></suffix>
    <w>εὐαγγελίου</w>
    <suffix>, </suffix>
    <verse-number id="Philippians 1:28">28</verse-number>
    <w>καὶ</w>
    <suffix></suffix>
    <w>μὴ</w>
    <suffix></suffix>
    <w>πτυρόμενοι</w>
    <suffix></suffix>
    <w>ἐν</w>
    <suffix></suffix>
    <w>μηδενὶ</w>
    <suffix></suffix>
    <w>ὑπὸ</w>
    <suffix></suffix>
    <w>τῶν</w>
    <suffix></suffix>
    <w>ἀντικειμένων</w>
    <suffix></suffix>
    <prefix> (</prefix>
    <w>ἥτις</w>
    <suffix></suffix>
    <prefix> ⸂</prefix>
    <w>ἐστὶν</w>
    <suffix></suffix>
    <w>αὐτοῖς</w>
    <suffix>⸃ </suffix>
    <w>ἔνδειξις</w>
    <suffix></suffix>
    <w>ἀπωλείας</w>
    <suffix>, </suffix>
    <prefix> ⸀</prefix>
    <w>ὑμῶν</w>
    <suffix></suffix>
    <w>δὲ</w>
    <suffix></suffix>
    <w>σωτηρίας</w>
    <suffix>, </suffix>
    <w>καὶ</w>
    <suffix></suffix>
    <w>τοῦτο</w>
    <suffix></suffix>
    <w>ἀπὸ</w>
    <suffix></suffix>
    <w>θεοῦ</w>
    <suffix>, </suffix>
    <verse-number id="Philippians 1:29">29</verse-number>
    <w>ὅτι</w>
    <suffix></suffix>
    <w>ὑμῖν</w>
    <suffix></suffix>
    <w>ἐχαρίσθη</w>
    <suffix></suffix>
    <w>τὸ</w>
    <suffix></suffix>
    <w>ὑπὲρ</w>
    <suffix></suffix>
    <w>Χριστοῦ</w>
    <suffix>, </suffix>
    <w>οὐ</w>
    <suffix></suffix>
    <w>μόνον</w>
    <suffix></suffix>
    <w>τὸ</w>
    <suffix></suffix>
    <w>εἰς</w>
    <suffix></suffix>
    <w>αὐτὸν</w>
    <suffix></suffix>
    <w>πιστεύειν</w>
    <suffix></suffix>
    <w>ἀλλὰ</w>
    <suffix></suffix>
    <w>καὶ</w>
    <suffix></suffix>
    <w>τὸ</w>
    <suffix></suffix>
    <w>ὑπὲρ</w>
    <suffix></suffix>
    <w>αὐτοῦ</w>
    <suffix></suffix>
    <w>πάσχειν</w>
    <suffix>), </suffix>
    <verse-number id="Philippians 1:30">30</verse-number>
    <w>τὸν</w>
    <suffix></suffix>
    <w>αὐτὸν</w>
    <suffix></suffix>
    <w>ἀγῶνα</w>
    <suffix></suffix>
    <w>ἔχοντες</w>
    <suffix></suffix>
    <w>οἷον</w>
    <suffix></suffix>
    <w>εἴδετε</w>
    <suffix></suffix>
    <w>ἐν</w>
    <suffix></suffix>
    <w>ἐμοὶ</w>
    <suffix></suffix>
    <w>καὶ</w>
    <suffix></suffix>
    <w>νῦν</w>
    <suffix></suffix>
    <w>ἀκούετε</w>
    <suffix></suffix>
    <w>ἐν</w>
    <suffix></suffix>
    <w>ἐμοί</w>
    <suffix>. </suffix>
  </p>
  <p>
    <verse-number id="Philippians 2:1">2:1</verse-number>
    <w>Εἴ</w>
    <suffix></suffix>
    <w>τις</w>
    <suffix></suffix>
    <w>οὖν</w>
    <suffix></suffix>
    <w>παράκλησις</w>
    <suffix></suffix>
    <w>ἐν</w>
    <suffix></suffix>
    <w>Χριστῷ</w>
    <suffix>, </suffix>
    <w>εἴ</w>
    <suffix></suffix>
    <w>τι</w>
    <suffix></suffix>
    <w>παραμύθιον</w>
    <suffix></suffix>
    <w>ἀγάπης</w>
    <suffix>, </suffix>
    <w>εἴ</w>
    <suffix></suffix>
    <w>τις</w>
    <suffix></suffix>
    <w>κοινωνία</w>
    <suffix></suffix>
    <w>πνεύματος</w>
    <suffix>, </suffix>
    <w>εἴ</w>
    <suffix></suffix>
    <w>τις</w>
    <suffix></suffix>
    <w>σπλάγχνα</w>
    <suffix></suffix>
    <w>καὶ</w>
    <suffix></suffix>
    <w>οἰκτιρμοί</w>
    <suffix>, </suffix>
    <verse-number id="Philippians 2:2">2</verse-number>
    <w>πληρώσατέ</w>
    <suffix></suffix>
    <w>μου</w>
    <suffix></suffix>
    <w>τὴν</w>
    <suffix></suffix>
    <w>χαρὰν</w>
    <suffix></suffix>
    <w>ἵνα</w>
    <suffix></suffix>
    <w>τὸ</w>
    <suffix></suffix>
    <w>αὐτὸ</w>
    <suffix></suffix>
    <w>φρονῆτε</w>
    <suffix>, </suffix>
    <w>τὴν</w>
    <suffix></suffix>
    <w>αὐτὴν</w>
    <suffix></suffix>
    <w>ἀγάπην</w>
    <suffix></suffix>
    <w>ἔχοντες</w>
    <suffix>, </suffix>
    <w>σύμψυχοι</w>
    <suffix>, </suffix>
    <w>τὸ</w>
    <suffix></suffix>
    <w>ἓν</w>
    <suffix></suffix>
    <w>φρονοῦντες</w>
    <suffix>, </suffix>
    <verse-number id="Philippians 2:3">3</verse-number>
    <w>μηδὲν</w>
    <suffix></suffix>
    <w>κατʼ</w>
    <suffix></suffix>
    <w>ἐριθείαν</w>
    <suffix></suffix>
    <prefix> ⸂</prefix>
    <w>μηδὲ</w>
    <suffix></suffix>
    <w>κατὰ</w>
    <suffix>⸃ </suffix>
    <w>κενοδοξίαν</w>
    <suffix>, </suffix>
    <w>ἀλλὰ</w>
    <suffix></suffix>
    <w>τῇ</w>
    <suffix></suffix>
    <w>ταπεινοφροσύνῃ</w>
    <suffix></suffix>
    <w>ἀλλήλους</w>
    <suffix></suffix>
    <w>ἡγούμενοι</w>
    <suffix></suffix>
    <w>ὑπερέχοντας</w>
    <suffix></suffix>
    <w>ἑαυτῶν</w>
    <suffix>, </suffix>
    <verse-number id="Philippians 2:4">4</verse-number>
    <w>μὴ</w>
    <suffix></suffix>
    <w>τὰ</w>
    <suffix></suffix>
    <w>ἑαυτῶν</w>
    <suffix></suffix>
    <prefix> ⸀</prefix>
    <w>ἕκαστοι</w>
    <suffix></suffix>
    <prefix> ⸀</prefix>
    <w>σκοποῦντες</w>
    <suffix>, </suffix>
    <w>ἀλλὰ</w>
    <suffix></suffix>
    <w>καὶ</w>
    <suffix></suffix>
    <w>τὰ</w>
    <suffix></suffix>
    <w>ἑτέρων</w>
    <suffix></suffix>
    <prefix> ⸁</prefix>
    <w>ἕκαστοι</w>
    <suffix>. </suffix>
    <verse-number id="Philippians 2:5">5</verse-number>
    <w>τοῦτο</w>
    <suffix></suffix>
    <prefix> ⸀</prefix>
    <w>φρονεῖτε</w>
    <suffix></suffix>
    <w>ἐν</w>
    <suffix></suffix>
    <w>ὑμῖν</w>
    <suffix></suffix>
    <w>ὃ</w>
    <suffix></suffix>
    <w>καὶ</w>
    <suffix></suffix>
    <w>ἐν</w>
    <suffix></suffix>
    <w>Χριστῷ</w>
    <suffix></suffix>
    <w>Ἰησοῦ</w>
    <suffix>, </suffix>
    <verse-number id="Philippians 2:6">6</verse-number>
    <w>ὃς</w>
    <suffix></suffix>
    <w>ἐν</w>
    <suffix></suffix>
    <w>μορφῇ</w>
    <suffix></suffix>
    <w>θεοῦ</w>
    <suffix></suffix>
    <w>ὑπάρχων</w>
    <suffix></suffix>
    <w>οὐχ</w>
    <suffix></suffix>
    <w>ἁρπαγμὸν</w>
    <suffix></suffix>
    <w>ἡγήσατο</w>
    <suffix></suffix>
    <w>τὸ</w>
    <suffix></suffix>
    <w>εἶναι</w>
    <suffix></suffix>
    <w>ἴσα</w>
    <suffix></suffix>
    <w>θεῷ</w>
    <suffix>, </suffix>
    <verse-number id="Philippians 2:7">7</verse-number>
    <w>ἀλλὰ</w>
    <suffix></suffix>
    <w>ἑαυτὸν</w>
    <suffix></suffix>
    <w>ἐκένωσεν</w>
    <suffix></suffix>
    <w>μορφὴν</w>
    <suffix></suffix>
    <w>δούλου</w>
    <suffix></suffix>
    <w>λαβών</w>
    <suffix>, </suffix>
    <w>ἐν</w>
    <suffix></suffix>
    <w>ὁμοιώματι</w>
    <suffix></suffix>
    <w>ἀνθρώπων</w>
    <suffix></suffix>
    <w>γενόμενος</w>
    <suffix>· </suffix>
    <w>καὶ</w>
    <suffix></suffix>
    <w>σχήματι</w>
    <suffix></suffix>
    <w>εὑρεθεὶς</w>
    <suffix></suffix>
    <w>ὡς</w>
    <suffix></suffix>
    <w>ἄνθρωπος</w>
    <suffix></suffix>
    <verse-number id="Philippians 2:8">8</verse-number>
    <w>ἐταπείνωσεν</w>
    <suffix></suffix>
    <w>ἑαυτὸν</w>
    <suffix></suffix>
    <w>γενόμενος</w>
    <suffix></suffix>
    <w>ὑπήκοος</w>
    <suffix></suffix>
    <w>μέχρι</w>
    <suffix></suffix>
    <w>θανάτου</w>
    <suffix>, </suffix>
    <w>θανάτου</w>
    <suffix></suffix>
    <w>δὲ</w>
    <suffix></suffix>
    <w>σταυροῦ</w>
    <suffix>· </suffix>
    <verse-number id="Philippians 2:9">9</verse-number>
    <w>διὸ</w>
    <suffix></suffix>
    <w>καὶ</w>
    <suffix></suffix>
    <w>ὁ</w>
    <suffix></suffix>
    <w>θεὸς</w>
    <suffix></suffix>
    <w>αὐτὸν</w>
    <suffix></suffix>
    <w>ὑπερύψωσεν</w>
    <suffix>, </suffix>
    <w>καὶ</w>
    <suffix></suffix>
    <w>ἐχαρίσατο</w>
    <suffix></suffix>
    <w>αὐτῷ</w>
    <suffix></suffix>
    <prefix> ⸀</prefix>
    <w>τὸ</w>
    <suffix></suffix>
    <w>ὄνομα</w>
    <suffix></suffix>
    <w>τὸ</w>
    <suffix></suffix>
    <w>ὑπὲρ</w>
    <suffix></suffix>
    <w>πᾶν</w>
    <suffix></suffix>
    <w>ὄνομα</w>
    <suffix>, </suffix>
    <verse-number id="Philippians 2:10">10</verse-number>
    <w>ἵνα</w>
    <suffix></suffix>
    <w>ἐν</w>
    <suffix></suffix>
    <w>τῷ</w>
    <suffix></suffix>
    <w>ὀνόματι</w>
    <suffix></suffix>
    <w>Ἰησοῦ</w>
    <suffix></suffix>
    <w>πᾶν</w>
    <suffix></suffix>
    <w>γόνυ</w>
    <suffix></suffix>
    <w>κάμψῃ</w>
    <suffix></suffix>
    <w>ἐπουρανίων</w>
    <suffix></suffix>
    <w>καὶ</w>
    <suffix></suffix>
    <w>ἐπιγείων</w>
    <suffix></suffix>
    <w>καὶ</w>
    <suffix></suffix>
    <w>καταχθονίων</w>
    <suffix>, </suffix>
    <verse-number id="Philippians 2:11">11</verse-number>
    <w>καὶ</w>
    <suffix></suffix>
    <w>πᾶσα</w>
    <suffix></suffix>
    <w>γλῶσσα</w>
    <suffix></suffix>
    <w>ἐξομολογήσηται</w>
    <suffix></suffix>
    <w>ὅτι</w>
    <suffix></suffix>
    <w>κύριος</w>
    <suffix></suffix>
    <w>Ἰησοῦς</w>
    <suffix></suffix>
    <w>Χριστὸς</w>
    <suffix></suffix>
    <w>εἰς</w>
    <suffix></suffix>
    <w>δόξαν</w>
    <suffix></suffix>
    <w>θεοῦ</w>
    <suffix></suffix>
    <w>πατρός</w>
    <suffix>. </suffix>
  </p>
  <p>
    <verse-number id="Philippians 2:12">12</verse-number>
    <w>Ὥστε</w>
    <suffix>, </suffix>
    <w>ἀγαπητοί</w>
    <suffix></suffix>
    <w>μου</w>
    <suffix>, </suffix>
    <w>καθὼς</w>
    <suffix></suffix>
    <w>πάντοτε</w>
    <suffix></suffix>
    <w>ὑπηκούσατε</w>
    <suffix>, </suffix>
    <w>μὴ</w>
    <suffix></suffix>
    <w>ὡς</w>
    <suffix></suffix>
    <w>ἐν</w>
    <suffix></suffix>
    <w>τῇ</w>
    <suffix></suffix>
    <w>παρουσίᾳ</w>
    <suffix></suffix>
    <w>μου</w>
    <suffix></suffix>
    <w>μόνον</w>
    <suffix></suffix>
    <w>ἀλλὰ</w>
    <suffix></suffix>
    <w>νῦν</w>
    <suffix></suffix>
    <w>πολλῷ</w>
    <suffix></suffix>
    <w>μᾶλλον</w>
    <suffix></suffix>
    <w>ἐν</w>
    <suffix></suffix>
    <w>τῇ</w>
    <suffix></suffix>
    <w>ἀπουσίᾳ</w>
    <suffix></suffix>
    <w>μου</w>
    <suffix>, </suffix>
    <w>μετὰ</w>
    <suffix></suffix>
    <w>φόβου</w>
    <suffix></suffix>
    <w>καὶ</w>
    <suffix></suffix>
    <w>τρόμου</w>
    <suffix></suffix>
    <w>τὴν</w>
    <suffix></suffix>
    <w>ἑαυτῶν</w>
    <suffix></suffix>
    <w>σωτηρίαν</w>
    <suffix></suffix>
    <w>κατεργάζεσθε</w>
    <suffix>, </suffix>
    <verse-number id="Philippians 2:13">13</verse-number>
    <prefix> ⸀</prefix>
    <w>θεὸς</w>
    <suffix></suffix>
    <w>γάρ</w>
    <suffix></suffix>
    <w>ἐστιν</w>
    <suffix></suffix>
    <w>ὁ</w>
    <suffix></suffix>
    <w>ἐνεργῶν</w>
    <suffix></suffix>
    <w>ἐν</w>
    <suffix></suffix>
    <w>ὑμῖν</w>
    <suffix></suffix>
    <w>καὶ</w>
    <suffix></suffix>
    <w>τὸ</w>
    <suffix></suffix>
    <w>θέλειν</w>
    <suffix></suffix>
    <w>καὶ</w>
    <suffix></suffix>
    <w>τὸ</w>
    <suffix></suffix>
    <w>ἐνεργεῖν</w>
    <suffix></suffix>
    <w>ὑπὲρ</w>
    <suffix></suffix>
    <w>τῆς</w>
    <suffix></suffix>
    <w>εὐδοκίας</w>
    <suffix>. </suffix>
  </p>
  <p>
    <verse-number id="Philippians 2:14">14</verse-number>
    <w>Πάντα</w>
    <suffix></suffix>
    <w>ποιεῖτε</w>
    <suffix></suffix>
    <w>χωρὶς</w>
    <suffix></suffix>
    <w>γογγυσμῶν</w>
    <suffix></suffix>
    <w>καὶ</w>
    <suffix></suffix>
    <w>διαλογισμῶν</w>
    <suffix>, </suffix>
    <verse-number id="Philippians 2:15">15</verse-number>
    <w>ἵνα</w>
    <suffix></suffix>
    <w>γένησθε</w>
    <suffix></suffix>
    <w>ἄμεμπτοι</w>
    <suffix></suffix>
    <w>καὶ</w>
    <suffix></suffix>
    <w>ἀκέραιοι</w>
    <suffix>, </suffix>
    <w>τέκνα</w>
    <suffix></suffix>
    <w>θεοῦ</w>
    <suffix></suffix>
    <prefix> ⸂</prefix>
    <w>ἄμωμα</w>
    <suffix></suffix>
    <w>μέσον</w>
    <suffix>⸃ </suffix>
    <w>γενεᾶς</w>
    <suffix></suffix>
    <w>σκολιᾶς</w>
    <suffix></suffix>
    <w>καὶ</w>
    <suffix></suffix>
    <w>διεστραμμένης</w>
    <suffix>, </suffix>
    <w>ἐν</w>
    <suffix></suffix>
    <w>οἷς</w>
    <suffix></suffix>
    <w>φαίνεσθε</w>
    <suffix></suffix>
    <w>ὡς</w>
    <suffix></suffix>
    <w>φωστῆρες</w>
    <suffix></suffix>
    <w>ἐν</w>
    <suffix></suffix>
    <w>κόσμῳ</w>
    <suffix></suffix>
    <verse-number id="Philippians 2:16">16</verse-number>
    <w>λόγον</w>
    <suffix></suffix>
    <w>ζωῆς</w>
    <suffix></suffix>
    <w>ἐπέχοντες</w>
    <suffix>, </suffix>
    <w>εἰς</w>
    <suffix></suffix>
    <w>καύχημα</w>
    <suffix></suffix>
    <w>ἐμοὶ</w>
    <suffix></suffix>
    <w>εἰς</w>
    <suffix></suffix>
    <w>ἡμέραν</w>
    <suffix></suffix>
    <w>Χριστοῦ</w>
    <suffix>, </suffix>
    <w>ὅτι</w>
    <suffix></suffix>
    <w>οὐκ</w>
    <suffix></suffix>
    <w>εἰς</w>
    <suffix></suffix>
    <w>κενὸν</w>
    <suffix></suffix>
    <w>ἔδραμον</w>
    <suffix></suffix>
    <w>οὐδὲ</w>
    <suffix></suffix>
    <w>εἰς</w>
    <suffix></suffix>
    <w>κενὸν</w>
    <suffix></suffix>
    <w>ἐκοπίασα</w>
    <suffix>. </suffix>
    <verse-number id="Philippians 2:17">17</verse-number>
    <w>ἀλλὰ</w>
    <suffix></suffix>
    <w>εἰ</w>
    <suffix></suffix>
    <w>καὶ</w>
    <suffix></suffix>
    <w>σπένδομαι</w>
    <suffix></suffix>
    <w>ἐπὶ</w>
    <suffix></suffix>
    <w>τῇ</w>
    <suffix></suffix>
    <w>θυσίᾳ</w>
    <suffix></suffix>
    <w>καὶ</w>
    <suffix></suffix>
    <w>λειτουργίᾳ</w>
    <suffix></suffix>
    <w>τῆς</w>
    <suffix></suffix>
    <w>πίστεως</w>
    <suffix></suffix>
    <w>ὑμῶν</w>
    <suffix>, </suffix>
    <w>χαίρω</w>
    <suffix></suffix>
    <w>καὶ</w>
    <suffix></suffix>
    <w>συγχαίρω</w>
    <suffix></suffix>
    <w>πᾶσιν</w>
    <suffix></suffix>
    <w>ὑμῖν</w>
    <suffix>· </suffix>
    <verse-number id="Philippians 2:18">18</verse-number>
    <w>τὸ</w>
    <suffix></suffix>
    <w>δὲ</w>
    <suffix></suffix>
    <w>αὐτὸ</w>
    <suffix></suffix>
    <w>καὶ</w>
    <suffix></suffix>
    <w>ὑμεῖς</w>
    <suffix></suffix>
    <w>χαίρετε</w>
    <suffix></suffix>
    <w>καὶ</w>
    <suffix></suffix>
    <w>συγχαίρετέ</w>
    <suffix></suffix>
    <w>μοι</w>
    <suffix>. </suffix>
  </p>
  <p>
    <verse-number id="Philippians 2:19">19</verse-number>
    <w>Ἐλπίζω</w>
    <suffix></suffix>
    <w>δὲ</w>
    <suffix></suffix>
    <w>ἐν</w>
    <suffix></suffix>
    <w>κυρίῳ</w>
    <suffix></suffix>
    <w>Ἰησοῦ</w>
    <suffix></suffix>
    <w>Τιμόθεον</w>
    <suffix></suffix>
    <w>ταχέως</w>
    <suffix></suffix>
    <w>πέμψαι</w>
    <suffix></suffix>
    <w>ὑμῖν</w>
    <suffix>, </suffix>
    <w>ἵνα</w>
    <suffix></suffix>
    <w>κἀγὼ</w>
    <suffix></suffix>
    <w>εὐψυχῶ</w>
    <suffix></suffix>
    <w>γνοὺς</w>
    <suffix></suffix>
    <w>τὰ</w>
    <suffix></suffix>
    <w>περὶ</w>
    <suffix></suffix>
    <w>ὑμῶν</w>
    <suffix>. </suffix>
    <verse-number id="Philippians 2:20">20</verse-number>
    <w>οὐδένα</w>
    <suffix></suffix>
    <w>γὰρ</w>
    <suffix></suffix>
    <w>ἔχω</w>
    <suffix></suffix>
    <w>ἰσόψυχον</w>
    <suffix></suffix>
    <w>ὅστις</w>
    <suffix></suffix>
    <w>γνησίως</w>
    <suffix></suffix>
    <w>τὰ</w>
    <suffix></suffix>
    <w>περὶ</w>
    <suffix></suffix>
    <w>ὑμῶν</w>
    <suffix></suffix>
    <w>μεριμνήσει</w>
    <suffix>, </suffix>
    <verse-number id="Philippians 2:21">21</verse-number>
    <w>οἱ</w>
    <suffix></suffix>
    <w>πάντες</w>
    <suffix></suffix>
    <w>γὰρ</w>
    <suffix></suffix>
    <w>τὰ</w>
    <suffix></suffix>
    <w>ἑαυτῶν</w>
    <suffix></suffix>
    <w>ζητοῦσιν</w>
    <suffix>, </suffix>
    <w>οὐ</w>
    <suffix></suffix>
    <w>τὰ</w>
    <suffix></suffix>
    <prefix> ⸂</prefix>
    <w>Ἰησοῦ</w>
    <suffix></suffix>
    <w>Χριστοῦ</w>
    <suffix>⸃. </suffix>
    <verse-number id="Philippians 2:22">22</verse-number>
    <w>τὴν</w>
    <suffix></suffix>
    <w>δὲ</w>
    <suffix></suffix>
    <w>δοκιμὴν</w>
    <suffix></suffix>
    <w>αὐτοῦ</w>
    <suffix></suffix>
    <w>γινώσκετε</w>
    <suffix>, </suffix>
    <w>ὅτι</w>
    <suffix></suffix>
    <w>ὡς</w>
    <suffix></suffix>
    <w>πατρὶ</w>
    <suffix></suffix>
    <w>τέκνον</w>
    <suffix></suffix>
    <w>σὺν</w>
    <suffix></suffix>
    <w>ἐμοὶ</w>
    <suffix></suffix>
    <w>ἐδούλευσεν</w>
    <suffix></suffix>
    <w>εἰς</w>
    <suffix></suffix>
    <w>τὸ</w>
    <suffix></suffix>
    <w>εὐαγγέλιον</w>
    <suffix>. </suffix>
    <verse-number id="Philippians 2:23">23</verse-number>
    <w>τοῦτον</w>
    <suffix></suffix>
    <w>μὲν</w>
    <suffix></suffix>
    <w>οὖν</w>
    <suffix></suffix>
    <w>ἐλπίζω</w>
    <suffix></suffix>
    <w>πέμψαι</w>
    <suffix></suffix>
    <w>ὡς</w>
    <suffix></suffix>
    <w>ἂν</w>
    <suffix></suffix>
    <w>ἀφίδω</w>
    <suffix></suffix>
    <w>τὰ</w>
    <suffix></suffix>
    <w>περὶ</w>
    <suffix></suffix>
    <w>ἐμὲ</w>
    <suffix></suffix>
    <w>ἐξαυτῆς</w>
    <suffix>· </suffix>
    <verse-number id="Philippians 2:24">24</verse-number>
    <w>πέποιθα</w>
    <suffix></suffix>
    <w>δὲ</w>
    <suffix></suffix>
    <w>ἐν</w>
    <suffix></suffix>
    <w>κυρίῳ</w>
    <suffix></suffix>
    <w>ὅτι</w>
    <suffix></suffix>
    <w>καὶ</w>
    <suffix></suffix>
    <w>αὐτὸς</w>
    <suffix></suffix>
    <w>ταχέως</w>
    <suffix></suffix>
    <w>ἐλεύσομαι</w>
    <suffix>. </suffix>
  </p>
  <p>
    <verse-number id="Philippians 2:25">25</verse-number>
    <w>Ἀναγκαῖον</w>
    <suffix></suffix>
    <w>δὲ</w>
    <suffix></suffix>
    <w>ἡγησάμην</w>
    <suffix></suffix>
    <w>Ἐπαφρόδιτον</w>
    <suffix></suffix>
    <w>τὸν</w>
    <suffix></suffix>
    <w>ἀδελφὸν</w>
    <suffix></suffix>
    <w>καὶ</w>
    <suffix></suffix>
    <w>συνεργὸν</w>
    <suffix></suffix>
    <w>καὶ</w>
    <suffix></suffix>
    <w>συστρατιώτην</w>
    <suffix></suffix>
    <w>μου</w>
    <suffix>, </suffix>
    <w>ὑμῶν</w>
    <suffix></suffix>
    <w>δὲ</w>
    <suffix></suffix>
    <w>ἀπόστολον</w>
    <suffix></suffix>
    <w>καὶ</w>
    <suffix></suffix>
    <w>λειτουργὸν</w>
    <suffix></suffix>
    <w>τῆς</w>
    <suffix></suffix>
    <w>χρείας</w>
    <suffix></suffix>
    <w>μου</w>
    <suffix>, </suffix>
    <w>πέμψαι</w>
    <suffix></suffix>
    <w>πρὸς</w>
    <suffix></suffix>
    <w>ὑμᾶς</w>
    <suffix>, </suffix>
    <verse-number id="Philippians 2:26">26</verse-number>
    <w>ἐπειδὴ</w>
    <suffix></suffix>
    <w>ἐπιποθῶν</w>
    <suffix></suffix>
    <w>ἦν</w>
    <suffix></suffix>
    <w>πάντας</w>
    <suffix></suffix>
    <prefix> ⸀</prefix>
    <w>ὑμᾶς</w>
    <suffix>, </suffix>
    <w>καὶ</w>
    <suffix></suffix>
    <w>ἀδημονῶν</w>
    <suffix></suffix>
    <w>διότι</w>
    <suffix></suffix>
    <w>ἠκούσατε</w>
    <suffix></suffix>
    <w>ὅτι</w>
    <suffix></suffix>
    <w>ἠσθένησεν</w>
    <suffix>. </suffix>
    <verse-number id="Philippians 2:27">27</verse-number>
    <w>καὶ</w>
    <suffix></suffix>
    <w>γὰρ</w>
    <suffix></suffix>
    <w>ἠσθένησεν</w>
    <suffix></suffix>
    <w>παραπλήσιον</w>
    <suffix></suffix>
    <prefix> ⸀</prefix>
    <w>θανάτῳ</w>
    <suffix>· </suffix>
    <w>ἀλλὰ</w>
    <suffix></suffix>
    <w>ὁ</w>
    <suffix></suffix>
    <w>θεὸς</w>
    <suffix></suffix>
    <prefix> ⸂</prefix>
    <w>ἠλέησεν</w>
    <suffix></suffix>
    <w>αὐτόν</w>
    <suffix>⸃, </suffix>
    <w>οὐκ</w>
    <suffix></suffix>
    <w>αὐτὸν</w>
    <suffix></suffix>
    <w>δὲ</w>
    <suffix></suffix>
    <w>μόνον</w>
    <suffix></suffix>
    <w>ἀλλὰ</w>
    <suffix></suffix>
    <w>καὶ</w>
    <suffix></suffix>
    <w>ἐμέ</w>
    <suffix>, </suffix>
    <w>ἵνα</w>
    <suffix></suffix>
    <w>μὴ</w>
    <suffix></suffix>
    <w>λύπην</w>
    <suffix></suffix>
    <w>ἐπὶ</w>
    <suffix></suffix>
    <w>λύπην</w>
    <suffix></suffix>
    <w>σχῶ</w>
    <suffix>. </suffix>
    <verse-number id="Philippians 2:28">28</verse-number>
    <w>σπουδαιοτέρως</w>
    <suffix></suffix>
    <w>οὖν</w>
    <suffix></suffix>
    <w>ἔπεμψα</w>
    <suffix></suffix>
    <w>αὐτὸν</w>
    <suffix></suffix>
    <w>ἵνα</w>
    <suffix></suffix>
    <w>ἰδόντες</w>
    <suffix></suffix>
    <w>αὐτὸν</w>
    <suffix></suffix>
    <w>πάλιν</w>
    <suffix></suffix>
    <w>χαρῆτε</w>
    <suffix></suffix>
    <w>κἀγὼ</w>
    <suffix></suffix>
    <w>ἀλυπότερος</w>
    <suffix></suffix>
    <w>ὦ</w>
    <suffix>. </suffix>
    <verse-number id="Philippians 2:29">29</verse-number>
    <w>προσδέχεσθε</w>
    <suffix></suffix>
    <w>οὖν</w>
    <suffix></suffix>
    <w>αὐτὸν</w>
    <suffix></suffix>
    <w>ἐν</w>
    <suffix></suffix>
    <w>κυρίῳ</w>
    <suffix></suffix>
    <w>μετὰ</w>
    <suffix></suffix>
    <w>πάσης</w>
    <suffix></suffix>
    <w>χαρᾶς</w>
    <suffix>, </suffix>
    <w>καὶ</w>
    <suffix></suffix>
    <w>τοὺς</w>
    <suffix></suffix>
    <w>τοιούτους</w>
    <suffix></suffix>
    <w>ἐντίμους</w>
    <suffix></suffix>
    <w>ἔχετε</w>
    <suffix>, </suffix>
    <verse-number id="Philippians 2:30">30</verse-number>
    <w>ὅτι</w>
    <suffix></suffix>
    <w>διὰ</w>
    <suffix></suffix>
    <w>τὸ</w>
    <suffix></suffix>
    <w>ἔργον</w>
    <suffix></suffix>
    <prefix> ⸀</prefix>
    <w>Χριστοῦ</w>
    <suffix></suffix>
    <w>μέχρι</w>
    <suffix></suffix>
    <w>θανάτου</w>
    <suffix></suffix>
    <w>ἤγγισεν</w>
    <suffix>, </suffix>
    <prefix> ⸀</prefix>
    <w>παραβολευσάμενος</w>
    <suffix></suffix>
    <w>τῇ</w>
    <suffix></suffix>
    <w>ψυχῇ</w>
    <suffix></suffix>
    <w>ἵνα</w>
    <suffix></suffix>
    <w>ἀναπληρώσῃ</w>
    <suffix></suffix>
    <w>τὸ</w>
    <suffix></suffix>
    <w>ὑμῶν</w>
    <suffix></suffix>
    <w>ὑστέρημα</w>
    <suffix></suffix>
    <w>τῆς</w>
    <suffix></suffix>
    <w>πρός</w>
    <suffix></suffix>
    <w>με</w>
    <suffix></suffix>
    <w>λειτουργίας</w>
    <suffix>. </suffix>
  </p>
  <p>
    <verse-number id="Philippians 3:1">3:1</verse-number>
    <w>Τὸ</w>
    <suffix></suffix>
    <w>λοιπόν</w>
    <suffix>, </suffix>
    <w>ἀδελφοί</w>
    <suffix></suffix>
    <w>μου</w>
    <suffix>, </suffix>
    <w>χαίρετε</w>
    <suffix></suffix>
    <w>ἐν</w>
    <suffix></suffix>
    <w>κυρίῳ</w>
    <suffix>. </suffix>
    <w>τὰ</w>
    <suffix></suffix>
    <w>αὐτὰ</w>
    <suffix></suffix>
    <w>γράφειν</w>
    <suffix></suffix>
    <w>ὑμῖν</w>
    <suffix></suffix>
    <w>ἐμοὶ</w>
    <suffix></suffix>
    <w>μὲν</w>
    <suffix></suffix>
    <w>οὐκ</w>
    <suffix></suffix>
    <w>ὀκνηρόν</w>
    <suffix>, </suffix>
    <w>ὑμῖν</w>
    <suffix></suffix>
    <w>δὲ</w>
    <suffix></suffix>
    <w>ἀσφαλές</w>
    <suffix>. </suffix>
  </p>
  <p>
    <verse-number id="Philippians 3:2">2</verse-number>
    <w>Βλέπετε</w>
    <suffix></suffix>
    <w>τοὺς</w>
    <suffix></suffix>
    <w>κύνας</w>
    <suffix>, </suffix>
    <w>βλέπετε</w>
    <suffix></suffix>
    <w>τοὺς</w>
    <suffix></suffix>
    <w>κακοὺς</w>
    <suffix></suffix>
    <w>ἐργάτας</w>
    <suffix>, </suffix>
    <w>βλέπετε</w>
    <suffix></suffix>
    <w>τὴν</w>
    <suffix></suffix>
    <w>κατατομήν</w>
    <suffix>. </suffix>
    <verse-number id="Philippians 3:3">3</verse-number>
    <w>ἡμεῖς</w>
    <suffix></suffix>
    <w>γάρ</w>
    <suffix></suffix>
    <w>ἐσμεν</w>
    <suffix></suffix>
    <w>ἡ</w>
    <suffix></suffix>
    <w>περιτομή</w>
    <suffix>, </suffix>
    <w>οἱ</w>
    <suffix></suffix>
    <w>πνεύματι</w>
    <suffix></suffix>
    <w>θεοῦ</w>
    <suffix></suffix>
    <w>λατρεύοντες</w>
    <suffix></suffix>
    <w>καὶ</w>
    <suffix></suffix>
    <w>καυχώμενοι</w>
    <suffix></suffix>
    <w>ἐν</w>
    <suffix></suffix>
    <w>Χριστῷ</w>
    <suffix></suffix>
    <w>Ἰησοῦ</w>
    <suffix></suffix>
    <w>καὶ</w>
    <suffix></suffix>
    <w>οὐκ</w>
    <suffix></suffix>
    <w>ἐν</w>
    <suffix></suffix>
    <w>σαρκὶ</w>
    <suffix></suffix>
    <w>πεποιθότες</w>
    <suffix>, </suffix>
    <verse-number id="Philippians 3:4">4</verse-number>
    <w>καίπερ</w>
    <suffix></suffix>
    <w>ἐγὼ</w>
    <suffix></suffix>
    <w>ἔχων</w>
    <suffix></suffix>
    <w>πεποίθησιν</w>
    <suffix></suffix>
    <w>καὶ</w>
    <suffix></suffix>
    <w>ἐν</w>
    <suffix></suffix>
    <w>σαρκί</w>
    <suffix>. </suffix>
  </p>
  <p>
    <w>Εἴ</w>
    <suffix></suffix>
    <w>τις</w>
    <suffix></suffix>
    <w>δοκεῖ</w>
    <suffix></suffix>
    <w>ἄλλος</w>
    <suffix></suffix>
    <w>πεποιθέναι</w>
    <suffix></suffix>
    <w>ἐν</w>
    <suffix></suffix>
    <w>σαρκί</w>
    <suffix>, </suffix>
    <w>ἐγὼ</w>
    <suffix></suffix>
    <w>μᾶλλον</w>
    <suffix>· </suffix>
    <verse-number id="Philippians 3:5">5</verse-number>
    <w>περιτομῇ</w>
    <suffix></suffix>
    <w>ὀκταήμερος</w>
    <suffix>, </suffix>
    <w>ἐκ</w>
    <suffix></suffix>
    <w>γένους</w>
    <suffix></suffix>
    <w>Ἰσραήλ</w>
    <suffix>, </suffix>
    <w>φυλῆς</w>
    <suffix></suffix>
    <w>Βενιαμίν</w>
    <suffix>, </suffix>
    <w>Ἑβραῖος</w>
    <suffix></suffix>
    <w>ἐξ</w>
    <suffix></suffix>
    <w>Ἑβραίων</w>
    <suffix>, </suffix>
    <w>κατὰ</w>
    <suffix></suffix>
    <w>νόμον</w>
    <suffix></suffix>
    <w>Φαρισαῖος</w>
    <suffix>, </suffix>
    <verse-number id="Philippians 3:6">6</verse-number>
    <w>κατὰ</w>
    <suffix></suffix>
    <prefix> ⸀</prefix>
    <w>ζῆλος</w>
    <suffix></suffix>
    <w>διώκων</w>
    <suffix></suffix>
    <w>τὴν</w>
    <suffix></suffix>
    <w>ἐκκλησίαν</w>
    <suffix>, </suffix>
    <w>κατὰ</w>
    <suffix></suffix>
    <w>δικαιοσύνην</w>
    <suffix></suffix>
    <w>τὴν</w>
    <suffix></suffix>
    <w>ἐν</w>
    <suffix></suffix>
    <w>νόμῳ</w>
    <suffix></suffix>
    <w>γενόμενος</w>
    <suffix></suffix>
    <w>ἄμεμπτος</w>
    <suffix>. </suffix>
  </p>
  <p>
    <verse-number id="Philippians 3:7">7</verse-number>
    <w>Ἀλλὰ</w>
    <suffix></suffix>
    <w>ἅτινα</w>
    <suffix></suffix>
    <w>ἦν</w>
    <suffix></suffix>
    <w>μοι</w>
    <suffix></suffix>
    <w>κέρδη</w>
    <suffix>, </suffix>
    <w>ταῦτα</w>
    <suffix></suffix>
    <w>ἥγημαι</w>
    <suffix></suffix>
    <w>διὰ</w>
    <suffix></suffix>
    <w>τὸν</w>
    <suffix></suffix>
    <w>Χριστὸν</w>
    <suffix></suffix>
    <w>ζημίαν</w>
    <suffix>. </suffix>
    <verse-number id="Philippians 3:8">8</verse-number>
    <w>ἀλλὰ</w>
    <suffix></suffix>
    <prefix> ⸀</prefix>
    <w>μενοῦνγε</w>
    <suffix></suffix>
    <w>καὶ</w>
    <suffix></suffix>
    <w>ἡγοῦμαι</w>
    <suffix></suffix>
    <w>πάντα</w>
    <suffix></suffix>
    <w>ζημίαν</w>
    <suffix></suffix>
    <w>εἶναι</w>
    <suffix></suffix>
    <w>διὰ</w>
    <suffix></suffix>
    <w>τὸ</w>
    <suffix></suffix>
    <w>ὑπερέχον</w>
    <suffix></suffix>
    <w>τῆς</w>
    <suffix></suffix>
    <w>γνώσεως</w>
    <suffix></suffix>
    <w>Χριστοῦ</w>
    <suffix></suffix>
    <w>Ἰησοῦ</w>
    <suffix></suffix>
    <w>τοῦ</w>
    <suffix></suffix>
    <w>κυρίου</w>
    <suffix></suffix>
    <w>μου</w>
    <suffix></suffix>
    <w>διʼ</w>
    <suffix></suffix>
    <w>ὃν</w>
    <suffix></suffix>
    <w>τὰ</w>
    <suffix></suffix>
    <w>πάντα</w>
    <suffix></suffix>
    <w>ἐζημιώθην</w>
    <suffix>, </suffix>
    <w>καὶ</w>
    <suffix></suffix>
    <w>ἡγοῦμαι</w>
    <suffix></suffix>
    <prefix> ⸀</prefix>
    <w>σκύβαλα</w>
    <suffix></suffix>
    <w>ἵνα</w>
    <suffix></suffix>
    <w>Χριστὸν</w>
    <suffix></suffix>
    <w>κερδήσω</w>
    <suffix></suffix>
    <verse-number id="Philippians 3:9">9</verse-number>
    <w>καὶ</w>
    <suffix></suffix>
    <w>εὑρεθῶ</w>
    <suffix></suffix>
    <w>ἐν</w>
    <suffix></suffix>
    <w>αὐτῷ</w>
    <suffix>, </suffix>
    <w>μὴ</w>
    <suffix></suffix>
    <w>ἔχων</w>
    <suffix></suffix>
    <w>ἐμὴν</w>
    <suffix></suffix>
    <w>δικαιοσύνην</w>
    <suffix></suffix>
    <w>τὴν</w>
    <suffix></suffix>
    <w>ἐκ</w>
    <suffix></suffix>
    <w>νόμου</w>
    <suffix></suffix>
    <w>ἀλλὰ</w>
    <suffix></suffix>
    <w>τὴν</w>
    <suffix></suffix>
    <w>διὰ</w>
    <suffix></suffix>
    <w>πίστεως</w>
    <suffix></suffix>
    <w>Χριστοῦ</w>
    <suffix>, </suffix>
    <w>τὴν</w>
    <suffix></suffix>
    <w>ἐκ</w>
    <suffix></suffix>
    <w>θεοῦ</w>
    <suffix></suffix>
    <w>δικαιοσύνην</w>
    <suffix></suffix>
    <w>ἐπὶ</w>
    <suffix></suffix>
    <w>τῇ</w>
    <suffix></suffix>
    <w>πίστει</w>
    <suffix>, </suffix>
    <verse-number id="Philippians 3:10">10</verse-number>
    <w>τοῦ</w>
    <suffix></suffix>
    <w>γνῶναι</w>
    <suffix></suffix>
    <w>αὐτὸν</w>
    <suffix></suffix>
    <w>καὶ</w>
    <suffix></suffix>
    <w>τὴν</w>
    <suffix></suffix>
    <w>δύναμιν</w>
    <suffix></suffix>
    <w>τῆς</w>
    <suffix></suffix>
    <w>ἀναστάσεως</w>
    <suffix></suffix>
    <w>αὐτοῦ</w>
    <suffix></suffix>
    <w>καὶ</w>
    <suffix></suffix>
    <prefix> ⸀</prefix>
    <w>κοινωνίαν</w>
    <suffix></suffix>
    <w>παθημάτων</w>
    <suffix></suffix>
    <w>αὐτοῦ</w>
    <suffix>, </suffix>
    <prefix> ⸀</prefix>
    <w>συμμορφιζόμενος</w>
    <suffix></suffix>
    <w>τῷ</w>
    <suffix></suffix>
    <w>θανάτῳ</w>
    <suffix></suffix>
    <w>αὐτοῦ</w>
    <suffix>, </suffix>
    <verse-number id="Philippians 3:11">11</verse-number>
    <w>εἴ</w>
    <suffix></suffix>
    <w>πως</w>
    <suffix></suffix>
    <w>καταντήσω</w>
    <suffix></suffix>
    <w>εἰς</w>
    <suffix></suffix>
    <w>τὴν</w>
    <suffix></suffix>
    <w>ἐξανάστασιν</w>
    <suffix></suffix>
    <prefix> ⸂</prefix>
    <w>τὴν</w>
    <suffix></suffix>
    <w>ἐκ</w>
    <suffix>⸃ </suffix>
    <w>νεκρῶν</w>
    <suffix>. </suffix>
  </p>
  <p>
    <verse-number id="Philippians 3:12">12</verse-number>
    <w>Οὐχ</w>
    <suffix></suffix>
    <w>ὅτι</w>
    <suffix></suffix>
    <w>ἤδη</w>
    <suffix></suffix>
    <w>ἔλαβον</w>
    <suffix></suffix>
    <w>ἢ</w>
    <suffix></suffix>
    <w>ἤδη</w>
    <suffix></suffix>
    <w>τετελείωμαι</w>
    <suffix>, </suffix>
    <w>διώκω</w>
    <suffix></suffix>
    <w>δὲ</w>
    <suffix></suffix>
    <w>εἰ</w>
    <suffix></suffix>
    <w>καὶ</w>
    <suffix></suffix>
    <w>καταλάβω</w>
    <suffix>, </suffix>
    <w>ἐφʼ</w>
    <suffix></suffix>
    <w>ᾧ</w>
    <suffix></suffix>
    <w>καὶ</w>
    <suffix></suffix>
    <w>κατελήμφθην</w>
    <suffix></suffix>
    <w>ὑπὸ</w>
    <suffix></suffix>
    <prefix> ⸀</prefix>
    <w>Χριστοῦ</w>
    <suffix>. </suffix>
    <verse-number id="Philippians 3:13">13</verse-number>
    <w>ἀδελφοί</w>
    <suffix>, </suffix>
    <w>ἐγὼ</w>
    <suffix></suffix>
    <w>ἐμαυτὸν</w>
    <suffix></suffix>
    <prefix> ⸀</prefix>
    <w>οὐ</w>
    <suffix></suffix>
    <w>λογίζομαι</w>
    <suffix></suffix>
    <w>κατειληφέναι</w>
    <suffix>· </suffix>
    <w>ἓν</w>
    <suffix></suffix>
    <w>δέ</w>
    <suffix>, </suffix>
    <w>τὰ</w>
    <suffix></suffix>
    <w>μὲν</w>
    <suffix></suffix>
    <w>ὀπίσω</w>
    <suffix></suffix>
    <w>ἐπιλανθανόμενος</w>
    <suffix></suffix>
    <w>τοῖς</w>
    <suffix></suffix>
    <w>δὲ</w>
    <suffix></suffix>
    <w>ἔμπροσθεν</w>
    <suffix></suffix>
    <w>ἐπεκτεινόμενος</w>
    <suffix>, </suffix>
    <verse-number id="Philippians 3:14">14</verse-number>
    <w>κατὰ</w>
    <suffix></suffix>
    <w>σκοπὸν</w>
    <suffix></suffix>
    <w>διώκω</w>
    <suffix></suffix>
    <prefix> ⸀</prefix>
    <w>εἰς</w>
    <suffix></suffix>
    <w>τὸ</w>
    <suffix></suffix>
    <w>βραβεῖον</w>
    <suffix></suffix>
    <w>τῆς</w>
    <suffix></suffix>
    <w>ἄνω</w>
    <suffix></suffix>
    <w>κλήσεως</w>
    <suffix></suffix>
    <w>τοῦ</w>
    <suffix></suffix>
    <w>θεοῦ</w>
    <suffix></suffix>
    <w>ἐν</w>
    <suffix></suffix>
    <w>Χριστῷ</w>
    <suffix></suffix>
    <w>Ἰησοῦ</w>
    <suffix>. </suffix>
    <verse-number id="Philippians 3:15">15</verse-number>
    <w>ὅσοι</w>
    <suffix></suffix>
    <w>οὖν</w>
    <suffix></suffix>
    <w>τέλειοι</w>
    <suffix>, </suffix>
    <w>τοῦτο</w>
    <suffix></suffix>
    <w>φρονῶμεν</w>
    <suffix>· </suffix>
    <w>καὶ</w>
    <suffix></suffix>
    <w>εἴ</w>
    <suffix></suffix>
    <w>τι</w>
    <suffix></suffix>
    <w>ἑτέρως</w>
    <suffix></suffix>
    <w>φρονεῖτε</w>
    <suffix>, </suffix>
    <w>καὶ</w>
    <suffix></suffix>
    <w>τοῦτο</w>
    <suffix></suffix>
    <w>ὁ</w>
    <suffix></suffix>
    <w>θεὸς</w>
    <suffix></suffix>
    <w>ὑμῖν</w>
    <suffix></suffix>
    <w>ἀποκαλύψει</w>
    <suffix>· </suffix>
    <verse-number id="Philippians 3:16">16</verse-number>
    <w>πλὴν</w>
    <suffix></suffix>
    <w>εἰς</w>
    <suffix></suffix>
    <w>ὃ</w>
    <suffix></suffix>
    <w>ἐφθάσαμεν</w>
    <suffix>, </suffix>
    <w>τῷ</w>
    <suffix></suffix>
    <w>αὐτῷ</w>
    <suffix></suffix>
    <prefix> ⸀</prefix>
    <w>στοιχεῖν</w>
    <suffix>. </suffix>
  </p>
  <p>
    <verse-number id="Philippians 3:17">17</verse-number>
    <w>Συμμιμηταί</w>
    <suffix></suffix>
    <w>μου</w>
    <suffix></suffix>
    <w>γίνεσθε</w>
    <suffix>, </suffix>
    <w>ἀδελφοί</w>
    <suffix>, </suffix>
    <w>καὶ</w>
    <suffix></suffix>
    <w>σκοπεῖτε</w>
    <suffix></suffix>
    <w>τοὺς</w>
    <suffix></suffix>
    <w>οὕτω</w>
    <suffix></suffix>
    <w>περιπατοῦντας</w>
    <suffix></suffix>
    <w>καθὼς</w>
    <suffix></suffix>
    <w>ἔχετε</w>
    <suffix></suffix>
    <w>τύπον</w>
    <suffix></suffix>
    <w>ἡμᾶς</w>
    <suffix>· </suffix>
    <verse-number id="Philippians 3:18">18</verse-number>
    <w>πολλοὶ</w>
    <suffix></suffix>
    <w>γὰρ</w>
    <suffix></suffix>
    <w>περιπατοῦσιν</w>
    <suffix></suffix>
    <w>οὓς</w>
    <suffix></suffix>
    <w>πολλάκις</w>
    <suffix></suffix>
    <w>ἔλεγον</w>
    <suffix></suffix>
    <w>ὑμῖν</w>
    <suffix>, </suffix>
    <w>νῦν</w>
    <suffix></suffix>
    <w>δὲ</w>
    <suffix></suffix>
    <w>καὶ</w>
    <suffix></suffix>
    <w>κλαίων</w>
    <suffix></suffix>
    <w>λέγω</w>
    <suffix>, </suffix>
    <w>τοὺς</w>
    <suffix></suffix>
    <w>ἐχθροὺς</w>
    <suffix></suffix>
    <w>τοῦ</w>
    <suffix></suffix>
    <w>σταυροῦ</w>
    <suffix></suffix>
    <w>τοῦ</w>
    <suffix></suffix>
    <w>Χριστοῦ</w>
    <suffix>, </suffix>
    <verse-number id="Philippians 3:19">19</verse-number>
    <w>ὧν</w>
    <suffix></suffix>
    <w>τὸ</w>
    <suffix></suffix>
    <w>τέλος</w>
    <suffix></suffix>
    <w>ἀπώλεια</w>
    <suffix>, </suffix>
    <w>ὧν</w>
    <suffix></suffix>
    <w>ὁ</w>
    <suffix></suffix>
    <w>θεὸς</w>
    <suffix></suffix>
    <w>ἡ</w>
    <suffix></suffix>
    <w>κοιλία</w>
    <suffix></suffix>
    <w>καὶ</w>
    <suffix></suffix>
    <w>ἡ</w>
    <suffix></suffix>
    <w>δόξα</w>
    <suffix></suffix>
    <w>ἐν</w>
    <suffix></suffix>
    <w>τῇ</w>
    <suffix></suffix>
    <w>αἰσχύνῃ</w>
    <suffix></suffix>
    <w>αὐτῶν</w>
    <suffix>, </suffix>
    <w>οἱ</w>
    <suffix></suffix>
    <w>τὰ</w>
    <suffix></suffix>
    <w>ἐπίγεια</w>
    <suffix></suffix>
    <w>φρονοῦντες</w>
    <suffix>. </suffix>
    <verse-number id="Philippians 3:20">20</verse-number>
    <w>ἡμῶν</w>
    <suffix></suffix>
    <w>γὰρ</w>
    <suffix></suffix>
    <w>τὸ</w>
    <suffix></suffix>
    <w>πολίτευμα</w>
    <suffix></suffix>
    <w>ἐν</w>
    <suffix></suffix>
    <w>οὐρανοῖς</w>
    <suffix></suffix>
    <w>ὑπάρχει</w>
    <suffix>, </suffix>
    <w>ἐξ</w>
    <suffix></suffix>
    <w>οὗ</w>
    <suffix></suffix>
    <w>καὶ</w>
    <suffix></suffix>
    <w>σωτῆρα</w>
    <suffix></suffix>
    <w>ἀπεκδεχόμεθα</w>
    <suffix></suffix>
    <w>κύριον</w>
    <suffix></suffix>
    <w>Ἰησοῦν</w>
    <suffix></suffix>
    <w>Χριστόν</w>
    <suffix>, </suffix>
    <verse-number id="Philippians 3:21">21</verse-number>
    <w>ὃς</w>
    <suffix></suffix>
    <w>μετασχηματίσει</w>
    <suffix></suffix>
    <w>τὸ</w>
    <suffix></suffix>
    <w>σῶμα</w>
    <suffix></suffix>
    <w>τῆς</w>
    <suffix></suffix>
    <w>ταπεινώσεως</w>
    <suffix></suffix>
    <prefix> ⸀</prefix>
    <w>ἡμῶν</w>
    <suffix></suffix>
    <w>σύμμορφον</w>
    <suffix></suffix>
    <w>τῷ</w>
    <suffix></suffix>
    <w>σώματι</w>
    <suffix></suffix>
    <w>τῆς</w>
    <suffix></suffix>
    <w>δόξης</w>
    <suffix></suffix>
    <w>αὐτοῦ</w>
    <suffix></suffix>
    <w>κατὰ</w>
    <suffix></suffix>
    <w>τὴν</w>
    <suffix></suffix>
    <w>ἐνέργειαν</w>
    <suffix></suffix>
    <w>τοῦ</w>
    <suffix></suffix>
    <w>δύνασθαι</w>
    <suffix></suffix>
    <w>αὐτὸν</w>
    <suffix></suffix>
    <w>καὶ</w>
    <suffix></suffix>
    <w>ὑποτάξαι</w>
    <suffix></suffix>
    <prefix> ⸀</prefix>
    <w>αὑτῷ</w>
    <suffix></suffix>
    <w>τὰ</w>
    <suffix></suffix>
    <w>πάντα</w>
    <suffix>. </suffix>
    <verse-number id="Philippians 4:1">4:1</verse-number>
    <w>ὥστε</w>
    <suffix>, </suffix>
    <w>ἀδελφοί</w>
    <suffix></suffix>
    <w>μου</w>
    <suffix></suffix>
    <w>ἀγαπητοὶ</w>
    <suffix></suffix>
    <w>καὶ</w>
    <suffix></suffix>
    <w>ἐπιπόθητοι</w>
    <suffix>, </suffix>
    <w>χαρὰ</w>
    <suffix></suffix>
    <w>καὶ</w>
    <suffix></suffix>
    <w>στέφανός</w>
    <suffix></suffix>
    <w>μου</w>
    <suffix>, </suffix>
    <w>οὕτως</w>
    <suffix></suffix>
    <w>στήκετε</w>
    <suffix></suffix>
    <w>ἐν</w>
    <suffix></suffix>
    <w>κυρίῳ</w>
    <suffix>, </suffix>
    <w>ἀγαπητοί</w>
    <suffix>. </suffix>
  </p>
  <p>
    <verse-number id="Philippians 4:2">2</verse-number>
    <w>Εὐοδίαν</w>
    <suffix></suffix>
    <w>παρακαλῶ</w>
    <suffix></suffix>
    <w>καὶ</w>
    <suffix></suffix>
    <w>Συντύχην</w>
    <suffix></suffix>
    <w>παρακαλῶ</w>
    <suffix></suffix>
    <w>τὸ</w>
    <suffix></suffix>
    <w>αὐτὸ</w>
    <suffix></suffix>
    <w>φρονεῖν</w>
    <suffix></suffix>
    <w>ἐν</w>
    <suffix></suffix>
    <w>κυρίῳ</w>
    <suffix>. </suffix>
    <verse-number id="Philippians 4:3">3</verse-number>
    <w>ναὶ</w>
    <suffix></suffix>
    <w>ἐρωτῶ</w>
    <suffix></suffix>
    <w>καὶ</w>
    <suffix></suffix>
    <w>σέ</w>
    <suffix>, </suffix>
    <prefix> ⸂</prefix>
    <w>γνήσιε</w>
    <suffix></suffix>
    <w>σύζυγε</w>
    <suffix>⸃, </suffix>
    <w>συλλαμβάνου</w>
    <suffix></suffix>
    <w>αὐταῖς</w>
    <suffix>, </suffix>
    <w>αἵτινες</w>
    <suffix></suffix>
    <w>ἐν</w>
    <suffix></suffix>
    <w>τῷ</w>
    <suffix></suffix>
    <w>εὐαγγελίῳ</w>
    <suffix></suffix>
    <w>συνήθλησάν</w>
    <suffix></suffix>
    <w>μοι</w>
    <suffix></suffix>
    <w>μετὰ</w>
    <suffix></suffix>
    <w>καὶ</w>
    <suffix></suffix>
    <w>Κλήμεντος</w>
    <suffix></suffix>
    <w>καὶ</w>
    <suffix></suffix>
    <w>τῶν</w>
    <suffix></suffix>
    <w>λοιπῶν</w>
    <suffix></suffix>
    <w>συνεργῶν</w>
    <suffix></suffix>
    <w>μου</w>
    <suffix>, </suffix>
    <w>ὧν</w>
    <suffix></suffix>
    <w>τὰ</w>
    <suffix></suffix>
    <w>ὀνόματα</w>
    <suffix></suffix>
    <w>ἐν</w>
    <suffix></suffix>
    <w>βίβλῳ</w>
    <suffix></suffix>
    <w>ζωῆς</w>
    <suffix>. </suffix>
  </p>
  <p>
    <verse-number id="Philippians 4:4">4</verse-number>
    <w>Χαίρετε</w>
    <suffix></suffix>
    <w>ἐν</w>
    <suffix></suffix>
    <w>κυρίῳ</w>
    <suffix></suffix>
    <w>πάντοτε</w>
    <suffix>· </suffix>
    <w>πάλιν</w>
    <suffix></suffix>
    <w>ἐρῶ</w>
    <suffix>, </suffix>
    <w>χαίρετε</w>
    <suffix>. </suffix>
    <verse-number id="Philippians 4:5">5</verse-number>
    <w>τὸ</w>
    <suffix></suffix>
    <w>ἐπιεικὲς</w>
    <suffix></suffix>
    <w>ὑμῶν</w>
    <suffix></suffix>
    <w>γνωσθήτω</w>
    <suffix></suffix>
    <w>πᾶσιν</w>
    <suffix></suffix>
    <w>ἀνθρώποις</w>
    <suffix>. </suffix>
    <w>ὁ</w>
    <suffix></suffix>
    <w>κύριος</w>
    <suffix></suffix>
    <w>ἐγγύς</w>
    <suffix>· </suffix>
    <verse-number id="Philippians 4:6">6</verse-number>
    <w>μηδὲν</w>
    <suffix></suffix>
    <w>μεριμνᾶτε</w>
    <suffix>, </suffix>
    <w>ἀλλʼ</w>
    <suffix></suffix>
    <w>ἐν</w>
    <suffix></suffix>
    <w>παντὶ</w>
    <suffix></suffix>
    <w>τῇ</w>
    <suffix></suffix>
    <w>προσευχῇ</w>
    <suffix></suffix>
    <w>καὶ</w>
    <suffix></suffix>
    <w>τῇ</w>
    <suffix></suffix>
    <w>δεήσει</w>
    <suffix></suffix>
    <w>μετʼ</w>
    <suffix></suffix>
    <w>εὐχαριστίας</w>
    <suffix></suffix>
    <w>τὰ</w>
    <suffix></suffix>
    <w>αἰτήματα</w>
    <suffix></suffix>
    <w>ὑμῶν</w>
    <suffix></suffix>
    <w>γνωριζέσθω</w>
    <suffix></suffix>
    <w>πρὸς</w>
    <suffix></suffix>
    <w>τὸν</w>
    <suffix></suffix>
    <w>θεόν</w>
    <suffix>· </suffix>
    <verse-number id="Philippians 4:7">7</verse-number>
    <w>καὶ</w>
    <suffix></suffix>
    <w>ἡ</w>
    <suffix></suffix>
    <w>εἰρήνη</w>
    <suffix></suffix>
    <w>τοῦ</w>
    <suffix></suffix>
    <w>θεοῦ</w>
    <suffix></suffix>
    <w>ἡ</w>
    <suffix></suffix>
    <w>ὑπερέχουσα</w>
    <suffix></suffix>
    <w>πάντα</w>
    <suffix></suffix>
    <w>νοῦν</w>
    <suffix></suffix>
    <w>φρουρήσει</w>
    <suffix></suffix>
    <w>τὰς</w>
    <suffix></suffix>
    <w>καρδίας</w>
    <suffix></suffix>
    <w>ὑμῶν</w>
    <suffix></suffix>
    <w>καὶ</w>
    <suffix></suffix>
    <w>τὰ</w>
    <suffix></suffix>
    <w>νοήματα</w>
    <suffix></suffix>
    <w>ὑμῶν</w>
    <suffix></suffix>
    <w>ἐν</w>
    <suffix></suffix>
    <w>Χριστῷ</w>
    <suffix></suffix>
    <w>Ἰησοῦ</w>
    <suffix>. </suffix>
  </p>
  <p>
    <verse-number id="Philippians 4:8">8</verse-number>
    <w>Τὸ</w>
    <suffix></suffix>
    <w>λοιπόν</w>
    <suffix>, </suffix>
    <w>ἀδελφοί</w>
    <suffix>, </suffix>
    <w>ὅσα</w>
    <suffix></suffix>
    <w>ἐστὶν</w>
    <suffix></suffix>
    <w>ἀληθῆ</w>
    <suffix>, </suffix>
    <w>ὅσα</w>
    <suffix></suffix>
    <w>σεμνά</w>
    <suffix>, </suffix>
    <w>ὅσα</w>
    <suffix></suffix>
    <w>δίκαια</w>
    <suffix>, </suffix>
    <w>ὅσα</w>
    <suffix></suffix>
    <w>ἁγνά</w>
    <suffix>, </suffix>
    <w>ὅσα</w>
    <suffix></suffix>
    <w>προσφιλῆ</w>
    <suffix>, </suffix>
    <w>ὅσα</w>
    <suffix></suffix>
    <w>εὔφημα</w>
    <suffix>, </suffix>
    <w>εἴ</w>
    <suffix></suffix>
    <w>τις</w>
    <suffix></suffix>
    <w>ἀρετὴ</w>
    <suffix></suffix>
    <w>καὶ</w>
    <suffix></suffix>
    <w>εἴ</w>
    <suffix></suffix>
    <w>τις</w>
    <suffix></suffix>
    <w>ἔπαινος</w>
    <suffix>, </suffix>
    <w>ταῦτα</w>
    <suffix></suffix>
    <w>λογίζεσθε</w>
    <suffix>· </suffix>
    <verse-number id="Philippians 4:9">9</verse-number>
    <w>ἃ</w>
    <suffix></suffix>
    <w>καὶ</w>
    <suffix></suffix>
    <w>ἐμάθετε</w>
    <suffix></suffix>
    <w>καὶ</w>
    <suffix></suffix>
    <w>παρελάβετε</w>
    <suffix></suffix>
    <w>καὶ</w>
    <suffix></suffix>
    <w>ἠκούσατε</w>
    <suffix></suffix>
    <w>καὶ</w>
    <suffix></suffix>
    <w>εἴδετε</w>
    <suffix></suffix>
    <w>ἐν</w>
    <suffix></suffix>
    <w>ἐμοί</w>
    <suffix>, </suffix>
    <w>ταῦτα</w>
    <suffix></suffix>
    <w>πράσσετε</w>
    <suffix>· </suffix>
    <w>καὶ</w>
    <suffix></suffix>
    <w>ὁ</w>
    <suffix></suffix>
    <w>θεὸς</w>
    <suffix></suffix>
    <w>τῆς</w>
    <suffix></suffix>
    <w>εἰρήνης</w>
    <suffix></suffix>
    <w>ἔσται</w>
    <suffix></suffix>
    <w>μεθʼ</w>
    <suffix></suffix>
    <w>ὑμῶν</w>
    <suffix>. </suffix>
  </p>
  <p>
    <verse-number id="Philippians 4:10">10</verse-number>
    <w>Ἐχάρην</w>
    <suffix></suffix>
    <w>δὲ</w>
    <suffix></suffix>
    <w>ἐν</w>
    <suffix></suffix>
    <w>κυρίῳ</w>
    <suffix></suffix>
    <w>μεγάλως</w>
    <suffix></suffix>
    <w>ὅτι</w>
    <suffix></suffix>
    <w>ἤδη</w>
    <suffix></suffix>
    <w>ποτὲ</w>
    <suffix></suffix>
    <w>ἀνεθάλετε</w>
    <suffix></suffix>
    <w>τὸ</w>
    <suffix></suffix>
    <w>ὑπὲρ</w>
    <suffix></suffix>
    <w>ἐμοῦ</w>
    <suffix></suffix>
    <w>φρονεῖν</w>
    <suffix>, </suffix>
    <w>ἐφʼ</w>
    <suffix></suffix>
    <w>ᾧ</w>
    <suffix></suffix>
    <w>καὶ</w>
    <suffix></suffix>
    <w>ἐφρονεῖτε</w>
    <suffix></suffix>
    <w>ἠκαιρεῖσθε</w>
    <suffix></suffix>
    <w>δέ</w>
    <suffix>. </suffix>
    <verse-number id="Philippians 4:11">11</verse-number>
    <w>οὐχ</w>
    <suffix></suffix>
    <w>ὅτι</w>
    <suffix></suffix>
    <w>καθʼ</w>
    <suffix></suffix>
    <w>ὑστέρησιν</w>
    <suffix></suffix>
    <w>λέγω</w>
    <suffix>, </suffix>
    <w>ἐγὼ</w>
    <suffix></suffix>
    <w>γὰρ</w>
    <suffix></suffix>
    <w>ἔμαθον</w>
    <suffix></suffix>
    <w>ἐν</w>
    <suffix></suffix>
    <w>οἷς</w>
    <suffix></suffix>
    <w>εἰμι</w>
    <suffix></suffix>
    <w>αὐτάρκης</w>
    <suffix></suffix>
    <w>εἶναι</w>
    <suffix>· </suffix>
    <verse-number id="Philippians 4:12">12</verse-number>
    <w>οἶδα</w>
    <suffix></suffix>
    <w>καὶ</w>
    <suffix></suffix>
    <w>ταπεινοῦσθαι</w>
    <suffix>, </suffix>
    <w>οἶδα</w>
    <suffix></suffix>
    <w>καὶ</w>
    <suffix></suffix>
    <w>περισσεύειν</w>
    <suffix>· </suffix>
    <w>ἐν</w>
    <suffix></suffix>
    <w>παντὶ</w>
    <suffix></suffix>
    <w>καὶ</w>
    <suffix></suffix>
    <w>ἐν</w>
    <suffix></suffix>
    <w>πᾶσιν</w>
    <suffix></suffix>
    <w>μεμύημαι</w>
    <suffix>, </suffix>
    <w>καὶ</w>
    <suffix></suffix>
    <w>χορτάζεσθαι</w>
    <suffix></suffix>
    <w>καὶ</w>
    <suffix></suffix>
    <w>πεινᾶν</w>
    <suffix>, </suffix>
    <w>καὶ</w>
    <suffix></suffix>
    <w>περισσεύειν</w>
    <suffix></suffix>
    <w>καὶ</w>
    <suffix></suffix>
    <w>ὑστερεῖσθαι</w>
    <suffix>· </suffix>
    <verse-number id="Philippians 4:13">13</verse-number>
    <w>πάντα</w>
    <suffix></suffix>
    <w>ἰσχύω</w>
    <suffix></suffix>
    <w>ἐν</w>
    <suffix></suffix>
    <w>τῷ</w>
    <suffix></suffix>
    <w>ἐνδυναμοῦντί</w>
    <suffix></suffix>
    <prefix> ⸀</prefix>
    <w>με</w>
    <suffix>. </suffix>
    <verse-number id="Philippians 4:14">14</verse-number>
    <w>πλὴν</w>
    <suffix></suffix>
    <w>καλῶς</w>
    <suffix></suffix>
    <w>ἐποιήσατε</w>
    <suffix></suffix>
    <w>συγκοινωνήσαντές</w>
    <suffix></suffix>
    <w>μου</w>
    <suffix></suffix>
    <w>τῇ</w>
    <suffix></suffix>
    <w>θλίψει</w>
    <suffix>. </suffix>
  </p>
  <p>
    <verse-number id="Philippians 4:15">15</verse-number>
    <w>Οἴδατε</w>
    <suffix></suffix>
    <w>δὲ</w>
    <suffix></suffix>
    <w>καὶ</w>
    <suffix></suffix>
    <w>ὑμεῖς</w>
    <suffix>, </suffix>
    <w>Φιλιππήσιοι</w>
    <suffix>, </suffix>
    <w>ὅτι</w>
    <suffix></suffix>
    <w>ἐν</w>
    <suffix></suffix>
    <w>ἀρχῇ</w>
    <suffix></suffix>
    <w>τοῦ</w>
    <suffix></suffix>
    <w>εὐαγγελίου</w>
    <suffix>, </suffix>
    <w>ὅτε</w>
    <suffix></suffix>
    <w>ἐξῆλθον</w>
    <suffix></suffix>
    <w>ἀπὸ</w>
    <suffix></suffix>
    <w>Μακεδονίας</w>
    <suffix>, </suffix>
    <w>οὐδεμία</w>
    <suffix></suffix>
    <w>μοι</w>
    <suffix></suffix>
    <w>ἐκκλησία</w>
    <suffix></suffix>
    <w>ἐκοινώνησεν</w>
    <suffix></suffix>
    <w>εἰς</w>
    <suffix></suffix>
    <w>λόγον</w>
    <suffix></suffix>
    <w>δόσεως</w>
    <suffix></suffix>
    <w>καὶ</w>
    <suffix></suffix>
    <w>λήμψεως</w>
    <suffix></suffix>
    <w>εἰ</w>
    <suffix></suffix>
    <w>μὴ</w>
    <suffix></suffix>
    <w>ὑμεῖς</w>
    <suffix></suffix>
    <w>μόνοι</w>
    <suffix>, </suffix>
    <verse-number id="Philippians 4:16">16</verse-number>
    <w>ὅτι</w>
    <suffix></suffix>
    <w>καὶ</w>
    <suffix></suffix>
    <w>ἐν</w>
    <suffix></suffix>
    <w>Θεσσαλονίκῃ</w>
    <suffix></suffix>
    <w>καὶ</w>
    <suffix></suffix>
    <w>ἅπαξ</w>
    <suffix></suffix>
    <w>καὶ</w>
    <suffix></suffix>
    <w>δὶς</w>
    <suffix></suffix>
    <w>εἰς</w>
    <suffix></suffix>
    <w>τὴν</w>
    <suffix></suffix>
    <w>χρείαν</w>
    <suffix></suffix>
    <w>μοι</w>
    <suffix></suffix>
    <w>ἐπέμψατε</w>
    <suffix>. </suffix>
    <verse-number id="Philippians 4:17">17</verse-number>
    <w>οὐχ</w>
    <suffix></suffix>
    <w>ὅτι</w>
    <suffix></suffix>
    <w>ἐπιζητῶ</w>
    <suffix></suffix>
    <w>τὸ</w>
    <suffix></suffix>
    <w>δόμα</w>
    <suffix>, </suffix>
    <w>ἀλλὰ</w>
    <suffix></suffix>
    <w>ἐπιζητῶ</w>
    <suffix></suffix>
    <w>τὸν</w>
    <suffix></suffix>
    <w>καρπὸν</w>
    <suffix></suffix>
    <w>τὸν</w>
    <suffix></suffix>
    <w>πλεονάζοντα</w>
    <suffix></suffix>
    <w>εἰς</w>
    <suffix></suffix>
    <w>λόγον</w>
    <suffix></suffix>
    <w>ὑμῶν</w>
    <suffix>. </suffix>
    <verse-number id="Philippians 4:18">18</verse-number>
    <w>ἀπέχω</w>
    <suffix></suffix>
    <w>δὲ</w>
    <suffix></suffix>
    <w>πάντα</w>
    <suffix></suffix>
    <w>καὶ</w>
    <suffix></suffix>
    <w>περισσεύω</w>
    <suffix>· </suffix>
    <w>πεπλήρωμαι</w>
    <suffix></suffix>
    <w>δεξάμενος</w>
    <suffix></suffix>
    <w>παρὰ</w>
    <suffix></suffix>
    <w>Ἐπαφροδίτου</w>
    <suffix></suffix>
    <w>τὰ</w>
    <suffix></suffix>
    <w>παρʼ</w>
    <suffix></suffix>
    <w>ὑμῶν</w>
    <suffix>, </suffix>
    <w>ὀσμὴν</w>
    <suffix></suffix>
    <w>εὐωδίας</w>
    <suffix>, </suffix>
    <w>θυσίαν</w>
    <suffix></suffix>
    <w>δεκτήν</w>
    <suffix>, </suffix>
    <w>εὐάρεστον</w>
    <suffix></suffix>
    <w>τῷ</w>
    <suffix></suffix>
    <w>θεῷ</w>
    <suffix>. </suffix>
    <verse-number id="Philippians 4:19">19</verse-number>
    <w>ὁ</w>
    <suffix></suffix>
    <w>δὲ</w>
    <suffix></suffix>
    <w>θεός</w>
    <suffix></suffix>
    <w>μου</w>
    <suffix></suffix>
    <w>πληρώσει</w>
    <suffix></suffix>
    <w>πᾶσαν</w>
    <suffix></suffix>
    <w>χρείαν</w>
    <suffix></suffix>
    <w>ὑμῶν</w>
    <suffix></suffix>
    <w>κατὰ</w>
    <suffix></suffix>
    <prefix> ⸂</prefix>
    <w>τὸ</w>
    <suffix></suffix>
    <w>πλοῦτος</w>
    <suffix>⸃ </suffix>
    <w>αὐτοῦ</w>
    <suffix></suffix>
    <w>ἐν</w>
    <suffix></suffix>
    <w>δόξῃ</w>
    <suffix></suffix>
    <w>ἐν</w>
    <suffix></suffix>
    <w>Χριστῷ</w>
    <suffix></suffix>
    <w>Ἰησοῦ</w>
    <suffix>. </suffix>
    <verse-number id="Philippians 4:20">20</verse-number>
    <w>τῷ</w>
    <suffix></suffix>
    <w>δὲ</w>
    <suffix></suffix>
    <w>θεῷ</w>
    <suffix></suffix>
    <w>καὶ</w>
    <suffix></suffix>
    <w>πατρὶ</w>
    <suffix></suffix>
    <w>ἡμῶν</w>
    <suffix></suffix>
    <w>ἡ</w>
    <suffix></suffix>
    <w>δόξα</w>
    <suffix></suffix>
    <w>εἰς</w>
    <suffix></suffix>
    <w>τοὺς</w>
    <suffix></suffix>
    <w>αἰῶνας</w>
    <suffix></suffix>
    <w>τῶν</w>
    <suffix></suffix>
    <w>αἰώνων</w>
    <suffix>· </suffix>
    <w>ἀμήν</w>
    <suffix>. </suffix>
  </p>
  <p>
    <verse-number id="Philippians 4:21">21</verse-number>
    <w>Ἀσπάσασθε</w>
    <suffix></suffix>
    <w>πάντα</w>
    <suffix></suffix>
    <w>ἅγιον</w>
    <suffix></suffix>
    <w>ἐν</w>
    <suffix></suffix>
    <w>Χριστῷ</w>
    <suffix></suffix>
    <w>Ἰησοῦ</w>
    <suffix>. </suffix>
    <w>ἀσπάζονται</w>
    <suffix></suffix>
    <w>ὑμᾶς</w>
    <suffix></suffix>
    <w>οἱ</w>
    <suffix></suffix>
    <w>σὺν</w>
    <suffix></suffix>
    <w>ἐμοὶ</w>
    <suffix></suffix>
    <w>ἀδελφοί</w>
    <suffix>. </suffix>
    <verse-number id="Philippians 4:22">22</verse-number>
    <w>ἀσπάζονται</w>
    <suffix></suffix>
    <w>ὑμᾶς</w>
    <suffix></suffix>
    <w>πάντες</w>
    <suffix></suffix>
    <w>οἱ</w>
    <suffix></suffix>
    <w>ἅγιοι</w>
    <suffix>, </suffix>
    <w>μάλιστα</w>
    <suffix></suffix>
    <w>δὲ</w>
    <suffix></suffix>
    <w>οἱ</w>
    <suffix></suffix>
    <w>ἐκ</w>
    <suffix></suffix>
    <w>τῆς</w>
    <suffix></suffix>
    <w>Καίσαρος</w>
    <suffix></suffix>
    <w>οἰκίας</w>
    <suffix>. </suffix>
    <verse-number id="Philippians 4:23">23</verse-number>
    <w>ἡ</w>
    <suffix></suffix>
    <w>χάρις</w>
    <suffix></suffix>
    <w>τοῦ</w>
    <suffix></suffix>
    <w>κυρίου</w>
    <suffix></suffix>
    <w>Ἰησοῦ</w>
    <suffix></suffix>
    <w>Χριστοῦ</w>
    <suffix></suffix>
    <w>μετὰ</w>
    <suffix></suffix>
    <prefix> ⸂</prefix>
    <w>τοῦ</w>
    <suffix></suffix>
    <w>πνεύματος</w>
    <suffix>⸃ </suffix>
    <prefix> ⸀</prefix>
    <w>ὑμῶν</w>
    <suffix>. </suffix>
  </p>
  <p />
</book>