﻿<book id="Tit">
  <title>ΠΡΟΣ ΤΙΤΟΝ</title>
  <p>
    <verse-number id="Titus 1:1">1:1</verse-number>
    <w>Παῦλος</w>
    <suffix></suffix>
    <w>δοῦλος</w>
    <suffix></suffix>
    <w>θεοῦ</w>
    <suffix>, </suffix>
    <w>ἀπόστολος</w>
    <suffix></suffix>
    <w>δὲ</w>
    <suffix></suffix>
    <w>Ἰησοῦ</w>
    <suffix></suffix>
    <w>Χριστοῦ</w>
    <suffix></suffix>
    <w>κατὰ</w>
    <suffix></suffix>
    <w>πίστιν</w>
    <suffix></suffix>
    <w>ἐκλεκτῶν</w>
    <suffix></suffix>
    <w>θεοῦ</w>
    <suffix></suffix>
    <w>καὶ</w>
    <suffix></suffix>
    <w>ἐπίγνωσιν</w>
    <suffix></suffix>
    <w>ἀληθείας</w>
    <suffix></suffix>
    <w>τῆς</w>
    <suffix></suffix>
    <w>κατʼ</w>
    <suffix></suffix>
    <w>εὐσέβειαν</w>
    <suffix></suffix>
    <verse-number id="Titus 1:2">2</verse-number>
    <w>ἐπʼ</w>
    <suffix></suffix>
    <w>ἐλπίδι</w>
    <suffix></suffix>
    <w>ζωῆς</w>
    <suffix></suffix>
    <w>αἰωνίου</w>
    <suffix>, </suffix>
    <w>ἣν</w>
    <suffix></suffix>
    <w>ἐπηγγείλατο</w>
    <suffix></suffix>
    <w>ὁ</w>
    <suffix></suffix>
    <w>ἀψευδὴς</w>
    <suffix></suffix>
    <w>θεὸς</w>
    <suffix></suffix>
    <w>πρὸ</w>
    <suffix></suffix>
    <w>χρόνων</w>
    <suffix></suffix>
    <w>αἰωνίων</w>
    <suffix></suffix>
    <verse-number id="Titus 1:3">3</verse-number>
    <w>ἐφανέρωσεν</w>
    <suffix></suffix>
    <w>δὲ</w>
    <suffix></suffix>
    <w>καιροῖς</w>
    <suffix></suffix>
    <w>ἰδίοις</w>
    <suffix>, </suffix>
    <w>τὸν</w>
    <suffix></suffix>
    <w>λόγον</w>
    <suffix></suffix>
    <w>αὐτοῦ</w>
    <suffix></suffix>
    <w>ἐν</w>
    <suffix></suffix>
    <w>κηρύγματι</w>
    <suffix></suffix>
    <w>ὃ</w>
    <suffix></suffix>
    <w>ἐπιστεύθην</w>
    <suffix></suffix>
    <w>ἐγὼ</w>
    <suffix></suffix>
    <w>κατʼ</w>
    <suffix></suffix>
    <w>ἐπιταγὴν</w>
    <suffix></suffix>
    <w>τοῦ</w>
    <suffix></suffix>
    <w>σωτῆρος</w>
    <suffix></suffix>
    <w>ἡμῶν</w>
    <suffix></suffix>
    <w>θεοῦ</w>
    <suffix>, </suffix>
    <verse-number id="Titus 1:4">4</verse-number>
    <w>Τίτῳ</w>
    <suffix></suffix>
    <w>γνησίῳ</w>
    <suffix></suffix>
    <w>τέκνῳ</w>
    <suffix></suffix>
    <w>κατὰ</w>
    <suffix></suffix>
    <w>κοινὴν</w>
    <suffix></suffix>
    <w>πίστιν</w>
    <suffix>· </suffix>
    <w>χάρις</w>
    <suffix></suffix>
    <prefix> ⸀</prefix>
    <w>καὶ</w>
    <suffix></suffix>
    <w>εἰρήνη</w>
    <suffix></suffix>
    <w>ἀπὸ</w>
    <suffix></suffix>
    <w>θεοῦ</w>
    <suffix></suffix>
    <w>πατρὸς</w>
    <suffix></suffix>
    <w>καὶ</w>
    <suffix></suffix>
    <prefix> ⸂</prefix>
    <w>Χριστοῦ</w>
    <suffix></suffix>
    <w>Ἰησοῦ</w>
    <suffix>⸃ </suffix>
    <w>τοῦ</w>
    <suffix></suffix>
    <w>σωτῆρος</w>
    <suffix></suffix>
    <w>ἡμῶν</w>
    <suffix>. </suffix>
  </p>
  <p>
    <verse-number id="Titus 1:5">5</verse-number>
    <w>Τούτου</w>
    <suffix></suffix>
    <w>χάριν</w>
    <suffix></suffix>
    <prefix> ⸀</prefix>
    <w>ἀπέλιπόν</w>
    <suffix></suffix>
    <w>σε</w>
    <suffix></suffix>
    <w>ἐν</w>
    <suffix></suffix>
    <w>Κρήτῃ</w>
    <suffix></suffix>
    <w>ἵνα</w>
    <suffix></suffix>
    <w>τὰ</w>
    <suffix></suffix>
    <w>λείποντα</w>
    <suffix></suffix>
    <w>ἐπιδιορθώσῃ</w>
    <suffix>, </suffix>
    <w>καὶ</w>
    <suffix></suffix>
    <w>καταστήσῃς</w>
    <suffix></suffix>
    <w>κατὰ</w>
    <suffix></suffix>
    <w>πόλιν</w>
    <suffix></suffix>
    <w>πρεσβυτέρους</w>
    <suffix>, </suffix>
    <w>ὡς</w>
    <suffix></suffix>
    <w>ἐγώ</w>
    <suffix></suffix>
    <w>σοι</w>
    <suffix></suffix>
    <w>διεταξάμην</w>
    <suffix>, </suffix>
    <verse-number id="Titus 1:6">6</verse-number>
    <w>εἴ</w>
    <suffix></suffix>
    <w>τίς</w>
    <suffix></suffix>
    <w>ἐστιν</w>
    <suffix></suffix>
    <w>ἀνέγκλητος</w>
    <suffix>, </suffix>
    <w>μιᾶς</w>
    <suffix></suffix>
    <w>γυναικὸς</w>
    <suffix></suffix>
    <w>ἀνήρ</w>
    <suffix>, </suffix>
    <w>τέκνα</w>
    <suffix></suffix>
    <w>ἔχων</w>
    <suffix></suffix>
    <w>πιστά</w>
    <suffix>, </suffix>
    <w>μὴ</w>
    <suffix></suffix>
    <w>ἐν</w>
    <suffix></suffix>
    <w>κατηγορίᾳ</w>
    <suffix></suffix>
    <w>ἀσωτίας</w>
    <suffix></suffix>
    <w>ἢ</w>
    <suffix></suffix>
    <w>ἀνυπότακτα</w>
    <suffix>. </suffix>
    <verse-number id="Titus 1:7">7</verse-number>
    <w>δεῖ</w>
    <suffix></suffix>
    <w>γὰρ</w>
    <suffix></suffix>
    <w>τὸν</w>
    <suffix></suffix>
    <w>ἐπίσκοπον</w>
    <suffix></suffix>
    <w>ἀνέγκλητον</w>
    <suffix></suffix>
    <w>εἶναι</w>
    <suffix></suffix>
    <w>ὡς</w>
    <suffix></suffix>
    <w>θεοῦ</w>
    <suffix></suffix>
    <w>οἰκονόμον</w>
    <suffix>, </suffix>
    <w>μὴ</w>
    <suffix></suffix>
    <w>αὐθάδη</w>
    <suffix>, </suffix>
    <w>μὴ</w>
    <suffix></suffix>
    <w>ὀργίλον</w>
    <suffix>, </suffix>
    <w>μὴ</w>
    <suffix></suffix>
    <w>πάροινον</w>
    <suffix>, </suffix>
    <w>μὴ</w>
    <suffix></suffix>
    <w>πλήκτην</w>
    <suffix>, </suffix>
    <w>μὴ</w>
    <suffix></suffix>
    <w>αἰσχροκερδῆ</w>
    <suffix>, </suffix>
    <verse-number id="Titus 1:8">8</verse-number>
    <w>ἀλλὰ</w>
    <suffix></suffix>
    <w>φιλόξενον</w>
    <suffix>, </suffix>
    <w>φιλάγαθον</w>
    <suffix>, </suffix>
    <w>σώφρονα</w>
    <suffix>, </suffix>
    <w>δίκαιον</w>
    <suffix>, </suffix>
    <w>ὅσιον</w>
    <suffix>, </suffix>
    <w>ἐγκρατῆ</w>
    <suffix>, </suffix>
    <verse-number id="Titus 1:9">9</verse-number>
    <w>ἀντεχόμενον</w>
    <suffix></suffix>
    <w>τοῦ</w>
    <suffix></suffix>
    <w>κατὰ</w>
    <suffix></suffix>
    <w>τὴν</w>
    <suffix></suffix>
    <w>διδαχὴν</w>
    <suffix></suffix>
    <w>πιστοῦ</w>
    <suffix></suffix>
    <w>λόγου</w>
    <suffix>, </suffix>
    <w>ἵνα</w>
    <suffix></suffix>
    <w>δυνατὸς</w>
    <suffix></suffix>
    <w>ᾖ</w>
    <suffix></suffix>
    <w>καὶ</w>
    <suffix></suffix>
    <w>παρακαλεῖν</w>
    <suffix></suffix>
    <w>ἐν</w>
    <suffix></suffix>
    <w>τῇ</w>
    <suffix></suffix>
    <w>διδασκαλίᾳ</w>
    <suffix></suffix>
    <w>τῇ</w>
    <suffix></suffix>
    <w>ὑγιαινούσῃ</w>
    <suffix></suffix>
    <w>καὶ</w>
    <suffix></suffix>
    <w>τοὺς</w>
    <suffix></suffix>
    <w>ἀντιλέγοντας</w>
    <suffix></suffix>
    <w>ἐλέγχειν</w>
    <suffix>. </suffix>
  </p>
  <p>
    <verse-number id="Titus 1:10">10</verse-number>
    <w>Εἰσὶν</w>
    <suffix></suffix>
    <w>γὰρ</w>
    <suffix></suffix>
    <w>πολλοὶ</w>
    <suffix></suffix>
    <prefix> ⸀</prefix>
    <w>καὶ</w>
    <suffix></suffix>
    <w>ἀνυπότακτοι</w>
    <suffix>, </suffix>
    <w>ματαιολόγοι</w>
    <suffix></suffix>
    <w>καὶ</w>
    <suffix></suffix>
    <w>φρεναπάται</w>
    <suffix>, </suffix>
    <w>μάλιστα</w>
    <suffix></suffix>
    <w>οἱ</w>
    <suffix></suffix>
    <w>ἐκ</w>
    <suffix></suffix>
    <prefix> ⸀</prefix>
    <w>τῆς</w>
    <suffix></suffix>
    <w>περιτομῆς</w>
    <suffix>, </suffix>
    <verse-number id="Titus 1:11">11</verse-number>
    <w>οὓς</w>
    <suffix></suffix>
    <w>δεῖ</w>
    <suffix></suffix>
    <w>ἐπιστομίζειν</w>
    <suffix>, </suffix>
    <w>οἵτινες</w>
    <suffix></suffix>
    <w>ὅλους</w>
    <suffix></suffix>
    <w>οἴκους</w>
    <suffix></suffix>
    <w>ἀνατρέπουσιν</w>
    <suffix></suffix>
    <w>διδάσκοντες</w>
    <suffix></suffix>
    <w>ἃ</w>
    <suffix></suffix>
    <w>μὴ</w>
    <suffix></suffix>
    <w>δεῖ</w>
    <suffix></suffix>
    <w>αἰσχροῦ</w>
    <suffix></suffix>
    <w>κέρδους</w>
    <suffix></suffix>
    <w>χάριν</w>
    <suffix>. </suffix>
    <verse-number id="Titus 1:12">12</verse-number>
    <w>εἶπέν</w>
    <suffix></suffix>
    <w>τις</w>
    <suffix></suffix>
    <w>ἐξ</w>
    <suffix></suffix>
    <w>αὐτῶν</w>
    <suffix>, </suffix>
    <w>ἴδιος</w>
    <suffix></suffix>
    <w>αὐτῶν</w>
    <suffix></suffix>
    <w>προφήτης</w>
    <suffix>, </suffix>
    <w>Κρῆτες</w>
    <suffix></suffix>
    <w>ἀεὶ</w>
    <suffix></suffix>
    <w>ψεῦσται</w>
    <suffix>, </suffix>
    <w>κακὰ</w>
    <suffix></suffix>
    <w>θηρία</w>
    <suffix>, </suffix>
    <w>γαστέρες</w>
    <suffix></suffix>
    <w>ἀργαί</w>
    <suffix>· </suffix>
    <verse-number id="Titus 1:13">13</verse-number>
    <w>ἡ</w>
    <suffix></suffix>
    <w>μαρτυρία</w>
    <suffix></suffix>
    <w>αὕτη</w>
    <suffix></suffix>
    <w>ἐστὶν</w>
    <suffix></suffix>
    <w>ἀληθής</w>
    <suffix>. </suffix>
    <w>διʼ</w>
    <suffix></suffix>
    <w>ἣν</w>
    <suffix></suffix>
    <w>αἰτίαν</w>
    <suffix></suffix>
    <w>ἔλεγχε</w>
    <suffix></suffix>
    <w>αὐτοὺς</w>
    <suffix></suffix>
    <w>ἀποτόμως</w>
    <suffix>, </suffix>
    <w>ἵνα</w>
    <suffix></suffix>
    <w>ὑγιαίνωσιν</w>
    <suffix></suffix>
    <w>ἐν</w>
    <suffix></suffix>
    <w>τῇ</w>
    <suffix></suffix>
    <w>πίστει</w>
    <suffix>, </suffix>
    <verse-number id="Titus 1:14">14</verse-number>
    <w>μὴ</w>
    <suffix></suffix>
    <w>προσέχοντες</w>
    <suffix></suffix>
    <w>Ἰουδαϊκοῖς</w>
    <suffix></suffix>
    <w>μύθοις</w>
    <suffix></suffix>
    <w>καὶ</w>
    <suffix></suffix>
    <w>ἐντολαῖς</w>
    <suffix></suffix>
    <w>ἀνθρώπων</w>
    <suffix></suffix>
    <w>ἀποστρεφομένων</w>
    <suffix></suffix>
    <w>τὴν</w>
    <suffix></suffix>
    <w>ἀλήθειαν</w>
    <suffix>. </suffix>
    <verse-number id="Titus 1:15">15</verse-number>
    <prefix> ⸀</prefix>
    <w>πάντα</w>
    <suffix></suffix>
    <w>καθαρὰ</w>
    <suffix></suffix>
    <w>τοῖς</w>
    <suffix></suffix>
    <w>καθαροῖς</w>
    <suffix>· </suffix>
    <w>τοῖς</w>
    <suffix></suffix>
    <w>δὲ</w>
    <suffix></suffix>
    <w>μεμιαμμένοις</w>
    <suffix></suffix>
    <w>καὶ</w>
    <suffix></suffix>
    <w>ἀπίστοις</w>
    <suffix></suffix>
    <w>οὐδὲν</w>
    <suffix></suffix>
    <w>καθαρόν</w>
    <suffix>, </suffix>
    <w>ἀλλὰ</w>
    <suffix></suffix>
    <w>μεμίανται</w>
    <suffix></suffix>
    <w>αὐτῶν</w>
    <suffix></suffix>
    <w>καὶ</w>
    <suffix></suffix>
    <w>ὁ</w>
    <suffix></suffix>
    <w>νοῦς</w>
    <suffix></suffix>
    <w>καὶ</w>
    <suffix></suffix>
    <w>ἡ</w>
    <suffix></suffix>
    <w>συνείδησις</w>
    <suffix>. </suffix>
    <verse-number id="Titus 1:16">16</verse-number>
    <w>θεὸν</w>
    <suffix></suffix>
    <w>ὁμολογοῦσιν</w>
    <suffix></suffix>
    <w>εἰδέναι</w>
    <suffix>, </suffix>
    <w>τοῖς</w>
    <suffix></suffix>
    <w>δὲ</w>
    <suffix></suffix>
    <w>ἔργοις</w>
    <suffix></suffix>
    <w>ἀρνοῦνται</w>
    <suffix>, </suffix>
    <w>βδελυκτοὶ</w>
    <suffix></suffix>
    <w>ὄντες</w>
    <suffix></suffix>
    <w>καὶ</w>
    <suffix></suffix>
    <w>ἀπειθεῖς</w>
    <suffix></suffix>
    <w>καὶ</w>
    <suffix></suffix>
    <w>πρὸς</w>
    <suffix></suffix>
    <w>πᾶν</w>
    <suffix></suffix>
    <w>ἔργον</w>
    <suffix></suffix>
    <w>ἀγαθὸν</w>
    <suffix></suffix>
    <w>ἀδόκιμοι</w>
    <suffix>. </suffix>
  </p>
  <p>
    <verse-number id="Titus 2:1">2:1</verse-number>
    <w>Σὺ</w>
    <suffix></suffix>
    <w>δὲ</w>
    <suffix></suffix>
    <w>λάλει</w>
    <suffix></suffix>
    <w>ἃ</w>
    <suffix></suffix>
    <w>πρέπει</w>
    <suffix></suffix>
    <w>τῇ</w>
    <suffix></suffix>
    <w>ὑγιαινούσῃ</w>
    <suffix></suffix>
    <w>διδασκαλίᾳ</w>
    <suffix>. </suffix>
    <verse-number id="Titus 2:2">2</verse-number>
    <w>πρεσβύτας</w>
    <suffix></suffix>
    <w>νηφαλίους</w>
    <suffix></suffix>
    <w>εἶναι</w>
    <suffix>, </suffix>
    <w>σεμνούς</w>
    <suffix>, </suffix>
    <w>σώφρονας</w>
    <suffix>, </suffix>
    <w>ὑγιαίνοντας</w>
    <suffix></suffix>
    <w>τῇ</w>
    <suffix></suffix>
    <w>πίστει</w>
    <suffix>, </suffix>
    <w>τῇ</w>
    <suffix></suffix>
    <w>ἀγάπῃ</w>
    <suffix>, </suffix>
    <w>τῇ</w>
    <suffix></suffix>
    <w>ὑπομονῇ</w>
    <suffix>. </suffix>
  </p>
  <p>
    <verse-number id="Titus 2:3">3</verse-number>
    <w>Πρεσβύτιδας</w>
    <suffix></suffix>
    <w>ὡσαύτως</w>
    <suffix></suffix>
    <w>ἐν</w>
    <suffix></suffix>
    <w>καταστήματι</w>
    <suffix></suffix>
    <w>ἱεροπρεπεῖς</w>
    <suffix>, </suffix>
    <w>μὴ</w>
    <suffix></suffix>
    <w>διαβόλους</w>
    <suffix></suffix>
    <prefix> ⸀</prefix>
    <w>μηδὲ</w>
    <suffix></suffix>
    <w>οἴνῳ</w>
    <suffix></suffix>
    <w>πολλῷ</w>
    <suffix></suffix>
    <w>δεδουλωμένας</w>
    <suffix>, </suffix>
    <w>καλοδιδασκάλους</w>
    <suffix>, </suffix>
    <verse-number id="Titus 2:4">4</verse-number>
    <w>ἵνα</w>
    <suffix></suffix>
    <prefix> ⸀</prefix>
    <w>σωφρονίζωσι</w>
    <suffix></suffix>
    <w>τὰς</w>
    <suffix></suffix>
    <w>νέας</w>
    <suffix></suffix>
    <w>φιλάνδρους</w>
    <suffix></suffix>
    <w>εἶναι</w>
    <suffix>, </suffix>
    <w>φιλοτέκνους</w>
    <suffix>, </suffix>
    <verse-number id="Titus 2:5">5</verse-number>
    <w>σώφρονας</w>
    <suffix>, </suffix>
    <w>ἁγνάς</w>
    <suffix>, </suffix>
    <prefix> ⸀</prefix>
    <w>οἰκουργούς</w>
    <suffix>, </suffix>
    <w>ἀγαθάς</w>
    <suffix>, </suffix>
    <w>ὑποτασσομένας</w>
    <suffix></suffix>
    <w>τοῖς</w>
    <suffix></suffix>
    <w>ἰδίοις</w>
    <suffix></suffix>
    <w>ἀνδράσιν</w>
    <suffix>, </suffix>
    <w>ἵνα</w>
    <suffix></suffix>
    <w>μὴ</w>
    <suffix></suffix>
    <w>ὁ</w>
    <suffix></suffix>
    <w>λόγος</w>
    <suffix></suffix>
    <w>τοῦ</w>
    <suffix></suffix>
    <w>θεοῦ</w>
    <suffix></suffix>
    <w>βλασφημῆται</w>
    <suffix>. </suffix>
  </p>
  <p>
    <verse-number id="Titus 2:6">6</verse-number>
    <w>Τοὺς</w>
    <suffix></suffix>
    <w>νεωτέρους</w>
    <suffix></suffix>
    <w>ὡσαύτως</w>
    <suffix></suffix>
    <w>παρακάλει</w>
    <suffix></suffix>
    <w>σωφρονεῖν</w>
    <suffix>· </suffix>
    <verse-number id="Titus 2:7">7</verse-number>
    <w>περὶ</w>
    <suffix></suffix>
    <w>πάντα</w>
    <suffix></suffix>
    <w>σεαυτὸν</w>
    <suffix></suffix>
    <w>παρεχόμενος</w>
    <suffix></suffix>
    <w>τύπον</w>
    <suffix></suffix>
    <w>καλῶν</w>
    <suffix></suffix>
    <w>ἔργων</w>
    <suffix>, </suffix>
    <w>ἐν</w>
    <suffix></suffix>
    <w>τῇ</w>
    <suffix></suffix>
    <w>διδασκαλίᾳ</w>
    <suffix></suffix>
    <prefix> ⸀</prefix>
    <w>ἀφθορίαν</w>
    <suffix>, </suffix>
    <prefix> ⸀</prefix>
    <w>σεμνότητα</w>
    <suffix>, </suffix>
    <verse-number id="Titus 2:8">8</verse-number>
    <w>λόγον</w>
    <suffix></suffix>
    <w>ὑγιῆ</w>
    <suffix></suffix>
    <w>ἀκατάγνωστον</w>
    <suffix>, </suffix>
    <w>ἵνα</w>
    <suffix></suffix>
    <w>ὁ</w>
    <suffix></suffix>
    <w>ἐξ</w>
    <suffix></suffix>
    <w>ἐναντίας</w>
    <suffix></suffix>
    <w>ἐντραπῇ</w>
    <suffix></suffix>
    <w>μηδὲν</w>
    <suffix></suffix>
    <w>ἔχων</w>
    <suffix></suffix>
    <prefix> ⸂</prefix>
    <w>λέγειν</w>
    <suffix></suffix>
    <w>περὶ</w>
    <suffix></suffix>
    <w>ἡμῶν</w>
    <suffix>⸃ </suffix>
    <w>φαῦλον</w>
    <suffix>. </suffix>
  </p>
  <p>
    <verse-number id="Titus 2:9">9</verse-number>
    <w>Δούλους</w>
    <suffix></suffix>
    <w>ἰδίοις</w>
    <suffix></suffix>
    <w>δεσπόταις</w>
    <suffix></suffix>
    <w>ὑποτάσσεσθαι</w>
    <suffix></suffix>
    <w>ἐν</w>
    <suffix></suffix>
    <w>πᾶσιν</w>
    <suffix>, </suffix>
    <w>εὐαρέστους</w>
    <suffix></suffix>
    <w>εἶναι</w>
    <suffix>, </suffix>
    <w>μὴ</w>
    <suffix></suffix>
    <w>ἀντιλέγοντας</w>
    <suffix>, </suffix>
    <verse-number id="Titus 2:10">10</verse-number>
    <w>μὴ</w>
    <suffix></suffix>
    <w>νοσφιζομένους</w>
    <suffix>, </suffix>
    <w>ἀλλὰ</w>
    <suffix></suffix>
    <prefix> ⸂</prefix>
    <w>πᾶσαν</w>
    <suffix></suffix>
    <w>πίστιν</w>
    <suffix>⸃ </suffix>
    <w>ἐνδεικνυμένους</w>
    <suffix></suffix>
    <w>ἀγαθήν</w>
    <suffix>, </suffix>
    <w>ἵνα</w>
    <suffix></suffix>
    <w>τὴν</w>
    <suffix></suffix>
    <w>διδασκαλίαν</w>
    <suffix></suffix>
    <prefix> ⸀</prefix>
    <w>τὴν</w>
    <suffix></suffix>
    <w>τοῦ</w>
    <suffix></suffix>
    <w>σωτῆρος</w>
    <suffix></suffix>
    <w>ἡμῶν</w>
    <suffix></suffix>
    <w>θεοῦ</w>
    <suffix></suffix>
    <w>κοσμῶσιν</w>
    <suffix></suffix>
    <w>ἐν</w>
    <suffix></suffix>
    <w>πᾶσιν</w>
    <suffix>. </suffix>
  </p>
  <p>
    <verse-number id="Titus 2:11">11</verse-number>
    <w>Ἐπεφάνη</w>
    <suffix></suffix>
    <w>γὰρ</w>
    <suffix></suffix>
    <w>ἡ</w>
    <suffix></suffix>
    <w>χάρις</w>
    <suffix></suffix>
    <w>τοῦ</w>
    <suffix></suffix>
    <prefix> ⸀</prefix>
    <w>θεοῦ</w>
    <suffix></suffix>
    <w>σωτήριος</w>
    <suffix></suffix>
    <w>πᾶσιν</w>
    <suffix></suffix>
    <w>ἀνθρώποις</w>
    <suffix></suffix>
    <verse-number id="Titus 2:12">12</verse-number>
    <w>παιδεύουσα</w>
    <suffix></suffix>
    <w>ἡμᾶς</w>
    <suffix>, </suffix>
    <w>ἵνα</w>
    <suffix></suffix>
    <w>ἀρνησάμενοι</w>
    <suffix></suffix>
    <w>τὴν</w>
    <suffix></suffix>
    <w>ἀσέβειαν</w>
    <suffix></suffix>
    <w>καὶ</w>
    <suffix></suffix>
    <w>τὰς</w>
    <suffix></suffix>
    <w>κοσμικὰς</w>
    <suffix></suffix>
    <w>ἐπιθυμίας</w>
    <suffix></suffix>
    <w>σωφρόνως</w>
    <suffix></suffix>
    <w>καὶ</w>
    <suffix></suffix>
    <w>δικαίως</w>
    <suffix></suffix>
    <w>καὶ</w>
    <suffix></suffix>
    <w>εὐσεβῶς</w>
    <suffix></suffix>
    <w>ζήσωμεν</w>
    <suffix></suffix>
    <w>ἐν</w>
    <suffix></suffix>
    <w>τῷ</w>
    <suffix></suffix>
    <w>νῦν</w>
    <suffix></suffix>
    <w>αἰῶνι</w>
    <suffix>, </suffix>
    <verse-number id="Titus 2:13">13</verse-number>
    <w>προσδεχόμενοι</w>
    <suffix></suffix>
    <w>τὴν</w>
    <suffix></suffix>
    <w>μακαρίαν</w>
    <suffix></suffix>
    <w>ἐλπίδα</w>
    <suffix></suffix>
    <w>καὶ</w>
    <suffix></suffix>
    <w>ἐπιφάνειαν</w>
    <suffix></suffix>
    <w>τῆς</w>
    <suffix></suffix>
    <w>δόξης</w>
    <suffix></suffix>
    <w>τοῦ</w>
    <suffix></suffix>
    <w>μεγάλου</w>
    <suffix></suffix>
    <w>θεοῦ</w>
    <suffix></suffix>
    <w>καὶ</w>
    <suffix></suffix>
    <w>σωτῆρος</w>
    <suffix></suffix>
    <w>ἡμῶν</w>
    <suffix></suffix>
    <prefix> ⸂</prefix>
    <w>Ἰησοῦ</w>
    <suffix></suffix>
    <w>Χριστοῦ</w>
    <suffix>⸃, </suffix>
    <verse-number id="Titus 2:14">14</verse-number>
    <w>ὃς</w>
    <suffix></suffix>
    <w>ἔδωκεν</w>
    <suffix></suffix>
    <w>ἑαυτὸν</w>
    <suffix></suffix>
    <w>ὑπὲρ</w>
    <suffix></suffix>
    <w>ἡμῶν</w>
    <suffix></suffix>
    <w>ἵνα</w>
    <suffix></suffix>
    <w>λυτρώσηται</w>
    <suffix></suffix>
    <w>ἡμᾶς</w>
    <suffix></suffix>
    <w>ἀπὸ</w>
    <suffix></suffix>
    <w>πάσης</w>
    <suffix></suffix>
    <w>ἀνομίας</w>
    <suffix></suffix>
    <w>καὶ</w>
    <suffix></suffix>
    <w>καθαρίσῃ</w>
    <suffix></suffix>
    <w>ἑαυτῷ</w>
    <suffix></suffix>
    <w>λαὸν</w>
    <suffix></suffix>
    <w>περιούσιον</w>
    <suffix>, </suffix>
    <w>ζηλωτὴν</w>
    <suffix></suffix>
    <w>καλῶν</w>
    <suffix></suffix>
    <w>ἔργων</w>
    <suffix>. </suffix>
  </p>
  <p>
    <verse-number id="Titus 2:15">15</verse-number>
    <w>Ταῦτα</w>
    <suffix></suffix>
    <w>λάλει</w>
    <suffix></suffix>
    <w>καὶ</w>
    <suffix></suffix>
    <w>παρακάλει</w>
    <suffix></suffix>
    <w>καὶ</w>
    <suffix></suffix>
    <w>ἔλεγχε</w>
    <suffix></suffix>
    <w>μετὰ</w>
    <suffix></suffix>
    <w>πάσης</w>
    <suffix></suffix>
    <w>ἐπιταγῆς</w>
    <suffix>· </suffix>
    <w>μηδείς</w>
    <suffix></suffix>
    <w>σου</w>
    <suffix></suffix>
    <w>περιφρονείτω</w>
    <suffix>. </suffix>
  </p>
  <p>
    <verse-number id="Titus 3:1">3:1</verse-number>
    <w>Ὑπομίμνῃσκε</w>
    <suffix></suffix>
    <w>αὐτοὺς</w>
    <suffix></suffix>
    <prefix> ⸀</prefix>
    <w>ἀρχαῖς</w>
    <suffix></suffix>
    <w>ἐξουσίαις</w>
    <suffix></suffix>
    <w>ὑποτάσσεσθαι</w>
    <suffix></suffix>
    <w>πειθαρχεῖν</w>
    <suffix>, </suffix>
    <w>πρὸς</w>
    <suffix></suffix>
    <w>πᾶν</w>
    <suffix></suffix>
    <w>ἔργον</w>
    <suffix></suffix>
    <w>ἀγαθὸν</w>
    <suffix></suffix>
    <w>ἑτοίμους</w>
    <suffix></suffix>
    <w>εἶναι</w>
    <suffix>, </suffix>
    <verse-number id="Titus 3:2">2</verse-number>
    <w>μηδένα</w>
    <suffix></suffix>
    <w>βλασφημεῖν</w>
    <suffix>, </suffix>
    <w>ἀμάχους</w>
    <suffix></suffix>
    <w>εἶναι</w>
    <suffix>, </suffix>
    <w>ἐπιεικεῖς</w>
    <suffix>, </suffix>
    <w>πᾶσαν</w>
    <suffix></suffix>
    <w>ἐνδεικνυμένους</w>
    <suffix></suffix>
    <w>πραΰτητα</w>
    <suffix></suffix>
    <w>πρὸς</w>
    <suffix></suffix>
    <w>πάντας</w>
    <suffix></suffix>
    <w>ἀνθρώπους</w>
    <suffix>. </suffix>
    <verse-number id="Titus 3:3">3</verse-number>
    <w>ἦμεν</w>
    <suffix></suffix>
    <w>γάρ</w>
    <suffix></suffix>
    <w>ποτε</w>
    <suffix></suffix>
    <w>καὶ</w>
    <suffix></suffix>
    <w>ἡμεῖς</w>
    <suffix></suffix>
    <w>ἀνόητοι</w>
    <suffix>, </suffix>
    <w>ἀπειθεῖς</w>
    <suffix>, </suffix>
    <w>πλανώμενοι</w>
    <suffix>, </suffix>
    <w>δουλεύοντες</w>
    <suffix></suffix>
    <w>ἐπιθυμίαις</w>
    <suffix></suffix>
    <w>καὶ</w>
    <suffix></suffix>
    <w>ἡδοναῖς</w>
    <suffix></suffix>
    <w>ποικίλαις</w>
    <suffix>, </suffix>
    <w>ἐν</w>
    <suffix></suffix>
    <w>κακίᾳ</w>
    <suffix></suffix>
    <w>καὶ</w>
    <suffix></suffix>
    <w>φθόνῳ</w>
    <suffix></suffix>
    <w>διάγοντες</w>
    <suffix>, </suffix>
    <w>στυγητοί</w>
    <suffix>, </suffix>
    <w>μισοῦντες</w>
    <suffix></suffix>
    <w>ἀλλήλους</w>
    <suffix>. </suffix>
    <verse-number id="Titus 3:4">4</verse-number>
    <w>ὅτε</w>
    <suffix></suffix>
    <w>δὲ</w>
    <suffix></suffix>
    <w>ἡ</w>
    <suffix></suffix>
    <w>χρηστότης</w>
    <suffix></suffix>
    <w>καὶ</w>
    <suffix></suffix>
    <w>ἡ</w>
    <suffix></suffix>
    <w>φιλανθρωπία</w>
    <suffix></suffix>
    <w>ἐπεφάνη</w>
    <suffix></suffix>
    <w>τοῦ</w>
    <suffix></suffix>
    <w>σωτῆρος</w>
    <suffix></suffix>
    <w>ἡμῶν</w>
    <suffix></suffix>
    <w>θεοῦ</w>
    <suffix>, </suffix>
    <verse-number id="Titus 3:5">5</verse-number>
    <w>οὐκ</w>
    <suffix></suffix>
    <w>ἐξ</w>
    <suffix></suffix>
    <w>ἔργων</w>
    <suffix></suffix>
    <w>τῶν</w>
    <suffix></suffix>
    <w>ἐν</w>
    <suffix></suffix>
    <w>δικαιοσύνῃ</w>
    <suffix></suffix>
    <prefix> ⸀</prefix>
    <w>ἃ</w>
    <suffix></suffix>
    <w>ἐποιήσαμεν</w>
    <suffix></suffix>
    <w>ἡμεῖς</w>
    <suffix></suffix>
    <w>ἀλλὰ</w>
    <suffix></suffix>
    <w>κατὰ</w>
    <suffix></suffix>
    <prefix> ⸂</prefix>
    <w>τὸ</w>
    <suffix></suffix>
    <w>αὐτοῦ</w>
    <suffix></suffix>
    <w>ἔλεος</w>
    <suffix>⸃ </suffix>
    <w>ἔσωσεν</w>
    <suffix></suffix>
    <w>ἡμᾶς</w>
    <suffix></suffix>
    <w>διὰ</w>
    <suffix></suffix>
    <w>λουτροῦ</w>
    <suffix></suffix>
    <w>παλιγγενεσίας</w>
    <suffix></suffix>
    <w>καὶ</w>
    <suffix></suffix>
    <w>ἀνακαινώσεως</w>
    <suffix></suffix>
    <w>πνεύματος</w>
    <suffix></suffix>
    <w>ἁγίου</w>
    <suffix>, </suffix>
    <verse-number id="Titus 3:6">6</verse-number>
    <w>οὗ</w>
    <suffix></suffix>
    <w>ἐξέχεεν</w>
    <suffix></suffix>
    <w>ἐφʼ</w>
    <suffix></suffix>
    <w>ἡμᾶς</w>
    <suffix></suffix>
    <w>πλουσίως</w>
    <suffix></suffix>
    <w>διὰ</w>
    <suffix></suffix>
    <w>Ἰησοῦ</w>
    <suffix></suffix>
    <w>Χριστοῦ</w>
    <suffix></suffix>
    <w>τοῦ</w>
    <suffix></suffix>
    <w>σωτῆρος</w>
    <suffix></suffix>
    <w>ἡμῶν</w>
    <suffix>, </suffix>
    <verse-number id="Titus 3:7">7</verse-number>
    <w>ἵνα</w>
    <suffix></suffix>
    <w>δικαιωθέντες</w>
    <suffix></suffix>
    <w>τῇ</w>
    <suffix></suffix>
    <w>ἐκείνου</w>
    <suffix></suffix>
    <w>χάριτι</w>
    <suffix></suffix>
    <w>κληρονόμοι</w>
    <suffix></suffix>
    <prefix> ⸀</prefix>
    <w>γενηθῶμεν</w>
    <suffix></suffix>
    <w>κατʼ</w>
    <suffix></suffix>
    <w>ἐλπίδα</w>
    <suffix></suffix>
    <w>ζωῆς</w>
    <suffix></suffix>
    <w>αἰωνίου</w>
    <suffix>. </suffix>
  </p>
  <p>
    <verse-number id="Titus 3:8">8</verse-number>
    <w>Πιστὸς</w>
    <suffix></suffix>
    <w>ὁ</w>
    <suffix></suffix>
    <w>λόγος</w>
    <suffix>, </suffix>
    <w>καὶ</w>
    <suffix></suffix>
    <w>περὶ</w>
    <suffix></suffix>
    <w>τούτων</w>
    <suffix></suffix>
    <w>βούλομαί</w>
    <suffix></suffix>
    <w>σε</w>
    <suffix></suffix>
    <w>διαβεβαιοῦσθαι</w>
    <suffix>, </suffix>
    <w>ἵνα</w>
    <suffix></suffix>
    <w>φροντίζωσιν</w>
    <suffix></suffix>
    <w>καλῶν</w>
    <suffix></suffix>
    <w>ἔργων</w>
    <suffix></suffix>
    <w>προΐστασθαι</w>
    <suffix></suffix>
    <w>οἱ</w>
    <suffix></suffix>
    <w>πεπιστευκότες</w>
    <suffix></suffix>
    <w>θεῷ</w>
    <suffix>. </suffix>
    <w>ταῦτά</w>
    <suffix></suffix>
    <prefix> ⸀</prefix>
    <w>ἐστιν</w>
    <suffix></suffix>
    <w>καλὰ</w>
    <suffix></suffix>
    <w>καὶ</w>
    <suffix></suffix>
    <w>ὠφέλιμα</w>
    <suffix></suffix>
    <w>τοῖς</w>
    <suffix></suffix>
    <w>ἀνθρώποις</w>
    <suffix>· </suffix>
    <verse-number id="Titus 3:9">9</verse-number>
    <w>μωρὰς</w>
    <suffix></suffix>
    <w>δὲ</w>
    <suffix></suffix>
    <w>ζητήσεις</w>
    <suffix></suffix>
    <w>καὶ</w>
    <suffix></suffix>
    <w>γενεαλογίας</w>
    <suffix></suffix>
    <w>καὶ</w>
    <suffix></suffix>
    <prefix> ⸀</prefix>
    <w>ἔρεις</w>
    <suffix></suffix>
    <w>καὶ</w>
    <suffix></suffix>
    <w>μάχας</w>
    <suffix></suffix>
    <w>νομικὰς</w>
    <suffix></suffix>
    <w>περιΐστασο</w>
    <suffix>, </suffix>
    <w>εἰσὶν</w>
    <suffix></suffix>
    <w>γὰρ</w>
    <suffix></suffix>
    <w>ἀνωφελεῖς</w>
    <suffix></suffix>
    <w>καὶ</w>
    <suffix></suffix>
    <w>μάταιοι</w>
    <suffix>. </suffix>
    <verse-number id="Titus 3:10">10</verse-number>
    <w>αἱρετικὸν</w>
    <suffix></suffix>
    <w>ἄνθρωπον</w>
    <suffix></suffix>
    <w>μετὰ</w>
    <suffix></suffix>
    <w>μίαν</w>
    <suffix></suffix>
    <w>καὶ</w>
    <suffix></suffix>
    <w>δευτέραν</w>
    <suffix></suffix>
    <w>νουθεσίαν</w>
    <suffix></suffix>
    <w>παραιτοῦ</w>
    <suffix>, </suffix>
    <verse-number id="Titus 3:11">11</verse-number>
    <w>εἰδὼς</w>
    <suffix></suffix>
    <w>ὅτι</w>
    <suffix></suffix>
    <w>ἐξέστραπται</w>
    <suffix></suffix>
    <w>ὁ</w>
    <suffix></suffix>
    <w>τοιοῦτος</w>
    <suffix></suffix>
    <w>καὶ</w>
    <suffix></suffix>
    <w>ἁμαρτάνει</w>
    <suffix>, </suffix>
    <w>ὢν</w>
    <suffix></suffix>
    <w>αὐτοκατάκριτος</w>
    <suffix>. </suffix>
  </p>
  <p>
    <verse-number id="Titus 3:12">12</verse-number>
    <w>Ὅταν</w>
    <suffix></suffix>
    <w>πέμψω</w>
    <suffix></suffix>
    <w>Ἀρτεμᾶν</w>
    <suffix></suffix>
    <w>πρὸς</w>
    <suffix></suffix>
    <w>σὲ</w>
    <suffix></suffix>
    <w>ἢ</w>
    <suffix></suffix>
    <w>Τυχικόν</w>
    <suffix>, </suffix>
    <w>σπούδασον</w>
    <suffix></suffix>
    <w>ἐλθεῖν</w>
    <suffix></suffix>
    <w>πρός</w>
    <suffix></suffix>
    <w>με</w>
    <suffix></suffix>
    <w>εἰς</w>
    <suffix></suffix>
    <w>Νικόπολιν</w>
    <suffix>, </suffix>
    <w>ἐκεῖ</w>
    <suffix></suffix>
    <w>γὰρ</w>
    <suffix></suffix>
    <w>κέκρικα</w>
    <suffix></suffix>
    <w>παραχειμάσαι</w>
    <suffix>. </suffix>
    <verse-number id="Titus 3:13">13</verse-number>
    <w>Ζηνᾶν</w>
    <suffix></suffix>
    <w>τὸν</w>
    <suffix></suffix>
    <w>νομικὸν</w>
    <suffix></suffix>
    <w>καὶ</w>
    <suffix></suffix>
    <prefix> ⸀</prefix>
    <w>Ἀπολλῶν</w>
    <suffix></suffix>
    <w>σπουδαίως</w>
    <suffix></suffix>
    <w>πρόπεμψον</w>
    <suffix>, </suffix>
    <w>ἵνα</w>
    <suffix></suffix>
    <w>μηδὲν</w>
    <suffix></suffix>
    <w>αὐτοῖς</w>
    <suffix></suffix>
    <w>λείπῃ</w>
    <suffix>. </suffix>
    <verse-number id="Titus 3:14">14</verse-number>
    <w>μανθανέτωσαν</w>
    <suffix></suffix>
    <w>δὲ</w>
    <suffix></suffix>
    <w>καὶ</w>
    <suffix></suffix>
    <w>οἱ</w>
    <suffix></suffix>
    <w>ἡμέτεροι</w>
    <suffix></suffix>
    <w>καλῶν</w>
    <suffix></suffix>
    <w>ἔργων</w>
    <suffix></suffix>
    <w>προΐστασθαι</w>
    <suffix></suffix>
    <w>εἰς</w>
    <suffix></suffix>
    <w>τὰς</w>
    <suffix></suffix>
    <w>ἀναγκαίας</w>
    <suffix></suffix>
    <w>χρείας</w>
    <suffix>, </suffix>
    <w>ἵνα</w>
    <suffix></suffix>
    <w>μὴ</w>
    <suffix></suffix>
    <w>ὦσιν</w>
    <suffix></suffix>
    <w>ἄκαρποι</w>
    <suffix>. </suffix>
  </p>
  <p>
    <verse-number id="Titus 3:15">15</verse-number>
    <w>Ἀσπάζονταί</w>
    <suffix></suffix>
    <w>σε</w>
    <suffix></suffix>
    <w>οἱ</w>
    <suffix></suffix>
    <w>μετʼ</w>
    <suffix></suffix>
    <w>ἐμοῦ</w>
    <suffix></suffix>
    <w>πάντες</w>
    <suffix>. </suffix>
    <w>ἄσπασαι</w>
    <suffix></suffix>
    <w>τοὺς</w>
    <suffix></suffix>
    <w>φιλοῦντας</w>
    <suffix></suffix>
    <w>ἡμᾶς</w>
    <suffix></suffix>
    <w>ἐν</w>
    <suffix></suffix>
    <w>πίστει</w>
    <suffix>. </suffix>
    <w>ἡ</w>
    <suffix></suffix>
    <w>χάρις</w>
    <suffix></suffix>
    <w>μετὰ</w>
    <suffix></suffix>
    <w>πάντων</w>
    <suffix></suffix>
    <prefix> ⸀</prefix>
    <w>ὑμῶν</w>
    <suffix>. </suffix>
  </p>
  <p />
</book>