chapter,verse,text
1,1,"Παῦλος ἀπόστολος Ἰησοῦ {NA Ἰησοῦ χριστοῦ κατ’ > χριστοῦ Ἰησοῦ κατ’ } χριστοῦ κατ’ ἐπιταγὴν θεοῦ σωτῆρος ἡμῶν, καὶ κυρίου {NA κυρίου Ἰησοῦ χριστοῦ > χριστοῦ Ἰησοῦ } Ἰησοῦ χριστοῦ τῆς ἐλπίδος ἡμῶν,"
1,2,"Τιμοθέῳ γνησίῳ τέκνῳ ἐν πίστει· χάρις, ἔλεος, εἰρήνη ἀπὸ θεοῦ πατρὸς ἡμῶν {NA ἡμῶν καὶ > καὶ } καὶ χριστοῦ Ἰησοῦ τοῦ κυρίου ἡμῶν."
1,3,"¶Καθὼς παρεκάλεσά σε προσμεῖναι ἐν Ἐφέσῳ, πορευόμενος εἰς Μακεδονίαν, ἵνα παραγγείλῃς τισὶν μὴ ἑτεροδιδασκαλεῖν,"
1,4,"μηδὲ προσέχειν μύθοις καὶ γενεαλογίαις ἀπεράντοις, αἵτινες ζητήσεις {NA ζητήσεις > ἐκζητήσεις } παρέχουσιν μᾶλλον ἢ οἰκονομίαν θεοῦ τὴν ἐν πίστει."
1,5,Τὸ δὲ τέλος τῆς παραγγελίας ἐστὶν ἀγάπη ἐκ καθαρᾶς καρδίας καὶ συνειδήσεως ἀγαθῆς καὶ πίστεως ἀνυποκρίτου·
1,6,"ὧν τινὲς ἀστοχήσαντες ἐξετράπησαν εἰς ματαιολογίαν,"
1,7,"θέλοντες εἶναι νομοδιδάσκαλοι, μὴ νοοῦντες μήτε ἃ λέγουσιν, μήτε περὶ τίνων διαβεβαιοῦνται."
1,8,"Οἴδαμεν δὲ ὅτι καλὸς ὁ νόμος, ἐάν τις αὐτῷ νομίμως χρῆται,"
1,9,"εἰδὼς τοῦτο, ὅτι δικαίῳ νόμος οὐ κεῖται, ἀνόμοις δὲ καὶ ἀνυποτάκτοις, ἀσεβέσιν καὶ ἁμαρτωλοῖς, ἀνοσίοις καὶ βεβήλοις, πατρολῴαις {Byz πατρολῴαις > πατραλῴαις } καὶ μητρολῴαις, {Byz μητρολῴαις > μητραλῴαις } ἀνδροφόνοις,"
1,10,"πόρνοις, ἀρσενοκοίταις, ἀνδραποδισταῖς, ψεύσταις, ἐπιόρκοις, καὶ εἴ τι ἕτερον τῇ ὑγιαινούσῃ διδασκαλίᾳ ἀντίκειται,"
1,11,"κατὰ τὸ εὐαγγέλιον τῆς δόξης τοῦ μακαρίου θεοῦ, ὃ ἐπιστεύθην ἐγώ."
1,12,"¶Καὶ {NA Καὶ > - } χάριν ἔχω τῷ ἐνδυναμώσαντί με χριστῷ Ἰησοῦ τῷ κυρίῳ ἡμῶν, ὅτι πιστόν με ἡγήσατο, θέμενος εἰς διακονίαν,"
1,13,"τὸν {NA τὸν > τὸ } πρότερον ὄντα βλάσφημον καὶ διώκτην καὶ ὑβριστήν· ἀλλὰ ἠλεήθην, ὅτι ἀγνοῶν ἐποίησα ἐν ἀπιστίᾳ·"
1,14,ὑπερεπλεόνασεν δὲ ἡ χάρις τοῦ κυρίου ἡμῶν μετὰ πίστεως καὶ ἀγάπης τῆς ἐν χριστῷ Ἰησοῦ.
1,15,"Πιστὸς ὁ λόγος καὶ πάσης ἀποδοχῆς ἄξιος, ὅτι χριστὸς Ἰησοῦς ἦλθεν εἰς τὸν κόσμον ἁμαρτωλοὺς σῶσαι, ὧν πρῶτός εἰμι ἐγώ·"
1,16,"ἀλλὰ διὰ τοῦτο ἠλεήθην, ἵνα ἐν ἐμοὶ πρώτῳ ἐνδείξηται Ἰησοῦς {NA Ἰησοῦς χριστὸς τὴν πᾶσαν > χριστὸς Ἰησοῦς τὴν ἅπασαν } χριστὸς τὴν πᾶσαν μακροθυμίαν, πρὸς ὑποτύπωσιν τῶν μελλόντων πιστεύειν ἐπ’ αὐτῷ εἰς ζωὴν αἰώνιον."
1,17,"Τῷ δὲ βασιλεῖ τῶν αἰώνων, ἀφθάρτῳ, ἀοράτῳ, μόνῳ σοφῷ {NA σοφῷ > - } θεῷ, τιμὴ καὶ δόξα εἰς τοὺς αἰῶνας τῶν αἰώνων. Ἀμήν."
1,18,"¶Ταύτην τὴν παραγγελίαν παρατίθεμαί σοι, τέκνον Τιμόθεε, κατὰ τὰς προαγούσας ἐπὶ σὲ προφητείας, ἵνα στρατεύῃ ἐν αὐταῖς τὴν καλὴν στρατείαν,"
1,19,"ἔχων πίστιν καὶ ἀγαθὴν συνείδησιν, ἥν τινες ἀπωσάμενοι περὶ τὴν πίστιν ἐναυάγησαν·"
1,20,"ὧν ἐστὶν Ὑμέναιος καὶ Ἀλέξανδρος, οὓς παρέδωκα τῷ Σατανᾷ, ἵνα παιδευθῶσιν μὴ βλασφημεῖν."
2,1,"Παρακαλῶ οὖν πρῶτον πάντων ποιεῖσθαι δεήσεις, προσευχάς, ἐντεύξεις, εὐχαριστίας, ὑπὲρ πάντων ἀνθρώπων·"
2,2,"ὑπὲρ βασιλέων καὶ πάντων τῶν ἐν ὑπεροχῇ ὄντων, ἵνα ἤρεμον καὶ ἡσύχιον βίον διάγωμεν ἐν πάσῃ εὐσεβείᾳ καὶ σεμνότητι."
2,3,"Τοῦτο γὰρ {NA γὰρ > - } καλὸν καὶ ἀπόδεκτον ἐνώπιον τοῦ σωτῆρος ἡμῶν θεοῦ,"
2,4,ὃς πάντας ἀνθρώπους θέλει σωθῆναι καὶ εἰς ἐπίγνωσιν ἀληθείας ἐλθεῖν.
2,5,"Εἷς γὰρ θεός, εἷς καὶ μεσίτης θεοῦ καὶ ἀνθρώπων, ἄνθρωπος χριστὸς Ἰησοῦς,"
2,6,"ὁ δοὺς ἑαυτὸν ἀντίλυτρον ὑπὲρ πάντων, τὸ μαρτύριον καιροῖς ἰδίοις,"
2,7,"εἰς ὃ ἐτέθην ἐγὼ κῆρυξ καὶ ἀπόστολος· ἀλήθειαν λέγω ἐν {NA ἐν χριστῷ > - } χριστῷ, οὐ ψεύδομαι· διδάσκαλος ἐθνῶν ἐν πίστει καὶ ἀληθείᾳ."
2,8,"¶Βούλομαι οὖν προσεύχεσθαι τοὺς ἄνδρας ἐν παντὶ τόπῳ, ἐπαίροντας ὁσίους χεῖρας, χωρὶς ὀργῆς καὶ διαλογισμοῦ."
2,9,"Ὡσαύτως καὶ {NA καὶ τὰς γυναῖκας ἐν > [καὶ] γυναῖκας ἐν } τὰς γυναῖκας ἐν καταστολῇ κοσμίῳ, μετὰ αἰδοῦς καὶ σωφροσύνης, κοσμεῖν ἑαυτάς, μὴ ἐν πλέγμασιν, ἢ {NA ἢ χρυσῷ > καὶ χρυσίῳ } χρυσῷ, ἢ μαργαρίταις, ἢ ἱματισμῷ πολυτελεῖ,"
2,10,"ἀλλ’ ὃ πρέπει γυναιξὶν ἐπαγγελλομέναις θεοσέβειαν, δι’ ἔργων ἀγαθῶν."
2,11,Γυνὴ ἐν ἡσυχίᾳ μανθανέτω ἐν πάσῃ ὑποταγῇ.
2,12,"Γυναικὶ {NA Γυναικὶ δὲ διδάσκειν > Διδάσκειν δὲ γυναικὶ } δὲ διδάσκειν οὐκ ἐπιτρέπω, οὐδὲ αὐθεντεῖν ἀνδρός, ἀλλ’ εἶναι ἐν ἡσυχίᾳ."
2,13,"Ἀδὰμ γὰρ πρῶτος ἐπλάσθη, εἶτα Εὔα·"
2,14,"καὶ Ἀδὰμ οὐκ ἠπατήθη, ἡ δὲ γυνὴ ἀπατηθεῖσα {NA ἀπατηθεῖσα > ἐξαπατηθεῖσα } ἐν παραβάσει γέγονεν·"
2,15,"σωθήσεται δὲ διὰ τῆς τεκνογονίας, ἐὰν μείνωσιν ἐν πίστει καὶ ἀγάπῃ καὶ ἁγιασμῷ μετὰ σωφροσύνης."
3,1,"Πιστὸς ὁ λόγος· εἴ τις ἐπισκοπῆς ὀρέγεται, καλοῦ ἔργου ἐπιθυμεῖ."
3,2,"Δεῖ οὖν τὸν ἐπίσκοπον ἀνεπίληπτον {NA ἀνεπίληπτον > ἀνεπίλημπτον } εἶναι, μιᾶς γυναικὸς ἄνδρα, νηφάλεον, {NA νηφάλεον > νηφάλιον } σώφρονα, κόσμιον, φιλόξενον, διδακτικόν·"
3,3,"μὴ πάροινον, μὴ πλήκτην, μὴ {NA μὴ αἰσχροκερδῆ ἀλλ’ > ἀλλὰ } αἰσχροκερδῆ, ἀλλ’ ἐπιεικῆ, ἄμαχον, ἀφιλάργυρον·"
3,4,"τοῦ ἰδίου οἴκου καλῶς προϊστάμενον, τέκνα ἔχοντα ἐν ὑποταγῇ μετὰ πάσης σεμνότητος."
3,5,"Εἰ δέ τις τοῦ ἰδίου οἴκου προστῆναι οὐκ οἶδεν, πῶς ἐκκλησίας θεοῦ ἐπιμελήσεται;"
3,6,"Μὴ νεόφυτον, ἵνα μὴ τυφωθεὶς εἰς κρίμα ἐμπέσῃ τοῦ διαβόλου."
3,7,"Δεῖ δὲ αὐτὸν {NA αὐτὸν > - } καὶ μαρτυρίαν καλὴν ἔχειν ἀπὸ τῶν ἔξωθεν, ἵνα μὴ εἰς ὀνειδισμὸν ἐμπέσῃ καὶ παγίδα τοῦ διαβόλου."
3,8,"Διακόνους ὡσαύτως σεμνούς, μὴ διλόγους, μὴ οἴνῳ πολλῷ προσέχοντας, μὴ αἰσχροκερδεῖς,"
3,9,ἔχοντας τὸ μυστήριον τῆς πίστεως ἐν καθαρᾷ συνειδήσει.
3,10,"Καὶ οὗτοι δὲ δοκιμαζέσθωσαν πρῶτον, εἶτα διακονείτωσαν, ἀνέγκλητοι ὄντες."
3,11,"Γυναῖκας ὡσαύτως σεμνάς, μὴ διαβόλους, νηφαλέους, {NA νηφαλέους > νηφαλίους } πιστὰς ἐν πᾶσιν."
3,12,"Διάκονοι ἔστωσαν μιᾶς γυναικὸς ἄνδρες, τέκνων καλῶς προϊστάμενοι καὶ τῶν ἰδίων οἴκων."
3,13,"Οἱ γὰρ καλῶς διακονήσαντες βαθμὸν ἑαυτοῖς καλὸν περιποιοῦνται, καὶ πολλὴν παρρησίαν ἐν πίστει τῇ ἐν χριστῷ Ἰησοῦ."
3,14,"¶Ταῦτά σοι γράφω, ἐλπίζων ἐλθεῖν πρός σε τάχιον· {NA τάχιον > ἐν τάχει }"
3,15,"ἐὰν δὲ βραδύνω, ἵνα εἰδῇς πῶς δεῖ ἐν οἴκῳ θεοῦ ἀναστρέφεσθαι, ἥτις ἐστὶν ἐκκλησία θεοῦ ζῶντος, στύλος καὶ ἑδραίωμα τῆς ἀληθείας."
3,16,"Καὶ ὁμολογουμένως μέγα ἐστὶν τὸ τῆς εὐσεβείας μυστήριον· θεὸς {NA θεὸς > ὃς } ἐφανερώθη ἐν σαρκί, ἐδικαιώθη ἐν πνεύματι, ὤφθη ἀγγέλοις, ἐκηρύχθη ἐν ἔθνεσιν, ἐπιστεύθη ἐν κόσμῳ, ἀνελήφθη {NA ἀνελήφθη > ἀνελήμφθη } ἐν δόξῃ."
4,1,"Τὸ δὲ πνεῦμα ῥητῶς λέγει, ὅτι ἐν ὑστέροις καιροῖς ἀποστήσονταί τινες τῆς πίστεως, προσέχοντες πνεύμασιν πλάνοις καὶ διδασκαλίαις δαιμονίων,"
4,2,"ἐν ὑποκρίσει ψευδολόγων, κεκαυτηριασμένων {NA κεκαυτηριασμένων > κεκαυστηριασμένων } τὴν ἰδίαν συνείδησιν,"
4,3,"κωλυόντων γαμεῖν, ἀπέχεσθαι βρωμάτων, ἃ ὁ θεὸς ἔκτισεν εἰς μετάληψιν {NA μετάληψιν > μετάλημψιν } μετὰ εὐχαριστίας τοῖς πιστοῖς καὶ ἐπεγνωκόσιν τὴν ἀλήθειαν."
4,4,"Ὅτι πᾶν κτίσμα θεοῦ καλόν, καὶ οὐδὲν ἀπόβλητον, μετὰ εὐχαριστίας λαμβανόμενον·"
4,5,ἁγιάζεται γὰρ διὰ λόγου θεοῦ καὶ ἐντεύξεως.
4,6,"¶Ταῦτα ὑποτιθέμενος τοῖς ἀδελφοῖς καλὸς ἔσῃ διάκονος Ἰησοῦ {NA Ἰησοῦ χριστοῦ > χριστοῦ Ἰησοῦ } χριστοῦ, ἐντρεφόμενος τοῖς λόγοις τῆς πίστεως, καὶ τῆς καλῆς διδασκαλίας ᾗ παρηκολούθηκας."
4,7,Τοὺς δὲ βεβήλους καὶ γραώδεις μύθους παραιτοῦ. Γύμναζε δὲ σεαυτὸν πρὸς εὐσέβειαν·
4,8,"ἡ γὰρ σωματικὴ γυμνασία πρὸς ὀλίγον ἐστὶν ὠφέλιμος· ἡ δὲ εὐσέβεια πρὸς πάντα ὠφέλιμός ἐστιν, ἐπαγγελίαν ἔχουσα ζωῆς τῆς νῦν καὶ τῆς μελλούσης."
4,9,Πιστὸς ὁ λόγος καὶ πάσης ἀποδοχῆς ἄξιος.
4,10,"Εἰς τοῦτο γὰρ καὶ {NA καὶ κοπιῶμεν καὶ ὀνειδιζόμεθα > κοπιῶμεν καὶ ἀγωνιζόμεθα } κοπιῶμεν καὶ ὀνειδιζόμεθα, ὅτι ἠλπίκαμεν ἐπὶ θεῷ ζῶντι, ὅς ἐστιν σωτὴρ πάντων ἀνθρώπων, μάλιστα πιστῶν."
4,11,Παράγγελλε ταῦτα καὶ δίδασκε.
4,12,"Μηδείς σου τῆς νεότητος καταφρονείτω, ἀλλὰ τύπος γίνου τῶν πιστῶν ἐν λόγῳ, ἐν ἀναστροφῇ, ἐν ἀγάπῃ, ἐν πνεύματι, {NA πνεύματι ἐν > - } ἐν πίστει, ἐν ἁγνείᾳ."
4,13,"Ἕως ἔρχομαι, πρόσεχε τῇ ἀναγνώσει, τῇ παρακλήσει, τῇ διδασκαλίᾳ."
4,14,"Μὴ ἀμέλει τοῦ ἐν σοὶ χαρίσματος, ὃ ἐδόθη σοι διὰ προφητείας μετὰ ἐπιθέσεως τῶν χειρῶν τοῦ πρεσβυτερίου."
4,15,"Ταῦτα μελέτα, ἐν τούτοις ἴσθι, ἵνα σου ἡ προκοπὴ φανερὰ ᾖ ἐν {NA ἐν πᾶσιν > πᾶσιν } πᾶσιν."
4,16,Ἔπεχε σεαυτῷ καὶ τῇ διδασκαλίᾳ. Ἐπίμενε αὐτοῖς· τοῦτο γὰρ ποιῶν καὶ σεαυτὸν σώσεις καὶ τοὺς ἀκούοντάς σου.
5,1,"Πρεσβυτέρῳ μὴ ἐπιπλήξῃς, ἀλλὰ παρακάλει ὡς πατέρα· νεωτέρους, ὡς ἀδελφούς·"
5,2,"πρεσβυτέρας, ὡς μητέρας· νεωτέρας, ὡς ἀδελφάς, ἐν πάσῃ ἁγνείᾳ."
5,3,Χήρας τίμα τὰς ὄντως χήρας.
5,4,"Εἰ δέ τις χήρα τέκνα ἢ ἔκγονα ἔχει, μανθανέτωσαν πρῶτον τὸν ἴδιον οἶκον εὐσεβεῖν, καὶ ἀμοιβὰς ἀποδιδόναι τοῖς προγόνοις· τοῦτο γάρ ἐστιν ἀπόδεκτον ἐνώπιον τοῦ θεοῦ."
5,5,"Ἡ δὲ ὄντως χήρα καὶ μεμονωμένη ἤλπικεν ἐπὶ τὸν {NA τὸν > - } θεόν, καὶ προσμένει ταῖς δεήσεσιν καὶ ταῖς προσευχαῖς νυκτὸς καὶ ἡμέρας."
5,6,"Ἡ δὲ σπαταλῶσα, ζῶσα τέθνηκεν."
5,7,"Καὶ ταῦτα παράγγελλε, ἵνα ἀνεπίληπτοι {NA ἀνεπίληπτοι > ἀνεπίλημπτοι } ὦσιν."
5,8,"Εἰ δέ τις τῶν ἰδίων καὶ μάλιστα τῶν {NA τῶν οἰκείων > οἰκείων } οἰκείων οὐ προνοεῖ, τὴν πίστιν ἤρνηται, καὶ ἔστιν ἀπίστου χείρων."
5,9,"Χήρα καταλεγέσθω μὴ ἔλαττον ἐτῶν ἑξήκοντα, γεγονυῖα ἑνὸς ἀνδρὸς γυνή,"
5,10,"ἐν ἔργοις καλοῖς μαρτυρουμένη, εἰ ἐτεκνοτρόφησεν, εἰ ἐξενοδόχησεν, εἰ ἁγίων πόδας ἔνιψεν, εἰ θλιβομένοις ἐπήρκεσεν, εἰ παντὶ ἔργῳ ἀγαθῷ ἐπηκολούθησεν."
5,11,"Νεωτέρας δὲ χήρας παραιτοῦ· ὅταν γὰρ καταστρηνιάσωσιν τοῦ χριστοῦ, γαμεῖν θέλουσιν,"
5,12,"ἔχουσαι κρίμα, ὅτι τὴν πρώτην πίστιν ἠθέτησαν."
5,13,"Ἅμα δὲ καὶ ἀργαὶ μανθάνουσιν, περιερχόμεναι τὰς οἰκίας, οὐ μόνον δὲ ἀργαί, ἀλλὰ καὶ φλύαροι καὶ περίεργοι, λαλοῦσαι τὰ μὴ δέοντα."
5,14,"Βούλομαι οὖν νεωτέρας γαμεῖν, τεκνογονεῖν, οἰκοδεσποτεῖν, μηδεμίαν ἀφορμὴν διδόναι τῷ ἀντικειμένῳ λοιδορίας χάριν."
5,15,Ἤδη γάρ τινες ἐξετράπησαν ὀπίσω τοῦ Σατανᾶ.
5,16,"Εἴ τις πιστὸς {NA πιστὸς ἢ > - } ἢ πιστὴ ἔχει χήρας, ἐπαρκείτω αὐταῖς, καὶ μὴ βαρείσθω ἡ ἐκκλησία, ἵνα ταῖς ὄντως χήραις ἐπαρκέσῃ."
5,17,"¶Οἱ καλῶς προεστῶτες πρεσβύτεροι διπλῆς τιμῆς ἀξιούσθωσαν, μάλιστα οἱ κοπιῶντες ἐν λόγῳ καὶ διδασκαλίᾳ."
5,18,"Λέγει γὰρ ἡ γραφή, Βοῦν ἀλοῶντα οὐ φιμώσεις· καί, Ἄξιος ὁ ἐργάτης τοῦ μισθοῦ αὐτοῦ."
5,19,"Κατὰ πρεσβυτέρου κατηγορίαν μὴ παραδέχου, ἐκτὸς εἰ μὴ ἐπὶ δύο ἢ τριῶν μαρτύρων."
5,20,"Τοὺς ἁμαρτάνοντας ἐνώπιον πάντων ἔλεγχε, ἵνα καὶ οἱ λοιποὶ φόβον ἔχωσιν."
5,21,"Διαμαρτύρομαι ἐνώπιον τοῦ θεοῦ καὶ κυρίου {NA κυρίου Ἰησοῦ χριστοῦ > χριστοῦ Ἰησοῦ } Ἰησοῦ χριστοῦ καὶ τῶν ἐκλεκτῶν ἀγγέλων, ἵνα ταῦτα φυλάξῃς χωρὶς προκρίματος, μηδὲν ποιῶν κατὰ πρόσκλησιν. {NA πρόσκλησιν > πρόσκλισιν }"
5,22,"Χεῖρας ταχέως μηδενὶ ἐπιτίθει, μηδὲ κοινώνει ἁμαρτίαις ἀλλοτρίαις· σεαυτὸν ἁγνὸν τήρει."
5,23,"Μηκέτι ὑδροπότει, ἀλλ’ {NA ἀλλ’ > ἀλλὰ } οἴνῳ ὀλίγῳ χρῶ, διὰ τὸν στόμαχόν σου {NA σου καὶ > καὶ } καὶ τὰς πυκνάς σου ἀσθενείας."
5,24,"Τινῶν ἀνθρώπων αἱ ἁμαρτίαι πρόδηλοί εἰσιν, προάγουσαι εἰς κρίσιν· τισὶν δὲ καὶ ἐπακολουθοῦσιν."
5,25,Ὡσαύτως καὶ τὰ καλὰ {NA καλὰ ἔργα πρόδηλά ἐστιν > ἔργα τὰ καλὰ πρόδηλα } ἔργα πρόδηλά ἐστιν· καὶ τὰ ἄλλως ἔχοντα κρυβῆναι οὐ δύνανται.
6,1,"Ὅσοι εἰσὶν ὑπὸ ζυγὸν δοῦλοι, τοὺς ἰδίους δεσπότας πάσης τιμῆς ἀξίους ἡγείσθωσαν, ἵνα μὴ τὸ ὄνομα τοῦ θεοῦ καὶ ἡ διδασκαλία βλασφημῆται."
6,2,"Οἱ δὲ πιστοὺς ἔχοντες δεσπότας μὴ καταφρονείτωσαν, ὅτι ἀδελφοί εἰσιν· ἀλλὰ μᾶλλον δουλευέτωσαν, ὅτι πιστοί εἰσιν καὶ ἀγαπητοὶ οἱ τῆς εὐεργεσίας ἀντιλαμβανόμενοι. Ταῦτα δίδασκε καὶ παρακάλει."
6,3,"¶Εἴ τις ἑτεροδιδασκαλεῖ, καὶ μὴ προσέρχεται ὑγιαίνουσιν λόγοις, τοῖς τοῦ κυρίου ἡμῶν Ἰησοῦ χριστοῦ, καὶ τῇ κατ’ εὐσέβειαν διδασκαλίᾳ,"
6,4,"τετύφωται, μηδὲν ἐπιστάμενος, ἀλλὰ νοσῶν περὶ ζητήσεις καὶ λογομαχίας, ἐξ ὧν γίνεται φθόνος, ἔρις, βλασφημίαι, ὑπόνοιαι πονηραί,"
6,5,"διαπαρατριβαὶ διεφθαρμένων ἀνθρώπων τὸν νοῦν, καὶ ἀπεστερημένων τῆς ἀληθείας, νομιζόντων πορισμὸν εἶναι τὴν εὐσέβειαν. Ἀφίστασο {NA Ἀφίστασο ἀπὸ τῶν τοιούτων > - } ἀπὸ τῶν τοιούτων."
6,6,Ἔστιν δὲ πορισμὸς μέγας ἡ εὐσέβεια μετὰ αὐταρκείας·
6,7,"οὐδὲν γὰρ εἰσηνέγκαμεν εἰς τὸν κόσμον, δῆλον {NA δῆλον > - } ὅτι οὐδὲ ἐξενεγκεῖν τι δυνάμεθα·"
6,8,ἔχοντες δὲ διατροφὰς καὶ σκεπάσματα τούτοις ἀρκεσθησόμεθα.
6,9,"Οἱ δὲ βουλόμενοι πλουτεῖν ἐμπίπτουσιν εἰς πειρασμὸν καὶ παγίδα καὶ ἐπιθυμίας πολλὰς ἀνοήτους καὶ βλαβεράς, αἵτινες βυθίζουσιν τοὺς ἀνθρώπους εἰς ὄλεθρον καὶ ἀπώλειαν."
6,10,"Ῥίζα γὰρ πάντων τῶν κακῶν ἐστὶν ἡ φιλαργυρία· ἧς τινὲς ὀρεγόμενοι ἀπεπλανήθησαν ἀπὸ τῆς πίστεως, καὶ ἑαυτοὺς περιέπειραν ὀδύναις πολλαῖς."
6,11,"¶Σὺ δέ, ὦ ἄνθρωπε τοῦ {NA τοῦ > - } θεοῦ, ταῦτα φεῦγε· δίωκε δὲ δικαιοσύνην, εὐσέβειαν, πίστιν, ἀγάπην, ὑπομονήν, πρᾳότητα. {NA πρᾳότητα > πραϋπαθίαν }"
6,12,"Ἀγωνίζου τὸν καλὸν ἀγῶνα τῆς πίστεως, ἐπιλαβοῦ τῆς αἰωνίου ζωῆς, εἰς ἣν ἐκλήθης, καὶ ὡμολόγησας τὴν καλὴν ὁμολογίαν ἐνώπιον πολλῶν μαρτύρων."
6,13,"Παραγγέλλω σοι {NA σοι > [σοι] } ἐνώπιον τοῦ θεοῦ τοῦ ζῳοποιοῦντος {NA ζῳοποιοῦντος > ζῳογονοῦντος } τὰ πάντα, καὶ χριστοῦ Ἰησοῦ τοῦ μαρτυρήσαντος ἐπὶ Ποντίου Πιλάτου τὴν καλὴν ὁμολογίαν,"
6,14,"τηρῆσαί σε τὴν ἐντολὴν ἄσπιλον, ἀνεπίληπτον, {NA ἀνεπίληπτον > ἀνεπίλημπτον } μέχρι τῆς ἐπιφανείας τοῦ κυρίου ἡμῶν Ἰησοῦ χριστοῦ,"
6,15,"ἣν καιροῖς ἰδίοις δείξει ὁ μακάριος καὶ μόνος δυνάστης, ὁ βασιλεὺς τῶν βασιλευόντων, καὶ κύριος τῶν κυριευόντων,"
6,16,"ὁ μόνος ἔχων ἀθανασίαν, φῶς οἰκῶν ἀπρόσιτον, ὃν εἶδεν οὐδεὶς ἀνθρώπων, οὐδὲ ἰδεῖν δύναται· ᾧ τιμὴ καὶ κράτος αἰώνιον. Ἀμήν."
6,17,"¶Τοῖς πλουσίοις ἐν τῷ νῦν αἰῶνι παράγγελλε, μὴ ὑψηλοφρονεῖν, μηδὲ ἠλπικέναι ἐπὶ πλούτου ἀδηλότητι, ἀλλ’ ἐν {NA ἐν τῷ θεῷ τῷ ζῶντι > ἐπὶ θεῷ } τῷ θεῷ τῷ ζῶντι, τῷ παρέχοντι ἡμῖν πάντα πλουσίως εἰς ἀπόλαυσιν·"
6,18,"ἀγαθοεργεῖν, πλουτεῖν ἐν ἔργοις καλοῖς, εὐμεταδότους εἶναι, κοινωνικούς,"
6,19,"ἀποθησαυρίζοντας ἑαυτοῖς θεμέλιον καλὸν εἰς τὸ μέλλον, ἵνα ἐπιλάβωνται τῆς αἰωνίου {NA αἰωνίου > ὄντως } ζωῆς."
6,20,"¶Ὦ Τιμόθεε, τὴν παραθήκην φύλαξον, ἐκτρεπόμενος τὰς βεβήλους κενοφωνίας καὶ ἀντιθέσεις τῆς ψευδωνύμου γνώσεως·"
6,21,ἥν τινες ἐπαγγελλόμενοι περὶ τὴν πίστιν ἠστόχησαν. ¶Ἡ χάρις μετὰ {NA μετὰ σοῦ. Ἀμήν. > μεθ’ ὑμῶν. } σοῦ. Ἀμήν.
