chapter,verse,text
1,1,"Ὁ πρεσβύτερος ἐκλεκτῇ κυρίᾳ καὶ τοῖς τέκνοις αὐτῆς, οὓς ἐγὼ ἀγαπῶ ἐν ἀληθείᾳ, καὶ οὐκ ἐγὼ μόνος, ἀλλὰ καὶ πάντες οἱ ἐγνωκότες τὴν ἀλήθειαν,"
1,2,"διὰ τὴν ἀλήθειαν τὴν μένουσαν ἐν ἡμῖν, καὶ μεθ’ ἡμῶν ἔσται εἰς τὸν αἰῶνα·"
1,3,"ἔσται μεθ’ ἡμῶν χάρις, ἔλεος, εἰρήνη παρὰ θεοῦ πατρός, καὶ παρὰ κυρίου {NA κυρίου > - } Ἰησοῦ χριστοῦ τοῦ υἱοῦ τοῦ πατρός, ἐν ἀληθείᾳ καὶ ἀγάπῃ."
1,4,"¶Ἐχάρην λίαν ὅτι εὕρηκα ἐκ τῶν τέκνων σου περιπατοῦντας ἐν ἀληθείᾳ, καθὼς ἐντολὴν ἐλάβομεν παρὰ τοῦ πατρός."
1,5,"Καὶ νῦν ἐρωτῶ σε, κυρία, οὐχ ὡς ἐντολὴν γράφων {NA27 γράφων σοι καινήν > καινὴν γράφων σοι } σοι καινήν, ἀλλὰ ἣν εἴχομεν ἀπ’ ἀρχῆς, ἵνα ἀγαπῶμεν ἀλλήλους."
1,6,"Καὶ αὕτη ἐστὶν ἡ ἀγάπη, ἵνα περιπατῶμεν κατὰ τὰς ἐντολὰς αὐτοῦ. Αὕτη ἐστὶν {NA ἐστὶν ἡ ἐντολή > ἡ ἐντολή ἐστιν } ἡ ἐντολή, καθὼς ἠκούσατε ἀπ’ ἀρχῆς, ἵνα ἐν αὐτῇ περιπατῆτε."
1,7,"Ὅτι πολλοὶ πλάνοι εἰσῆλθον {NA εἰσῆλθον > ἐξῆλθον } εἰς τὸν κόσμον, οἱ μὴ ὁμολογοῦντες Ἰησοῦν χριστὸν ἐρχόμενον ἐν σαρκί. Οὗτός ἐστιν ὁ πλάνος καὶ ὁ ἀντίχριστος."
1,8,"Βλέπετε ἑαυτούς, ἵνα μὴ ἀπολέσωμεν {NA ἀπολέσωμεν > ἀπολέσητε } ἃ εἰργασάμεθα, ἀλλὰ μισθὸν πλήρη ἀπολάβωμεν. {NA ἀπολάβωμεν > ἀπολάβητε }"
1,9,"Πᾶς ὁ παραβαίνων {NA παραβαίνων > προάγων } καὶ μὴ μένων ἐν τῇ διδαχῇ τοῦ χριστοῦ, θεὸν οὐκ ἔχει· ὁ μένων ἐν τῇ διδαχῇ τοῦ {NA τοῦ χριστοῦ οὗτος > οὗτος } χριστοῦ, οὗτος καὶ τὸν πατέρα καὶ τὸν υἱὸν ἔχει."
1,10,"Εἴ τις ἔρχεται πρὸς ὑμᾶς, καὶ ταύτην τὴν διδαχὴν οὐ φέρει, μὴ λαμβάνετε αὐτὸν εἰς οἰκίαν, καὶ χαίρειν αὐτῷ μὴ λέγετε·"
1,11,ὁ γὰρ {NA γὰρ λέγων > λέγων γὰρ } λέγων αὐτῷ χαίρειν κοινωνεῖ τοῖς ἔργοις αὐτοῦ τοῖς πονηροῖς.
1,12,"¶Πολλὰ ἔχων ὑμῖν γράφειν, οὐκ ἐβουλήθην διὰ χάρτου καὶ μέλανος· ἀλλὰ ἐλπίζω ἐλθεῖν {NA ἐλθεῖν > γενέσθαι } πρὸς ὑμᾶς, καὶ στόμα πρὸς στόμα λαλῆσαι, ἵνα ἡ χαρὰ ἡμῶν ᾖ {NA27 ᾖ πεπληρωμένη > πεπληρωμένη ᾖ } πεπληρωμένη."
1,13,Ἀσπάζεταί σε τὰ τέκνα τῆς ἀδελφῆς σου τῆς ἐκλεκτῆς. Ἀμήν. {NA Ἀμήν > - }
