chapter,verse,text
1,1,"Παῦλος, ἀπόστολος Ἰησοῦ {NA Ἰησοῦ χριστοῦ > χριστοῦ Ἰησοῦ } χριστοῦ διὰ θελήματος θεοῦ, κατ’ ἐπαγγελίαν ζωῆς τῆς ἐν χριστῷ Ἰησοῦ,"
1,2,"Τιμοθέῳ ἀγαπητῷ τέκνῳ· χάρις, ἔλεος, εἰρήνη ἀπὸ θεοῦ πατρὸς καὶ χριστοῦ Ἰησοῦ τοῦ κυρίου ἡμῶν."
1,3,"¶Χάριν ἔχω τῷ θεῷ, ᾧ λατρεύω ἀπὸ προγόνων ἐν καθαρᾷ συνειδήσει, ὡς ἀδιάλειπτον ἔχω τὴν περὶ σοῦ μνείαν ἐν ταῖς δεήσεσίν μου νυκτὸς καὶ ἡμέρας,"
1,4,"ἐπιποθῶν σε ἰδεῖν, μεμνημένος σου τῶν δακρύων, ἵνα χαρᾶς πληρωθῶ,"
1,5,"ὑπόμνησιν λαμβάνων {NA λαμβάνων > λαβὼν } τῆς ἐν σοὶ ἀνυποκρίτου πίστεως, ἥτις ἐνῴκησεν πρῶτον ἐν τῇ μάμμῃ σου Λωΐδι καὶ τῇ μητρί σου Εὐνίκῃ, πέπεισμαι δὲ ὅτι καὶ ἐν σοί."
1,6,"Δι’ ἣν αἰτίαν ἀναμιμνῄσκω σε ἀναζωπυρεῖν τὸ χάρισμα τοῦ θεοῦ, ὅ ἐστιν ἐν σοὶ διὰ τῆς ἐπιθέσεως τῶν χειρῶν μου."
1,7,"Οὐ γὰρ ἔδωκεν ἡμῖν ὁ θεὸς πνεῦμα δειλίας, ἀλλὰ δυνάμεως καὶ ἀγάπης καὶ σωφρονισμοῦ."
1,8,"Μὴ οὖν ἐπαισχυνθῇς τὸ μαρτύριον τοῦ κυρίου ἡμῶν, μηδὲ ἐμὲ τὸν δέσμιον αὐτοῦ· ἀλλὰ συγκακοπάθησον τῷ εὐαγγελίῳ κατὰ δύναμιν θεοῦ,"
1,9,"τοῦ σώσαντος ἡμᾶς καὶ καλέσαντος κλήσει ἁγίᾳ, οὐ κατὰ τὰ ἔργα ἡμῶν, ἀλλὰ κατ’ {NA κατ’ > κατὰ } ἰδίαν πρόθεσιν καὶ χάριν τὴν δοθεῖσαν ἡμῖν ἐν χριστῷ Ἰησοῦ πρὸ χρόνων αἰωνίων,"
1,10,"φανερωθεῖσαν δὲ νῦν διὰ τῆς ἐπιφανείας τοῦ σωτῆρος ἡμῶν Ἰησοῦ {NA Ἰησοῦ χριστοῦ > χριστοῦ Ἰησοῦ } χριστοῦ, καταργήσαντος μὲν τὸν θάνατον, φωτίσαντος δὲ ζωὴν καὶ ἀφθαρσίαν διὰ τοῦ εὐαγγελίου,"
1,11,εἰς ὃ ἐτέθην ἐγὼ κῆρυξ καὶ ἀπόστολος καὶ διδάσκαλος ἐθνῶν. {NA ἐθνῶν > - }
1,12,"Δι’ ἣν αἰτίαν καὶ ταῦτα πάσχω, ἀλλ’ οὐκ ἐπαισχύνομαι· οἶδα γὰρ ᾧ πεπίστευκα, καὶ πέπεισμαι ὅτι δυνατός ἐστιν τὴν παραθήκην μου φυλάξαι εἰς ἐκείνην τὴν ἡμέραν."
1,13,"Ὑποτύπωσιν ἔχε ὑγιαινόντων λόγων ὧν παρ’ ἐμοῦ ἤκουσας, ἐν πίστει καὶ ἀγάπῃ τῇ ἐν χριστῷ Ἰησοῦ."
1,14,Τὴν καλὴν παραθήκην φύλαξον διὰ πνεύματος ἁγίου τοῦ ἐνοικοῦντος ἐν ἡμῖν.
1,15,"¶Οἶδας τοῦτο, ὅτι ἀπεστράφησάν με πάντες οἱ ἐν τῇ Ἀσίᾳ, ὧν ἐστὶν Φύγελος καὶ Ἑρμογένης."
1,16,"Δῴη ἔλεος ὁ κύριος τῷ Ὀνησιφόρου οἴκῳ· ὅτι πολλάκις με ἀνέψυξεν, καὶ τὴν ἅλυσίν μου οὐκ ἐπαισχύνθη,"
1,17,"ἀλλὰ γενόμενος ἐν Ῥώμῃ, σπουδαιότερον {NA σπουδαιότερον > σπουδαίως } ἐζήτησέν με καὶ εὗρεν-"
1,18,"δῴη αὐτῷ ὁ κύριος εὑρεῖν ἔλεος παρὰ κυρίου ἐν ἐκείνῃ τῇ ἡμέρᾳ- καὶ ὅσα ἐν Ἐφέσῳ διηκόνησεν, βέλτιον σὺ γινώσκεις."
2,1,"Σὺ οὖν, τέκνον μου, ἐνδυναμοῦ ἐν τῇ χάριτι τῇ ἐν χριστῷ Ἰησοῦ."
2,2,"Καὶ ἃ ἤκουσας παρ’ ἐμοῦ διὰ πολλῶν μαρτύρων, ταῦτα παράθου πιστοῖς ἀνθρώποις, οἵτινες ἱκανοὶ ἔσονται καὶ ἑτέρους διδάξαι."
2,3,Σὺ {NA Σὺ οὖν κακοπάθησον > Συγκακοπάθησον } οὖν κακοπάθησον ὡς καλὸς στρατιώτης Ἰησοῦ {NA Ἰησοῦ χριστοῦ > χριστοῦ Ἰησοῦ } χριστοῦ.
2,4,"Οὐδεὶς στρατευόμενος ἐμπλέκεται ταῖς τοῦ βίου πραγματείαις, ἵνα τῷ στρατολογήσαντι ἀρέσῃ."
2,5,"Ἐὰν δὲ καὶ ἀθλῇ τις, οὐ στεφανοῦται ἐὰν μὴ νομίμως ἀθλήσῃ."
2,6,Τὸν κοπιῶντα γεωργὸν δεῖ πρῶτον τῶν καρπῶν μεταλαμβάνειν.
2,7,Νόει ἃ {NA ἃ λέγω δῴη > ὃ λέγω δώσει } λέγω· δῴη γάρ σοι ὁ κύριος σύνεσιν ἐν πᾶσιν.
2,8,"Μνημόνευε Ἰησοῦν χριστὸν ἐγηγερμένον ἐκ νεκρῶν, ἐκ σπέρματος Δαυίδ, κατὰ τὸ εὐαγγέλιόν μου·"
2,9,"ἐν ᾧ κακοπαθῶ μέχρι δεσμῶν, ὡς κακοῦργος· ἀλλ’ {NA ἀλλ’ > ἀλλὰ } ὁ λόγος τοῦ θεοῦ οὐ δέδεται."
2,10,"Διὰ τοῦτο πάντα ὑπομένω διὰ τοὺς ἐκλεκτούς, ἵνα καὶ αὐτοὶ σωτηρίας τύχωσιν τῆς ἐν χριστῷ Ἰησοῦ, μετὰ δόξης αἰωνίου."
2,11,"Πιστὸς ὁ λόγος· εἰ γὰρ συναπεθάνομεν, καὶ συζήσομεν·"
2,12,"εἰ ὑπομένομεν, καὶ συμβασιλεύσομεν· εἰ ἀρνούμεθα, {NA ἀρνούμεθα > ἀρνησόμεθα } κἀκεῖνος ἀρνήσεται ἡμᾶς·"
2,13,"εἰ ἀπιστοῦμεν, ἐκεῖνος πιστὸς μένει· ἀρνήσασθαι ἑαυτὸν {NA ἑαυτὸν > γὰρ ἑαυτὸν } οὐ δύναται."
2,14,"¶Ταῦτα ὑπομίμνῃσκε, διαμαρτυρόμενος ἐνώπιον τοῦ κυρίου {NA κυρίου > θεοῦ } μὴ λογομαχεῖν εἰς {NA εἰς > ἐπ’ } οὐδὲν χρήσιμον, ἐπὶ καταστροφῇ τῶν ἀκουόντων."
2,15,"Σπούδασον σεαυτὸν δόκιμον παραστῆσαι τῷ θεῷ, ἐργάτην ἀνεπαίσχυντον, ὀρθοτομοῦντα τὸν λόγον τῆς ἀληθείας."
2,16,"Τὰς δὲ βεβήλους κενοφωνίας περιΐστασο· ἐπὶ πλεῖον γὰρ προκόψουσιν ἀσεβείας,"
2,17,καὶ ὁ λόγος αὐτῶν ὡς γάγγραινα νομὴν ἕξει· ὧν ἐστὶν Ὑμέναιος καὶ Φιλητός·
2,18,"οἵτινες περὶ τὴν ἀλήθειαν ἠστόχησαν, λέγοντες τὴν {NA τὴν ἀνάστασιν > [τὴν] ἀνάστασιν } ἀνάστασιν ἤδη γεγονέναι, καὶ ἀνατρέπουσιν τήν τινων πίστιν."
2,19,"Ὁ μέντοι στερεὸς θεμέλιος τοῦ θεοῦ ἕστηκεν, ἔχων τὴν σφραγῖδα ταύτην, Ἔγνω κύριος τοὺς ὄντας αὐτοῦ, καί, Ἀποστήτω ἀπὸ ἀδικίας πᾶς ὁ ὀνομάζων τὸ ὄνομα κυρίου."
2,20,"Ἐν μεγάλῃ δὲ οἰκίᾳ οὐκ ἔστιν μόνον σκεύη χρυσᾶ καὶ ἀργυρᾶ, ἀλλὰ καὶ ξύλινα καὶ ὀστράκινα, καὶ ἃ μὲν εἰς τιμήν, ἃ δὲ εἰς ἀτιμίαν."
2,21,"Ἐὰν οὖν τις ἐκκαθάρῃ ἑαυτὸν ἀπὸ τούτων, ἔσται σκεῦος εἰς τιμήν, ἡγιασμένον, καὶ {NA καὶ > - } εὔχρηστον τῷ δεσπότῃ, εἰς πᾶν ἔργον ἀγαθὸν ἡτοιμασμένον."
2,22,"Τὰς δὲ νεωτερικὰς ἐπιθυμίας φεῦγε· δίωκε δὲ δικαιοσύνην, πίστιν, ἀγάπην, εἰρήνην, μετὰ τῶν ἐπικαλουμένων τὸν κύριον ἐκ καθαρᾶς καρδίας."
2,23,"Τὰς δὲ μωρὰς καὶ ἀπαιδεύτους ζητήσεις παραιτοῦ, εἰδὼς ὅτι γεννῶσιν μάχας."
2,24,"Δοῦλον δὲ κυρίου οὐ δεῖ μάχεσθαι, ἀλλ’ {NA ἀλλ’ > ἀλλὰ } ἤπιον εἶναι πρὸς πάντας, διδακτικόν, ἀνεξίκακον,"
2,25,"ἐν πρᾳότητι {NA πρᾳότητι > πραΰτητι } παιδεύοντα τοὺς ἀντιδιατιθεμένους· μήποτε δῷ {NA δῷ > δώῃ } αὐτοῖς ὁ θεὸς μετάνοιαν εἰς ἐπίγνωσιν ἀληθείας,"
2,26,"καὶ ἀνανήψωσιν ἐκ τῆς τοῦ διαβόλου παγίδος, ἐζωγρημένοι ὑπ’ αὐτοῦ εἰς τὸ ἐκείνου θέλημα."
3,1,"Τοῦτο δὲ γίνωσκε, ὅτι ἐν ἐσχάταις ἡμέραις ἐνστήσονται καιροὶ χαλεποί."
3,2,"Ἔσονται γὰρ οἱ ἄνθρωποι φίλαυτοι, φιλάργυροι, ἀλαζόνες, ὑπερήφανοι, βλάσφημοι, γονεῦσιν ἀπειθεῖς, ἀχάριστοι, ἀνόσιοι,"
3,3,"ἄστοργοι, ἄσπονδοι, διάβολοι, ἀκρατεῖς, ἀνήμεροι, ἀφιλάγαθοι,"
3,4,"προδόται, προπετεῖς, τετυφωμένοι, φιλήδονοι μᾶλλον ἢ φιλόθεοι,"
3,5,"ἔχοντες μόρφωσιν εὐσεβείας, τὴν δὲ δύναμιν αὐτῆς ἠρνημένοι· καὶ τούτους ἀποτρέπου."
3,6,"Ἐκ τούτων γάρ εἰσιν οἱ ἐνδύνοντες εἰς τὰς οἰκίας, καὶ αἰχμαλωτεύοντες {NA αἰχμαλωτεύοντες > αἰχμαλωτίζοντες } γυναικάρια σεσωρευμένα ἁμαρτίαις, ἀγόμενα ἐπιθυμίαις ποικίλαις,"
3,7,"πάντοτε μανθάνοντα, καὶ μηδέποτε εἰς ἐπίγνωσιν ἀληθείας ἐλθεῖν δυνάμενα."
3,8,"Ὃν τρόπον δὲ Ἰαννῆς καὶ Ἰαμβρῆς ἀντέστησαν Μωϋσῇ, {NA Μωϋσῇ > Μωϋσεῖ } οὕτως καὶ οὗτοι ἀνθίστανται τῇ ἀληθείᾳ, ἄνθρωποι κατεφθαρμένοι τὸν νοῦν, ἀδόκιμοι περὶ τὴν πίστιν."
3,9,"Ἀλλ’ οὐ προκόψουσιν ἐπὶ πλεῖον· ἡ γὰρ ἄνοια αὐτῶν ἔκδηλος ἔσται πᾶσιν, ὡς καὶ ἡ ἐκείνων ἐγένετο."
3,10,"Σὺ δὲ παρηκολούθηκάς {NA παρηκολούθηκάς > παρηκολούθησάς } μου τῇ διδασκαλίᾳ, τῇ ἀγωγῇ, τῇ προθέσει, τῇ πίστει, τῇ μακροθυμίᾳ, τῇ ἀγάπῃ, τῇ ὑπομονῇ,"
3,11,"τοῖς διωγμοῖς, τοῖς παθήμασιν, οἷά μοι ἐγένετο ἐν Ἀντιοχείᾳ, ἐν Ἰκονίῳ, ἐν Λύστροις, οἵους διωγμοὺς ὑπήνεγκα· καὶ ἐκ πάντων με ἐρρύσατο ὁ κύριος."
3,12,Καὶ πάντες δὲ οἱ θέλοντες εὐσεβῶς ζῇν ἐν χριστῷ Ἰησοῦ διωχθήσονται.
3,13,"Πονηροὶ δὲ ἄνθρωποι καὶ γόητες προκόψουσιν ἐπὶ τὸ χεῖρον, πλανῶντες καὶ πλανώμενοι."
3,14,"Σὺ δὲ μένε ἐν οἷς ἔμαθες καὶ ἐπιστώθης, εἰδὼς παρὰ τίνος {NA τίνος > τίνων } ἔμαθες,"
3,15,"καὶ ὅτι ἀπὸ βρέφους τὰ {NA τὰ ἱερὰ > [τὰ] ἱερὰ } ἱερὰ γράμματα οἶδας, τὰ δυνάμενά σε σοφίσαι εἰς σωτηρίαν διὰ πίστεως τῆς ἐν χριστῷ Ἰησοῦ."
3,16,"Πᾶσα γραφὴ θεόπνευστος καὶ ὠφέλιμος πρὸς διδασκαλίαν, πρὸς ἔλεγχον, {NA ἔλεγχον > ἐλεγμόν } πρὸς ἐπανόρθωσιν, πρὸς παιδείαν τὴν ἐν δικαιοσύνῃ·"
3,17,"ἵνα ἄρτιος ᾖ ὁ τοῦ θεοῦ ἄνθρωπος, πρὸς πᾶν ἔργον ἀγαθὸν ἐξηρτισμένος."
4,1,"Διαμαρτύρομαι οὖν {NA οὖν ἐγὼ > - } ἐγὼ ἐνώπιον τοῦ θεοῦ, καὶ τοῦ {NA τοῦ κυρίου Ἰησοῦ χριστοῦ > χριστοῦ Ἰησοῦ } κυρίου Ἰησοῦ χριστοῦ, τοῦ μέλλοντος κρίνειν ζῶντας καὶ νεκρούς, κατὰ {NA κατὰ > καὶ } τὴν ἐπιφάνειαν αὐτοῦ καὶ τὴν βασιλείαν αὐτοῦ,"
4,2,"κήρυξον τὸν λόγον, ἐπίστηθι εὐκαίρως, ἀκαίρως, ἔλεγξον, ἐπιτίμησον, παρακάλεσον, ἐν πάσῃ μακροθυμίᾳ καὶ διδαχῇ."
4,3,"Ἔσται γὰρ καιρὸς ὅτε τῆς ὑγιαινούσης διδασκαλίας οὐκ ἀνέξονται, ἀλλὰ κατὰ τὰς ἐπιθυμίας {NA ἐπιθυμίας τὰς ἰδίας > ἰδίας ἐπιθυμίας } τὰς ἰδίας ἑαυτοῖς ἐπισωρεύσουσιν διδασκάλους, κνηθόμενοι τὴν ἀκοήν·"
4,4,"καὶ ἀπὸ μὲν τῆς ἀληθείας τὴν ἀκοὴν ἀποστρέψουσιν, ἐπὶ δὲ τοὺς μύθους ἐκτραπήσονται."
4,5,"Σὺ δὲ νῆφε ἐν πᾶσιν, κακοπάθησον, ἔργον ποίησον εὐαγγελιστοῦ, τὴν διακονίαν σου πληροφόρησον."
4,6,"Ἐγὼ γὰρ ἤδη σπένδομαι, καὶ ὁ καιρὸς τῆς ἐμῆς {NA ἐμῆς ἀναλύσεως > ἀναλύσεώς μου } ἀναλύσεως ἐφέστηκεν."
4,7,"Τὸν ἀγῶνα {NA ἀγῶνα τὸν καλὸν > καλὸν ἀγῶνα } τὸν καλὸν ἠγώνισμαι, τὸν δρόμον τετέλεκα, τὴν πίστιν τετήρηκα·"
4,8,"λοιπόν, ἀπόκειταί μοι ὁ τῆς δικαιοσύνης στέφανος, ὃν ἀποδώσει μοι ὁ κύριος ἐν ἐκείνῃ τῇ ἡμέρᾳ, ὁ δίκαιος κριτής· οὐ μόνον δὲ ἐμοί, ἀλλὰ καὶ πᾶσιν τοῖς ἠγαπηκόσιν τὴν ἐπιφάνειαν αὐτοῦ."
4,9,¶Σπούδασον ἐλθεῖν πρός με ταχέως·
4,10,"Δημᾶς γάρ με ἐγκατέλιπεν, ἀγαπήσας τὸν νῦν αἰῶνα, καὶ ἐπορεύθη εἰς Θεσσαλονίκην· Κρήσκης εἰς Γαλατίαν, Τίτος εἰς Δαλματίαν."
4,11,Λουκᾶς ἐστὶν μόνος μετ’ ἐμοῦ. Μάρκον ἀναλαβὼν ἄγε μετὰ σεαυτοῦ· ἔστιν γάρ μοι εὔχρηστος εἰς διακονίαν.
4,12,Τυχικὸν δὲ ἀπέστειλα εἰς Ἔφεσον.
4,13,"Τὸν φελόνην {Byz φελόνην > φαιλόνην } {NA φελόνην > φαιλόνην } ὃν ἀπέλιπον ἐν Τρῳάδι παρὰ Κάρπῳ, ἐρχόμενος φέρε, καὶ τὰ βιβλία, μάλιστα τὰς μεμβράνας."
4,14,Ἀλέξανδρος ὁ χαλκεὺς πολλά μοι κακὰ ἐνεδείξατο· ἀποδῴη {NA ἀποδῴη > ἀποδώσει } αὐτῷ ὁ κύριος κατὰ τὰ ἔργα αὐτοῦ·
4,15,"ὃν καὶ σὺ φυλάσσου, λίαν γὰρ ἀνθέστηκεν {NA ἀνθέστηκεν > ἀντέστη } τοῖς ἡμετέροις λόγοις."
4,16,"Ἐν τῇ πρώτῃ μου ἀπολογίᾳ οὐδείς μοι συμπαρεγένετο, {NA συμπαρεγένετο > παρεγένετο } ἀλλὰ πάντες με ἐγκατέλιπον· μὴ αὐτοῖς λογισθείη."
4,17,"Ὁ δὲ κύριός μοι παρέστη, καὶ ἐνεδυνάμωσέν με, ἵνα δι’ ἐμοῦ τὸ κήρυγμα πληροφορηθῇ, καὶ ἀκούσῃ {NA ἀκούσῃ > ἀκούσωσιν } πάντα τὰ ἔθνη· καὶ ἐρρύσθην ἐκ στόματος λέοντος."
4,18,"Καὶ {NA Καὶ ῥύσεταί > Ῥύσεταί } ῥύσεταί με ὁ κύριος ἀπὸ παντὸς ἔργου πονηροῦ, καὶ σώσει εἰς τὴν βασιλείαν αὐτοῦ τὴν ἐπουράνιον· ᾧ ἡ δόξα εἰς τοὺς αἰῶνας τῶν αἰώνων. Ἀμήν."
4,19,"¶Ἄσπασαι Πρίσκαν καὶ Ἀκύλαν, καὶ τὸν Ὀνησιφόρου οἶκον."
4,20,Ἔραστος ἔμεινεν ἐν Κορίνθῳ· Τρόφιμον δὲ ἀπέλιπον ἐν Μιλήτῳ ἀσθενοῦντα.
4,21,"Σπούδασον πρὸ χειμῶνος ἐλθεῖν. Ἀσπάζεταί σε Εὔβουλος, καὶ Πούδης, καὶ Λῖνος, καὶ Κλαυδία, καὶ οἱ ἀδελφοὶ πάντες."
4,22,¶Ὁ κύριος Ἰησοῦς {NA Ἰησοῦς χριστὸς > - } χριστὸς μετὰ τοῦ πνεύματός σου. Ἡ χάρις μεθ’ ὑμῶν. Ἀμήν. {NA Ἀμήν > - }
