chapter,verse,text
1,1,"Πολυμερῶς καὶ πολυτρόπως πάλαι ὁ θεὸς λαλήσας τοῖς πατράσιν ἐν τοῖς προφήταις, ἐπ’ ἐσχάτου τῶν ἡμερῶν τούτων ἐλάλησεν ἡμῖν ἐν υἱῷ,"
1,2,"ὃν ἔθηκεν κληρονόμον πάντων, δι’ οὗ καὶ τοὺς {NA τοὺς αἰῶνας ἐποίησεν > ἐποίησεν τοὺς αἰῶνας } αἰῶνας ἐποίησεν,"
1,3,"ὃς ὢν ἀπαύγασμα τῆς δόξης καὶ χαρακτὴρ τῆς ὑποστάσεως αὐτοῦ, φέρων τε τὰ πάντα τῷ ῥήματι τῆς δυνάμεως αὐτοῦ, δι’ {NA δι’ ἑαυτοῦ καθαρισμὸν > καθαρισμὸν } ἑαυτοῦ καθαρισμὸν ποιησάμενος {NA ποιησάμενος τῶν ἁμαρτιῶν ἡμῶν > τῶν ἁμαρτιῶν ποιησάμενος } τῶν ἁμαρτιῶν ἡμῶν, ἐκάθισεν ἐν δεξιᾷ τῆς μεγαλωσύνης ἐν ὑψηλοῖς,"
1,4,"τοσούτῳ κρείττων γενόμενος τῶν ἀγγέλων, ὅσῳ διαφορώτερον παρ’ αὐτοὺς κεκληρονόμηκεν ὄνομα."
1,5,"Τίνι γὰρ εἶπέν ποτε τῶν ἀγγέλων, Υἱός μου εἶ σύ, ἐγὼ σήμερον γεγέννηκά σε; Καὶ πάλιν, Ἐγὼ ἔσομαι αὐτῷ εἰς πατέρα, καὶ αὐτὸς ἔσται μοι εἰς υἱόν;"
1,6,"Ὅταν δὲ πάλιν εἰσαγάγῃ τὸν πρωτότοκον εἰς τὴν οἰκουμένην λέγει, Καὶ προσκυνησάτωσαν αὐτῷ πάντες ἄγγελοι θεοῦ."
1,7,"Καὶ πρὸς μὲν τοὺς ἀγγέλους λέγει, Ὁ ποιῶν τοὺς ἀγγέλους αὐτοῦ πνεύματα, καὶ τοὺς λειτουργοὺς αὐτοῦ πυρὸς φλόγα·"
1,8,"πρὸς δὲ τὸν υἱόν, Ὁ θρόνος σου, ὁ θεός, εἰς τὸν αἰῶνα τοῦ αἰῶνος· ῥάβδος {NA ῥάβδος εὐθύτητος ἡ > καὶ ἡ ῥάβδος τῆς εὐθύτητος } εὐθύτητος ἡ ῥάβδος τῆς βασιλείας σου."
1,9,"Ἠγάπησας δικαιοσύνην, καὶ ἐμίσησας ἀνομίαν· διὰ τοῦτο ἔχρισέν σε ὁ θεός, ὁ θεός σου, ἔλαιον ἀγαλλιάσεως παρὰ τοὺς μετόχους σου."
1,10,"Καί, Σὺ κατ’ ἀρχάς, κύριε, τὴν γῆν ἐθεμελίωσας, καὶ ἔργα τῶν χειρῶν σού εἰσιν οἱ οὐρανοί·"
1,11,"αὐτοὶ ἀπολοῦνται, σὺ δὲ διαμένεις· καὶ πάντες ὡς ἱμάτιον παλαιωθήσονται,"
1,12,"καὶ ὡσεὶ περιβόλαιον ἑλίξεις αὐτούς, καὶ {NA αὐτούς καὶ > αὐτούς ὡς ἱμάτιον καὶ } ἀλλαγήσονται· σὺ δὲ ὁ αὐτὸς εἶ, καὶ τὰ ἔτη σου οὐκ ἐκλείψουσιν."
1,13,"Πρὸς τίνα δὲ τῶν ἀγγέλων εἴρηκέν ποτε, Κάθου ἐκ δεξιῶν μου, ἕως ἂν θῶ τοὺς ἐχθρούς σου ὑποπόδιον τῶν ποδῶν σου;"
1,14,"Οὐχὶ πάντες εἰσὶν λειτουργικὰ πνεύματα, εἰς διακονίαν ἀποστελλόμενα διὰ τοὺς μέλλοντας κληρονομεῖν σωτηρίαν;"
2,1,"Διὰ τοῦτο δεῖ περισσοτέρως ἡμᾶς {NA ἡμᾶς προσέχειν > προσέχειν ἡμᾶς } προσέχειν τοῖς ἀκουσθεῖσιν, μήποτε παραρρυῶμεν. {NA παραρρυῶμεν > παραρυῶμεν }"
2,2,"Εἰ γὰρ ὁ δι’ ἀγγέλων λαληθεὶς λόγος ἐγένετο βέβαιος, καὶ πᾶσα παράβασις καὶ παρακοὴ ἔλαβεν ἔνδικον μισθαποδοσίαν,"
2,3,"πῶς ἡμεῖς ἐκφευξόμεθα τηλικαύτης ἀμελήσαντες σωτηρίας; Ἥτις, ἀρχὴν λαβοῦσα λαλεῖσθαι διὰ τοῦ κυρίου, ὑπὸ τῶν ἀκουσάντων εἰς ἡμᾶς ἐβεβαιώθη,"
2,4,"συνεπιμαρτυροῦντος τοῦ θεοῦ σημείοις τε καὶ τέρασιν, καὶ ποικίλαις δυνάμεσιν, καὶ πνεύματος ἁγίου μερισμοῖς, κατὰ τὴν αὐτοῦ θέλησιν."
2,5,"¶Οὐ γὰρ ἀγγέλοις ὑπέταξεν τὴν οἰκουμένην τὴν μέλλουσαν, περὶ ἧς λαλοῦμεν."
2,6,"Διεμαρτύρατο δέ πού τις λέγων, Τί ἐστιν ἄνθρωπος, ὅτι μιμνῄσκῃ αὐτοῦ; Ἢ υἱὸς ἀνθρώπου, ὅτι ἐπισκέπτῃ αὐτόν;"
2,7,Ἠλάττωσας αὐτὸν βραχύ τι παρ’ ἀγγέλους· δόξῃ καὶ τιμῇ ἐστεφάνωσας αὐτόν·
2,8,"πάντα ὑπέταξας ὑποκάτω τῶν ποδῶν αὐτοῦ. Ἐν γὰρ {NA γὰρ τῷ ὑποτάξαι αὐτῷ > τῷ γὰρ ὑποτάξαι [αὐτῷ] } τῷ ὑποτάξαι αὐτῷ τὰ πάντα, οὐδὲν ἀφῆκεν αὐτῷ ἀνυπότακτον. Νῦν δὲ οὔπω ὁρῶμεν αὐτῷ τὰ πάντα ὑποτεταγμένα."
2,9,"Τὸν δὲ βραχύ τι παρ’ ἀγγέλους ἠλαττωμένον βλέπομεν Ἰησοῦν, διὰ τὸ πάθημα τοῦ θανάτου δόξῃ καὶ τιμῇ ἐστεφανωμένον, ὅπως χάριτι θεοῦ ὑπὲρ παντὸς γεύσηται θανάτου."
2,10,"Ἔπρεπεν γὰρ αὐτῷ, δι’ ὃν τὰ πάντα, καὶ δι’ οὗ τὰ πάντα, πολλοὺς υἱοὺς εἰς δόξαν ἀγαγόντα, τὸν ἀρχηγὸν τῆς σωτηρίας αὐτῶν διὰ παθημάτων τελειῶσαι."
2,11,"Ὅ τε γὰρ ἁγιάζων καὶ οἱ ἁγιαζόμενοι, ἐξ ἑνὸς πάντες· δι’ ἣν αἰτίαν οὐκ ἐπαισχύνεται ἀδελφοὺς αὐτοὺς καλεῖν,"
2,12,"λέγων, Ἀπαγγελῶ τὸ ὄνομά σου τοῖς ἀδελφοῖς μου, ἐν μέσῳ ἐκκλησίας ὑμνήσω σε."
2,13,"Καὶ πάλιν, Ἐγὼ ἔσομαι πεποιθὼς ἐπ’ αὐτῷ. Καὶ πάλιν, Ἰδοὺ ἐγὼ καὶ τὰ παιδία ἅ μοι ἔδωκεν ὁ θεός."
2,14,"Ἐπεὶ οὖν τὰ παιδία κεκοινώνηκεν σαρκὸς {NA σαρκὸς καὶ αἵματος > αἵματος καὶ σαρκός } καὶ αἵματος, καὶ αὐτὸς παραπλησίως μετέσχεν τῶν αὐτῶν, ἵνα διὰ τοῦ θανάτου καταργήσῃ τὸν τὸ κράτος ἔχοντα τοῦ θανάτου, τοῦτ’ ἔστιν τὸν διάβολον,"
2,15,"καὶ ἀπαλλάξῃ τούτους, ὅσοι φόβῳ θανάτου διὰ παντὸς τοῦ ζῇν ἔνοχοι ἦσαν δουλείας."
2,16,"Οὐ γὰρ δήπου ἀγγέλων ἐπιλαμβάνεται, ἀλλὰ σπέρματος Ἀβραὰμ ἐπιλαμβάνεται."
2,17,"Ὅθεν ὤφειλεν κατὰ πάντα τοῖς ἀδελφοῖς ὁμοιωθῆναι, ἵνα ἐλεήμων γένηται καὶ πιστὸς ἀρχιερεὺς τὰ πρὸς τὸν θεόν, εἰς τὸ ἱλάσκεσθαι τὰς ἁμαρτίας τοῦ λαοῦ."
2,18,"Ἐν ᾧ γὰρ πέπονθεν αὐτὸς πειρασθείς, δύναται τοῖς πειραζομένοις βοηθῆσαι."
3,1,"Ὅθεν, ἀδελφοὶ ἅγιοι, κλήσεως ἐπουρανίου μέτοχοι, κατανοήσατε τὸν ἀπόστολον καὶ ἀρχιερέα τῆς ὁμολογίας ἡμῶν Ἰησοῦν χριστόν, {NA χριστόν > - }"
3,2,"πιστὸν ὄντα τῷ ποιήσαντι αὐτόν, ὡς καὶ Μωϋσῆς ἐν ὅλῳ {NA ὅλῳ > [ὅλῳ] } τῷ οἴκῳ αὐτοῦ."
3,3,"Πλείονος γὰρ δόξης {NA δόξης οὗτος > οὗτος δόξης } οὗτος παρὰ Μωϋσῆν ἠξίωται, καθ’ ὅσον πλείονα τιμὴν ἔχει τοῦ οἴκου ὁ κατασκευάσας αὐτόν."
3,4,Πᾶς γὰρ οἶκος κατασκευάζεται ὑπό τινος· ὁ δὲ τὰ {NA τὰ > - } πάντα κατασκευάσας θεός.
3,5,"Καὶ Μωϋσῆς μὲν πιστὸς ἐν ὅλῳ τῷ οἴκῳ αὐτοῦ ὡς θεράπων, εἰς μαρτύριον τῶν λαληθησομένων·"
3,6,"χριστὸς δὲ ὡς υἱὸς ἐπὶ τὸν οἶκον αὐτοῦ· οὗ οἶκός ἐσμεν ἡμεῖς, ἐάνπερ {NA ἐάνπερ > ἐάν[περ] } τὴν παρρησίαν καὶ τὸ καύχημα τῆς ἐλπίδος μέχρι {NA μέχρι τέλους βεβαίαν > - } τέλους βεβαίαν κατάσχωμεν."
3,7,"Διό, καθὼς λέγει τὸ πνεῦμα τὸ ἅγιον, Σήμερον ἐὰν τῆς φωνῆς αὐτοῦ ἀκούσητε,"
3,8,"μὴ σκληρύνητε τὰς καρδίας ὑμῶν, ὡς ἐν τῷ παραπικρασμῷ, κατὰ τὴν ἡμέραν τοῦ πειρασμοῦ ἐν τῇ ἐρήμῳ,"
3,9,"οὗ ἐπείρασάν με {NA με οἱ > οἱ } οἱ πατέρες ὑμῶν, ἐδοκίμασάν {NA ἐδοκίμασάν με > ἐν δοκιμασίᾳ } με, καὶ εἶδον τὰ ἔργα μου τεσσαράκοντα {NA τεσσαράκοντα > τεσσεράκοντα } ἔτη."
3,10,"Διὸ προσώχθισα τῇ γενεᾷ ἐκείνῃ, {NA ἐκείνῃ > ταύτῃ } καὶ εἶπον, Ἀεὶ πλανῶνται τῇ καρδίᾳ· αὐτοὶ δὲ οὐκ ἔγνωσαν τὰς ὁδούς μου·"
3,11,"ὡς ὤμοσα ἐν τῇ ὀργῇ μου, Εἰ εἰσελεύσονται εἰς τὴν κατάπαυσίν μου."
3,12,"Βλέπετε, ἀδελφοί, μήποτε ἔσται ἔν τινι ὑμῶν καρδία πονηρὰ ἀπιστίας ἐν τῷ ἀποστῆναι ἀπὸ θεοῦ ζῶντος·"
3,13,"ἀλλὰ παρακαλεῖτε ἑαυτοὺς καθ’ ἑκάστην ἡμέραν, ἄχρι {NA ἄχρι > ἄχρις } οὗ τὸ σήμερον καλεῖται, ἵνα μὴ σκληρυνθῇ ἐξ {NA ἐξ ὑμῶν τις > τις ἐξ ὑμῶν } ὑμῶν τις ἀπάτῃ τῆς ἁμαρτίας·"
3,14,"μέτοχοι γὰρ γεγόναμεν {NA γεγόναμεν τοῦ χριστοῦ > τοῦ χριστοῦ γεγόναμεν } τοῦ χριστοῦ, ἐάνπερ τὴν ἀρχὴν τῆς ὑποστάσεως μέχρι τέλους βεβαίαν κατάσχωμεν·"
3,15,"ἐν τῷ λέγεσθαι, Σήμερον ἐὰν τῆς φωνῆς αὐτοῦ ἀκούσητε, μὴ σκληρύνητε τὰς καρδίας ὑμῶν, ὡς ἐν τῷ παραπικρασμῷ."
3,16,"Τινὲς {Byz Τινὲς > Τίνες } {NA Τινὲς > Τίνες } γὰρ ἀκούσαντες παρεπίκραναν, ἀλλ’ οὐ πάντες οἱ ἐξελθόντες ἐξ Αἰγύπτου διὰ Μωϋσέως."
3,17,"Τίσιν δὲ προσώχθισεν τεσσαράκοντα {NA τεσσαράκοντα > τεσσεράκοντα } ἔτη; Οὐχὶ τοῖς ἁμαρτήσασιν, ὧν τὰ κῶλα ἔπεσεν ἐν τῇ ἐρήμῳ;"
3,18,"Τίσιν δὲ ὤμοσεν μὴ εἰσελεύσεσθαι εἰς τὴν κατάπαυσιν αὐτοῦ, εἰ μὴ τοῖς ἀπειθήσασιν;"
3,19,Καὶ βλέπομεν ὅτι οὐκ ἠδυνήθησαν εἰσελθεῖν δι’ ἀπιστίαν.
4,1,"Φοβηθῶμεν οὖν μήποτε καταλειπομένης ἐπαγγελίας εἰσελθεῖν εἰς τὴν κατάπαυσιν αὐτοῦ, δοκῇ τις ἐξ ὑμῶν ὑστερηκέναι."
4,2,"Καὶ γάρ ἐσμεν εὐηγγελισμένοι, καθάπερ κἀκεῖνοι· ἀλλ’ οὐκ ὠφέλησεν ὁ λόγος τῆς ἀκοῆς ἐκείνους, μὴ συγκεκραμένους {NA συγκεκραμένους > συγκεκερασμένους } τῇ πίστει τοῖς ἀκούσασιν."
4,3,"Εἰσερχόμεθα γὰρ {NA γὰρ εἰς τὴν > γὰρ εἰς [τὴν] } εἰς τὴν κατάπαυσιν οἱ πιστεύσαντες, καθὼς εἴρηκεν, Ὡς ὤμοσα ἐν τῇ ὀργῇ μου, Εἰ εἰσελεύσονται εἰς τὴν κατάπαυσίν μου· καίτοι τῶν ἔργων ἀπὸ καταβολῆς κόσμου γενηθέντων."
4,4,"Εἴρηκεν γάρ που περὶ τῆς ἑβδόμης οὕτως, Καὶ κατέπαυσεν ὁ θεὸς ἐν τῇ ἡμέρᾳ τῇ ἑβδόμῃ ἀπὸ πάντων τῶν ἔργων αὐτοῦ·"
4,5,"καὶ ἐν τούτῳ πάλιν, Εἰ εἰσελεύσονται εἰς τὴν κατάπαυσίν μου."
4,6,"Ἐπεὶ οὖν ἀπολείπεται τινὰς εἰσελθεῖν εἰς αὐτήν, καὶ οἱ πρότερον εὐαγγελισθέντες οὐκ εἰσῆλθον δι’ ἀπείθειαν,"
4,7,"πάλιν τινὰ ὁρίζει ἡμέραν, Σήμερον, ἐν Δαυὶδ λέγων, μετὰ τοσοῦτον χρόνον, καθὼς εἴρηται, {NA εἴρηται > προείρηται } Σήμερον ἐὰν τῆς φωνῆς αὐτοῦ ἀκούσητε, μὴ σκληρύνητε τὰς καρδίας ὑμῶν."
4,8,"Εἰ γὰρ αὐτοὺς Ἰησοῦς κατέπαυσεν, οὐκ ἂν περὶ ἄλλης ἐλάλει μετὰ ταῦτα ἡμέρας."
4,9,Ἄρα ἀπολείπεται σαββατισμὸς τῷ λαῷ τοῦ θεοῦ.
4,10,"Ὁ γὰρ εἰσελθὼν εἰς τὴν κατάπαυσιν αὐτοῦ καὶ αὐτὸς κατέπαυσεν ἀπὸ τῶν ἔργων αὐτοῦ, ὥσπερ ἀπὸ τῶν ἰδίων ὁ θεός."
4,11,"Σπουδάσωμεν οὖν εἰσελθεῖν εἰς ἐκείνην τὴν κατάπαυσιν, ἵνα μὴ ἐν τῷ αὐτῷ τις ὑποδείγματι πέσῃ τῆς ἀπειθείας."
4,12,"Ζῶν γὰρ ὁ λόγος τοῦ θεοῦ, καὶ ἐνεργής, καὶ τομώτερος ὑπὲρ πᾶσαν μάχαιραν δίστομον, καὶ διϊκνούμενος ἄχρι μερισμοῦ ψυχῆς τε {NA ψυχῆς τε > ψυχῆς } καὶ πνεύματος, ἁρμῶν τε καὶ μυελῶν, καὶ κριτικὸς ἐνθυμήσεων καὶ ἐννοιῶν καρδίας."
4,13,Καὶ οὐκ ἔστιν κτίσις ἀφανὴς ἐνώπιον αὐτοῦ· πάντα δὲ γυμνὰ καὶ τετραχηλισμένα τοῖς ὀφθαλμοῖς αὐτοῦ πρὸς ὃν ἡμῖν ὁ λόγος.
4,14,"¶Ἔχοντες οὖν ἀρχιερέα μέγαν, διεληλυθότα τοὺς οὐρανούς, Ἰησοῦν τὸν υἱὸν τοῦ θεοῦ, κρατῶμεν τῆς ὁμολογίας."
4,15,"Οὐ γὰρ ἔχομεν ἀρχιερέα μὴ δυνάμενον συμπαθῆσαι ταῖς ἀσθενείαις ἡμῶν, πεπειραμένον {NA πεπειραμένον > πεπειρασμένον } δὲ κατὰ πάντα καθ’ ὁμοιότητα, χωρὶς ἁμαρτίας."
4,16,"Προσερχώμεθα οὖν μετὰ παρρησίας τῷ θρόνῳ τῆς χάριτος, ἵνα λάβωμεν ἔλεον, {NA ἔλεον > ἔλεος } καὶ χάριν εὕρωμεν εἰς εὔκαιρον βοήθειαν."
5,1,"Πᾶς γὰρ ἀρχιερεύς, ἐξ ἀνθρώπων λαμβανόμενος, ὑπὲρ ἀνθρώπων καθίσταται τὰ πρὸς τὸν θεόν, ἵνα προσφέρῃ δῶρά τε καὶ θυσίας ὑπὲρ ἁμαρτιῶν·"
5,2,"μετριοπαθεῖν δυνάμενος τοῖς ἀγνοοῦσιν καὶ πλανωμένοις, ἐπεὶ καὶ αὐτὸς περίκειται ἀσθένειαν·"
5,3,"καὶ διὰ {NA διὰ ταύτην > δι’ αὐτὴν } ταύτην ὀφείλει, καθὼς περὶ τοῦ λαοῦ, οὕτως καὶ περὶ ἑαυτοῦ, {NA ἑαυτοῦ > αὐτοῦ } προσφέρειν ὑπὲρ {NA ὑπὲρ > περὶ } ἁμαρτιῶν."
5,4,"Καὶ οὐχ ἑαυτῷ τις λαμβάνει τὴν τιμήν, ἀλλὰ καλούμενος ὑπὸ τοῦ θεοῦ, καθάπερ {NA καθάπερ > καθώσπερ } καὶ Ἀαρών."
5,5,"Οὕτως καὶ ὁ χριστὸς οὐχ ἑαυτὸν ἐδόξασεν γενηθῆναι ἀρχιερέα, ἀλλ’ ὁ λαλήσας πρὸς αὐτόν, Υἱός μου εἶ σύ, ἐγὼ σήμερον γεγέννηκά σε."
5,6,"Καθὼς καὶ ἐν ἑτέρῳ λέγει, Σὺ ἱερεὺς εἰς τὸν αἰῶνα κατὰ τὴν τάξιν Μελχισεδέκ."
5,7,"Ὃς ἐν ταῖς ἡμέραις τῆς σαρκὸς αὐτοῦ, δεήσεις τε καὶ ἱκετηρίας πρὸς τὸν δυνάμενον σῴζειν αὐτὸν ἐκ θανάτου μετὰ κραυγῆς ἰσχυρᾶς καὶ δακρύων προσενέγκας, καὶ εἰσακουσθεὶς ἀπὸ τῆς εὐλαβείας,"
5,8,"καίπερ ὢν υἱός, ἔμαθεν ἀφ’ ὧν ἔπαθεν τὴν ὑπακοήν,"
5,9,καὶ τελειωθεὶς ἐγένετο τοῖς {NA τοῖς ὑπακούουσιν αὐτῷ πᾶσιν > πᾶσιν τοῖς ὑπακούουσιν αὐτῷ } ὑπακούουσιν αὐτῷ πᾶσιν αἴτιος σωτηρίας αἰωνίου·
5,10,προσαγορευθεὶς ὑπὸ τοῦ θεοῦ ἀρχιερεὺς κατὰ τὴν τάξιν Μελχισεδέκ.
5,11,"¶Περὶ οὗ πολὺς ἡμῖν ὁ λόγος καὶ δυσερμήνευτος λέγειν, ἐπεὶ νωθροὶ γεγόνατε ταῖς ἀκοαῖς."
5,12,"Καὶ γὰρ ὀφείλοντες εἶναι διδάσκαλοι διὰ τὸν χρόνον, πάλιν χρείαν ἔχετε τοῦ διδάσκειν ὑμᾶς, τίνα {NA τίνα > τινὰ } τὰ στοιχεῖα τῆς ἀρχῆς τῶν λογίων τοῦ θεοῦ· καὶ γεγόνατε χρείαν ἔχοντες γάλακτος, καὶ {NA καὶ οὐ > [καὶ] οὐ } οὐ στερεᾶς τροφῆς."
5,13,Πᾶς γὰρ ὁ μετέχων γάλακτος ἄπειρος λόγου δικαιοσύνης· νήπιος γάρ ἐστιν.
5,14,"Τελείων δέ ἐστιν ἡ στερεὰ τροφή, τῶν διὰ τὴν ἕξιν τὰ αἰσθητήρια γεγυμνασμένα ἐχόντων πρὸς διάκρισιν καλοῦ τε καὶ κακοῦ."
6,1,"Διό, ἀφέντες τὸν τῆς ἀρχῆς τοῦ χριστοῦ λόγον, ἐπὶ τὴν τελειότητα φερώμεθα, μὴ πάλιν θεμέλιον καταβαλλόμενοι μετανοίας ἀπὸ νεκρῶν ἔργων, καὶ πίστεως ἐπὶ θεόν,"
6,2,"βαπτισμῶν διδαχῆς, ἐπιθέσεώς τε χειρῶν, ἀναστάσεώς τε νεκρῶν, καὶ κρίματος αἰωνίου."
6,3,"Καὶ τοῦτο ποιήσωμεν, {NA ποιήσωμεν > ποιήσομεν } ἐάνπερ ἐπιτρέπῃ ὁ θεός."
6,4,"Ἀδύνατον γὰρ τοὺς ἅπαξ φωτισθέντας, γευσαμένους τε τῆς δωρεᾶς τῆς ἐπουρανίου, καὶ μετόχους γενηθέντας πνεύματος ἁγίου,"
6,5,"καὶ καλὸν γευσαμένους θεοῦ ῥῆμα, δυνάμεις τε μέλλοντος αἰῶνος,"
6,6,"καὶ παραπεσόντας, πάλιν ἀνακαινίζειν εἰς μετάνοιαν, ἀνασταυροῦντας ἑαυτοῖς τὸν υἱὸν τοῦ θεοῦ καὶ παραδειγματίζοντας."
6,7,"Γῆ γὰρ ἡ πιοῦσα τὸν ἐπ’ αὐτῆς πολλάκις {NA πολλάκις ἐρχόμενον > ἐρχόμενον πολλάκις } ἐρχόμενον ὑετόν, καὶ τίκτουσα βοτάνην εὔθετον ἐκείνοις δι’ οὓς καὶ γεωργεῖται, μεταλαμβάνει εὐλογίας ἀπὸ τοῦ θεοῦ·"
6,8,"ἐκφέρουσα δὲ ἀκάνθας καὶ τριβόλους, ἀδόκιμος καὶ κατάρας ἐγγύς, ἧς τὸ τέλος εἰς καῦσιν."
6,9,"¶Πεπείσμεθα δὲ περὶ ὑμῶν, ἀγαπητοί, τὰ κρείσσονα καὶ ἐχόμενα σωτηρίας, εἰ καὶ οὕτως λαλοῦμεν·"
6,10,"οὐ γὰρ ἄδικος ὁ θεὸς ἐπιλαθέσθαι τοῦ ἔργου ὑμῶν, καὶ τοῦ {NA τοῦ κόπου > - } κόπου τῆς ἀγάπης ἧς ἐνεδείξασθε εἰς τὸ ὄνομα αὐτοῦ, διακονήσαντες τοῖς ἁγίοις καὶ διακονοῦντες."
6,11,Ἐπιθυμοῦμεν δὲ ἕκαστον ὑμῶν τὴν αὐτὴν ἐνδείκνυσθαι σπουδὴν πρὸς τὴν πληροφορίαν τῆς ἐλπίδος ἄχρι τέλους·
6,12,"ἵνα μὴ νωθροὶ γένησθε, μιμηταὶ δὲ τῶν διὰ πίστεως καὶ μακροθυμίας κληρονομούντων τὰς ἐπαγγελίας."
6,13,"¶Τῷ γὰρ Ἀβραὰμ ἐπαγγειλάμενος ὁ θεός, ἐπεὶ κατ’ οὐδενὸς εἶχεν μείζονος ὀμόσαι, ὤμοσεν καθ’ ἑαυτοῦ,"
6,14,"λέγων, Ἦ {NA Ἦ > Εἰ } μὴν εὐλογῶν εὐλογήσω σε, καὶ πληθύνων πληθυνῶ σε."
6,15,Καὶ οὕτως μακροθυμήσας ἐπέτυχεν τῆς ἐπαγγελίας.
6,16,"Ἄνθρωποι μὲν {NA μὲν > - } γὰρ κατὰ τοῦ μείζονος ὀμνύουσιν, καὶ πάσης αὐτοῖς ἀντιλογίας πέρας εἰς βεβαίωσιν ὁ ὅρκος."
6,17,"Ἐν ᾧ περισσότερον βουλόμενος ὁ θεὸς ἐπιδεῖξαι τοῖς κληρονόμοις τῆς ἐπαγγελίας τὸ ἀμετάθετον τῆς βουλῆς αὐτοῦ, ἐμεσίτευσεν ὅρκῳ,"
6,18,"ἵνα διὰ δύο πραγμάτων ἀμεταθέτων, ἐν οἷς ἀδύνατον ψεύσασθαι θεόν, {NA θεόν > [τὸν] θεόν } ἰσχυρὰν παράκλησιν ἔχωμεν οἱ καταφυγόντες κρατῆσαι τῆς προκειμένης ἐλπίδος·"
6,19,"ἣν ὡς ἄγκυραν ἔχομεν τῆς ψυχῆς ἀσφαλῆ τε καὶ βεβαίαν, καὶ εἰσερχομένην εἰς τὸ ἐσώτερον τοῦ καταπετάσματος·"
6,20,"ὅπου πρόδρομος ὑπὲρ ἡμῶν εἰσῆλθεν Ἰησοῦς, κατὰ τὴν τάξιν Μελχισεδὲκ ἀρχιερεὺς γενόμενος εἰς τὸν αἰῶνα."
7,1,"Οὗτος γὰρ ὁ Μελχισεδέκ, βασιλεὺς Σαλήμ, ἱερεὺς τοῦ θεοῦ τοῦ ὑψίστου, ὁ συναντήσας Ἀβραὰμ ὑποστρέφοντι ἀπὸ τῆς κοπῆς τῶν βασιλέων καὶ εὐλογήσας αὐτόν,"
7,2,"ᾧ καὶ δεκάτην ἀπὸ πάντων ἐμέρισεν Ἀβραάμ- πρῶτον μὲν ἑρμηνευόμενος βασιλεὺς δικαιοσύνης, ἔπειτα δὲ καὶ βασιλεὺς Σαλήμ, ὅ ἐστιν βασιλεὺς εἰρήνης·"
7,3,"ἀπάτωρ, ἀμήτωρ, ἀγενεαλόγητος, μήτε ἀρχὴν ἡμερῶν μήτε ζωῆς τέλος ἔχων, ἀφωμοιωμένος δὲ τῷ υἱῷ τοῦ θεοῦ- μένει ἱερεὺς εἰς τὸ διηνεκές."
7,4,"¶Θεωρεῖτε δὲ πηλίκος οὗτος, ᾧ καὶ {NA καὶ > [καὶ] } δεκάτην Ἀβραὰμ ἔδωκεν ἐκ τῶν ἀκροθινίων ὁ πατριάρχης."
7,5,"Καὶ οἱ μὲν ἐκ τῶν υἱῶν Λευῒ τὴν ἱερατείαν λαμβάνοντες ἐντολὴν ἔχουσιν ἀποδεκατοῦν τὸν λαὸν κατὰ τὸν νόμον, τοῦτ’ ἔστιν τοὺς ἀδελφοὺς αὐτῶν, καίπερ ἐξεληλυθότας ἐκ τῆς ὀσφύος Ἀβραάμ·"
7,6,"ὁ δὲ μὴ γενεαλογούμενος ἐξ αὐτῶν δεδεκάτωκεν τὸν {NA τὸν Ἀβραάμ > Ἀβραάμ } Ἀβραάμ, καὶ τὸν ἔχοντα τὰς ἐπαγγελίας εὐλόγηκεν."
7,7,"Χωρὶς δὲ πάσης ἀντιλογίας, τὸ ἔλαττον ὑπὸ τοῦ κρείττονος εὐλογεῖται."
7,8,"Καὶ ὧδε μὲν δεκάτας ἀποθνῄσκοντες ἄνθρωποι λαμβάνουσιν· ἐκεῖ δέ, μαρτυρούμενος ὅτι ζῇ."
7,9,"Καί, ὡς ἔπος εἰπεῖν, διὰ {NA διὰ > δι’ } Ἀβραὰμ καὶ Λευῒ ὁ δεκάτας λαμβάνων δεδεκάτωται·"
7,10,"ἔτι γὰρ ἐν τῇ ὀσφύϊ τοῦ πατρὸς ἦν, ὅτε συνήντησεν αὐτῷ ὁ {NA ὁ > - } Μελχισεδέκ."
7,11,"¶Εἰ μὲν οὖν τελείωσις διὰ τῆς Λευϊτικῆς ἱερωσύνης ἦν- ὁ λαὸς γὰρ ἐπ’ αὐτῇ {NA αὐτῇ νενομοθέτητο > αὐτῆς νενομοθέτηται } νενομοθέτητο- τίς ἔτι χρεία, κατὰ τὴν τάξιν Μελχισεδὲκ ἕτερον ἀνίστασθαι ἱερέα, καὶ οὐ κατὰ τὴν τάξιν Ἀαρὼν λέγεσθαι;"
7,12,"Μετατιθεμένης γὰρ τῆς ἱερωσύνης, ἐξ ἀνάγκης καὶ νόμου μετάθεσις γίνεται."
7,13,"Ἐφ’ ὃν γὰρ λέγεται ταῦτα, φυλῆς ἑτέρας μετέσχηκεν, ἀφ’ ἧς οὐδεὶς προσέσχηκεν τῷ θυσιαστηρίῳ."
7,14,"Πρόδηλον γὰρ ὅτι ἐξ Ἰούδα ἀνατέταλκεν ὁ κύριος ἡμῶν, εἰς ἣν φυλὴν οὐδὲν {NA οὐδὲν περὶ ἱερωσύνης > περὶ ἱερέων οὐδὲν } περὶ ἱερωσύνης Μωϋσῆς ἐλάλησεν."
7,15,"Καὶ περισσότερον ἔτι κατάδηλόν ἐστιν, εἰ κατὰ τὴν ὁμοιότητα Μελχισεδὲκ ἀνίσταται ἱερεὺς ἕτερος,"
7,16,"ὃς οὐ κατὰ νόμον ἐντολῆς σαρκικῆς {NA σαρκικῆς > σαρκίνης } γέγονεν, ἀλλὰ κατὰ δύναμιν ζωῆς ἀκαταλύτου·"
7,17,μαρτυρεῖ {NA μαρτυρεῖ > μαρτυρεῖται } γὰρ ὅτι Σὺ ἱερεὺς εἰς τὸν αἰῶνα κατὰ τὴν τάξιν Μελχισεδέκ.
7,18,"Ἀθέτησις μὲν γὰρ γίνεται προαγούσης ἐντολῆς, διὰ τὸ αὐτῆς ἀσθενὲς καὶ ἀνωφελές·"
7,19,"οὐδὲν γὰρ ἐτελείωσεν ὁ νόμος, ἐπεισαγωγὴ δὲ κρείττονος ἐλπίδος, δι’ ἧς ἐγγίζομεν τῷ θεῷ."
7,20,"Καὶ καθ’ ὅσον οὐ χωρὶς ὁρκωμοσίας- οἱ μὲν γὰρ χωρὶς ὁρκωμοσίας εἰσὶν ἱερεῖς γεγονότες,"
7,21,"ὁ δὲ μετὰ ὁρκωμοσίας, διὰ τοῦ λέγοντος πρὸς αὐτόν, Ὤμοσεν κύριος καὶ οὐ μεταμεληθήσεται, Σὺ ἱερεὺς εἰς τὸν αἰῶνα κατὰ {NA κατὰ τὴν τάξιν Μελχισεδέκ > - } τὴν τάξιν Μελχισεδέκ-"
7,22,κατὰ τοσοῦτον {NA τοσοῦτον > τοσοῦτο [καὶ] } κρείττονος διαθήκης γέγονεν ἔγγυος Ἰησοῦς.
7,23,"Καὶ οἱ μὲν πλείονές εἰσιν γεγονότες ἱερεῖς, διὰ τὸ θανάτῳ κωλύεσθαι παραμένειν·"
7,24,"ὁ δέ, διὰ τὸ μένειν αὐτὸν εἰς τὸν αἰῶνα, ἀπαράβατον ἔχει τὴν ἱερωσύνην."
7,25,"Ὅθεν καὶ σῴζειν εἰς τὸ παντελὲς δύναται τοὺς προσερχομένους δι’ αὐτοῦ τῷ θεῷ, πάντοτε ζῶν εἰς τὸ ἐντυγχάνειν ὑπὲρ αὐτῶν."
7,26,"¶Τοιοῦτος γὰρ ἡμῖν ἔπρεπεν {NA ἔπρεπεν > καὶ ἔπρεπεν } ἀρχιερεύς, ὅσιος, ἄκακος, ἀμίαντος, κεχωρισμένος ἀπὸ τῶν ἁμαρτωλῶν, καὶ ὑψηλότερος τῶν οὐρανῶν γενόμενος·"
7,27,"ὃς οὐκ ἔχει καθ’ ἡμέραν ἀνάγκην, ὥσπερ οἱ ἀρχιερεῖς, πρότερον ὑπὲρ τῶν ἰδίων ἁμαρτιῶν θυσίας ἀναφέρειν, ἔπειτα τῶν τοῦ λαοῦ· τοῦτο γὰρ ἐποίησεν ἐφάπαξ, ἑαυτὸν ἀνενέγκας."
7,28,"Ὁ νόμος γὰρ ἀνθρώπους καθίστησιν ἀρχιερεῖς, ἔχοντας ἀσθένειαν· ὁ λόγος δὲ τῆς ὁρκωμοσίας τῆς μετὰ τὸν νόμον, υἱὸν εἰς τὸν αἰῶνα τετελειωμένον."
8,1,"Κεφάλαιον δὲ ἐπὶ τοῖς λεγομένοις· τοιοῦτον ἔχομεν ἀρχιερέα, ὃς ἐκάθισεν ἐν δεξιᾷ τοῦ θρόνου τῆς μεγαλωσύνης ἐν τοῖς οὐρανοῖς,"
8,2,"τῶν ἁγίων λειτουργός, καὶ τῆς σκηνῆς τῆς ἀληθινῆς, ἣν ἔπηξεν ὁ κύριος, καὶ {NA καὶ οὐκ > οὐκ } οὐκ ἄνθρωπος·"
8,3,πᾶς γὰρ ἀρχιερεὺς εἰς τὸ προσφέρειν δῶρά τε καὶ θυσίας καθίσταται· ὅθεν ἀναγκαῖον ἔχειν τι καὶ τοῦτον ὃ προσενέγκῃ.
8,4,"Εἰ μὲν γὰρ {NA γὰρ > οὖν } ἦν ἐπὶ γῆς, οὐδ’ ἂν ἦν ἱερεύς, ὄντων τῶν ἱερέων {NA ἱερέων τῶν > - } τῶν προσφερόντων κατὰ τὸν {NA τὸν > - } νόμον τὰ δῶρα,"
8,5,"οἵτινες ὑποδείγματι καὶ σκιᾷ λατρεύουσιν τῶν ἐπουρανίων, καθὼς κεχρημάτισται Μωϋσῆς μέλλων ἐπιτελεῖν τὴν σκηνήν, Ὅρα, γάρ φησιν, ποιήσεις πάντα κατὰ τὸν τύπον τὸν δειχθέντα σοι ἐν τῷ ὄρει."
8,6,"Νυνὶ {NA Νυνὶ > Νυν[ὶ] } δὲ διαφορωτέρας τέτυχεν λειτουργίας, ὅσῳ καὶ κρείττονός ἐστιν διαθήκης μεσίτης, ἥτις ἐπὶ κρείττοσιν ἐπαγγελίαις νενομοθέτηται."
8,7,"Εἰ γὰρ ἡ πρώτη ἐκείνη ἦν ἄμεμπτος, οὐκ ἂν δευτέρας ἐζητεῖτο τόπος."
8,8,"Μεμφόμενος γὰρ αὐτοῖς {NA αὐτοῖς > αὐτοὺς } λέγει, Ἰδού, ἡμέραι ἔρχονται, λέγει κύριος, καὶ συντελέσω ἐπὶ τὸν οἶκον Ἰσραὴλ καὶ ἐπὶ τὸν οἶκον Ἰούδα διαθήκην καινήν·"
8,9,"οὐ κατὰ τὴν διαθήκην ἣν ἐποίησα τοῖς πατράσιν αὐτῶν ἐν ἡμέρᾳ ἐπιλαβομένου μου τῆς χειρὸς αὐτῶν ἐξαγαγεῖν αὐτοὺς ἐκ γῆς Αἰγύπτου· ὅτι αὐτοὶ οὐκ ἐνέμειναν ἐν τῇ διαθήκῃ μου, κἀγὼ ἠμέλησα αὐτῶν, λέγει κύριος."
8,10,"Ὅτι αὕτη ἡ διαθήκη ἣν διαθήσομαι τῷ οἴκῳ Ἰσραὴλ μετὰ τὰς ἡμέρας ἐκείνας, λέγει κύριος, διδοὺς νόμους μου εἰς τὴν διάνοιαν αὐτῶν, καὶ ἐπὶ καρδίας αὐτῶν ἐπιγράψω αὐτούς· καὶ ἔσομαι αὐτοῖς εἰς θεόν, καὶ αὐτοὶ ἔσονταί μοι εἰς λαόν."
8,11,"Καὶ οὐ μὴ διδάξωσιν ἕκαστος τὸν πολίτην αὐτοῦ, καὶ ἕκαστος τὸν ἀδελφὸν αὐτοῦ, λέγων, Γνῶθι τὸν κύριον· ὅτι πάντες εἰδήσουσίν με, ἀπὸ μικροῦ {NA μικροῦ αὐτῶν > μικροῦ } αὐτῶν ἕως μεγάλου αὐτῶν."
8,12,"Ὅτι ἵλεως ἔσομαι ταῖς ἀδικίαις αὐτῶν, καὶ τῶν ἁμαρτιῶν αὐτῶν καὶ {NA καὶ τῶν ἀνομιῶν αὐτῶν > - } τῶν ἀνομιῶν αὐτῶν οὐ μὴ μνησθῶ ἔτι."
8,13,"Ἐν τῷ λέγειν, Καινήν, πεπαλαίωκεν τὴν πρώτην. Τὸ δὲ παλαιούμενον καὶ γηράσκον, ἐγγὺς ἀφανισμοῦ."
9,1,"Εἶχεν μὲν οὖν καὶ {NA καὶ > [καὶ] } ἡ πρώτη δικαιώματα λατρείας, τό τε ἅγιον κοσμικόν."
9,2,"Σκηνὴ γὰρ κατεσκευάσθη ἡ πρώτη, ἐν ᾗ ἥ τε λυχνία καὶ ἡ τράπεζα καὶ ἡ πρόθεσις τῶν ἄρτων, ἥτις λέγεται ἅγια."
9,3,"Μετὰ δὲ τὸ δεύτερον καταπέτασμα σκηνὴ ἡ λεγομένη ἅγια ἁγίων,"
9,4,"χρυσοῦν ἔχουσα θυμιατήριον, καὶ τὴν κιβωτὸν τῆς διαθήκης περικεκαλυμμένην πάντοθεν χρυσίῳ, ἐν ᾗ στάμνος χρυσῆ ἔχουσα τὸ μάννα, καὶ ἡ ῥάβδος Ἀαρὼν ἡ βλαστήσασα, καὶ αἱ πλάκες τῆς διαθήκης·"
9,5,ὑπεράνω δὲ αὐτῆς Χερουβὶμ {NA Χερουβὶμ > Χερουβὶν } δόξης κατασκιάζοντα τὸ ἱλαστήριον· περὶ ὧν οὐκ ἔστιν νῦν λέγειν κατὰ μέρος.
9,6,"Τούτων δὲ οὕτως κατεσκευασμένων, εἰς μὲν τὴν πρώτην σκηνὴν διὰ παντὸς εἰσίασιν οἱ ἱερεῖς, τὰς λατρείας ἐπιτελοῦντες·"
9,7,"εἰς δὲ τὴν δευτέραν ἅπαξ τοῦ ἐνιαυτοῦ μόνος ὁ ἀρχιερεύς, οὐ χωρὶς αἵματος, ὃ προσφέρει ὑπὲρ ἑαυτοῦ καὶ τῶν τοῦ λαοῦ ἀγνοημάτων·"
9,8,"τοῦτο δηλοῦντος τοῦ πνεύματος τοῦ ἁγίου, μήπω πεφανερῶσθαι τὴν τῶν ἁγίων ὁδόν, ἔτι τῆς πρώτης σκηνῆς ἐχούσης στάσιν·"
9,9,"ἥτις παραβολὴ εἰς τὸν καιρὸν τὸν ἐνεστηκότα, καθ’ ὃν {NA ὃν > ἣν } δῶρά τε καὶ θυσίαι προσφέρονται, μὴ δυνάμεναι κατὰ συνείδησιν τελειῶσαι τὸν λατρεύοντα,"
9,10,"μόνον ἐπὶ βρώμασιν καὶ πόμασιν καὶ διαφόροις βαπτισμοῖς καὶ {NA καὶ δικαιώμασιν > δικαιώματα } δικαιώμασιν σαρκός, μέχρι καιροῦ διορθώσεως ἐπικείμενα."
9,11,"¶Χριστὸς δὲ παραγενόμενος ἀρχιερεὺς τῶν μελλόντων {NA μελλόντων > γενομένων } ἀγαθῶν, διὰ τῆς μείζονος καὶ τελειοτέρας σκηνῆς, οὐ χειροποιήτου, τοῦτ’ ἔστιν, οὐ ταύτης τῆς κτίσεως,"
9,12,"οὐδὲ δι’ αἵματος τράγων καὶ μόσχων, διὰ δὲ τοῦ ἰδίου αἵματος εἰσῆλθεν ἐφάπαξ εἰς τὰ ἅγια, αἰωνίαν λύτρωσιν εὑράμενος."
9,13,"Εἰ γὰρ τὸ αἷμα ταύρων {NA ταύρων καὶ τράγων > τράγων καὶ ταύρων } καὶ τράγων, καὶ σποδὸς δαμάλεως ῥαντίζουσα τοὺς κεκοινωμένους, ἁγιάζει πρὸς τὴν τῆς σαρκὸς καθαρότητα,"
9,14,"πόσῳ μᾶλλον τὸ αἷμα τοῦ χριστοῦ, ὃς διὰ πνεύματος αἰωνίου ἑαυτὸν προσήνεγκεν ἄμωμον τῷ θεῷ, καθαριεῖ τὴν συνείδησιν ὑμῶν {NA ὑμῶν > ἡμῶν } ἀπὸ νεκρῶν ἔργων, εἰς τὸ λατρεύειν θεῷ ζῶντι;"
9,15,"Καὶ διὰ τοῦτο διαθήκης καινῆς μεσίτης ἐστίν, ὅπως, θανάτου γενομένου εἰς ἀπολύτρωσιν τῶν ἐπὶ τῇ πρώτῃ διαθήκῃ παραβάσεων, τὴν ἐπαγγελίαν λάβωσιν οἱ κεκλημένοι τῆς αἰωνίου κληρονομίας."
9,16,"Ὅπου γὰρ διαθήκη, θάνατον ἀνάγκη φέρεσθαι τοῦ διαθεμένου."
9,17,"Διαθήκη γὰρ ἐπὶ νεκροῖς βεβαία, ἐπεὶ μήποτε ἰσχύει ὅτε ζῇ ὁ διαθέμενος."
9,18,Ὅθεν οὐδ’ {NA οὐδ’ > οὐδὲ } ἡ πρώτη χωρὶς αἵματος ἐγκεκαίνισται.
9,19,"Λαληθείσης γὰρ πάσης ἐντολῆς κατὰ νόμον {NA νόμον > τὸν νόμον } ὑπὸ Μωϋσέως παντὶ τῷ λαῷ, λαβὼν τὸ αἷμα τῶν μόσχων καὶ {NA καὶ τράγων > [καὶ τῶν τράγων] } τράγων, μετὰ ὕδατος καὶ ἐρίου κοκκίνου καὶ ὑσσώπου, αὐτό τε τὸ βιβλίον καὶ πάντα τὸν λαὸν ἐρράντισεν,"
9,20,"λέγων, Τοῦτο τὸ αἷμα τῆς διαθήκης ἧς ἐνετείλατο πρὸς ὑμᾶς ὁ θεός."
9,21,Καὶ τὴν σκηνὴν δὲ καὶ πάντα τὰ σκεύη τῆς λειτουργίας τῷ αἵματι ὁμοίως ἐρράντισεν.
9,22,"Καὶ σχεδὸν ἐν αἵματι πάντα καθαρίζεται κατὰ τὸν νόμον, καὶ χωρὶς αἱματεκχυσίας οὐ γίνεται ἄφεσις."
9,23,"¶Ἀνάγκη οὖν τὰ μὲν ὑποδείγματα τῶν ἐν τοῖς οὐρανοῖς, τούτοις καθαρίζεσθαι, αὐτὰ δὲ τὰ ἐπουράνια κρείττοσιν θυσίαις παρὰ ταύτας."
9,24,"Οὐ γὰρ εἰς χειροποίητα ἅγια {NA ἅγια εἰσῆλθεν ὁ > εἰσῆλθεν ἅγια } εἰσῆλθεν ὁ χριστός, ἀντίτυπα τῶν ἀληθινῶν, ἀλλ’ εἰς αὐτὸν τὸν οὐρανόν, νῦν ἐμφανισθῆναι τῷ προσώπῳ τοῦ θεοῦ ὑπὲρ ἡμῶν·"
9,25,"οὐδ’ ἵνα πολλάκις προσφέρῃ ἑαυτόν, ὥσπερ ὁ ἀρχιερεὺς εἰσέρχεται εἰς τὰ ἅγια κατ’ ἐνιαυτὸν ἐν αἵματι ἀλλοτρίῳ·"
9,26,ἐπεὶ ἔδει αὐτὸν πολλάκις παθεῖν ἀπὸ καταβολῆς κόσμου· νῦν {NA νῦν > νυνὶ } δὲ ἅπαξ ἐπὶ συντελείᾳ τῶν αἰώνων εἰς ἀθέτησιν ἁμαρτίας {NA ἁμαρτίας > [τῆς] ἁμαρτίας } διὰ τῆς θυσίας αὐτοῦ πεφανέρωται.
9,27,"Καὶ καθ’ ὅσον ἀπόκειται τοῖς ἀνθρώποις ἅπαξ ἀποθανεῖν, μετὰ δὲ τοῦτο κρίσις·"
9,28,"οὕτως καὶ ὁ χριστός, ἅπαξ προσενεχθεὶς εἰς τὸ πολλῶν ἀνενεγκεῖν ἁμαρτίας, ἐκ δευτέρου χωρὶς ἁμαρτίας ὀφθήσεται τοῖς αὐτὸν ἀπεκδεχομένοις, εἰς σωτηρίαν."
10,1,"Σκιὰν γὰρ ἔχων ὁ νόμος τῶν μελλόντων ἀγαθῶν, οὐκ αὐτὴν τὴν εἰκόνα τῶν πραγμάτων, κατ’ ἐνιαυτὸν ταῖς αὐταῖς θυσίαις ἃς προσφέρουσιν εἰς τὸ διηνεκές, οὐδέποτε δύνανται {NA δύνανται > δύναται } τοὺς προσερχομένους τελειῶσαι."
10,2,"Ἐπεὶ οὐκ ἂν ἐπαύσαντο προσφερόμεναι, διὰ τὸ μηδεμίαν ἔχειν ἔτι συνείδησιν ἁμαρτιῶν τοὺς λατρεύοντας, ἅπαξ κεκαθαρμένους; {NA κεκαθαρμένους > κεκαθαρισμένους }"
10,3,Ἀλλ’ ἐν αὐταῖς ἀνάμνησις ἁμαρτιῶν κατ’ ἐνιαυτόν·
10,4,ἀδύνατον γὰρ αἷμα ταύρων καὶ τράγων ἀφαιρεῖν ἁμαρτίας.
10,5,"Διὸ εἰσερχόμενος εἰς τὸν κόσμον λέγει, Θυσίαν καὶ προσφορὰν οὐκ ἠθέλησας, σῶμα δὲ κατηρτίσω μοι·"
10,6,ὁλοκαυτώματα καὶ περὶ ἁμαρτίας οὐκ εὐδόκησας·
10,7,"τότε εἶπον, Ἰδού, ἥκω- ἐν κεφαλίδι βιβλίου γέγραπται περὶ ἐμοῦ- τοῦ ποιῆσαι, ὁ θεός, τὸ θέλημά σου."
10,8,"Ἀνώτερον λέγων ὅτι Θυσίαν {NA Θυσίαν καὶ προσφορὰν > Θυσίας καὶ προσφορὰς } καὶ προσφορὰν καὶ ὁλοκαυτώματα καὶ περὶ ἁμαρτίας οὐκ ἠθέλησας, οὐδὲ εὐδόκησας- αἵτινες κατὰ τὸν {NA τὸν > - } νόμον προσφέρονται-"
10,9,"τότε εἴρηκεν, Ἰδού, ἥκω τοῦ ποιῆσαι, ὁ {NA ὁ θεός > - } θεός, τὸ θέλημά σου. Ἀναιρεῖ τὸ πρῶτον, ἵνα τὸ δεύτερον στήσῃ."
10,10,"Ἐν ᾧ θελήματι ἡγιασμένοι ἐσμέν, οἱ {NA οἱ > - } διὰ τῆς προσφορᾶς τοῦ σώματος Ἰησοῦ χριστοῦ ἐφάπαξ."
10,11,"Καὶ πᾶς μὲν ἱερεὺς ἕστηκεν καθ’ ἡμέραν λειτουργῶν, καὶ τὰς αὐτὰς πολλάκις προσφέρων θυσίας, αἵτινες οὐδέποτε δύνανται περιελεῖν ἁμαρτίας·"
10,12,"αὐτὸς {NA αὐτὸς > οὗτος } δὲ μίαν ὑπὲρ ἁμαρτιῶν προσενέγκας θυσίαν εἰς τὸ διηνεκές, ἐκάθισεν ἐν δεξιᾷ τοῦ θεοῦ,"
10,13,τὸ λοιπὸν ἐκδεχόμενος ἕως τεθῶσιν οἱ ἐχθροὶ αὐτοῦ ὑποπόδιον τῶν ποδῶν αὐτοῦ.
10,14,Μιᾷ γὰρ προσφορᾷ τετελείωκεν εἰς τὸ διηνεκὲς τοὺς ἁγιαζομένους.
10,15,"Μαρτυρεῖ δὲ ἡμῖν καὶ τὸ πνεῦμα τὸ ἅγιον· μετὰ γὰρ τὸ προειρηκέναι, {NA προειρηκέναι > εἰρηκέναι }"
10,16,"Αὕτη ἡ διαθήκη ἣν διαθήσομαι πρὸς αὐτοὺς μετὰ τὰς ἡμέρας ἐκείνας, λέγει κύριος, διδοὺς νόμους μου ἐπὶ καρδίας αὐτῶν, καὶ ἐπὶ τῶν {NA τῶν διανοιῶν > τὴν διάνοιαν } διανοιῶν αὐτῶν ἐπιγράψω αὐτούς·"
10,17,καὶ τῶν ἁμαρτιῶν αὐτῶν καὶ τῶν ἀνομιῶν αὐτῶν οὐ μὴ μνησθῶ {NA μνησθῶ > μνησθήσομαι } ἔτι.
10,18,"Ὅπου δὲ ἄφεσις τούτων, οὐκέτι προσφορὰ περὶ ἁμαρτίας."
10,19,"¶Ἔχοντες οὖν, ἀδελφοί, παρρησίαν εἰς τὴν εἴσοδον τῶν ἁγίων ἐν τῷ αἵματι Ἰησοῦ,"
10,20,"ἣν ἐνεκαίνισεν ἡμῖν ὁδὸν πρόσφατον καὶ ζῶσαν, διὰ τοῦ καταπετάσματος, τοῦτ’ ἔστιν, τῆς σαρκὸς αὐτοῦ,"
10,21,"καὶ ἱερέα μέγαν ἐπὶ τὸν οἶκον τοῦ θεοῦ,"
10,22,"προσερχώμεθα μετὰ ἀληθινῆς καρδίας ἐν πληροφορίᾳ πίστεως, ἐρραντισμένοι {NA ἐρραντισμένοι > ῥεραντισμένοι } τὰς καρδίας ἀπὸ συνειδήσεως πονηρᾶς, καὶ λελουμένοι {NA λελουμένοι > λελουσμένοι } τὸ σῶμα ὕδατι καθαρῷ·"
10,23,"κατέχωμεν τὴν ὁμολογίαν τῆς ἐλπίδος ἀκλινῆ, πιστὸς γὰρ ὁ ἐπαγγειλάμενος·"
10,24,"καὶ κατανοῶμεν ἀλλήλους εἰς παροξυσμὸν ἀγάπης καὶ καλῶν ἔργων,"
10,25,"μὴ ἐγκαταλείποντες τὴν ἐπισυναγωγὴν ἑαυτῶν, καθὼς ἔθος τισίν, ἀλλὰ παρακαλοῦντες, καὶ τοσούτῳ μᾶλλον, ὅσῳ βλέπετε ἐγγίζουσαν τὴν ἡμέραν."
10,26,"¶Ἑκουσίως γὰρ ἁμαρτανόντων ἡμῶν μετὰ τὸ λαβεῖν τὴν ἐπίγνωσιν τῆς ἀληθείας, οὐκέτι περὶ ἁμαρτιῶν ἀπολείπεται θυσία,"
10,27,"φοβερὰ δέ τις ἐκδοχὴ κρίσεως, καὶ πυρὸς ζῆλος ἐσθίειν μέλλοντος τοὺς ὑπεναντίους."
10,28,Ἀθετήσας τις νόμον Μωϋσέως {Byz Μωϋσέως > Μωσέως } χωρὶς οἰκτιρμῶν ἐπὶ δυσὶν ἢ τρισὶν μάρτυσιν ἀποθνῄσκει·
10,29,"πόσῳ, δοκεῖτε, χείρονος ἀξιωθήσεται τιμωρίας ὁ τὸν υἱὸν τοῦ θεοῦ καταπατήσας, καὶ τὸ αἷμα τῆς διαθήκης κοινὸν ἡγησάμενος ἐν ᾧ ἡγιάσθη, καὶ τὸ πνεῦμα τῆς χάριτος ἐνυβρίσας;"
10,30,"Οἴδαμεν γὰρ τὸν εἰπόντα, Ἐμοὶ ἐκδίκησις, ἐγὼ ἀνταποδώσω, λέγει {NA λέγει κύριος > - } κύριος· καὶ πάλιν, κύριος {NA κύριος κρινεῖ > κρινεῖ κύριος } κρινεῖ τὸν λαὸν αὐτοῦ."
10,31,Φοβερὸν τὸ ἐμπεσεῖν εἰς χεῖρας θεοῦ ζῶντος.
10,32,"¶Ἀναμιμνῄσκεσθε δὲ τὰς πρότερον ἡμέρας, ἐν αἷς φωτισθέντες πολλὴν ἄθλησιν ὑπεμείνατε παθημάτων·"
10,33,"τοῦτο μέν, ὀνειδισμοῖς τε καὶ θλίψεσιν θεατριζόμενοι· τοῦτο δέ, κοινωνοὶ τῶν οὕτως ἀναστρεφομένων γενηθέντες."
10,34,"Καὶ γὰρ τοῖς δεσμοῖς {NA δεσμοῖς μου > δεσμίοις } μου συνεπαθήσατε, καὶ τὴν ἁρπαγὴν τῶν ὑπαρχόντων ὑμῶν μετὰ χαρᾶς προσεδέξασθε, γινώσκοντες ἔχειν ἑαυτοῖς {NA ἑαυτοῖς > ἑαυτοὺς } κρείττονα ὕπαρξιν ἐν {NA ἐν οὐρανοῖς > - } οὐρανοῖς καὶ μένουσαν."
10,35,"Μὴ ἀποβάλητε οὖν τὴν παρρησίαν ὑμῶν, ἥτις ἔχει μισθαποδοσίαν {NA μισθαποδοσίαν μεγάλην > μεγάλην μισθαποδοσίαν } μεγάλην."
10,36,"Ὑπομονῆς γὰρ ἔχετε χρείαν, ἵνα τὸ θέλημα τοῦ θεοῦ ποιήσαντες κομίσησθε τὴν ἐπαγγελίαν."
10,37,"Ἔτι γὰρ μικρὸν ὅσον ὅσον, Ὁ ἐρχόμενος ἥξει, καὶ οὐ χρονιεῖ. {NA χρονιεῖ > χρονίσει }"
10,38,"Ὁ δὲ δίκαιος {NA δίκαιος > δίκαιός μου } ἐκ πίστεως ζήσεται· καὶ ἐὰν ὑποστείληται, οὐκ εὐδοκεῖ ἡ ψυχή μου ἐν αὐτῷ."
10,39,"Ἡμεῖς δὲ οὐκ ἐσμὲν ὑποστολῆς εἰς ἀπώλειαν, ἀλλὰ πίστεως εἰς περιποίησιν ψυχῆς."
11,1,"Ἔστιν δὲ πίστις ἐλπιζομένων ὑπόστασις, πραγμάτων ἔλεγχος οὐ βλεπομένων."
11,2,Ἐν ταύτῃ γὰρ ἐμαρτυρήθησαν οἱ πρεσβύτεροι.
11,3,"Πίστει νοοῦμεν κατηρτίσθαι τοὺς αἰῶνας ῥήματι θεοῦ, εἰς τὸ μὴ ἐκ φαινομένων τὰ {NA τὰ βλεπόμενα > τὸ βλεπόμενον } βλεπόμενα γεγονέναι."
11,4,"Πίστει πλείονα θυσίαν Ἄβελ παρὰ Κάϊν προσήνεγκεν τῷ θεῷ, δι’ ἧς ἐμαρτυρήθη εἶναι δίκαιος, μαρτυροῦντος ἐπὶ τοῖς δώροις αὐτοῦ τοῦ θεοῦ· καὶ δι’ αὐτῆς ἀποθανὼν ἔτι λαλεῖται. {NA λαλεῖται > λαλεῖ }"
11,5,"Πίστει Ἐνὼχ μετετέθη τοῦ μὴ ἰδεῖν θάνατον, καὶ οὐχ εὑρίσκετο, {NA εὑρίσκετο > ηὑρίσκετο } διότι μετέθηκεν αὐτὸν ὁ θεός· πρὸ γὰρ τῆς μεταθέσεως αὐτοῦ {NA αὐτοῦ > - } μεμαρτύρηται εὐηρεστηκέναι {NA εὐηρεστηκέναι > εὐαρεστηκέναι } τῷ θεῷ·"
11,6,"χωρὶς δὲ πίστεως ἀδύνατον εὐαρεστῆσαι· πιστεῦσαι γὰρ δεῖ τὸν προσερχόμενον τῷ θεῷ, ὅτι ἔστιν, καὶ τοῖς ἐκζητοῦσιν αὐτὸν μισθαποδότης γίνεται."
11,7,"Πίστει χρηματισθεὶς Νῶε περὶ τῶν μηδέπω βλεπομένων, εὐλαβηθεὶς κατεσκεύασεν κιβωτὸν εἰς σωτηρίαν τοῦ οἴκου αὐτοῦ· δι’ ἧς κατέκρινεν τὸν κόσμον, καὶ τῆς κατὰ πίστιν δικαιοσύνης ἐγένετο κληρονόμος."
11,8,"Πίστει καλούμενος Ἀβραὰμ ὑπήκουσεν ἐξελθεῖν εἰς τὸν {NA τὸν > - } τόπον ὃν ἤμελλεν λαμβάνειν εἰς κληρονομίαν, καὶ ἐξῆλθεν μὴ ἐπιστάμενος ποῦ ἔρχεται."
11,9,"Πίστει παρῴκησεν εἰς {Byz γῆν > τὴν γῆν } γῆν τῆς ἐπαγγελίας, ὡς ἀλλοτρίαν, ἐν σκηναῖς κατοικήσας μετὰ Ἰσαὰκ καὶ Ἰακώβ, τῶν συγκληρονόμων τῆς ἐπαγγελίας τῆς αὐτῆς·"
11,10,"ἐξεδέχετο γὰρ τὴν τοὺς θεμελίους ἔχουσαν πόλιν, ἧς τεχνίτης καὶ δημιουργὸς ὁ θεός."
11,11,"Πίστει καὶ αὐτὴ Σάρρα {NA Σάρρα > Σάρρα στεῖρα } δύναμιν εἰς καταβολὴν σπέρματος ἔλαβεν, καὶ παρὰ καιρὸν ἡλικίας ἔτεκεν, {NA ἔτεκεν > - } ἐπεὶ πιστὸν ἡγήσατο τὸν ἐπαγγειλάμενον."
11,12,"Διὸ καὶ ἀφ’ ἑνὸς ἐγεννήθησαν, καὶ ταῦτα νενεκρωμένου, καθὼς τὰ ἄστρα τοῦ οὐρανοῦ τῷ πλήθει, καὶ ὡς ἡ ἄμμος ἡ παρὰ τὸ χεῖλος τῆς θαλάσσης ἡ ἀναρίθμητος."
11,13,"¶Κατὰ πίστιν ἀπέθανον οὗτοι πάντες, μὴ λαβόντες τὰς ἐπαγγελίας, ἀλλὰ πόρρωθεν αὐτὰς ἰδόντες, καὶ ἀσπασάμενοι, καὶ ὁμολογήσαντες ὅτι ξένοι καὶ παρεπίδημοί εἰσιν ἐπὶ τῆς γῆς."
11,14,Οἱ γὰρ τοιαῦτα λέγοντες ἐμφανίζουσιν ὅτι πατρίδα ἐπιζητοῦσιν.
11,15,"Καὶ εἰ μὲν ἐκείνης ἐμνημόνευον ἀφ’ ἧς ἐξῆλθον, {NA ἐξῆλθον > ἐξέβησαν } εἶχον ἂν καιρὸν ἀνακάμψαι."
11,16,"Νῦν δὲ κρείττονος ὀρέγονται, τοῦτ’ ἔστιν, ἐπουρανίου· διὸ οὐκ ἐπαισχύνεται αὐτοὺς ὁ θεός, θεὸς ἐπικαλεῖσθαι αὐτῶν· ἡτοίμασεν γὰρ αὐτοῖς πόλιν."
11,17,"¶Πίστει προσενήνοχεν Ἀβραὰμ τὸν Ἰσαὰκ πειραζόμενος, καὶ τὸν μονογενῆ προσέφερεν ὁ τὰς ἐπαγγελίας ἀναδεξάμενος,"
11,18,"πρὸς ὃν ἐλαλήθη, ὅτι Ἐν Ἰσαὰκ κληθήσεταί σοι σπέρμα·"
11,19,λογισάμενος ὅτι καὶ ἐκ νεκρῶν ἐγείρειν δυνατὸς ὁ θεός· ὅθεν αὐτὸν καὶ ἐν παραβολῇ ἐκομίσατο.
11,20,Πίστει περὶ {NA περὶ > καὶ περὶ } μελλόντων εὐλόγησεν Ἰσαὰκ τὸν Ἰακὼβ καὶ τὸν Ἠσαῦ.
11,21,"Πίστει Ἰακὼβ ἀποθνῄσκων ἕκαστον τῶν υἱῶν Ἰωσὴφ εὐλόγησεν, καὶ προσεκύνησεν ἐπὶ τὸ ἄκρον τῆς ῥάβδου αὐτοῦ."
11,22,"Πίστει Ἰωσὴφ τελευτῶν περὶ τῆς ἐξόδου τῶν υἱῶν Ἰσραὴλ ἐμνημόνευσεν, καὶ περὶ τῶν ὀστέων αὐτοῦ ἐνετείλατο."
11,23,"Πίστει Μωϋσῆς γεννηθεὶς ἐκρύβη τρίμηνον ὑπὸ τῶν πατέρων αὐτοῦ, διότι εἶδον ἀστεῖον τὸ παιδίον· καὶ οὐκ ἐφοβήθησαν τὸ διάταγμα τοῦ βασιλέως."
11,24,"Πίστει Μωϋσῆς μέγας γενόμενος ἠρνήσατο λέγεσθαι υἱὸς θυγατρὸς Φαραώ,"
11,25,μᾶλλον ἑλόμενος συγκακουχεῖσθαι τῷ λαῷ τοῦ θεοῦ ἢ πρόσκαιρον ἔχειν ἁμαρτίας ἀπόλαυσιν·
11,26,μείζονα πλοῦτον ἡγησάμενος τῶν Αἰγύπτου θησαυρῶν τὸν ὀνειδισμὸν τοῦ χριστοῦ· ἀπέβλεπεν γὰρ εἰς τὴν μισθαποδοσίαν.
11,27,"Πίστει κατέλιπεν Αἴγυπτον, μὴ φοβηθεὶς τὸν θυμὸν τοῦ βασιλέως· τὸν γὰρ ἀόρατον ὡς ὁρῶν ἐκαρτέρησεν."
11,28,"Πίστει πεποίηκεν τὸ Πάσχα καὶ τὴν πρόσχυσιν τοῦ αἵματος, ἵνα μὴ ὁ ὀλοθρεύων τὰ πρωτότοκα θίγῃ αὐτῶν."
11,29,Πίστει διέβησαν τὴν Ἐρυθρὰν θάλασσαν ὡς διὰ ξηρᾶς· ἧς {NA ἧς > γῆς ἧς } πεῖραν λαβόντες οἱ Αἰγύπτιοι κατεπόθησαν.
11,30,"Πίστει τὰ τείχη Ἰεριχὼ ἔπεσεν, {NA ἔπεσεν > ἔπεσαν } κυκλωθέντα ἐπὶ ἑπτὰ ἡμέρας."
11,31,"Πίστει Ῥαὰβ ἡ πόρνη οὐ συναπώλετο τοῖς ἀπειθήσασιν, δεξαμένη τοὺς κατασκόπους μετ’ εἰρήνης."
11,32,"Καὶ τί ἔτι λέγω; Ἐπιλείψει γάρ {NA γάρ με > με γὰρ } με διηγούμενον ὁ χρόνος περὶ Γεδεών, Βαράκ τε {NA τε καὶ Σαμψὼν καὶ > Σαμψών } καὶ Σαμψὼν καὶ Ἰεφθάε, Δαυίδ τε καὶ Σαμουὴλ καὶ τῶν προφητῶν·"
11,33,"οἳ διὰ πίστεως κατηγωνίσαντο βασιλείας, εἰργάσαντο δικαιοσύνην, ἐπέτυχον ἐπαγγελιῶν, ἔφραξαν στόματα λεόντων,"
11,34,"ἔσβεσαν δύναμιν πυρός, ἔφυγον στόματα μαχαίρας, {NA μαχαίρας ἐνεδυναμώθησαν > μαχαίρης ἐδυναμώθησαν } ἐνεδυναμώθησαν ἀπὸ ἀσθενείας, ἐγενήθησαν ἰσχυροὶ ἐν πολέμῳ, παρεμβολὰς ἔκλιναν ἀλλοτρίων."
11,35,"Ἔλαβον γυναῖκες ἐξ ἀναστάσεως τοὺς νεκροὺς αὐτῶν· ἄλλοι δὲ ἐτυμπανίσθησαν, οὐ προσδεξάμενοι τὴν ἀπολύτρωσιν, ἵνα κρείττονος ἀναστάσεως τύχωσιν·"
11,36,"ἕτεροι δὲ ἐμπαιγμῶν καὶ μαστίγων πεῖραν ἔλαβον, ἔτι δὲ δεσμῶν καὶ φυλακῆς·"
11,37,"ἐλιθάσθησαν, ἐπρίσθησαν, ἐπειράσθησαν, {NA ἐπειράσθησαν > - } ἐν φόνῳ μαχαίρας {NA μαχαίρας > μαχαίρης } ἀπέθανον· περιῆλθον ἐν μηλωταῖς, ἐν αἰγείοις δέρμασιν, ὑστερούμενοι, θλιβόμενοι, κακουχούμενοι-"
11,38,ὧν οὐκ ἦν ἄξιος ὁ κόσμος- ἐν {NA ἐν > ἐπὶ } ἐρημίαις πλανώμενοι καὶ ὄρεσιν καὶ σπηλαίοις καὶ ταῖς ὀπαῖς τῆς γῆς.
11,39,"Καὶ οὗτοι πάντες, μαρτυρηθέντες διὰ τῆς πίστεως, οὐκ ἐκομίσαντο τὴν ἐπαγγελίαν,"
11,40,"τοῦ θεοῦ περὶ ἡμῶν κρεῖττόν τι προβλεψαμένου, ἵνα μὴ χωρὶς ἡμῶν τελειωθῶσιν."
12,1,"Τοιγαροῦν καὶ ἡμεῖς, τοσοῦτον ἔχοντες περικείμενον ἡμῖν νέφος μαρτύρων, ὄγκον ἀποθέμενοι πάντα καὶ τὴν εὐπερίστατον ἁμαρτίαν, δι’ ὑπομονῆς τρέχωμεν τὸν προκείμενον ἡμῖν ἀγῶνα,"
12,2,"ἀφορῶντες εἰς τὸν τῆς πίστεως ἀρχηγὸν καὶ τελειωτὴν Ἰησοῦν, ὅς, ἀντὶ τῆς προκειμένης αὐτῷ χαρᾶς, ὑπέμεινεν σταυρόν, αἰσχύνης καταφρονήσας, ἐν δεξιᾷ τε τοῦ θρόνου τοῦ θεοῦ κεκάθικεν."
12,3,"Ἀναλογίσασθε γὰρ τὸν τοιαύτην ὑπομεμενηκότα ὑπὸ τῶν ἁμαρτωλῶν εἰς αὐτὸν {NA αὐτὸν > ἑαυτὸν } ἀντιλογίαν, ἵνα μὴ κάμητε ταῖς ψυχαῖς ὑμῶν ἐκλυόμενοι."
12,4,Οὔπω μέχρι {NA μέχρι > μέχρις } αἵματος ἀντικατέστητε πρὸς τὴν ἁμαρτίαν ἀνταγωνιζόμενοι·
12,5,"καὶ ἐκλέλησθε τῆς παρακλήσεως, ἥτις ὑμῖν ὡς υἱοῖς διαλέγεται, Υἱέ μου, μὴ ὀλιγώρει παιδείας κυρίου, μηδὲ ἐκλύου ὑπ’ αὐτοῦ ἐλεγχόμενος·"
12,6,ὃν γὰρ ἀγαπᾷ κύριος παιδεύει· μαστιγοῖ δὲ πάντα υἱὸν ὃν παραδέχεται.
12,7,"Εἰς {Byz Εἰς > Εἰ } παιδείαν ὑπομένετε, ὡς υἱοῖς ὑμῖν προσφέρεται ὁ θεός· τίς γάρ ἐστιν {NA ἐστιν > - } υἱὸς ὃν οὐ παιδεύει πατήρ;"
12,8,"Εἰ δὲ χωρίς ἐστε παιδείας, ἧς μέτοχοι γεγόνασιν πάντες, ἄρα νόθοι ἐστὲ {NA ἐστὲ καὶ οὐχ υἱοί > καὶ οὐχ υἱοί ἐστε } καὶ οὐχ υἱοί."
12,9,"Εἶτα τοὺς μὲν τῆς σαρκὸς ἡμῶν πατέρας εἴχομεν παιδευτάς, καὶ ἐνετρεπόμεθα· οὐ πολλῷ {NA πολλῷ > πολὺ [δὲ] } μᾶλλον ὑποταγησόμεθα τῷ πατρὶ τῶν πνευμάτων, καὶ ζήσομεν;"
12,10,"Οἱ μὲν γὰρ πρὸς ὀλίγας ἡμέρας κατὰ τὸ δοκοῦν αὐτοῖς ἐπαίδευον· ὁ δὲ ἐπὶ τὸ συμφέρον, εἰς τὸ μεταλαβεῖν τῆς ἁγιότητος αὐτοῦ."
12,11,"Πᾶσα δὲ παιδεία πρὸς μὲν τὸ παρὸν οὐ δοκεῖ χαρᾶς εἶναι, ἀλλὰ λύπης· ὕστερον δὲ καρπὸν εἰρηνικὸν τοῖς δι’ αὐτῆς γεγυμνασμένοις ἀποδίδωσιν δικαιοσύνης."
12,12,Διὸ τὰς παρειμένας χεῖρας καὶ τὰ παραλελυμένα γόνατα ἀνορθώσατε·
12,13,"καὶ τροχιὰς ὀρθὰς ποιήσατε {NA ποιήσατε > ποιεῖτε } τοῖς ποσὶν ὑμῶν, ἵνα μὴ τὸ χωλὸν ἐκτραπῇ, ἰαθῇ δὲ μᾶλλον."
12,14,"¶Εἰρήνην διώκετε μετὰ πάντων, καὶ τὸν ἁγιασμόν, οὗ χωρὶς οὐδεὶς ὄψεται τὸν κύριον·"
12,15,"ἐπισκοποῦντες μή τις ὑστερῶν ἀπὸ τῆς χάριτος τοῦ θεοῦ· μή τις ῥίζα πικρίας ἄνω φύουσα ἐνοχλῇ, καὶ διὰ {NA διὰ ταύτης > δι’ αὐτῆς } ταύτης μιανθῶσιν πολλοί·"
12,16,"μή τις πόρνος, ἢ βέβηλος, ὡς Ἠσαῦ, ὃς ἀντὶ βρώσεως μιᾶς ἀπέδοτο {NA ἀπέδοτο > ἀπέδετο } τὰ πρωτοτόκια αὐτοῦ. {NA αὐτοῦ > ἑαυτοῦ }"
12,17,"Ἴστε γὰρ ὅτι καὶ μετέπειτα, θέλων κληρονομῆσαι τὴν εὐλογίαν, ἀπεδοκιμάσθη· μετανοίας γὰρ τόπον οὐχ εὗρεν, καίπερ μετὰ δακρύων ἐκζητήσας αὐτήν."
12,18,"¶Οὐ γὰρ προσεληλύθατε ψηλαφωμένῳ ὄρει, {NA ὄρει > - } καὶ κεκαυμένῳ πυρί, καὶ γνόφῳ, καὶ σκότῳ, {NA σκότῳ > ζόφῳ } καὶ θυέλλῃ,"
12,19,"καὶ σάλπιγγος ἤχῳ, καὶ φωνῇ ῥημάτων, ἧς οἱ ἀκούσαντες παρῃτήσαντο μὴ προστεθῆναι αὐτοῖς λόγον·"
12,20,"οὐκ ἔφερον γὰρ τὸ διαστελλόμενον, Κἂν θηρίον θίγῃ τοῦ ὄρους, λιθοβοληθήσεται·"
12,21,"καί, οὕτως {NA οὕτως > οὕτω } φοβερὸν ἦν τὸ φανταζόμενον, Μωϋσῆς εἶπεν, Ἔκφοβός εἰμι καὶ ἔντρομος."
12,22,"Ἀλλὰ προσεληλύθατε Σιὼν ὄρει, καὶ πόλει θεοῦ ζῶντος, Ἱερουσαλὴμ ἐπουρανίῳ, καὶ μυριάσιν ἀγγέλων,"
12,23,"πανηγύρει καὶ ἐκκλησίᾳ πρωτοτόκων ἐν {NA ἐν οὐρανοῖς ἀπογεγραμμένων > ἀπογεγραμμένων ἐν οὐρανοῖς } οὐρανοῖς ἀπογεγραμμένων, καὶ κριτῇ θεῷ πάντων, καὶ πνεύμασιν δικαίων τετελειωμένων,"
12,24,"καὶ διαθήκης νέας μεσίτῃ Ἰησοῦ, καὶ αἵματι ῥαντισμοῦ κρεῖττον λαλοῦντι παρὰ τὸν Ἄβελ."
12,25,"Βλέπετε μὴ παραιτήσησθε τὸν λαλοῦντα. Εἰ γὰρ ἐκεῖνοι οὐκ ἔφυγον, {NA ἔφυγον > ἐξέφυγον } τὸν {NA τὸν ἐπὶ γῆς παραιτησάμενοι > ἐπὶ γῆς παραιτησάμενοι τὸν } ἐπὶ γῆς παραιτησάμενοι χρηματίζοντα, πολλῷ {NA πολλῷ > πολὺ } μᾶλλον ἡμεῖς οἱ τὸν ἀπ’ οὐρανῶν ἀποστρεφόμενοι·"
12,26,"οὗ ἡ φωνὴ τὴν γῆν ἐσάλευσεν τότε, νῦν δὲ ἐπήγγελται, λέγων, Ἔτι ἅπαξ ἐγὼ σείω {NA σείω > σείσω } οὐ μόνον τὴν γῆν, ἀλλὰ καὶ τὸν οὐρανόν."
12,27,"Τὸ δέ, Ἔτι ἅπαξ, δηλοῖ τῶν {NA τῶν σαλευομένων τὴν > [τὴν] τῶν σαλευομένων } σαλευομένων τὴν μετάθεσιν, ὡς πεποιημένων, ἵνα μείνῃ τὰ μὴ σαλευόμενα."
12,28,"Διὸ βασιλείαν ἀσάλευτον παραλαμβάνοντες, ἔχωμεν χάριν, δι’ ἧς λατρεύομεν {NA λατρεύομεν > λατρεύωμεν } εὐαρέστως τῷ θεῷ μετὰ αἰδοῦς {NA αἰδοῦς καὶ εὐλαβείας > εὐλαβείας καὶ δέους } καὶ εὐλαβείας·"
12,29,καὶ γὰρ ὁ θεὸς ἡμῶν πῦρ καταναλίσκον.
13,1,Ἡ φιλαδελφία μενέτω.
13,2,Τῆς φιλοξενίας μὴ ἐπιλανθάνεσθε· διὰ ταύτης γὰρ ἔλαθόν τινες ξενίσαντες ἀγγέλους.
13,3,"Μιμνῄσκεσθε τῶν δεσμίων, ὡς συνδεδεμένοι· τῶν κακουχουμένων, ὡς καὶ αὐτοὶ ὄντες ἐν σώματι."
13,4,"Τίμιος ὁ γάμος ἐν πᾶσιν, καὶ ἡ κοίτη ἀμίαντος· πόρνους δὲ {NA δὲ > γὰρ } καὶ μοιχοὺς κρινεῖ ὁ θεός."
13,5,"Ἀφιλάργυρος ὁ τρόπος, ἀρκούμενοι τοῖς παροῦσιν· αὐτὸς γὰρ εἴρηκεν, Οὐ μή σε ἀνῶ, οὐδ’ οὐ μή σε ἐγκαταλείπω. {NA ἐγκαταλείπω > ἐγκαταλίπω }"
13,6,"Ὥστε θαρροῦντας ἡμᾶς λέγειν, Κύριος ἐμοὶ βοηθός, καὶ {NA καὶ > [καὶ] } οὐ φοβηθήσομαι τί ποιήσει μοι ἄνθρωπος."
13,7,"¶Μνημονεύετε τῶν ἡγουμένων ὑμῶν, οἵτινες ἐλάλησαν ὑμῖν τὸν λόγον τοῦ θεοῦ· ὧν ἀναθεωροῦντες τὴν ἔκβασιν τῆς ἀναστροφῆς, μιμεῖσθε τὴν πίστιν."
13,8,"Ἰησοῦς χριστὸς χθὲς {NA χθὲς > ἐχθὲς } καὶ σήμερον ὁ αὐτός, καὶ εἰς τοὺς αἰῶνας."
13,9,"Διδαχαῖς ποικίλαις καὶ ξέναις μὴ παραφέρεσθε· καλὸν γὰρ χάριτι βεβαιοῦσθαι τὴν καρδίαν, οὐ βρώμασιν, ἐν οἷς οὐκ ὠφελήθησαν οἱ περιπατήσαντες. {NA περιπατήσαντες > περιπατοῦντες }"
13,10,"Ἔχομεν θυσιαστήριον, ἐξ οὗ φαγεῖν οὐκ ἔχουσιν ἐξουσίαν οἱ τῇ σκηνῇ λατρεύοντες."
13,11,"Ὧν γὰρ εἰσφέρεται ζῴων τὸ αἷμα περὶ ἁμαρτίας εἰς τὰ ἅγια διὰ τοῦ ἀρχιερέως, τούτων τὰ σώματα κατακαίεται ἔξω τῆς παρεμβολῆς."
13,12,"Διὸ καὶ Ἰησοῦς, ἵνα ἁγιάσῃ διὰ τοῦ ἰδίου αἵματος τὸν λαόν, ἔξω τῆς πύλης ἔπαθεν."
13,13,"Τοίνυν ἐξερχώμεθα πρὸς αὐτὸν ἔξω τῆς παρεμβολῆς, τὸν ὀνειδισμὸν αὐτοῦ φέροντες."
13,14,"Οὐ γὰρ ἔχομεν ὧδε μένουσαν πόλιν, ἀλλὰ τὴν μέλλουσαν ἐπιζητοῦμεν."
13,15,"Δι’ αὐτοῦ οὖν {NA οὖν > [οὖν] } ἀναφέρωμεν θυσίαν αἰνέσεως διὰ παντὸς τῷ θεῷ, τοῦτ’ ἔστιν, καρπὸν χειλέων ὁμολογούντων τῷ ὀνόματι αὐτοῦ."
13,16,Τῆς δὲ εὐποιΐας καὶ κοινωνίας μὴ ἐπιλανθάνεσθε· τοιαύταις γὰρ θυσίαις εὐαρεστεῖται ὁ θεός.
13,17,"Πείθεσθε τοῖς ἡγουμένοις ὑμῶν, καὶ ὑπείκετε· αὐτοὶ γὰρ ἀγρυπνοῦσιν ὑπὲρ τῶν ψυχῶν ὑμῶν, ὡς λόγον ἀποδώσοντες· ἵνα μετὰ χαρᾶς τοῦτο ποιῶσιν, καὶ μὴ στενάζοντες· ἀλυσιτελὲς γὰρ ὑμῖν τοῦτο."
13,18,"¶Προσεύχεσθε περὶ ἡμῶν· πεποίθαμεν {NA πεποίθαμεν > πειθόμεθα } γὰρ ὅτι καλὴν συνείδησιν ἔχομεν, ἐν πᾶσιν καλῶς θέλοντες ἀναστρέφεσθαι."
13,19,"Περισσοτέρως δὲ παρακαλῶ τοῦτο ποιῆσαι, ἵνα τάχιον ἀποκατασταθῶ ὑμῖν."
13,20,"¶Ὁ δὲ θεὸς τῆς εἰρήνης, ὁ ἀναγαγὼν ἐκ νεκρῶν τὸν ποιμένα τῶν προβάτων τὸν μέγαν ἐν αἵματι διαθήκης αἰωνίου, τὸν κύριον ἡμῶν Ἰησοῦν,"
13,21,"καταρτίσαι ὑμᾶς ἐν παντὶ ἔργῳ {NA ἔργῳ > - } ἀγαθῷ εἰς τὸ ποιῆσαι τὸ θέλημα αὐτοῦ, ποιῶν ἐν ὑμῖν {NA ὑμῖν > ἡμῖν } τὸ εὐάρεστον ἐνώπιον αὐτοῦ, διὰ Ἰησοῦ χριστοῦ· ᾧ ἡ δόξα εἰς τοὺς αἰῶνας τῶν {NA τῶν αἰώνων > [τῶν αἰώνων] } αἰώνων. Ἀμήν."
13,22,"¶Παρακαλῶ δὲ ὑμᾶς, ἀδελφοί, ἀνέχεσθε τοῦ λόγου τῆς παρακλήσεως· καὶ γὰρ διὰ βραχέων ἐπέστειλα ὑμῖν."
13,23,"Γινώσκετε τὸν ἀδελφὸν {NA ἀδελφὸν > ἀδελφὸν ἡμῶν } Τιμόθεον ἀπολελυμένον, μεθ’ οὗ, ἐὰν τάχιον ἔρχηται, ὄψομαι ὑμᾶς."
13,24,"¶Ἀσπάσασθε πάντας τοὺς ἡγουμένους ὑμῶν, καὶ πάντας τοὺς ἁγίους. Ἀσπάζονται ὑμᾶς οἱ ἀπὸ τῆς Ἰταλίας."
13,25,¶Ἡ χάρις μετὰ πάντων ὑμῶν. Ἀμήν. {NA Ἀμήν > - }
