chapter,verse,text
1,1,"Παῦλος ἀπόστολος Ἰησοῦ χριστοῦ διὰ θελήματος θεοῦ, καὶ Τιμόθεος ὁ ἀδελφός, τῇ ἐκκλησίᾳ τοῦ θεοῦ τῇ οὔσῃ ἐν Κορίνθῳ, σὺν τοῖς ἁγίοις πᾶσιν τοῖς οὖσιν ἐν ὅλῃ τῇ Ἀχαΐᾳ·"
1,2,χάρις ὑμῖν καὶ εἰρήνη ἀπὸ θεοῦ πατρὸς ἡμῶν καὶ κυρίου Ἰησοῦ χριστοῦ.
1,3,"Εὐλογητὸς ὁ θεὸς καὶ πατὴρ τοῦ κυρίου ἡμῶν Ἰησοῦ χριστοῦ, ὁ πατὴρ τῶν οἰκτιρμῶν καὶ θεὸς πάσης παρακλήσεως,"
1,4,"ὁ παρακαλῶν ἡμᾶς ἐπὶ πάσῃ τῇ θλίψει ἡμῶν, εἰς τὸ δύνασθαι ἡμᾶς παρακαλεῖν τοὺς ἐν πάσῃ θλίψει, διὰ τῆς παρακλήσεως ἧς παρακαλούμεθα αὐτοὶ ὑπὸ τοῦ θεοῦ."
1,5,"Ὅτι καθὼς περισσεύει τὰ παθήματα τοῦ χριστοῦ εἰς ἡμᾶς, οὕτως διὰ τοῦ χριστοῦ περισσεύει καὶ ἡ παράκλησις ἡμῶν."
1,6,"Εἴτε δὲ θλιβόμεθα, ὑπὲρ τῆς ὑμῶν παρακλήσεως καὶ σωτηρίας, τῆς ἐνεργουμένης ἐν ὑπομονῇ τῶν αὐτῶν παθημάτων ὧν καὶ ἡμεῖς πάσχομεν· καὶ ἡ ἐλπὶς ἡμῶν βεβαία ὑπὲρ ὑμῶν· εἴτε παρακαλούμεθα, ὑπὲρ τῆς ὑμῶν παρακλήσεως καὶ σωτηρίας·"
1,7,"εἰδότες ὅτι ὥσπερ κοινωνοί ἐστε τῶν παθημάτων, οὕτως καὶ τῆς παρακλήσεως."
1,8,"Οὐ γὰρ θέλομεν ὑμᾶς ἀγνοεῖν, ἀδελφοί, ὑπὲρ τῆς θλίψεως ἡμῶν τῆς γενομένης ἡμῖν ἐν τῇ Ἀσίᾳ, ὅτι καθ’ ὑπερβολὴν ἐβαρήθημεν ὑπὲρ δύναμιν, ὥστε ἐξαπορηθῆναι ἡμᾶς καὶ τοῦ ζῇν."
1,9,"Ἀλλὰ αὐτοὶ ἐν ἑαυτοῖς τὸ ἀπόκριμα τοῦ θανάτου ἐσχήκαμεν, ἵνα μὴ πεποιθότες ὦμεν ἐφ’ ἑαυτοῖς ἀλλ’ ἐπὶ τῷ θεῷ τῷ ἐγείροντι τοὺς νεκρούς·"
1,10,"ὃς ἐκ τηλικούτου θανάτου ἐρρύσατο ἡμᾶς καὶ ῥύεται, εἰς ὃν ἠλπίκαμεν ὅτι καὶ ἔτι ῥύσεται,"
1,11,"συνυπουργούντων καὶ ὑμῶν ὑπὲρ ἡμῶν τῇ δεήσει, ἵνα ἐκ πολλῶν προσώπων τὸ εἰς ἡμᾶς χάρισμα διὰ πολλῶν εὐχαριστηθῇ ὑπὲρ ὑμῶν."
1,12,"¶Ἡ γὰρ καύχησις ἡμῶν αὕτη ἐστίν, τὸ μαρτύριον τῆς συνειδήσεως ἡμῶν, ὅτι ἐν ἁπλότητι καὶ εἰλικρινείᾳ θεοῦ, οὐκ ἐν σοφίᾳ σαρκικῇ ἀλλ’ ἐν χάριτι θεοῦ, ἀνεστράφημεν ἐν τῷ κόσμῳ, περισσοτέρως δὲ πρὸς ὑμᾶς."
1,13,"Οὐ γὰρ ἄλλα γράφομεν ὑμῖν, ἀλλ’ ἢ ἃ ἀναγινώσκετε ἢ καὶ ἐπιγινώσκετε, ἐλπίζω δὲ ὅτι καὶ ἕως τέλους ἐπιγνώσεσθε·"
1,14,"καθὼς καὶ ἐπέγνωτε ἡμᾶς ἀπὸ μέρους, ὅτι καύχημα ὑμῶν ἐσμέν, καθάπερ καὶ ὑμεῖς ἡμῶν, ἐν τῇ ἡμέρᾳ τοῦ κυρίου Ἰησοῦ."
1,15,"¶Καὶ ταύτῃ τῇ πεποιθήσει ἐβουλόμην ἐλθεῖν πρὸς ὑμᾶς τὸ πρότερον, ἵνα δευτέραν χάριν ἔχητε·"
1,16,"καὶ δι’ ὑμῶν διελθεῖν εἰς Μακεδονίαν, καὶ πάλιν ἀπὸ Μακεδονίας ἐλθεῖν πρὸς ὑμᾶς, καὶ ὑφ’ ὑμῶν προπεμφθῆναι εἰς τὴν Ἰουδαίαν."
1,17,"Τοῦτο οὖν βουλευόμενος, μήτι ἄρα τῇ ἐλαφρίᾳ ἐχρησάμην; Ἢ ἃ βουλεύομαι, κατὰ σάρκα βουλεύομαι, ἵνα ᾖ παρ’ ἐμοὶ τὸ Ναί, ναὶ καὶ τὸ Οὔ, οὔ;"
1,18,"Πιστὸς δὲ ὁ θεός, ὅτι ὁ λόγος ἡμῶν ὁ πρὸς ὑμᾶς οὐκ ἐγένετο Ναὶ καὶ οὔ."
1,19,"Ὁ γὰρ τοῦ θεοῦ υἱὸς Ἰησοῦς χριστὸς ὁ ἐν ὑμῖν δι’ ἡμῶν κηρυχθείς, δι’ ἐμοῦ καὶ Σιλουανοῦ καὶ Τιμοθέου, οὐκ ἐγένετο Ναὶ καὶ Οὔ, ἀλλὰ Ναὶ ἐν αὐτῷ γέγονεν."
1,20,"Ὅσαι γὰρ ἐπαγγελίαι θεοῦ, ἐν αὐτῷ τὸ Ναί, καὶ ἐν αὐτῷ τὸ Ἀμήν, τῷ θεῷ πρὸς δόξαν δι’ ἡμῶν."
1,21,"Ὁ δὲ βεβαιῶν ἡμᾶς σὺν ὑμῖν εἰς χριστόν, καὶ χρίσας ἡμᾶς, θεός·"
1,22,"ὁ καὶ σφραγισάμενος ἡμᾶς, καὶ δοὺς τὸν ἀρραβῶνα τοῦ πνεύματος ἐν ταῖς καρδίαις ἡμῶν."
1,23,"¶Ἐγὼ δὲ μάρτυρα τὸν θεὸν ἐπικαλοῦμαι ἐπὶ τὴν ἐμὴν ψυχήν, ὅτι φειδόμενος ὑμῶν οὐκέτι ἦλθον εἰς Κόρινθον."
1,24,"Οὐχ ὅτι κυριεύομεν ὑμῶν τῆς πίστεως, ἀλλὰ συνεργοί ἐσμεν τῆς χαρᾶς ὑμῶν· τῇ γὰρ πίστει ἑστήκατε."
2,1,"Ἔκρινα δὲ ἐμαυτῷ τοῦτο, τὸ μὴ πάλιν ἐν λύπῃ πρὸς ὑμᾶς ἐλθεῖν."
2,2,"Εἰ γὰρ ἐγὼ λυπῶ ὑμᾶς, καὶ τίς ἐστιν ὁ εὐφραίνων με, εἰ μὴ ὁ λυπούμενος ἐξ ἐμοῦ;"
2,3,"Καὶ ἔγραψα ὑμῖν τοῦτο αὐτό, ἵνα μὴ ἐλθὼν λύπην ἔχω ἀφ’ ὧν ἔδει με χαίρειν, πεποιθὼς ἐπὶ πάντας ὑμᾶς, ὅτι ἡ ἐμὴ χαρὰ πάντων ὑμῶν ἐστίν."
2,4,"Ἐκ γὰρ πολλῆς θλίψεως καὶ συνοχῆς καρδίας ἔγραψα ὑμῖν διὰ πολλῶν δακρύων, οὐχ ἵνα λυπηθῆτε, ἀλλὰ τὴν ἀγάπην ἵνα γνῶτε ἣν ἔχω περισσοτέρως εἰς ὑμᾶς."
2,5,"¶Εἰ δέ τις λελύπηκεν, οὐκ ἐμὲ λελύπηκεν, ἀλλὰ ἀπὸ μέρους- ἵνα μὴ ἐπιβαρῶ- πάντας ὑμᾶς."
2,6,Ἱκανὸν τῷ τοιούτῳ ἡ ἐπιτιμία αὕτη ἡ ὑπὸ τῶν πλειόνων·
2,7,"ὥστε τοὐναντίον μᾶλλον ὑμᾶς χαρίσασθαι καὶ παρακαλέσαι, μήπως τῇ περισσοτέρᾳ λύπῃ καταποθῇ ὁ τοιοῦτος."
2,8,Διὸ παρακαλῶ ὑμᾶς κυρῶσαι εἰς αὐτὸν ἀγάπην.
2,9,"Εἰς τοῦτο γὰρ καὶ ἔγραψα, ἵνα γνῶ τὴν δοκιμὴν ὑμῶν, εἰ εἰς πάντα ὑπήκοοί ἐστε."
2,10,"ᾯ δέ τι χαρίζεσθε, καὶ ἐγώ· καὶ γὰρ ἐγὼ εἴ τι κεχάρισμαι, ᾧ κεχάρισμαι, δι’ ὑμᾶς ἐν προσώπῳ χριστοῦ,"
2,11,ἵνα μὴ πλεονεκτηθῶμεν ὑπὸ τοῦ Σατανᾶ· οὐ γὰρ αὐτοῦ τὰ νοήματα ἀγνοοῦμεν.
2,12,"¶Ἐλθὼν δὲ εἰς τὴν Τρῳάδα εἰς τὸ εὐαγγέλιον τοῦ χριστοῦ, καὶ θύρας μοι ἀνεῳγμένης ἐν κυρίῳ,"
2,13,"οὐκ ἔσχηκα ἄνεσιν τῷ πνεύματί μου, τῷ μὴ εὑρεῖν με Τίτον τὸν ἀδελφόν μου· ἀλλὰ ἀποταξάμενος αὐτοῖς ἐξῆλθον εἰς Μακεδονίαν."
2,14,"Τῷ δὲ θεῷ χάρις τῷ πάντοτε θριαμβεύοντι ἡμᾶς ἐν τῷ χριστῷ, καὶ τὴν ὀσμὴν τῆς γνώσεως αὐτοῦ φανεροῦντι δι’ ἡμῶν ἐν παντὶ τόπῳ."
2,15,Ὅτι χριστοῦ εὐωδία ἐσμὲν τῷ θεῷ ἐν τοῖς σῳζομένοις καὶ ἐν τοῖς ἀπολλυμένοις·
2,16,"οἷς μὲν ὀσμὴ θανάτου εἰς θάνατον, οἷς δὲ ὀσμὴ ζωῆς εἰς ζωήν. Καὶ πρὸς ταῦτα τίς ἱκανός;"
2,17,"Οὐ γάρ ἐσμεν ὡς οἱ λοιποί, καπηλεύοντες τὸν λόγον τοῦ θεοῦ· ἀλλ’ ὡς ἐξ εἰλικρινείας, ἀλλ’ ὡς ἐκ θεοῦ, κατενώπιον τοῦ θεοῦ, ἐν χριστῷ λαλοῦμεν."
3,1,"Ἀρχόμεθα πάλιν ἑαυτοὺς συνιστάνειν; Εἰ μὴ χρῄζομεν, ὥς τινες, συστατικῶν ἐπιστολῶν πρὸς ὑμᾶς, ἢ ἐξ ὑμῶν συστατικῶν;"
3,2,"Ἡ ἐπιστολὴ ἡμῶν ὑμεῖς ἐστέ, ἐγγεγραμμένη ἐν ταῖς καρδίαις ἡμῶν, γινωσκομένη καὶ ἀναγινωσκομένη ὑπὸ πάντων ἀνθρώπων·"
3,3,"φανερούμενοι ὅτι ἐστὲ ἐπιστολὴ χριστοῦ διακονηθεῖσα ὑφ’ ἡμῶν, ἐγγεγραμμένη οὐ μέλανι, ἀλλὰ πνεύματι θεοῦ ζῶντος, οὐκ ἐν πλαξὶν λιθίναις, ἀλλ’ ἐν πλαξὶν καρδίαις σαρκίναις."
3,4,Πεποίθησιν δὲ τοιαύτην ἔχομεν διὰ τοῦ χριστοῦ πρὸς τὸν θεόν·
3,5,"οὐχ ὅτι ἱκανοί ἐσμεν ἀφ’ ἑαυτῶν λογίσασθαί τι ὡς ἐξ ἑαυτῶν, ἀλλ’ ἡ ἱκανότης ἡμῶν ἐκ τοῦ θεοῦ·"
3,6,"ὃς καὶ ἱκάνωσεν ἡμᾶς διακόνους καινῆς διαθήκης, οὐ γράμματος, ἀλλὰ πνεύματος· τὸ γὰρ γράμμα ἀποκτένει, τὸ δὲ πνεῦμα ζῳοποιεῖ."
3,7,"Εἰ δὲ ἡ διακονία τοῦ θανάτου ἐν γράμμασιν, ἐντετυπωμένη ἐν λίθοις, ἐγενήθη ἐν δόξῃ, ὥστε μὴ δύνασθαι ἀτενίσαι τοὺς υἱοὺς Ἰσραὴλ εἰς τὸ πρόσωπον Μωϋσέως διὰ τὴν δόξαν τοῦ προσώπου αὐτοῦ, τὴν καταργουμένην,"
3,8,πῶς οὐχὶ μᾶλλον ἡ διακονία τοῦ πνεύματος ἔσται ἐν δόξῃ;
3,9,"Εἰ γὰρ ἡ διακονία τῆς κατακρίσεως δόξα, πολλῷ μᾶλλον περισσεύει ἡ διακονία τῆς δικαιοσύνης ἐν δόξῃ."
3,10,"Καὶ γὰρ οὐ δεδόξασται τὸ δεδοξασμένον ἐν τούτῳ τῷ μέρει, ἕνεκεν τῆς ὑπερβαλλούσης δόξης."
3,11,"Εἰ γὰρ τὸ καταργούμενον, διὰ δόξης, πολλῷ μᾶλλον τὸ μένον, ἐν δόξῃ."
3,12,"¶Ἔχοντες οὖν τοιαύτην ἐλπίδα, πολλῇ παρρησίᾳ χρώμεθα·"
3,13,"καὶ οὐ καθάπερ Μωϋσῆς ἐτίθει κάλυμμα ἐπὶ τὸ πρόσωπον ἑαυτοῦ, πρὸς τὸ μὴ ἀτενίσαι τοὺς υἱοὺς Ἰσραὴλ εἰς τὸ τέλος τοῦ καταργουμένου·"
3,14,"ἀλλ’ ἐπωρώθη τὰ νοήματα αὐτῶν· ἄχρι γὰρ τῆς σήμερον τὸ αὐτὸ κάλυμμα ἐπὶ τῇ ἀναγνώσει τῆς παλαιᾶς διαθήκης μένει μὴ ἀνακαλυπτόμενον, ὅ τι ἐν χριστῷ καταργεῖται."
3,15,"Ἀλλ’ ἕως σήμερον, ἡνίκα ἀναγινώσκεται Μωϋσῆς, κάλυμμα ἐπὶ τὴν καρδίαν αὐτῶν κεῖται."
3,16,"Ἡνίκα δ’ ἂν ἐπιστρέψῃ πρὸς κύριον, περιαιρεῖται τὸ κάλυμμα."
3,17,"Ὁ δὲ κύριος τὸ πνεῦμά ἐστιν· οὗ δὲ τὸ πνεῦμα κυρίου, ἐκεῖ ἐλευθερία."
3,18,"Ἡμεῖς δὲ πάντες, ἀνακεκαλυμμένῳ προσώπῳ τὴν δόξαν κυρίου κατοπτριζόμενοι, τὴν αὐτὴν εἰκόνα μεταμορφούμεθα ἀπὸ δόξης εἰς δόξαν, καθάπερ ἀπὸ κυρίου πνεύματος."
4,1,"Διὰ τοῦτο ἔχοντες τὴν διακονίαν ταύτην, καθὼς ἠλεήθημεν, οὐκ ἐκκακοῦμεν·"
4,2,"ἀλλὰ ἀπειπάμεθα τὰ κρυπτὰ τῆς αἰσχύνης, μὴ περιπατοῦντες ἐν πανουργίᾳ μηδὲ δολοῦντες τὸν λόγον τοῦ θεοῦ, ἀλλὰ τῇ φανερώσει τῆς ἀληθείας συνιστῶντες ἑαυτοὺς πρὸς πᾶσαν συνείδησιν ἀνθρώπων ἐνώπιον τοῦ θεοῦ."
4,3,"Εἰ δὲ καὶ ἔστιν κεκαλυμμένον τὸ εὐαγγέλιον ἡμῶν, ἐν τοῖς ἀπολλυμένοις ἐστὶν κεκαλυμμένον·"
4,4,"ἐν οἷς ὁ θεὸς τοῦ αἰῶνος τούτου ἐτύφλωσεν τὰ νοήματα τῶν ἀπίστων, εἰς τὸ μὴ αὐγάσαι αὐτοῖς τὸν φωτισμὸν τοῦ εὐαγγελίου τῆς δόξης τοῦ χριστοῦ, ὅς ἐστιν εἰκὼν τοῦ θεοῦ."
4,5,"Οὐ γὰρ ἑαυτοὺς κηρύσσομεν, ἀλλὰ χριστὸν Ἰησοῦν κύριον· ἑαυτοὺς δὲ δούλους ὑμῶν διὰ Ἰησοῦν."
4,6,"Ὅτι ὁ θεὸς ὁ εἰπὼν ἐκ σκότους φῶς λάμψαι, ὃς ἔλαμψεν ἐν ταῖς καρδίαις ἡμῶν πρὸς φωτισμὸν τῆς γνώσεως τῆς δόξης τοῦ θεοῦ ἐν προσώπῳ Ἰησοῦ χριστοῦ."
4,7,"¶Ἔχομεν δὲ τὸν θησαυρὸν τοῦτον ἐν ὀστρακίνοις σκεύεσιν, ἵνα ἡ ὑπερβολὴ τῆς δυνάμεως ᾖ τοῦ θεοῦ, καὶ μὴ ἐξ ἡμῶν·"
4,8,"ἐν παντὶ θλιβόμενοι, ἀλλ’ οὐ στενοχωρούμενοι· ἀπορούμενοι, ἀλλ’ οὐκ ἐξαπορούμενοι·"
4,9,"διωκόμενοι, ἀλλ’ οὐκ ἐγκαταλειπόμενοι· καταβαλλόμενοι, ἀλλ’ οὐκ ἀπολλύμενοι·"
4,10,"πάντοτε τὴν νέκρωσιν τοῦ κυρίου Ἰησοῦ ἐν τῷ σώματι περιφέροντες, ἵνα καὶ ἡ ζωὴ τοῦ Ἰησοῦ ἐν τῷ σώματι ἡμῶν φανερωθῇ."
4,11,"Ἀεὶ γὰρ ἡμεῖς οἱ ζῶντες εἰς θάνατον παραδιδόμεθα διὰ Ἰησοῦν, ἵνα καὶ ἡ ζωὴ τοῦ Ἰησοῦ φανερωθῇ ἐν τῇ θνητῇ σαρκὶ ἡμῶν."
4,12,"Ὥστε ὁ μὲν θάνατος ἐν ἡμῖν ἐνεργεῖται, ἡ δὲ ζωὴ ἐν ὑμῖν."
4,13,"Ἔχοντες δὲ τὸ αὐτὸ πνεῦμα τῆς πίστεως, κατὰ τὸ γεγραμμένον, Ἐπίστευσα, διὸ ἐλάλησα, καὶ ἡμεῖς πιστεύομεν, διὸ καὶ λαλοῦμεν·"
4,14,"εἰδότες ὅτι ὁ ἐγείρας τὸν κύριον Ἰησοῦν καὶ ἡμᾶς διὰ Ἰησοῦ ἐγερεῖ, καὶ παραστήσει σὺν ὑμῖν."
4,15,"Τὰ γὰρ πάντα δι’ ὑμᾶς, ἵνα ἡ χάρις πλεονάσασα διὰ τῶν πλειόνων τὴν εὐχαριστίαν περισσεύσῃ εἰς τὴν δόξαν τοῦ θεοῦ."
4,16,"¶Διὸ οὐκ ἐκκακοῦμεν, ἀλλ’ εἰ καὶ ὁ ἔξω ἡμῶν ἄνθρωπος διαφθείρεται, ἀλλ’ ὁ ἔσωθεν ἀνακαινοῦται ἡμέρᾳ καὶ ἡμέρᾳ."
4,17,"Τὸ γὰρ παραυτίκα ἐλαφρὸν τῆς θλίψεως ἡμῶν καθ’ ὑπερβολὴν εἰς ὑπερβολὴν αἰώνιον βάρος δόξης κατεργάζεται ἡμῖν,"
4,18,"μὴ σκοπούντων ἡμῶν τὰ βλεπόμενα, ἀλλὰ τὰ μὴ βλεπόμενα· τὰ γὰρ βλεπόμενα πρόσκαιρα· τὰ δὲ μὴ βλεπόμενα αἰώνια."
5,1,"Οἴδαμεν γὰρ ὅτι ἐὰν ἡ ἐπίγειος ἡμῶν οἰκία τοῦ σκήνους καταλυθῇ, οἰκοδομὴν ἐκ θεοῦ ἔχομεν, οἰκίαν ἀχειροποίητον, αἰώνιον ἐν τοῖς οὐρανοῖς."
5,2,"Καὶ γὰρ ἐν τούτῳ στενάζομεν, τὸ οἰκητήριον ἡμῶν τὸ ἐξ οὐρανοῦ ἐπενδύσασθαι ἐπιποθοῦντες·"
5,3,εἴγε καὶ ἐνδυσάμενοι οὐ γυμνοὶ εὑρεθησόμεθα.
5,4,"Καὶ γὰρ οἱ ὄντες ἐν τῷ σκήνει στενάζομεν βαρούμενοι· ἐφ’ ᾧ οὐ θέλομεν ἐκδύσασθαι, ἀλλ’ ἐπενδύσασθαι, ἵνα καταποθῇ τὸ θνητὸν ὑπὸ τῆς ζωῆς."
5,5,"Ὁ δὲ κατεργασάμενος ἡμᾶς εἰς αὐτὸ τοῦτο θεός, ὁ καὶ δοὺς ἡμῖν τὸν ἀρραβῶνα τοῦ πνεύματος."
5,6,"Θαρροῦντες οὖν πάντοτε, καὶ εἰδότες ὅτι ἐνδημοῦντες ἐν τῷ σώματι ἐκδημοῦμεν ἀπὸ τοῦ κυρίου-"
5,7,"διὰ πίστεως γὰρ περιπατοῦμεν, οὐ διὰ εἴδους-"
5,8,"θαρροῦμεν δέ, καὶ εὐδοκοῦμεν μᾶλλον ἐκδημῆσαι ἐκ τοῦ σώματος, καὶ ἐνδημῆσαι πρὸς τὸν κύριον."
5,9,"Διὸ καὶ φιλοτιμούμεθα, εἴτε ἐνδημοῦντες, εἴτε ἐκδημοῦντες, εὐάρεστοι αὐτῷ εἶναι."
5,10,"Τοὺς γὰρ πάντας ἡμᾶς φανερωθῆναι δεῖ ἔμπροσθεν τοῦ βήματος τοῦ χριστοῦ, ἵνα κομίσηται ἕκαστος τὰ διὰ τοῦ σώματος, πρὸς ἃ ἔπραξεν, εἴτε ἀγαθόν, εἴτε κακόν."
5,11,"¶Εἰδότες οὖν τὸν φόβον τοῦ κυρίου ἀνθρώπους πείθομεν, θεῷ δὲ πεφανερώμεθα· ἐλπίζω δὲ καὶ ἐν ταῖς συνειδήσεσιν ὑμῶν πεφανερῶσθαι."
5,12,"Οὐ γὰρ πάλιν ἑαυτοὺς συνιστάνομεν ὑμῖν, ἀλλὰ ἀφορμὴν διδόντες ὑμῖν καυχήματος ὑπὲρ ἡμῶν, ἵνα ἔχητε πρὸς τοὺς ἐν προσώπῳ καυχωμένους καὶ οὐ καρδίᾳ."
5,13,"Εἴτε γὰρ ἐξέστημεν, θεῷ· εἴτε σωφρονοῦμεν, ὑμῖν."
5,14,"Ἡ γὰρ ἀγάπη τοῦ χριστοῦ συνέχει ἡμᾶς, κρίναντας τοῦτο, ὅτι εἰ εἷς ὑπὲρ πάντων ἀπέθανεν, ἄρα οἱ πάντες ἀπέθανον·"
5,15,"καὶ ὑπὲρ πάντων ἀπέθανεν ἵνα οἱ ζῶντες μηκέτι ἑαυτοῖς ζῶσιν, ἀλλὰ τῷ ὑπὲρ αὐτῶν ἀποθανόντι καὶ ἐγερθέντι."
5,16,"Ὥστε ἡμεῖς ἀπὸ τοῦ νῦν οὐδένα οἴδαμεν κατὰ σάρκα· εἰ δὲ καὶ ἐγνώκαμεν κατὰ σάρκα χριστόν, ἀλλὰ νῦν οὐκέτι γινώσκομεν."
5,17,"Ὥστε εἴ τις ἐν χριστῷ, καινὴ κτίσις· τὰ ἀρχαῖα παρῆλθεν, ἰδού, γέγονεν καινὰ τὰ πάντα."
5,18,"Τὰ δὲ πάντα ἐκ τοῦ θεοῦ, τοῦ καταλλάξαντος ἡμᾶς ἑαυτῷ διὰ Ἰησοῦ χριστοῦ, καὶ δόντος ἡμῖν τὴν διακονίαν τῆς καταλλαγῆς·"
5,19,"ὡς ὅτι θεὸς ἦν ἐν χριστῷ κόσμον καταλλάσσων ἑαυτῷ, μὴ λογιζόμενος αὐτοῖς τὰ παραπτώματα αὐτῶν, καὶ θέμενος ἐν ἡμῖν τὸν λόγον τῆς καταλλαγῆς."
5,20,"¶Ὑπὲρ χριστοῦ οὖν πρεσβεύομεν, ὡς τοῦ θεοῦ παρακαλοῦντος δι’ ἡμῶν· δεόμεθα ὑπὲρ χριστοῦ, καταλλάγητε τῷ θεῷ."
5,21,"Τὸν γὰρ μὴ γνόντα ἁμαρτίαν, ὑπὲρ ἡμῶν ἁμαρτίαν ἐποίησεν, ἵνα ἡμεῖς γενώμεθα δικαιοσύνη θεοῦ ἐν αὐτῷ."
6,1,Συνεργοῦντες δὲ καὶ παρακαλοῦμεν μὴ εἰς κενὸν τὴν χάριν τοῦ θεοῦ δέξασθαι ὑμᾶς-
6,2,"λέγει γάρ, Καιρῷ δεκτῷ ἐπήκουσά σου, καὶ ἐν ἡμέρᾳ σωτηρίας ἐβοήθησά σοι· ἰδού, νῦν καιρὸς εὐπρόσδεκτος, ἰδού, νῦν ἡμέρα σωτηρίας-"
6,3,"μηδεμίαν ἐν μηδενὶ διδόντες προσκοπήν, ἵνα μὴ μωμηθῇ ἡ διακονία·"
6,4,"ἀλλ’ ἐν παντὶ συνιστῶντες ἑαυτοὺς ὡς θεοῦ διάκονοι, ἐν ὑπομονῇ πολλῇ, ἐν θλίψεσιν, ἐν ἀνάγκαις, ἐν στενοχωρίαις,"
6,5,"ἐν πληγαῖς, ἐν φυλακαῖς, ἐν ἀκαταστασίαις, ἐν κόποις, ἐν ἀγρυπνίαις, ἐν νηστείαις,"
6,6,"ἐν ἁγνότητι, ἐν γνώσει, ἐν μακροθυμίᾳ, ἐν χρηστότητι, ἐν πνεύματι ἁγίῳ, ἐν ἀγάπῃ ἀνυποκρίτῳ,"
6,7,"ἐν λόγῳ ἀληθείας, ἐν δυνάμει θεοῦ, διὰ τῶν ὅπλων τῆς δικαιοσύνης τῶν δεξιῶν καὶ ἀριστερῶν,"
6,8,"διὰ δόξης καὶ ἀτιμίας, διὰ δυσφημίας καὶ εὐφημίας· ὡς πλάνοι καὶ ἀληθεῖς·"
6,9,"ὡς ἀγνοούμενοι, καὶ ἐπιγινωσκόμενοι· ὡς ἀποθνῄσκοντες, καὶ ἰδού, ζῶμεν· ὡς παιδευόμενοι, καὶ μὴ θανατούμενοι·"
6,10,"ὡς λυπούμενοι, ἀεὶ δὲ χαίροντες· ὡς πτωχοί, πολλοὺς δὲ πλουτίζοντες· ὡς μηδὲν ἔχοντες, καὶ πάντα κατέχοντες."
6,11,"¶Τὸ στόμα ἡμῶν ἀνέῳγεν πρὸς ὑμᾶς, Κορίνθιοι, ἡ καρδία ἡμῶν πεπλάτυνται."
6,12,"Οὐ στενοχωρεῖσθε ἐν ἡμῖν, στενοχωρεῖσθε δὲ ἐν τοῖς σπλάγχνοις ὑμῶν."
6,13,Τὴν δὲ αὐτὴν ἀντιμισθίαν- ὡς τέκνοις λέγω- πλατύνθητε καὶ ὑμεῖς.
6,14,¶Μὴ γίνεσθε ἑτεροζυγοῦντες ἀπίστοις· τίς γὰρ μετοχὴ δικαιοσύνῃ καὶ ἀνομίᾳ; Τίς δὲ κοινωνία φωτὶ πρὸς σκότος;
6,15,Τίς δὲ συμφώνησις χριστῷ πρὸς Βελίαρ; Ἢ τίς μερὶς πιστῷ μετὰ ἀπίστου;
6,16,"Τίς δὲ συγκατάθεσις ναῷ θεοῦ μετὰ εἰδώλων; Ὑμεῖς γὰρ ναὸς θεοῦ ἐστε ζῶντος, καθὼς εἶπεν ὁ θεὸς ὅτι Ἐνοικήσω ἐν αὐτοῖς, καὶ ἐμπεριπατήσω· καὶ ἔσομαι αὐτῶν θεός, καὶ αὐτοὶ ἔσονταί μοι λαός."
6,17,"Διό, Ἐξέλθετε ἐκ μέσου αὐτῶν καὶ ἀφορίσθητε, λέγει κύριος, καὶ ἀκαθάρτου μὴ ἅπτεσθε· κἀγὼ εἰσδέξομαι ὑμᾶς,"
6,18,"καὶ ἔσομαι ὑμῖν εἰς πατέρα, καὶ ὑμεῖς ἔσεσθέ μοι εἰς υἱοὺς καὶ θυγατέρας, λέγει κύριος παντοκράτωρ."
7,1,"Ταύτας οὖν ἔχοντες τὰς ἐπαγγελίας, ἀγαπητοί, καθαρίσωμεν ἑαυτοὺς ἀπὸ παντὸς μολυσμοῦ σαρκὸς καὶ πνεύματος, ἐπιτελοῦντες ἁγιωσύνην ἐν φόβῳ θεοῦ."
7,2,"¶Χωρήσατε ἡμᾶς· οὐδένα ἠδικήσαμεν, οὐδένα ἐφθείραμεν, οὐδένα ἐπλεονεκτήσαμεν."
7,3,"Οὐ πρὸς κατάκρισιν λέγω· προείρηκα γάρ, ὅτι ἐν ταῖς καρδίαις ἡμῶν ἐστὲ εἰς τὸ συναποθανεῖν καὶ συζῇν."
7,4,"Πολλή μοι παρρησία πρὸς ὑμᾶς, πολλή μοι καύχησις ὑπὲρ ὑμῶν· πεπλήρωμαι τῇ παρακλήσει, ὑπερπερισσεύομαι τῇ χαρᾷ ἐπὶ πάσῃ τῇ θλίψει ἡμῶν."
7,5,"¶Καὶ γὰρ ἐλθόντων ἡμῶν εἰς Μακεδονίαν οὐδεμίαν ἔσχηκεν ἄνεσιν ἡ σὰρξ ἡμῶν, ἀλλ’ ἐν παντὶ θλιβόμενοι· ἔξωθεν μάχαι, ἔσωθεν φόβοι."
7,6,"Ἀλλ’ ὁ παρακαλῶν τοὺς ταπεινοὺς παρεκάλεσεν ἡμᾶς, ὁ θεός, ἐν τῇ παρουσίᾳ Τίτου·"
7,7,"οὐ μόνον δὲ ἐν τῇ παρουσίᾳ αὐτοῦ, ἀλλὰ καὶ ἐν τῇ παρακλήσει ᾗ παρεκλήθη ἐφ’ ὑμῖν, ἀναγγέλλων ἡμῖν τὴν ὑμῶν ἐπιπόθησιν, τὸν ὑμῶν ὀδυρμόν, τὸν ὑμῶν ζῆλον ὑπὲρ ἐμοῦ, ὥστε με μᾶλλον χαρῆναι."
7,8,"Ὅτι εἰ καὶ ἐλύπησα ὑμᾶς ἐν τῇ ἐπιστολῇ, οὐ μεταμέλομαι, εἰ καὶ μετεμελόμην· βλέπω γὰρ ὅτι ἡ ἐπιστολὴ ἐκείνη, εἰ καὶ πρὸς ὥραν, ἐλύπησεν ὑμᾶς."
7,9,"Νῦν χαίρω, οὐχ ὅτι ἐλυπήθητε, ἀλλ’ ὅτι ἐλυπήθητε εἰς μετάνοιαν· ἐλυπήθητε γὰρ κατὰ θεόν, ἵνα ἐν μηδενὶ ζημιωθῆτε ἐξ ἡμῶν."
7,10,Ἡ γὰρ κατὰ θεὸν λύπη μετάνοιαν εἰς σωτηρίαν ἀμεταμέλητον κατεργάζεται· ἡ δὲ τοῦ κόσμου λύπη θάνατον κατεργάζεται.
7,11,"Ἰδοὺ γάρ, αὐτὸ τοῦτο, τὸ κατὰ θεὸν λυπηθῆναι ὑμᾶς, πόσην κατειργάσατο ὑμῖν σπουδήν, ἀλλὰ ἀπολογίαν, ἀλλὰ ἀγανάκτησιν, ἀλλὰ φόβον, ἀλλὰ ἐπιπόθησιν, ἀλλὰ ζῆλον, ἀλλὰ ἐκδίκησιν. Ἐν παντὶ συνεστήσατε ἑαυτοὺς ἁγνοὺς εἶναι ἐν τῷ πράγματι."
7,12,"Ἄρα εἰ καὶ ἔγραψα ὑμῖν, οὐχ εἵνεκεν τοῦ ἀδικήσαντος, οὐδὲ εἵνεκεν τοῦ ἀδικηθέντος, ἀλλ’ εἵνεκεν τοῦ φανερωθῆναι τὴν σπουδὴν ὑμῶν τὴν ὑπὲρ ἡμῶν πρὸς ὑμᾶς ἐνώπιον τοῦ θεοῦ."
7,13,"Διὰ τοῦτο παρακεκλήμεθα. ¶Ἐπὶ δὲ τῇ παρακλήσει ὑμῶν περισσοτέρως μᾶλλον ἐχάρημεν ἐπὶ τῇ χαρᾷ Τίτου, ὅτι ἀναπέπαυται τὸ πνεῦμα αὐτοῦ ἀπὸ πάντων ὑμῶν."
7,14,"Ὅτι εἴ τι αὐτῷ ὑπὲρ ὑμῶν κεκαύχημαι, οὐ κατῃσχύνθην· ἀλλ’ ὡς πάντα ἐν ἀληθείᾳ ἐλαλήσαμεν ὑμῖν, οὕτως καὶ ἡ καύχησις ἡμῶν ἡ ἐπὶ Τίτου ἀλήθεια ἐγενήθη."
7,15,"Καὶ τὰ σπλάγχνα αὐτοῦ περισσοτέρως εἰς ὑμᾶς ἐστίν, ἀναμιμνῃσκομένου τὴν πάντων ὑμῶν ὑπακοήν, ὡς μετὰ φόβου καὶ τρόμου ἐδέξασθε αὐτόν."
7,16,Χαίρω ὅτι ἐν παντὶ θαρρῶ ἐν ὑμῖν.
8,1,"Γνωρίζομεν δὲ ὑμῖν, ἀδελφοί, τὴν χάριν τοῦ θεοῦ τὴν δεδομένην ἐν ταῖς ἐκκλησίαις τῆς Μακεδονίας·"
8,2,ὅτι ἐν πολλῇ δοκιμῇ θλίψεως ἡ περισσεία τῆς χαρᾶς αὐτῶν καὶ ἡ κατὰ βάθους πτωχεία αὐτῶν ἐπερίσσευσεν εἰς τὸν πλοῦτον τῆς ἁπλότητος αὐτῶν.
8,3,"Ὅτι κατὰ δύναμιν, μαρτυρῶ, καὶ ὑπὲρ δύναμιν αὐθαίρετοι,"
8,4,"μετὰ πολλῆς παρακλήσεως δεόμενοι ἡμῶν, τὴν χάριν καὶ τὴν κοινωνίαν τῆς διακονίας τῆς εἰς τοὺς ἁγίους·"
8,5,"καὶ οὐ καθὼς ἠλπίσαμεν, ἀλλ’ ἑαυτοὺς ἔδωκαν πρῶτον τῷ κυρίῳ, καὶ ἡμῖν διὰ θελήματος θεοῦ"
8,6,"εἰς τὸ παρακαλέσαι ἡμᾶς Τίτον, ἵνα καθὼς προενήρξατο, οὕτως καὶ ἐπιτελέσῃ εἰς ὑμᾶς καὶ τὴν χάριν ταύτην."
8,7,"Ἀλλ’ ὥσπερ ἐν παντὶ περισσεύετε, πίστει, καὶ λόγῳ, καὶ γνώσει, καὶ πάσῃ σπουδῇ, καὶ τῇ ἐξ ὑμῶν ἐν ἡμῖν ἀγάπῃ, ἵνα καὶ ἐν ταύτῃ τῇ χάριτι περισσεύητε."
8,8,"Οὐ κατ’ ἐπιταγὴν λέγω, ἀλλὰ διὰ τῆς ἑτέρων σπουδῆς καὶ τὸ τῆς ὑμετέρας ἀγάπης γνήσιον δοκιμάζων."
8,9,"Γινώσκετε γὰρ τὴν χάριν τοῦ κυρίου ἡμῶν Ἰησοῦ χριστοῦ, ὅτι δι’ ὑμᾶς ἐπτώχευσεν, πλούσιος ὤν, ἵνα ὑμεῖς τῇ ἐκείνου πτωχείᾳ πλουτήσητε."
8,10,"Καὶ γνώμην ἐν τούτῳ δίδωμι· τοῦτο γὰρ ὑμῖν συμφέρει, οἵτινες οὐ μόνον τὸ ποιῆσαι ἀλλὰ καὶ τὸ θέλειν προενήρξασθε ἀπὸ πέρυσι."
8,11,"Νυνὶ δὲ καὶ τὸ ποιῆσαι ἐπιτελέσατε, ὅπως, καθάπερ ἡ προθυμία τοῦ θέλειν, οὕτως καὶ τὸ ἐπιτελέσαι ἐκ τοῦ ἔχειν."
8,12,"Εἰ γὰρ ἡ προθυμία πρόκειται, καθὸ ἐὰν ἔχῃ τις, εὐπρόσδεκτος, οὐ καθὸ οὐκ ἔχει."
8,13,"Οὐ γὰρ ἵνα ἄλλοις ἄνεσις, ὑμῖν δὲ θλίψις· ἀλλ’ ἐξ ἰσότητος, ἐν τῷ νῦν καιρῷ τὸ ὑμῶν περίσσευμα εἰς τὸ ἐκείνων ὑστέρημα,"
8,14,"ἵνα καὶ τὸ ἐκείνων περίσσευμα γένηται εἰς τὸ ὑμῶν ὑστέρημα· ὅπως γένηται ἰσότης,"
8,15,"καθὼς γέγραπται, Ὁ τὸ πολύ, οὐκ ἐπλεόνασεν· καὶ ὁ τὸ ὀλίγον, οὐκ ἠλαττόνησεν."
8,16,¶Χάρις δὲ τῷ θεῷ τῷ διδόντι τὴν αὐτὴν σπουδὴν ὑπὲρ ὑμῶν ἐν τῇ καρδίᾳ Τίτου.
8,17,"Ὅτι τὴν μὲν παράκλησιν ἐδέξατο, σπουδαιότερος δὲ ὑπάρχων, αὐθαίρετος ἐξῆλθεν πρὸς ὑμᾶς."
8,18,"Συνεπέμψαμεν δὲ μετ’ αὐτοῦ τὸν ἀδελφόν, οὗ ὁ ἔπαινος ἐν τῷ εὐαγγελίῳ διὰ πασῶν τῶν ἐκκλησιῶν·"
8,19,"οὐ μόνον δέ, ἀλλὰ καὶ χειροτονηθεὶς ὑπὸ τῶν ἐκκλησιῶν συνέκδημος ἡμῶν σὺν τῇ χάριτι ταύτῃ τῇ διακονουμένῃ ὑφ’ ἡμῶν πρὸς τὴν αὐτοῦ τοῦ κυρίου δόξαν καὶ προθυμίαν ἡμῶν·"
8,20,"στελλόμενοι τοῦτο, μή τις ἡμᾶς μωμήσηται ἐν τῇ ἁδρότητι ταύτῃ τῇ διακονουμένῃ ὑφ’ ἡμῶν·"
8,21,προνοούμενοι καλὰ οὐ μόνον ἐνώπιον κυρίου ἀλλὰ καὶ ἐνώπιον ἀνθρώπων.
8,22,"Συνεπέμψαμεν δὲ αὐτοῖς τὸν ἀδελφὸν ἡμῶν, ὃν ἐδοκιμάσαμεν ἐν πολλοῖς πολλάκις σπουδαῖον ὄντα, νυνὶ δὲ πολὺ σπουδαιότερον, πεποιθήσει πολλῇ τῇ εἰς ὑμᾶς."
8,23,"Εἴτε ὑπὲρ Τίτου, κοινωνὸς ἐμὸς καὶ εἰς ὑμᾶς συνεργός· εἴτε ἀδελφοὶ ἡμῶν, ἀπόστολοι ἐκκλησιῶν, δόξα χριστοῦ."
8,24,"Τὴν οὖν ἔνδειξιν τῆς ἀγάπης ὑμῶν, καὶ ἡμῶν καυχήσεως ὑπὲρ ὑμῶν, εἰς αὐτοὺς ἐνδείξασθε εἰς πρόσωπον τῶν ἐκκλησιῶν."
9,1,Περὶ μὲν γὰρ τῆς διακονίας τῆς εἰς τοὺς ἁγίους περισσόν μοί ἐστιν τὸ γράφειν ὑμῖν·
9,2,"οἶδα γὰρ τὴν προθυμίαν ὑμῶν, ἣν ὑπὲρ ὑμῶν καυχῶμαι Μακεδόσιν, ὅτι Ἀχαΐα παρεσκεύασται ἀπὸ πέρυσι· καὶ ὁ ἐξ ὑμῶν ζῆλος ἠρέθισεν τοὺς πλείονας."
9,3,"Ἔπεμψα δὲ τοὺς ἀδελφούς, ἵνα μὴ τὸ καύχημα ἡμῶν τὸ ὑπὲρ ὑμῶν κενωθῇ ἐν τῷ μέρει τούτῳ· ἵνα, καθὼς ἔλεγον, παρεσκευασμένοι ἦτε·"
9,4,"μήπως, ἐὰν ἔλθωσιν σὺν ἐμοὶ Μακεδόνες καὶ εὕρωσιν ὑμᾶς ἀπαρασκευάστους, καταισχυνθῶμεν ἡμεῖς- ἵνα μὴ λέγωμεν ὑμεῖς- ἐν τῇ ὑποστάσει ταύτῃ τῆς καυχήσεως."
9,5,"Ἀναγκαῖον οὖν ἡγησάμην παρακαλέσαι τοὺς ἀδελφούς, ἵνα προέλθωσιν εἰς ὑμᾶς, καὶ προκαταρτίσωσιν τὴν προκατηγγελμένην εὐλογίαν ὑμῶν, ταύτην ἑτοίμην εἶναι, οὕτως ὡς εὐλογίαν καὶ μὴ ὡς πλεονεξίαν."
9,6,"¶Τοῦτο δέ, ὁ σπείρων φειδομένως, φειδομένως καὶ θερίσει· καὶ ὁ σπείρων ἐπ’ εὐλογίαις, ἐπ’ εὐλογίαις καὶ θερίσει."
9,7,Ἕκαστος καθὼς προαιρεῖται τῇ καρδίᾳ· μὴ ἐκ λύπης ἢ ἐξ ἀνάγκης· ἱλαρὸν γὰρ δότην ἀγαπᾷ ὁ θεός.
9,8,"Δυνατὸς δὲ ὁ θεὸς πᾶσαν χάριν περισσεῦσαι εἰς ὑμᾶς, ἵνα ἐν παντὶ πάντοτε πᾶσαν αὐτάρκειαν ἔχοντες περισσεύητε εἰς πᾶν ἔργον ἀγαθόν·"
9,9,"καθὼς γέγραπται, Ἐσκόρπισεν, ἔδωκεν τοῖς πένησιν· ἡ δικαιοσύνη αὐτοῦ μένει εἰς τὸν αἰῶνα."
9,10,"Ὁ δὲ ἐπιχορηγῶν σπέρμα τῷ σπείροντι, καὶ ἄρτον εἰς βρῶσιν χορηγήσαι, καὶ πληθύναι τὸν σπόρον ὑμῶν, καὶ αὐξήσαι τὰ γενήματα τῆς δικαιοσύνης ὑμῶν·"
9,11,"ἐν παντὶ πλουτιζόμενοι εἰς πᾶσαν ἁπλότητα, ἥτις κατεργάζεται δι’ ἡμῶν εὐχαριστίαν τῷ θεῷ."
9,12,"Ὅτι ἡ διακονία τῆς λειτουργίας ταύτης οὐ μόνον ἐστὶν προσαναπληροῦσα τὰ ὑστερήματα τῶν ἁγίων, ἀλλὰ καὶ περισσεύουσα διὰ πολλῶν εὐχαριστιῶν τῷ θεῷ·"
9,13,"διὰ τῆς δοκιμῆς τῆς διακονίας ταύτης δοξάζοντες τὸν θεὸν ἐπὶ τῇ ὑποταγῇ τῆς ὁμολογίας ὑμῶν εἰς τὸ εὐαγγέλιον τοῦ χριστοῦ, καὶ ἁπλότητι τῆς κοινωνίας εἰς αὐτοὺς καὶ εἰς πάντας·"
9,14,καὶ αὐτῶν δεήσει ὑπὲρ ὑμῶν ἐπιποθούντων ὑμᾶς διὰ τὴν ὑπερβάλλουσαν χάριν τοῦ θεοῦ ἐφ’ ὑμῖν.
9,15,Χάρις δὲ τῷ θεῷ ἐπὶ τῇ ἀνεκδιηγήτῳ αὐτοῦ δωρεᾷ.
10,1,"Αὐτὸς δὲ ἐγὼ Παῦλος παρακαλῶ ὑμᾶς διὰ τῆς πρᾳότητος καὶ ἐπιεικείας τοῦ χριστοῦ, ὃς κατὰ πρόσωπον μὲν ταπεινὸς ἐν ὑμῖν, ἀπὼν δὲ θαρρῶ εἰς ὑμᾶς·"
10,2,"δέομαι δέ, τὸ μὴ παρὼν θαρρῆσαι τῇ πεποιθήσει ᾗ λογίζομαι τολμῆσαι ἐπί τινας τοὺς λογιζομένους ἡμᾶς ὡς κατὰ σάρκα περιπατοῦντας."
10,3,"Ἐν σαρκὶ γὰρ περιπατοῦντες, οὐ κατὰ σάρκα στρατευόμεθα-"
10,4,"τὰ γὰρ ὅπλα τῆς στρατείας ἡμῶν οὐ σαρκικά, ἀλλὰ δυνατὰ τῷ θεῷ πρὸς καθαίρεσιν ὀχυρωμάτων-"
10,5,"λογισμοὺς καθαιροῦντες καὶ πᾶν ὕψωμα ἐπαιρόμενον κατὰ τῆς γνώσεως τοῦ θεοῦ, καὶ αἰχμαλωτίζοντες πᾶν νόημα εἰς τὴν ὑπακοὴν τοῦ χριστοῦ,"
10,6,"καὶ ἐν ἑτοίμῳ ἔχοντες ἐκδικῆσαι πᾶσαν παρακοήν, ὅταν πληρωθῇ ὑμῶν ἡ ὑπακοή."
10,7,"Τὰ κατὰ πρόσωπον βλέπετε; Εἴ τις πέποιθεν ἑαυτῷ χριστοῦ εἶναι, τοῦτο λογιζέσθω πάλιν ἀφ’ ἑαυτοῦ, ὅτι καθὼς αὐτὸς χριστοῦ, οὕτως καὶ ἡμεῖς χριστοῦ."
10,8,"Ἐάν τε γὰρ καὶ περισσότερόν τι καυχήσωμαι περὶ τῆς ἐξουσίας ἡμῶν- ἧς ἔδωκεν ὁ κύριος ἡμῖν εἰς οἰκοδομήν, καὶ οὐκ εἰς καθαίρεσιν ὑμῶν- οὐκ αἰσχυνθήσομαι·"
10,9,ἵνα μὴ δόξω ὡς ἂν ἐκφοβεῖν ὑμᾶς διὰ τῶν ἐπιστολῶν.
10,10,"Ὅτι, Αἱ μὲν ἐπιστολαί, φησίν, βαρεῖαι καὶ ἰσχυραί· ἡ δὲ παρουσία τοῦ σώματος ἀσθενής, καὶ ὁ λόγος ἐξουθενημένος."
10,11,"Τοῦτο λογιζέσθω ὁ τοιοῦτος, ὅτι οἷοί ἐσμεν τῷ λόγῳ δι’ ἐπιστολῶν ἀπόντες, τοιοῦτοι καὶ παρόντες τῷ ἔργῳ."
10,12,"Οὐ γὰρ τολμῶμεν ἐγκρῖναι ἢ συγκρῖναι ἑαυτούς τισιν τῶν ἑαυτοὺς συνιστανόντων· ἀλλὰ αὐτοὶ ἐν ἑαυτοῖς ἑαυτοὺς μετροῦντες, καὶ συγκρίνοντες ἑαυτοὺς ἑαυτοῖς, οὐ συνιοῦσιν."
10,13,"Ἡμεῖς δὲ οὐχὶ εἰς τὰ ἄμετρα καυχησόμεθα, ἀλλὰ κατὰ τὸ μέτρον τοῦ κανόνος οὗ ἐμέρισεν ἡμῖν ὁ θεός, μέτρου, ἐφικέσθαι ἄχρι καὶ ὑμῶν."
10,14,Οὐ γὰρ ὡς μὴ ἐφικνούμενοι εἰς ὑμᾶς ὑπερεκτείνομεν ἑαυτούς· ἄχρι γὰρ καὶ ὑμῶν ἐφθάσαμεν ἐν τῷ εὐαγγελίῳ τοῦ χριστοῦ·
10,15,"οὐκ εἰς τὰ ἄμετρα καυχώμενοι, ἐν ἀλλοτρίοις κόποις, ἐλπίδα δὲ ἔχοντες, αὐξανομένης τῆς πίστεως ὑμῶν, ἐν ὑμῖν μεγαλυνθῆναι κατὰ τὸν κανόνα ἡμῶν εἰς περισσείαν,"
10,16,"εἰς τὰ ὑπερέκεινα ὑμῶν εὐαγγελίσασθαι, οὐκ ἐν ἀλλοτρίῳ κανόνι εἰς τὰ ἕτοιμα καυχήσασθαι."
10,17,"Ὁ δὲ καυχώμενος, ἐν κυρίῳ καυχάσθω."
10,18,"Οὐ γὰρ ὁ ἑαυτὸν συνιστῶν, ἐκεῖνός ἐστιν δόκιμος, ἀλλ’ ὃν ὁ κύριος συνίστησιν."
11,1,Ὄφελον ἀνείχεσθέ μου μικρὸν τῇ ἀφροσύνῃ· ἀλλὰ καὶ ἀνέχεσθέ μου.
11,2,Ζηλῶ γὰρ ὑμᾶς θεοῦ ζήλῳ· ἡρμοσάμην γὰρ ὑμᾶς ἑνὶ ἀνδρὶ παρθένον ἁγνὴν παραστῆσαι τῷ χριστῷ.
11,3,"Φοβοῦμαι δὲ μήπως ὡς ὁ ὄφις Εὔαν ἐξηπάτησεν ἐν τῇ πανουργίᾳ αὐτοῦ, οὕτως φθαρῇ τὰ νοήματα ὑμῶν ἀπὸ τῆς ἁπλότητος τῆς εἰς τὸν χριστόν."
11,4,"Εἰ μὲν γὰρ ὁ ἐρχόμενος ἄλλον Ἰησοῦν κηρύσσει ὃν οὐκ ἐκηρύξαμεν, ἢ πνεῦμα ἕτερον λαμβάνετε ὃ οὐκ ἐλάβετε, ἢ εὐαγγέλιον ἕτερον ὃ οὐκ ἐδέξασθε, καλῶς ἠνείχεσθε."
11,5,Λογίζομαι γὰρ μηδὲν ὑστερηκέναι τῶν ὑπὲρ λίαν ἀποστόλων.
11,6,"Εἰ δὲ καὶ ἰδιώτης τῷ λόγῳ, ἀλλ’ οὐ τῇ γνώσει· ἀλλ’ ἐν παντὶ φανερωθέντες ἐν πᾶσιν εἰς ὑμᾶς."
11,7,"Ἢ ἁμαρτίαν ἐποίησα ἐμαυτὸν ταπεινῶν ἵνα ὑμεῖς ὑψωθῆτε, ὅτι δωρεὰν τὸ τοῦ θεοῦ εὐαγγέλιον εὐηγγελισάμην ὑμῖν;"
11,8,"Ἄλλας ἐκκλησίας ἐσύλησα, λαβὼν ὀψώνιον πρὸς τὴν ὑμῶν διακονίαν·"
11,9,"καὶ παρὼν πρὸς ὑμᾶς καὶ ὑστερηθείς, οὐ κατενάρκησα οὐδενός· τὸ γὰρ ὑστέρημά μου προσανεπλήρωσαν οἱ ἀδελφοί, ἐλθόντες ἀπὸ Μακεδονίας· καὶ ἐν παντὶ ἀβαρῆ ὑμῖν ἐμαυτὸν ἐτήρησα καὶ τηρήσω."
11,10,"Ἔστιν ἀλήθεια χριστοῦ ἐν ἐμοί, ὅτι ἡ καύχησις αὕτη οὐ φραγήσεται εἰς ἐμὲ ἐν τοῖς κλίμασιν τῆς Ἀχαΐας."
11,11,Διὰ τί; Ὅτι οὐκ ἀγαπῶ ὑμᾶς; Ὁ θεὸς οἶδεν.
11,12,"Ὃ δὲ ποιῶ, καὶ ποιήσω, ἵνα ἐκκόψω τὴν ἀφορμὴν τῶν θελόντων ἀφορμήν, ἵνα ἐν ᾧ καυχῶνται, εὑρεθῶσιν καθὼς καὶ ἡμεῖς."
11,13,"Οἱ γὰρ τοιοῦτοι ψευδαπόστολοι, ἐργάται δόλιοι, μετασχηματιζόμενοι εἰς ἀποστόλους χριστοῦ."
11,14,Καὶ οὐ θαυμαστόν· αὐτὸς γὰρ ὁ Σατανᾶς μετασχηματίζεται εἰς ἄγγελον φωτός.
11,15,"Οὐ μέγα οὖν εἰ καὶ οἱ διάκονοι αὐτοῦ μετασχηματίζονται ὡς διάκονοι δικαιοσύνης, ὧν τὸ τέλος ἔσται κατὰ τὰ ἔργα αὐτῶν."
11,16,"¶Πάλιν λέγω, μή τίς με δόξῃ ἄφρονα εἶναι· εἰ δὲ μήγε, κἂν ὡς ἄφρονα δέξασθέ με, ἵνα κἀγὼ μικρόν τι καυχήσωμαι."
11,17,"Ὃ λαλῶ, οὐ λαλῶ κατὰ κύριον, ἀλλ’ ὡς ἐν ἀφροσύνῃ, ἐν ταύτῃ τῇ ὑποστάσει τῆς καυχήσεως."
11,18,"Ἐπεὶ πολλοὶ καυχῶνται κατὰ τὴν σάρκα, κἀγὼ καυχήσομαι."
11,19,"Ἡδέως γὰρ ἀνέχεσθε τῶν ἀφρόνων, φρόνιμοι ὄντες."
11,20,"Ἀνέχεσθε γάρ, εἴ τις ὑμᾶς καταδουλοῖ, εἴ τις κατεσθίει, εἴ τις λαμβάνει, εἴ τις ἐπαίρεται, εἴ τις ὑμᾶς εἰς πρόσωπον δέρει."
11,21,"Κατὰ ἀτιμίαν λέγω, ὡς ὅτι ἡμεῖς ἠσθενήσαμεν· ἐν ᾧ δ’ ἄν τις τολμᾷ- ἐν ἀφροσύνῃ λέγω- τολμῶ κἀγώ."
11,22,Ἑβραῖοί εἰσιν; Κἀγώ. Ἰσραηλῖταί εἰσιν; Κἀγώ. Σπέρμα Ἀβραάμ εἰσιν; Κἀγώ.
11,23,"Διάκονοι χριστοῦ εἰσιν;- παραφρονῶν λαλῶ- Ὑπὲρ ἐγώ. Ἐν κόποις περισσοτέρως, ἐν πληγαῖς ὑπερβαλλόντως, ἐν φυλακαῖς περισσοτέρως, ἐν θανάτοις πολλάκις,"
11,24,ὑπὸ Ἰουδαίων πεντάκις τεσσαράκοντα παρὰ μίαν ἔλαβον.
11,25,"Τρὶς ἐραβδίσθην, ἅπαξ ἐλιθάσθην, τρὶς ἐναυάγησα, νυχθήμερον ἐν τῷ βυθῷ πεποίηκα·"
11,26,"ὁδοιπορίαις πολλάκις, κινδύνοις ποταμῶν, κινδύνοις λῃστῶν, κινδύνοις ἐκ γένους, κινδύνοις ἐξ ἐθνῶν, κινδύνοις ἐν πόλει, κινδύνοις ἐν ἐρημίᾳ, κινδύνοις ἐν θαλάσσῃ, κινδύνοις ἐν ψευδαδέλφοις·"
11,27,"ἐν κόπῳ καὶ μόχθῳ, ἐν ἀγρυπνίαις πολλάκις, ἐν λιμῷ καὶ δίψει, ἐν νηστείαις πολλάκις, ἐν ψύχει καὶ γυμνότητι."
11,28,"Χωρὶς τῶν παρεκτός, ἡ ἐπισύστασίς μου ἡ καθ’ ἡμέραν, ἡ μέριμνα πασῶν τῶν ἐκκλησιῶν."
11,29,"Τίς ἀσθενεῖ, καὶ οὐκ ἀσθενῶ; Τίς σκανδαλίζεται, καὶ οὐκ ἐγὼ πυροῦμαι;"
11,30,"Εἰ καυχᾶσθαι δεῖ, τὰ τῆς ἀσθενείας μου καυχήσομαι."
11,31,"Ὁ θεὸς καὶ πατὴρ τοῦ κυρίου Ἰησοῦ χριστοῦ οἶδεν, ὁ ὢν εὐλογητὸς εἰς τοὺς αἰῶνας, ὅτι οὐ ψεύδομαι."
11,32,"Ἐν Δαμασκῷ ὁ ἐθνάρχης Ἀρέτα τοῦ βασιλέως ἐφρούρει τὴν Δαμασκηνῶν πόλιν, πιάσαι με θέλων·"
11,33,καὶ διὰ θυρίδος ἐν σαργάνῃ ἐχαλάσθην διὰ τοῦ τείχους καὶ ἐξέφυγον τὰς χεῖρας αὐτοῦ.
12,1,Καυχᾶσθαι δὴ οὐ συμφέρει μοι· ἐλεύσομαι γὰρ εἰς ὀπτασίας καὶ ἀποκαλύψεις κυρίου.
12,2,Οἶδα ἄνθρωπον ἐν χριστῷ πρὸ ἐτῶν δεκατεσσάρων- εἴτε ἐν σώματι οὐκ οἶδα· εἴτε ἐκτὸς τοῦ σώματος οὐκ οἶδα· ὁ θεὸς οἶδεν- ἁρπαγέντα τὸν τοιοῦτον ἕως τρίτου οὐρανοῦ.
12,3,"Καὶ οἶδα τὸν τοιοῦτον ἄνθρωπον- εἴτε ἐν σώματι, εἴτε ἐκτὸς τοῦ σώματος, οὐκ οἶδα· ὁ θεὸς οἶδεν-"
12,4,"ὅτι ἡρπάγη εἰς τὸν παράδεισον, καὶ ἤκουσεν ἄρρητα ῥήματα, ἃ οὐκ ἐξὸν ἀνθρώπῳ λαλῆσαι."
12,5,"Ὑπὲρ τοῦ τοιούτου καυχήσομαι· ὑπὲρ δὲ ἐμαυτοῦ οὐ καυχήσομαι, εἰ μὴ ἐν ταῖς ἀσθενείαις μου·"
12,6,"ἐὰν γὰρ θελήσω καυχήσασθαι, οὐκ ἔσομαι ἄφρων· ἀλήθειαν γὰρ ἐρῶ· φείδομαι δέ, μή τις εἰς ἐμὲ λογίσηται ὑπὲρ ὃ βλέπει με, ἢ ἀκούει τι ἐξ ἐμοῦ."
12,7,"Καὶ τῇ ὑπερβολῇ τῶν ἀποκαλύψεων ἵνα μὴ ὑπεραίρωμαι, ἐδόθη μοι σκόλοψ τῇ σαρκί, ἄγγελος Σατᾶν, ἵνα με κολαφίζῃ, ἵνα μὴ ὑπεραίρωμαι."
12,8,Ὑπὲρ τούτου τρὶς τὸν κύριον παρεκάλεσα ἵνα ἀποστῇ ἀπ’ ἐμοῦ.
12,9,"Καὶ εἴρηκέν μοι, Ἀρκεῖ σοι ἡ χάρις μου· ἡ γὰρ δύναμίς μου ἐν ἀσθενείᾳ τελειοῦται. Ἥδιστα οὖν μᾶλλον καυχήσομαι ἐν ταῖς ἀσθενείαις μου, ἵνα ἐπισκηνώσῃ ἐπ’ ἐμὲ ἡ δύναμις τοῦ χριστοῦ."
12,10,"Διὸ εὐδοκῶ ἐν ἀσθενείαις, ἐν ὕβρεσιν, ἐν ἀνάγκαις, ἐν διωγμοῖς, ἐν στενοχωρίαις, ὑπὲρ χριστοῦ· ὅταν γὰρ ἀσθενῶ, τότε δυνατός εἰμι."
12,11,"¶Γέγονα ἄφρων καυχώμενος· ὑμεῖς με ἠναγκάσατε· ἐγὼ γὰρ ὤφειλον ὑφ’ ὑμῶν συνίστασθαι· οὐδὲν γὰρ ὑστέρησα τῶν ὑπὲρ λίαν ἀποστόλων, εἰ καὶ οὐδέν εἰμι."
12,12,"Τὰ μὲν σημεῖα τοῦ ἀποστόλου κατειργάσθη ἐν ὑμῖν ἐν πάσῃ ὑπομονῇ, ἐν σημείοις καὶ τέρασιν καὶ δυνάμεσιν."
12,13,"Τί γάρ ἐστιν ὃ ἡττήθητε ὑπὲρ τὰς λοιπὰς ἐκκλησίας, εἰ μὴ ὅτι αὐτὸς ἐγὼ οὐ κατενάρκησα ὑμῶν; Χαρίσασθέ μοι τὴν ἀδικίαν ταύτην."
12,14,"¶Ἰδού, τρίτον ἑτοίμως ἔχω ἐλθεῖν πρὸς ὑμᾶς, καὶ οὐ καταναρκήσω ὑμῶν· οὐ γὰρ ζητῶ τὰ ὑμῶν, ἀλλὰ ὑμᾶς· οὐ γὰρ ὀφείλει τὰ τέκνα τοῖς γονεῦσιν θησαυρίζειν, ἀλλ’ οἱ γονεῖς τοῖς τέκνοις."
12,15,"Ἐγὼ δὲ ἥδιστα δαπανήσω καὶ ἐκδαπανηθήσομαι ὑπὲρ τῶν ψυχῶν ὑμῶν, εἰ καὶ περισσοτέρως ὑμᾶς ἀγαπῶν, ἧττον ἀγαπῶμαι."
12,16,"Ἔστω δέ, ἐγὼ οὐ κατεβάρησα ὑμᾶς· ἀλλ’ ὑπάρχων πανοῦργος, δόλῳ ὑμᾶς ἔλαβον."
12,17,"Μή τινα ὧν ἀπέσταλκα πρὸς ὑμᾶς, δι’ αὐτοῦ ἐπλεονέκτησα ὑμᾶς;"
12,18,"Παρεκάλεσα Τίτον, καὶ συναπέστειλα τὸν ἀδελφόν· μήτι ἐπλεονέκτησεν ὑμᾶς Τίτος; Οὐ τῷ αὐτῷ πνεύματι περιεπατήσαμεν; Οὐ τοῖς αὐτοῖς ἴχνεσιν;"
12,19,"¶Πάλιν δοκεῖτε ὅτι ὑμῖν ἀπολογούμεθα; Κατενώπιον τοῦ θεοῦ ἐν χριστῷ λαλοῦμεν· τὰ δὲ πάντα, ἀγαπητοί, ὑπὲρ τῆς ὑμῶν οἰκοδομῆς."
12,20,"Φοβοῦμαι γάρ, μήπως ἐλθὼν οὐχ οἵους θέλω εὕρω ὑμᾶς, κἀγὼ εὑρεθῶ ὑμῖν οἷον οὐ θέλετε· μήπως ἔρεις, ζῆλοι, θυμοί, ἐριθεῖαι, καταλαλιαί, ψιθυρισμοί, φυσιώσεις, ἀκαταστασίαι·"
12,21,"μὴ πάλιν ἐλθόντα με ταπεινώσει ὁ θεός μου πρὸς ὑμᾶς, καὶ πενθήσω πολλοὺς τῶν προημαρτηκότων, καὶ μὴ μετανοησάντων ἐπὶ τῇ ἀκαθαρσίᾳ καὶ πορνείᾳ καὶ ἀσελγείᾳ ᾗ ἔπραξαν."
13,1,Τρίτον τοῦτο ἔρχομαι πρὸς ὑμᾶς. Ἐπὶ στόματος δύο μαρτύρων καὶ τριῶν σταθήσεται πᾶν ῥῆμα.
13,2,"Προείρηκα καὶ προλέγω, ὡς παρὼν τὸ δεύτερον, καὶ ἀπὼν νῦν γράφω τοῖς προημαρτηκόσιν καὶ τοῖς λοιποῖς πᾶσιν, ὅτι ἐὰν ἔλθω εἰς τὸ πάλιν, οὐ φείσομαι·"
13,3,"ἐπεὶ δοκιμὴν ζητεῖτε τοῦ ἐν ἐμοὶ λαλοῦντος χριστοῦ, ὃς εἰς ὑμᾶς οὐκ ἀσθενεῖ, ἀλλὰ δυνατεῖ ἐν ὑμῖν·"
13,4,"καὶ γὰρ εἰ ἐσταυρώθη ἐξ ἀσθενείας, ἀλλὰ ζῇ ἐκ δυνάμεως θεοῦ. Καὶ γὰρ ἡμεῖς ἀσθενοῦμεν ἐν αὐτῷ, ἀλλὰ ζησόμεθα σὺν αὐτῷ ἐκ δυνάμεως θεοῦ εἰς ὑμᾶς."
13,5,"Ἑαυτοὺς πειράζετε εἰ ἐστὲ ἐν τῇ πίστει, ἑαυτοὺς δοκιμάζετε. Ἢ οὐκ ἐπιγινώσκετε ἑαυτούς, ὅτι Ἰησοῦς χριστὸς ἐν ὑμῖν ἐστίν; Εἰ μήτι ἀδόκιμοί ἐστε."
13,6,Ἐλπίζω δὲ ὅτι γνώσεσθε ὅτι ἡμεῖς οὐκ ἐσμὲν ἀδόκιμοι.
13,7,"Εὔχομαι δὲ πρὸς τὸν θεόν, μὴ ποιῆσαι ὑμᾶς κακὸν μηδέν, οὐχ ἵνα ἡμεῖς δόκιμοι φανῶμεν, ἀλλ’ ἵνα ὑμεῖς τὸ καλὸν ποιῆτε, ἡμεῖς δὲ ὡς ἀδόκιμοι ὦμεν."
13,8,"Οὐ γὰρ δυνάμεθά τι κατὰ τῆς ἀληθείας, ἀλλ’ ὑπὲρ τῆς ἀληθείας."
13,9,"Χαίρομεν γὰρ ὅταν ἡμεῖς ἀσθενῶμεν, ὑμεῖς δὲ δυνατοὶ ἦτε· τοῦτο δὲ καὶ εὐχόμεθα, τὴν ὑμῶν κατάρτισιν."
13,10,"Διὰ τοῦτο ταῦτα ἀπὼν γράφω, ἵνα παρὼν μὴ ἀποτόμως χρήσωμαι, κατὰ τὴν ἐξουσίαν ἣν ἔδωκέν μοι ὁ κύριος εἰς οἰκοδομήν, καὶ οὐκ εἰς καθαίρεσιν."
13,11,"¶Λοιπόν, ἀδελφοί, χαίρετε· καταρτίζεσθε, παρακαλεῖσθε, τὸ αὐτὸ φρονεῖτε, εἰρηνεύετε· καὶ ὁ θεὸς τῆς ἀγάπης καὶ εἰρήνης ἔσται μεθ’ ὑμῶν."
13,12,Ἀσπάσασθε ἀλλήλους ἐν ἁγίῳ φιλήματι.
13,13,¶Ἀσπάζονται ὑμᾶς οἱ ἅγιοι πάντες.
13,14,"¶Ἡ χάρις τοῦ κυρίου Ἰησοῦ χριστοῦ, καὶ ἡ ἀγάπη τοῦ θεοῦ, καὶ ἡ κοινωνία τοῦ ἁγίου πνεύματος μετὰ πάντων ὑμῶν. Ἀμήν."
