chapter,verse,text
1,1,Παῦλος καὶ Σιλουανὸς καὶ Τιμόθεος τῇ ἐκκλησίᾳ Θεσσαλονικέων ἐν θεῷ πατρὶ ἡμῶν καὶ κυρίῳ Ἰησοῦ χριστῷ·
1,2,χάρις ὑμῖν καὶ εἰρήνη ἀπὸ θεοῦ πατρὸς ἡμῶν καὶ κυρίου Ἰησοῦ χριστοῦ.
1,3,"¶Εὐχαριστεῖν ὀφείλομεν τῷ θεῷ πάντοτε περὶ ὑμῶν, ἀδελφοί, καθὼς ἄξιόν ἐστιν, ὅτι ὑπεραυξάνει ἡ πίστις ὑμῶν, καὶ πλεονάζει ἡ ἀγάπη ἑνὸς ἑκάστου πάντων ὑμῶν εἰς ἀλλήλους·"
1,4,ὥστε ἡμᾶς αὐτοὺς ἐν ὑμῖν καυχᾶσθαι ἐν ταῖς ἐκκλησίαις τοῦ θεοῦ ὑπὲρ τῆς ὑπομονῆς ὑμῶν καὶ πίστεως ἐν πᾶσιν τοῖς διωγμοῖς ὑμῶν καὶ ταῖς θλίψεσιν αἷς ἀνέχεσθε·
1,5,"ἔνδειγμα τῆς δικαίας κρίσεως τοῦ θεοῦ, εἰς τὸ καταξιωθῆναι ὑμᾶς τῆς βασιλείας τοῦ θεοῦ, ὑπὲρ ἧς καὶ πάσχετε·"
1,6,"εἴπερ δίκαιον παρὰ θεῷ ἀνταποδοῦναι τοῖς θλίβουσιν ὑμᾶς θλίψιν,"
1,7,"καὶ ὑμῖν τοῖς θλιβομένοις ἄνεσιν μεθ’ ἡμῶν, ἐν τῇ ἀποκαλύψει τοῦ κυρίου Ἰησοῦ ἀπ’ οὐρανοῦ μετ’ ἀγγέλων δυνάμεως αὐτοῦ,"
1,8,"ἐν πυρὶ φλογός, διδόντος ἐκδίκησιν τοῖς μὴ εἰδόσιν θεόν, καὶ τοῖς μὴ ὑπακούουσιν τῷ εὐαγγελίῳ τοῦ κυρίου ἡμῶν Ἰησοῦ·"
1,9,"οἵτινες δίκην τίσουσιν, ὄλεθρον αἰώνιον ἀπὸ προσώπου τοῦ κυρίου καὶ ἀπὸ τῆς δόξης τῆς ἰσχύος αὐτοῦ,"
1,10,"ὅταν ἔλθῃ ἐνδοξασθῆναι ἐν τοῖς ἁγίοις αὐτοῦ, καὶ θαυμασθῆναι ἐν πᾶσιν τοῖς πιστεύσασιν ὅτι ἐπιστεύθη τὸ μαρτύριον ἡμῶν ἐφ’ ὑμᾶς ἐν τῇ ἡμέρᾳ ἐκείνῃ."
1,11,"Εἰς ὃ καὶ προσευχόμεθα πάντοτε περὶ ὑμῶν, ἵνα ὑμᾶς ἀξιώσῃ τῆς κλήσεως ὁ θεὸς ἡμῶν, καὶ πληρώσῃ πᾶσαν εὐδοκίαν ἀγαθωσύνης καὶ ἔργον πίστεως ἐν δυνάμει·"
1,12,"ὅπως ἐνδοξασθῇ τὸ ὄνομα τοῦ κυρίου ἡμῶν Ἰησοῦ ἐν ὑμῖν, καὶ ὑμεῖς ἐν αὐτῷ, κατὰ τὴν χάριν τοῦ θεοῦ ἡμῶν καὶ κυρίου Ἰησοῦ χριστοῦ."
2,1,"Ἐρωτῶμεν δὲ ὑμᾶς, ἀδελφοί, ὑπὲρ τῆς παρουσίας τοῦ κυρίου ἡμῶν Ἰησοῦ χριστοῦ, καὶ ἡμῶν ἐπισυναγωγῆς ἐπ’ αὐτόν,"
2,2,"εἰς τὸ μὴ ταχέως σαλευθῆναι ὑμᾶς ἀπὸ τοῦ νοός, μήτε θροεῖσθαι, μήτε διὰ πνεύματος, μήτε διὰ λόγου, μήτε δι’ ἐπιστολῆς ὡς δι’ ἡμῶν, ὡς ὅτι ἐνέστηκεν ἡ ἡμέρα τοῦ χριστοῦ·"
2,3,"μή τις ὑμᾶς ἐξαπατήσῃ κατὰ μηδένα τρόπον· ὅτι ἐὰν μὴ ἔλθῃ ἡ ἀποστασία πρῶτον, καὶ ἀποκαλυφθῇ ὁ ἄνθρωπος τῆς ἁμαρτίας, ὁ υἱὸς τῆς ἀπωλείας,"
2,4,"ὁ ἀντικείμενος καὶ ὑπεραιρόμενος ἐπὶ πάντα λεγόμενον θεὸν ἢ σέβασμα, ὥστε αὐτὸν εἰς τὸν ναὸν τοῦ θεοῦ ὡς θεὸν καθίσαι, ἀποδεικνύντα ἑαυτὸν ὅτι ἐστὶν θεός."
2,5,"Οὐ μνημονεύετε ὅτι ἔτι ὢν πρὸς ὑμᾶς, ταῦτα ἔλεγον ὑμῖν;"
2,6,"Καὶ νῦν τὸ κατέχον οἴδατε, εἰς τὸ ἀποκαλυφθῆναι αὐτὸν ἐν τῷ ἑαυτοῦ καιρῷ."
2,7,"Τὸ γὰρ μυστήριον ἤδη ἐνεργεῖται τῆς ἀνομίας· μόνον ὁ κατέχων ἄρτι, ἕως ἐκ μέσου γένηται,"
2,8,"καὶ τότε ἀποκαλυφθήσεται ὁ ἄνομος, ὃν ὁ κύριος ἀναλώσει τῷ πνεύματι τοῦ στόματος αὐτοῦ, καὶ καταργήσει τῇ ἐπιφανείᾳ τῆς παρουσίας αὐτοῦ·"
2,9,"οὗ ἐστὶν ἡ παρουσία κατ’ ἐνέργειαν τοῦ Σατανᾶ ἐν πάσῃ δυνάμει καὶ σημείοις καὶ τέρασιν ψεύδους,"
2,10,"καὶ ἐν πάσῃ ἀπάτῃ τῆς ἀδικίας ἐν τοῖς ἀπολλυμένοις, ἀνθ’ ὧν τὴν ἀγάπην τῆς ἀληθείας οὐκ ἐδέξαντο εἰς τὸ σωθῆναι αὐτούς."
2,11,"Καὶ διὰ τοῦτο πέμψει αὐτοῖς ὁ θεὸς ἐνέργειαν πλάνης, εἰς τὸ πιστεῦσαι αὐτοὺς τῷ ψεύδει·"
2,12,"ἵνα κριθῶσιν πάντες οἱ μὴ πιστεύσαντες τῇ ἀληθείᾳ, ἀλλ’ εὐδοκήσαντες ἐν τῇ ἀδικίᾳ."
2,13,"¶Ἡμεῖς δὲ ὀφείλομεν εὐχαριστεῖν τῷ θεῷ πάντοτε περὶ ὑμῶν, ἀδελφοὶ ἠγαπημένοι ὑπὸ κυρίου, ὅτι εἵλετο ὑμᾶς ὁ θεὸς ἀπ’ ἀρχῆς εἰς σωτηρίαν ἐν ἁγιασμῷ πνεύματος, καὶ πίστει ἀληθείας·"
2,14,"εἰς ὃ ἐκάλεσεν ὑμᾶς διὰ τοῦ εὐαγγελίου ἡμῶν, εἰς περιποίησιν δόξης τοῦ κυρίου ἡμῶν Ἰησοῦ χριστοῦ."
2,15,"Ἄρα οὖν, ἀδελφοί, στήκετε, καὶ κρατεῖτε τὰς παραδόσεις ἃς ἐδιδάχθητε, εἴτε διὰ λόγου, εἴτε δι’ ἐπιστολῆς ἡμῶν."
2,16,"¶Αὐτὸς δὲ ὁ κύριος ἡμῶν Ἰησοῦς χριστός, καὶ ὁ θεὸς καὶ πατὴρ ἡμῶν ὁ ἀγαπήσας ἡμᾶς, καὶ δοὺς παράκλησιν αἰωνίαν καὶ ἐλπίδα ἀγαθὴν ἐν χάριτι,"
2,17,"παρακαλέσαι ὑμῶν τὰς καρδίας, καὶ στηρίξαι ὑμᾶς ἐν παντὶ λόγῳ καὶ ἔργῳ ἀγαθῷ."
3,1,"Τὸ λοιπόν, προσεύχεσθε, ἀδελφοί, περὶ ἡμῶν, ἵνα ὁ λόγος τοῦ κυρίου τρέχῃ καὶ δοξάζηται, καθὼς καὶ πρὸς ὑμᾶς,"
3,2,καὶ ἵνα ῥυσθῶμεν ἀπὸ τῶν ἀτόπων καὶ πονηρῶν ἀνθρώπων· οὐ γὰρ πάντων ἡ πίστις.
3,3,"Πιστὸς δέ ἐστιν ὁ κύριος, ὃς στηρίξει ὑμᾶς καὶ φυλάξει ἀπὸ τοῦ πονηροῦ."
3,4,"Πεποίθαμεν δὲ ἐν κυρίῳ ἐφ’ ὑμᾶς, ὅτι ἃ παραγγέλλομεν ὑμῖν, καὶ ποιεῖτε καὶ ποιήσετε."
3,5,"Ὁ δὲ κύριος κατευθύναι ὑμῶν τὰς καρδίας εἰς τὴν ἀγάπην τοῦ θεοῦ, καὶ εἰς τὴν ὑπομονὴν τοῦ χριστοῦ."
3,6,"¶Παραγγέλλομεν δὲ ὑμῖν, ἀδελφοί, ἐν ὀνόματι τοῦ κυρίου ἡμῶν Ἰησοῦ χριστοῦ, στέλλεσθαι ὑμᾶς ἀπὸ παντὸς ἀδελφοῦ ἀτάκτως περιπατοῦντος, καὶ μὴ κατὰ τὴν παράδοσιν ἣν παρέλαβον παρ’ ἡμῶν."
3,7,"Αὐτοὶ γὰρ οἴδατε πῶς δεῖ μιμεῖσθαι ἡμᾶς· ὅτι οὐκ ἠτακτήσαμεν ἐν ὑμῖν,"
3,8,"οὐδὲ δωρεὰν ἄρτον ἐφάγομεν παρά τινος, ἀλλ’ ἐν κόπῳ καὶ μόχθῳ, νύκτα καὶ ἡμέραν ἐργαζόμενοι, πρὸς τὸ μὴ ἐπιβαρῆσαί τινα ὑμῶν·"
3,9,"οὐχ ὅτι οὐκ ἔχομεν ἐξουσίαν, ἀλλ’ ἵνα ἑαυτοὺς τύπον δῶμεν ὑμῖν εἰς τὸ μιμεῖσθαι ἡμᾶς."
3,10,"Καὶ γὰρ ὅτε ἦμεν πρὸς ὑμᾶς, τοῦτο παρηγγέλλομεν ὑμῖν ὅτι εἴ τις οὐ θέλει ἐργάζεσθαι, μηδὲ ἐσθιέτω."
3,11,"Ἀκούομεν γάρ τινας περιπατοῦντας ἐν ὑμῖν ἀτάκτως, μηδὲν ἐργαζομένους, ἀλλὰ περιεργαζομένους."
3,12,"Τοῖς δὲ τοιούτοις παραγγέλλομεν καὶ παρακαλοῦμεν διὰ τοῦ κυρίου ἡμῶν Ἰησοῦ χριστοῦ, ἵνα μετὰ ἡσυχίας ἐργαζόμενοι τὸν ἑαυτῶν ἄρτον ἐσθίωσιν."
3,13,"Ὑμεῖς δέ, ἀδελφοί, μὴ ἐκκακήσητε καλοποιοῦντες."
3,14,"Εἰ δέ τις οὐχ ὑπακούει τῷ λόγῳ ἡμῶν διὰ τῆς ἐπιστολῆς, τοῦτον σημειοῦσθε, καὶ μὴ συναναμίγνυσθε αὐτῷ, ἵνα ἐντραπῇ,"
3,15,"καὶ μὴ ὡς ἐχθρὸν ἡγεῖσθε, ἀλλὰ νουθετεῖτε ὡς ἀδελφόν."
3,16,¶Αὐτὸς δὲ ὁ κύριος τῆς εἰρήνης δῴη ὑμῖν τὴν εἰρήνην διὰ παντὸς ἐν παντὶ τρόπῳ. Ὁ κύριος μετὰ πάντων ὑμῶν.
3,17,"¶Ὁ ἀσπασμὸς τῇ ἐμῇ χειρὶ Παύλου, ὅ ἐστιν σημεῖον ἐν πάσῃ ἐπιστολῇ· οὕτως γράφω."
3,18,Ἡ χάρις τοῦ κυρίου ἡμῶν Ἰησοῦ χριστοῦ μετὰ πάντων ὑμῶν. Ἀμήν.
