chapter,verse,text
1,1,"Ἰούδας Ἰησοῦ χριστοῦ δοῦλος, ἀδελφὸς δὲ Ἰακώβου, τοῖς ἐν θεῷ πατρὶ ἡγιασμένοις, καὶ Ἰησοῦ χριστῷ τετηρημένοις, κλητοῖς·"
1,2,ἔλεος ὑμῖν καὶ εἰρήνη καὶ ἀγάπη πληθυνθείη.
1,3,"¶Ἀγαπητοί, πᾶσαν σπουδὴν ποιούμενος γράφειν ὑμῖν περὶ τῆς κοινῆς σωτηρίας, ἀνάγκην ἔσχον γράψαι ὑμῖν, παρακαλῶν ἐπαγωνίζεσθαι τῇ ἅπαξ παραδοθείσῃ τοῖς ἁγίοις πίστει."
1,4,"Παρεισέδυσαν γάρ τινες ἄνθρωποι, οἱ πάλαι προγεγραμμένοι εἰς τοῦτο τὸ κρίμα, ἀσεβεῖς, τὴν τοῦ θεοῦ ἡμῶν χάριν μετατιθέντες εἰς ἀσέλγειαν, καὶ τὸν μόνον δεσπότην θεὸν καὶ κύριον ἡμῶν Ἰησοῦν χριστὸν ἀρνούμενοι."
1,5,"¶Ὑπομνῆσαι δὲ ὑμᾶς βούλομαι, εἰδότας ὑμᾶς ἅπαξ τοῦτο, ὅτι ὁ κύριος, λαὸν ἐκ γῆς Αἰγύπτου σώσας, τὸ δεύτερον τοὺς μὴ πιστεύσαντας ἀπώλεσεν."
1,6,"Ἀγγέλους τε τοὺς μὴ τηρήσαντας τὴν ἑαυτῶν ἀρχήν, ἀλλὰ ἀπολιπόντας τὸ ἴδιον οἰκητήριον, εἰς κρίσιν μεγάλης ἡμέρας δεσμοῖς ἀϊδίοις ὑπὸ ζόφον τετήρηκεν."
1,7,"Ὡς Σόδομα καὶ Γόμορρα, καὶ αἱ περὶ αὐτὰς πόλεις, τὸν ὅμοιον τούτοις τρόπον ἐκπορνεύσασαι, καὶ ἀπελθοῦσαι ὀπίσω σαρκὸς ἑτέρας, πρόκεινται δεῖγμα, πυρὸς αἰωνίου δίκην ὑπέχουσαι."
1,8,"Ὁμοίως μέντοι καὶ οὗτοι ἐνυπνιαζόμενοι σάρκα μὲν μιαίνουσιν, κυριότητα δὲ ἀθετοῦσιν, δόξας δὲ βλασφημοῦσιν."
1,9,"Ὁ δὲ Μιχαὴλ ὁ ἀρχάγγελος, ὅτε τῷ διαβόλῳ διακρινόμενος διελέγετο περὶ τοῦ Μωϋσέως σώματος, οὐκ ἐτόλμησεν κρίσιν ἐπενεγκεῖν βλασφημίας, ἀλλ’ εἶπεν, Ἐπιτιμήσαι σοι κύριος."
1,10,"Οὗτοι δὲ ὅσα μὲν οὐκ οἴδασιν βλασφημοῦσιν· ὅσα δὲ φυσικῶς, ὡς τὰ ἄλογα ζῷα, ἐπίστανται, ἐν τούτοις φθείρονται."
1,11,"Οὐαὶ αὐτοῖς· ὅτι τῇ ὁδῷ τοῦ Κάϊν ἐπορεύθησαν, καὶ τῇ πλάνῃ τοῦ Βαλαὰμ μισθοῦ ἐξεχύθησαν, καὶ τῇ ἀντιλογίᾳ τοῦ Κόρε ἀπώλοντο."
1,12,"Οὗτοί εἰσιν ἐν ταῖς ἀγάπαις ὑμῶν σπιλάδες, συνευωχούμενοι, ἀφόβως ἑαυτοὺς ποιμαίνοντες· νεφέλαι ἄνυδροι, ὑπὸ ἀνέμων παραφερόμεναι· δένδρα φθινοπωρινά, ἄκαρπα, δὶς ἀποθανόντα, ἐκριζωθέντα·"
1,13,"κύματα ἄγρια θαλάσσης, ἐπαφρίζοντα τὰς ἑαυτῶν αἰσχύνας· ἀστέρες πλανῆται, οἷς ὁ ζόφος τοῦ σκότους εἰς αἰῶνα τετήρηται."
1,14,"Προεφήτευσεν δὲ καὶ τούτοις ἕβδομος ἀπὸ Ἀδὰμ Ἐνώχ, λέγων, Ἰδού, ἦλθεν κύριος ἐν ἁγίαις μυριάσιν αὐτοῦ,"
1,15,"ποιῆσαι κρίσιν κατὰ πάντων, καὶ ἐλέγξαι πάντας τοὺς ἀσεβεῖς αὐτῶν περὶ πάντων τῶν ἔργων ἀσεβείας αὐτῶν ὧν ἠσέβησαν, καὶ περὶ πάντων τῶν σκληρῶν ὧν ἐλάλησαν κατ’ αὐτοῦ ἁμαρτωλοὶ ἀσεβεῖς."
1,16,"Οὗτοί εἰσιν γογγυσταί, μεμψίμοιροι, κατὰ τὰς ἐπιθυμίας αὐτῶν πορευόμενοι, καὶ τὸ στόμα αὐτῶν λαλεῖ ὑπέρογκα, θαυμάζοντες πρόσωπα ὠφελείας χάριν."
1,17,"¶Ὑμεῖς δέ, ἀγαπητοί, μνήσθητε τῶν ῥημάτων τῶν προειρημένων ὑπὸ τῶν ἀποστόλων τοῦ κυρίου ἡμῶν Ἰησοῦ χριστοῦ·"
1,18,"ὅτι ἔλεγον ὑμῖν ὅτι ἐν ἐσχάτῳ χρόνῳ ἔσονται ἐμπαῖκται, κατὰ τὰς ἑαυτῶν ἐπιθυμίας πορευόμενοι τῶν ἀσεβειῶν."
1,19,"Οὗτοί εἰσιν οἱ ἀποδιορίζοντες, ψυχικοί, πνεῦμα μὴ ἔχοντες."
1,20,"Ὑμεῖς δέ, ἀγαπητοί, τῇ ἁγιωτάτῃ ὑμῶν πίστει ἐποικοδομοῦντες ἑαυτούς, ἐν πνεύματι ἁγίῳ προσευχόμενοι,"
1,21,"ἑαυτοὺς ἐν ἀγάπῃ θεοῦ τηρήσατε, προσδεχόμενοι τὸ ἔλεος τοῦ κυρίου ἡμῶν Ἰησοῦ χριστοῦ εἰς ζωὴν αἰώνιον."
1,22,Καὶ οὓς μὲν ἐλεεῖτε διακρινόμενοι·
1,23,"οὓς δὲ ἐν φόβῳ σῴζετε, ἐκ πυρὸς ἁρπάζοντες, μισοῦντες καὶ τὸν ἀπὸ τῆς σαρκὸς ἐσπιλωμένον χιτῶνα."
1,24,"¶Τῷ δὲ δυναμένῳ φυλάξαι αὐτοὺς ἀπταίστους, καὶ στῆσαι κατενώπιον τῆς δόξης αὐτοῦ ἀμώμους ἐν ἀγαλλιάσει,"
1,25,"μόνῳ σοφῷ θεῷ σωτῆρι ἡμῶν, δόξα καὶ μεγαλωσύνη, κράτος καὶ ἐξουσία, καὶ νῦν καὶ εἰς πάντας τοὺς αἰῶνας. Ἀμήν."
