chapter,verse,text
1,1,"Παῦλος, δοῦλος Ἰησοῦ χριστοῦ, κλητὸς ἀπόστολος, ἀφωρισμένος εἰς εὐαγγέλιον θεοῦ,"
1,2,"ὃ προεπηγγείλατο διὰ τῶν προφητῶν αὐτοῦ ἐν γραφαῖς ἁγίαις,"
1,3,"περὶ τοῦ υἱοῦ αὐτοῦ, τοῦ γενομένου ἐκ σπέρματος Δαυὶδ κατὰ σάρκα,"
1,4,"τοῦ ὁρισθέντος υἱοῦ θεοῦ ἐν δυνάμει, κατὰ πνεῦμα ἁγιωσύνης, ἐξ ἀναστάσεως νεκρῶν, Ἰησοῦ χριστοῦ τοῦ κυρίου ἡμῶν,"
1,5,"δι’ οὗ ἐλάβομεν χάριν καὶ ἀποστολὴν εἰς ὑπακοὴν πίστεως ἐν πᾶσιν τοῖς ἔθνεσιν, ὑπὲρ τοῦ ὀνόματος αὐτοῦ,"
1,6,"ἐν οἷς ἐστὲ καὶ ὑμεῖς, κλητοὶ Ἰησοῦ χριστοῦ·"
1,7,"πᾶσιν τοῖς οὖσιν ἐν Ῥώμῃ ἀγαπητοῖς θεοῦ, κλητοῖς ἁγίοις· χάρις ὑμῖν καὶ εἰρήνη ἀπὸ θεοῦ πατρὸς ἡμῶν καὶ κυρίου Ἰησοῦ χριστοῦ."
1,8,"¶Πρῶτον μὲν εὐχαριστῶ τῷ θεῷ μου διὰ Ἰησοῦ χριστοῦ ὑπὲρ πάντων ὑμῶν, ὅτι ἡ πίστις ὑμῶν καταγγέλλεται ἐν ὅλῳ τῷ κόσμῳ."
1,9,"Μάρτυς γάρ μού ἐστιν ὁ θεός, ᾧ λατρεύω ἐν τῷ πνεύματί μου ἐν τῷ εὐαγγελίῳ τοῦ υἱοῦ αὐτοῦ, ὡς ἀδιαλείπτως μνείαν ὑμῶν ποιοῦμαι,"
1,10,"πάντοτε ἐπὶ τῶν προσευχῶν μου δεόμενος, εἴ πως ἤδη ποτὲ εὐοδωθήσομαι ἐν τῷ θελήματι τοῦ θεοῦ ἐλθεῖν πρὸς ὑμᾶς."
1,11,"Ἐπιποθῶ γὰρ ἰδεῖν ὑμᾶς, ἵνα τι μεταδῶ χάρισμα ὑμῖν πνευματικόν, εἰς τὸ στηριχθῆναι ὑμᾶς,"
1,12,"τοῦτο δέ ἐστιν, συμπαρακληθῆναι ἐν ὑμῖν διὰ τῆς ἐν ἀλλήλοις πίστεως ὑμῶν τε καὶ ἐμοῦ."
1,13,"Οὐ θέλω δὲ ὑμᾶς ἀγνοεῖν, ἀδελφοί, ὅτι πολλάκις προεθέμην ἐλθεῖν πρὸς ὑμᾶς- καὶ ἐκωλύθην ἄχρι τοῦ δεῦρο- ἵνα τινὰ καρπὸν σχῶ καὶ ἐν ὑμῖν, καθὼς καὶ ἐν τοῖς λοιποῖς ἔθνεσιν."
1,14,"Ἕλλησίν τε καὶ βαρβάροις, σοφοῖς τε καὶ ἀνοήτοις ὀφειλέτης εἰμί·"
1,15,οὕτως τὸ κατ’ ἐμὲ πρόθυμον καὶ ὑμῖν τοῖς ἐν Ῥώμῃ εὐαγγελίσασθαι.
1,16,"Οὐ γὰρ ἐπαισχύνομαι τὸ εὐαγγέλιον τοῦ χριστοῦ· δύναμις γὰρ θεοῦ ἐστιν εἰς σωτηρίαν παντὶ τῷ πιστεύοντι, Ἰουδαίῳ τε πρῶτον καὶ Ἕλληνι."
1,17,"Δικαιοσύνη γὰρ θεοῦ ἐν αὐτῷ ἀποκαλύπτεται ἐκ πίστεως εἰς πίστιν, καθὼς γέγραπται, Ὁ δὲ δίκαιος ἐκ πίστεως ζήσεται."
1,18,¶Ἀποκαλύπτεται γὰρ ὀργὴ θεοῦ ἀπ’ οὐρανοῦ ἐπὶ πᾶσαν ἀσέβειαν καὶ ἀδικίαν ἀνθρώπων τῶν τὴν ἀλήθειαν ἐν ἀδικίᾳ κατεχόντων·
1,19,διότι τὸ γνωστὸν τοῦ θεοῦ φανερόν ἐστιν ἐν αὐτοῖς· ὁ γὰρ θεὸς αὐτοῖς ἐφανέρωσεν.
1,20,"Τὰ γὰρ ἀόρατα αὐτοῦ ἀπὸ κτίσεως κόσμου τοῖς ποιήμασιν νοούμενα καθορᾶται, ἥ τε ἀΐδιος αὐτοῦ δύναμις καὶ θειότης, εἰς τὸ εἶναι αὐτοὺς ἀναπολογήτους·"
1,21,"διότι γνόντες τὸν θεόν, οὐχ ὡς θεὸν ἐδόξασαν ἢ εὐχαρίστησαν, ἀλλ’ ἐματαιώθησαν ἐν τοῖς διαλογισμοῖς αὐτῶν, καὶ ἐσκοτίσθη ἡ ἀσύνετος αὐτῶν καρδία."
1,22,"Φάσκοντες εἶναι σοφοὶ ἐμωράνθησαν,"
1,23,καὶ ἤλλαξαν τὴν δόξαν τοῦ ἀφθάρτου θεοῦ ἐν ὁμοιώματι εἰκόνος φθαρτοῦ ἀνθρώπου καὶ πετεινῶν καὶ τετραπόδων καὶ ἑρπετῶν.
1,24,"¶Διὸ καὶ παρέδωκεν αὐτοὺς ὁ θεὸς ἐν ταῖς ἐπιθυμίαις τῶν καρδιῶν αὐτῶν εἰς ἀκαθαρσίαν, τοῦ ἀτιμάζεσθαι τὰ σώματα αὐτῶν ἐν ἑαυτοῖς·"
1,25,"οἵτινες μετήλλαξαν τὴν ἀλήθειαν τοῦ θεοῦ ἐν τῷ ψεύδει, καὶ ἐσεβάσθησαν καὶ ἐλάτρευσαν τῇ κτίσει παρὰ τὸν κτίσαντα, ὅς ἐστιν εὐλογητὸς εἰς τοὺς αἰῶνας. Ἀμήν."
1,26,¶Διὰ τοῦτο παρέδωκεν αὐτοὺς ὁ θεὸς εἰς πάθη ἀτιμίας· αἵ τε γὰρ θήλειαι αὐτῶν μετήλλαξαν τὴν φυσικὴν χρῆσιν εἰς τὴν παρὰ φύσιν·
1,27,"ὁμοίως τε καὶ οἱ ἄρρενες, ἀφέντες τὴν φυσικὴν χρῆσιν τῆς θηλείας, ἐξεκαύθησαν ἐν τῇ ὀρέξει αὐτῶν εἰς ἀλλήλους, ἄρσενες ἐν ἄρσεσιν τὴν ἀσχημοσύνην κατεργαζόμενοι, καὶ τὴν ἀντιμισθίαν ἣν ἔδει τῆς πλάνης αὐτῶν ἐν ἑαυτοῖς ἀπολαμβάνοντες."
1,28,"¶Καὶ καθὼς οὐκ ἐδοκίμασαν τὸν θεὸν ἔχειν ἐν ἐπιγνώσει, παρέδωκεν αὐτοὺς ὁ θεὸς εἰς ἀδόκιμον νοῦν, ποιεῖν τὰ μὴ καθήκοντα,"
1,29,"πεπληρωμένους πάσῃ ἀδικίᾳ, πορνείᾳ, πονηρίᾳ, πλεονεξίᾳ, κακίᾳ· μεστοὺς φθόνου, φόνου, ἔριδος, δόλου, κακοηθείας· ψιθυριστάς,"
1,30,"καταλάλους, θεοστυγεῖς, ὑβριστάς, ὑπερηφάνους, ἀλαζόνας, ἐφευρετὰς κακῶν, γονεῦσιν ἀπειθεῖς,"
1,31,"ἀσυνέτους, ἀσυνθέτους, ἀστόργους, ἀσπόνδους, ἀνελεήμονας·"
1,32,"οἵτινες τὸ δικαίωμα τοῦ θεοῦ ἐπιγνόντες, ὅτι οἱ τὰ τοιαῦτα πράσσοντες ἄξιοι θανάτου εἰσίν, οὐ μόνον αὐτὰ ποιοῦσιν, ἀλλὰ καὶ συνευδοκοῦσιν τοῖς πράσσουσιν."
2,1,"Διὸ ἀναπολόγητος εἶ, ὦ ἄνθρωπε πᾶς ὁ κρίνων· ἐν ᾧ γὰρ κρίνεις τὸν ἕτερον, σεαυτὸν κατακρίνεις, τὰ γὰρ αὐτὰ πράσσεις ὁ κρίνων."
2,2,Οἴδαμεν δὲ ὅτι τὸ κρίμα τοῦ θεοῦ ἐστιν κατὰ ἀλήθειαν ἐπὶ τοὺς τὰ τοιαῦτα πράσσοντας.
2,3,"Λογίζῃ δὲ τοῦτο, ὦ ἄνθρωπε ὁ κρίνων τοὺς τὰ τοιαῦτα πράσσοντας καὶ ποιῶν αὐτά, ὅτι σὺ ἐκφεύξῃ τὸ κρίμα τοῦ θεοῦ;"
2,4,"Ἢ τοῦ πλούτου τῆς χρηστότητος αὐτοῦ καὶ τῆς ἀνοχῆς καὶ τῆς μακροθυμίας καταφρονεῖς, ἀγνοῶν ὅτι τὸ χρηστὸν τοῦ θεοῦ εἰς μετάνοιάν σε ἄγει;"
2,5,"Κατὰ δὲ τὴν σκληρότητά σου καὶ ἀμετανόητον καρδίαν θησαυρίζεις σεαυτῷ ὀργὴν ἐν ἡμέρᾳ ὀργῆς καὶ ἀποκαλύψεως καὶ δικαιοκρισίας τοῦ θεοῦ,"
2,6,ὃς ἀποδώσει ἑκάστῳ κατὰ τὰ ἔργα αὐτοῦ·
2,7,"τοῖς μὲν καθ’ ὑπομονὴν ἔργου ἀγαθοῦ δόξαν καὶ τιμὴν καὶ ἀφθαρσίαν ζητοῦσιν, ζωὴν αἰώνιον·"
2,8,"τοῖς δὲ ἐξ ἐριθείας, καὶ ἀπειθοῦσιν μὲν τῇ ἀληθείᾳ πειθομένοις δὲ τῇ ἀδικίᾳ, θυμὸς καὶ ὀργή,"
2,9,"θλίψις καὶ στενοχωρία, ἐπὶ πᾶσαν ψυχὴν ἀνθρώπου τοῦ κατεργαζομένου τὸ κακόν, Ἰουδαίου τε πρῶτον καὶ Ἕλληνος·"
2,10,"δόξα δὲ καὶ τιμὴ καὶ εἰρήνη παντὶ τῷ ἐργαζομένῳ τὸ ἀγαθόν, Ἰουδαίῳ τε πρῶτον καὶ Ἕλληνι·"
2,11,οὐ γάρ ἐστιν προσωποληψία παρὰ τῷ θεῷ.
2,12,"Ὅσοι γὰρ ἀνόμως ἥμαρτον, ἀνόμως καὶ ἀπολοῦνται· καὶ ὅσοι ἐν νόμῳ ἥμαρτον, διὰ νόμου κριθήσονται·"
2,13,"οὐ γὰρ οἱ ἀκροαταὶ τοῦ νόμου δίκαιοι παρὰ τῷ θεῷ, ἀλλ’ οἱ ποιηταὶ τοῦ νόμου δικαιωθήσονται."
2,14,"Ὅταν γὰρ ἔθνη τὰ μὴ νόμον ἔχοντα φύσει τὰ τοῦ νόμου ποιῇ, οὗτοι, νόμον μὴ ἔχοντες, ἑαυτοῖς εἰσιν νόμος·"
2,15,"οἵτινες ἐνδείκνυνται τὸ ἔργον τοῦ νόμου γραπτὸν ἐν ταῖς καρδίαις αὐτῶν, συμμαρτυρούσης αὐτῶν τῆς συνειδήσεως, καὶ μεταξὺ ἀλλήλων τῶν λογισμῶν κατηγορούντων ἢ καὶ ἀπολογουμένων,"
2,16,"ἐν ἡμέρᾳ ὅτε κρινεῖ ὁ θεὸς τὰ κρυπτὰ τῶν ἀνθρώπων, κατὰ τὸ εὐαγγέλιόν μου, διὰ Ἰησοῦ χριστοῦ."
2,17,"¶Ἴδε σὺ Ἰουδαῖος ἐπονομάζῃ, καὶ ἐπαναπαύῃ τῷ νόμῳ, καὶ καυχᾶσαι ἐν θεῷ,"
2,18,"καὶ γινώσκεις τὸ θέλημα, καὶ δοκιμάζεις τὰ διαφέροντα, κατηχούμενος ἐκ τοῦ νόμου,"
2,19,"πέποιθάς τε σεαυτὸν ὁδηγὸν εἶναι τυφλῶν, φῶς τῶν ἐν σκότει,"
2,20,"παιδευτὴν ἀφρόνων, διδάσκαλον νηπίων, ἔχοντα τὴν μόρφωσιν τῆς γνώσεως καὶ τῆς ἀληθείας ἐν τῷ νόμῳ·"
2,21,"ὁ οὖν διδάσκων ἕτερον, σεαυτὸν οὐ διδάσκεις; Ὁ κηρύσσων μὴ κλέπτειν, κλέπτεις;"
2,22,"Ὁ λέγων μὴ μοιχεύειν, μοιχεύεις; Ὁ βδελυσσόμενος τὰ εἴδωλα, ἱεροσυλεῖς;"
2,23,"Ὃς ἐν νόμῳ καυχᾶσαι, διὰ τῆς παραβάσεως τοῦ νόμου τὸν θεὸν ἀτιμάζεις;"
2,24,"Τὸ γὰρ ὄνομα τοῦ θεοῦ δι’ ὑμᾶς βλασφημεῖται ἐν τοῖς ἔθνεσιν, καθὼς γέγραπται."
2,25,"Περιτομὴ μὲν γὰρ ὠφελεῖ, ἐὰν νόμον πράσσῃς· ἐὰν δὲ παραβάτης νόμου ᾖς, ἡ περιτομή σου ἀκροβυστία γέγονεν."
2,26,"Ἐὰν οὖν ἡ ἀκροβυστία τὰ δικαιώματα τοῦ νόμου φυλάσσῃ, οὐχὶ ἡ ἀκροβυστία αὐτοῦ εἰς περιτομὴν λογισθήσεται;"
2,27,"Καὶ κρινεῖ ἡ ἐκ φύσεως ἀκροβυστία, τὸν νόμον τελοῦσα, σὲ τὸν διὰ γράμματος καὶ περιτομῆς παραβάτην νόμου;"
2,28,"Οὐ γὰρ ὁ ἐν τῷ φανερῷ Ἰουδαῖός ἐστιν, οὐδὲ ἡ ἐν τῷ φανερῷ ἐν σαρκὶ περιτομή·"
2,29,"ἀλλ’ ὁ ἐν τῷ κρυπτῷ Ἰουδαῖος, καὶ περιτομὴ καρδίας ἐν πνεύματι, οὐ γράμματι· οὗ ὁ ἔπαινος οὐκ ἐξ ἀνθρώπων, ἀλλ’ ἐκ τοῦ θεοῦ."
3,1,"Τί οὖν τὸ περισσὸν τοῦ Ἰουδαίου, ἢ τίς ἡ ὠφέλεια τῆς περιτομῆς;"
3,2,Πολὺ κατὰ πάντα τρόπον· πρῶτον μὲν γὰρ ὅτι ἐπιστεύθησαν τὰ λόγια τοῦ θεοῦ.
3,3,Τί γὰρ εἰ ἠπίστησάν τινες; Μὴ ἡ ἀπιστία αὐτῶν τὴν πίστιν τοῦ θεοῦ καταργήσει;
3,4,"Μὴ γένοιτο· γινέσθω δὲ ὁ θεὸς ἀληθής, πᾶς δὲ ἄνθρωπος ψεύστης, καθὼς γέγραπται, Ὅπως ἂν δικαιωθῇς ἐν τοῖς λόγοις σου, καὶ νικήσῃς ἐν τῷ κρίνεσθαί σε."
3,5,"Εἰ δὲ ἡ ἀδικία ἡμῶν θεοῦ δικαιοσύνην συνίστησιν, τί ἐροῦμεν; Μὴ ἄδικος ὁ θεὸς ὁ ἐπιφέρων τὴν ὀργήν;- κατὰ ἄνθρωπον λέγω-"
3,6,Μὴ γένοιτο· ἐπεὶ πῶς κρινεῖ ὁ θεὸς τὸν κόσμον;
3,7,"Εἰ γὰρ ἡ ἀλήθεια τοῦ θεοῦ ἐν τῷ ἐμῷ ψεύσματι ἐπερίσσευσεν εἰς τὴν δόξαν αὐτοῦ, τί ἔτι κἀγὼ ὡς ἁμαρτωλὸς κρίνομαι;"
3,8,"Καὶ μή- καθὼς βλασφημούμεθα, καὶ καθώς φασίν τινες ἡμᾶς λέγειν- ὅτι Ποιήσωμεν τὰ κακὰ ἵνα ἔλθῃ τὰ ἀγαθά; Ὧν τὸ κρίμα ἔνδικόν ἐστιν."
3,9,"¶Τί οὖν; Προεχόμεθα; Οὐ πάντως· προῃτιασάμεθα γὰρ Ἰουδαίους τε καὶ Ἕλληνας πάντας ὑφ’ ἁμαρτίαν εἶναι,"
3,10,καθὼς γέγραπται ὅτι Οὐκ ἔστιν δίκαιος οὐδὲ εἷς·
3,11,"οὐκ ἔστιν ὁ συνιῶν, οὐκ ἔστιν ὁ ἐκζητῶν τὸν θεόν·"
3,12,"πάντες ἐξέκλιναν, ἅμα ἠχρειώθησαν· οὐκ ἔστιν ποιῶν χρηστότητα, οὐκ ἔστιν ἕως ἑνός·"
3,13,"τάφος ἀνεῳγμένος ὁ λάρυγξ αὐτῶν, ταῖς γλώσσαις αὐτῶν ἐδολιοῦσαν· ἰὸς ἀσπίδων ὑπὸ τὰ χείλη αὐτῶν·"
3,14,ὧν τὸ στόμα ἀρᾶς καὶ πικρίας γέμει·
3,15,ὀξεῖς οἱ πόδες αὐτῶν ἐκχέαι αἷμα·
3,16,"σύντριμμα καὶ ταλαιπωρία ἐν ταῖς ὁδοῖς αὐτῶν,"
3,17,καὶ ὁδὸν εἰρήνης οὐκ ἔγνωσαν·
3,18,οὐκ ἔστιν φόβος θεοῦ ἀπέναντι τῶν ὀφθαλμῶν αὐτῶν.
3,19,"¶Οἴδαμεν δὲ ὅτι ὅσα ὁ νόμος λέγει, τοῖς ἐν τῷ νόμῳ λαλεῖ, ἵνα πᾶν στόμα φραγῇ, καὶ ὑπόδικος γένηται πᾶς ὁ κόσμος τῷ θεῷ·"
3,20,διότι ἐξ ἔργων νόμου οὐ δικαιωθήσεται πᾶσα σὰρξ ἐνώπιον αὐτοῦ· διὰ γὰρ νόμου ἐπίγνωσις ἁμαρτίας.
3,21,"Νυνὶ δὲ χωρὶς νόμου δικαιοσύνη θεοῦ πεφανέρωται, μαρτυρουμένη ὑπὸ τοῦ νόμου καὶ τῶν προφητῶν·"
3,22,δικαιοσύνη δὲ θεοῦ διὰ πίστεως Ἰησοῦ χριστοῦ εἰς πάντας καὶ ἐπὶ πάντας τοὺς πιστεύοντας· οὐ γάρ ἐστιν διαστολή·
3,23,"πάντες γὰρ ἥμαρτον καὶ ὑστεροῦνται τῆς δόξης τοῦ θεοῦ,"
3,24,δικαιούμενοι δωρεὰν τῇ αὐτοῦ χάριτι διὰ τῆς ἀπολυτρώσεως τῆς ἐν χριστῷ Ἰησοῦ·
3,25,"ὃν προέθετο ὁ θεὸς ἱλαστήριον, διὰ τῆς πίστεως, ἐν τῷ αὐτοῦ αἵματι, εἰς ἔνδειξιν τῆς δικαιοσύνης αὐτοῦ, διὰ τὴν πάρεσιν τῶν προγεγονότων ἁμαρτημάτων,"
3,26,"ἐν τῇ ἀνοχῇ τοῦ θεοῦ· πρὸς ἔνδειξιν τῆς δικαιοσύνης αὐτοῦ ἐν τῷ νῦν καιρῷ, εἰς τὸ εἶναι αὐτὸν δίκαιον καὶ δικαιοῦντα τὸν ἐκ πίστεως Ἰησοῦ."
3,27,"Ποῦ οὖν ἡ καύχησις; Ἐξεκλείσθη. Διὰ ποίου νόμου; Τῶν ἔργων; Οὐχί, ἀλλὰ διὰ νόμου πίστεως."
3,28,"Λογιζόμεθα οὖν πίστει δικαιοῦσθαι ἄνθρωπον, χωρὶς ἔργων νόμου."
3,29,Ἢ Ἰουδαίων ὁ θεὸς μόνον; Οὐχὶ δὲ καὶ ἐθνῶν; Ναὶ καὶ ἐθνῶν·
3,30,"ἐπείπερ εἷς ὁ θεός, ὃς δικαιώσει περιτομὴν ἐκ πίστεως, καὶ ἀκροβυστίαν διὰ τῆς πίστεως."
3,31,Νόμον οὖν καταργοῦμεν διὰ τῆς πίστεως; Μὴ γένοιτο· ἀλλὰ νόμον ἱστῶμεν.
4,1,Τί οὖν ἐροῦμεν Ἀβραὰμ τὸν πατέρα ἡμῶν εὑρηκέναι κατὰ σάρκα;
4,2,"Εἰ γὰρ Ἀβραὰμ ἐξ ἔργων ἐδικαιώθη, ἔχει καύχημα, ἀλλ’ οὐ πρὸς τὸν θεόν."
4,3,"Τί γὰρ ἡ γραφὴ λέγει; Ἐπίστευσεν δὲ Ἀβραὰμ τῷ θεῷ, καὶ ἐλογίσθη αὐτῷ εἰς δικαιοσύνην."
4,4,"Τῷ δὲ ἐργαζομένῳ ὁ μισθὸς οὐ λογίζεται κατὰ χάριν, ἀλλὰ κατὰ ὀφείλημα."
4,5,"Τῷ δὲ μὴ ἐργαζομένῳ, πιστεύοντι δὲ ἐπὶ τὸν δικαιοῦντα τὸν ἀσεβῆ, λογίζεται ἡ πίστις αὐτοῦ εἰς δικαιοσύνην."
4,6,"Καθάπερ καὶ Δαυὶδ λέγει τὸν μακαρισμὸν τοῦ ἀνθρώπου, ᾧ ὁ θεὸς λογίζεται δικαιοσύνην χωρὶς ἔργων,"
4,7,"Μακάριοι ὧν ἀφέθησαν αἱ ἀνομίαι, καὶ ὧν ἐπεκαλύφθησαν αἱ ἁμαρτίαι."
4,8,Μακάριος ἀνὴρ ᾧ οὐ μὴ λογίσηται κύριος ἁμαρτίαν.
4,9,"Ὁ μακαρισμὸς οὖν οὗτος ἐπὶ τὴν περιτομήν, ἢ καὶ ἐπὶ τὴν ἀκροβυστίαν; Λέγομεν γὰρ ὅτι Ἐλογίσθη τῷ Ἀβραὰμ ἡ πίστις εἰς δικαιοσύνην."
4,10,"Πῶς οὖν ἐλογίσθη; Ἐν περιτομῇ ὄντι, ἢ ἐν ἀκροβυστίᾳ; Οὐκ ἐν περιτομῇ, ἀλλ’ ἐν ἀκροβυστίᾳ·"
4,11,"καὶ σημεῖον ἔλαβεν περιτομῆς, σφραγῖδα τῆς δικαιοσύνης τῆς πίστεως τῆς ἐν τῇ ἀκροβυστίᾳ· εἰς τὸ εἶναι αὐτὸν πατέρα πάντων τῶν πιστευόντων δι’ ἀκροβυστίας, εἰς τὸ λογισθῆναι καὶ αὐτοῖς τὴν δικαιοσύνην·"
4,12,"καὶ πατέρα περιτομῆς τοῖς οὐκ ἐκ περιτομῆς μόνον, ἀλλὰ καὶ τοῖς στοιχοῦσιν τοῖς ἴχνεσιν τῆς πίστεως τῆς ἐν τῇ ἀκροβυστίᾳ τοῦ πατρὸς ἡμῶν Ἀβραάμ."
4,13,"Οὐ γὰρ διὰ νόμου ἡ ἐπαγγελία τῷ Ἀβραὰμ ἢ τῷ σπέρματι αὐτοῦ, τὸ κληρονόμον αὐτὸν εἶναι τοῦ κόσμου, ἀλλὰ διὰ δικαιοσύνης πίστεως."
4,14,"Εἰ γὰρ οἱ ἐκ νόμου κληρονόμοι, κεκένωται ἡ πίστις, καὶ κατήργηται ἡ ἐπαγγελία·"
4,15,"ὁ γὰρ νόμος ὀργὴν κατεργάζεται· οὗ γὰρ οὐκ ἔστιν νόμος, οὐδὲ παράβασις."
4,16,"Διὰ τοῦτο ἐκ πίστεως, ἵνα κατὰ χάριν, εἰς τὸ εἶναι βεβαίαν τὴν ἐπαγγελίαν παντὶ τῷ σπέρματι, οὐ τῷ ἐκ τοῦ νόμου μόνον, ἀλλὰ καὶ τῷ ἐκ πίστεως Ἀβραάμ, ὅς ἐστιν πατὴρ πάντων ἡμῶν-"
4,17,"καθὼς γέγραπται ὅτι Πατέρα πολλῶν ἐθνῶν τέθεικά σε- κατέναντι οὗ ἐπίστευσεν θεοῦ, τοῦ ζῳοποιοῦντος τοὺς νεκρούς, καὶ καλοῦντος τὰ μὴ ὄντα ὡς ὄντα."
4,18,"Ὃς παρ’ ἐλπίδα ἐπ’ ἐλπίδι ἐπίστευσεν, εἰς τὸ γενέσθαι αὐτὸν πατέρα πολλῶν ἐθνῶν, κατὰ τὸ εἰρημένον, Οὕτως ἔσται τὸ σπέρμα σου."
4,19,"Καὶ μὴ ἀσθενήσας τῇ πίστει, οὐ κατενόησεν τὸ ἑαυτοῦ σῶμα ἤδη νενεκρωμένον- ἑκατονταέτης που ὑπάρχων- καὶ τὴν νέκρωσιν τῆς μήτρας Σάρρας·"
4,20,"εἰς δὲ τὴν ἐπαγγελίαν τοῦ θεοῦ οὐ διεκρίθη τῇ ἀπιστίᾳ, ἀλλ’ ἐνεδυναμώθη τῇ πίστει, δοὺς δόξαν τῷ θεῷ,"
4,21,"καὶ πληροφορηθεὶς ὅτι ὃ ἐπήγγελται, δυνατός ἐστιν καὶ ποιῆσαι."
4,22,Διὸ καὶ ἐλογίσθη αὐτῷ εἰς δικαιοσύνην.
4,23,"Οὐκ ἐγράφη δὲ δι’ αὐτὸν μόνον, ὅτι ἐλογίσθη αὐτῷ·"
4,24,"ἀλλὰ καὶ δι’ ἡμᾶς, οἷς μέλλει λογίζεσθαι, τοῖς πιστεύουσιν ἐπὶ τὸν ἐγείραντα Ἰησοῦν τὸν κύριον ἡμῶν ἐκ νεκρῶν,"
4,25,"ὃς παρεδόθη διὰ τὰ παραπτώματα ἡμῶν, καὶ ἠγέρθη διὰ τὴν δικαίωσιν ἡμῶν."
5,1,"Δικαιωθέντες οὖν ἐκ πίστεως, εἰρήνην ἔχομεν πρὸς τὸν θεὸν διὰ τοῦ κυρίου ἡμῶν Ἰησοῦ χριστοῦ,"
5,2,"δι’ οὗ καὶ τὴν προσαγωγὴν ἐσχήκαμεν τῇ πίστει εἰς τὴν χάριν ταύτην ἐν ᾗ ἑστήκαμεν, καὶ καυχώμεθα ἐπ’ ἐλπίδι τῆς δόξης τοῦ θεοῦ."
5,3,"Οὐ μόνον δέ, ἀλλὰ καὶ καυχώμεθα ἐν ταῖς θλίψεσιν, εἰδότες ὅτι ἡ θλίψις ὑπομονὴν κατεργάζεται,"
5,4,"ἡ δὲ ὑπομονὴ δοκιμήν, ἡ δὲ δοκιμὴ ἐλπίδα·"
5,5,"ἡ δὲ ἐλπὶς οὐ καταισχύνει, ὅτι ἡ ἀγάπη τοῦ θεοῦ ἐκκέχυται ἐν ταῖς καρδίαις ἡμῶν διὰ πνεύματος ἁγίου τοῦ δοθέντος ἡμῖν."
5,6,"Ἔτι γὰρ χριστός, ὄντων ἡμῶν ἀσθενῶν, κατὰ καιρὸν ὑπὲρ ἀσεβῶν ἀπέθανεν."
5,7,Μόλις γὰρ ὑπὲρ δικαίου τις ἀποθανεῖται· ὑπὲρ γὰρ τοῦ ἀγαθοῦ τάχα τις καὶ τολμᾷ ἀποθανεῖν.
5,8,"Συνίστησιν δὲ τὴν ἑαυτοῦ ἀγάπην εἰς ἡμᾶς ὁ θεός, ὅτι ἔτι ἁμαρτωλῶν ὄντων ἡμῶν χριστὸς ὑπὲρ ἡμῶν ἀπέθανεν."
5,9,"Πολλῷ οὖν μᾶλλον, δικαιωθέντες νῦν ἐν τῷ αἵματι αὐτοῦ, σωθησόμεθα δι’ αὐτοῦ ἀπὸ τῆς ὀργῆς."
5,10,"Εἰ γὰρ ἐχθροὶ ὄντες κατηλλάγημεν τῷ θεῷ διὰ τοῦ θανάτου τοῦ υἱοῦ αὐτοῦ, πολλῷ μᾶλλον καταλλαγέντες σωθησόμεθα ἐν τῇ ζωῇ αὐτοῦ·"
5,11,"οὐ μόνον δέ, ἀλλὰ καὶ καυχώμενοι ἐν τῷ θεῷ διὰ τοῦ κυρίου ἡμῶν Ἰησοῦ χριστοῦ, δι’ οὗ νῦν τὴν καταλλαγὴν ἐλάβομεν."
5,12,"¶Διὰ τοῦτο, ὥσπερ δι’ ἑνὸς ἀνθρώπου ἡ ἁμαρτία εἰς τὸν κόσμον εἰσῆλθεν, καὶ διὰ τῆς ἁμαρτίας ὁ θάνατος, καὶ οὕτως εἰς πάντας ἀνθρώπους ὁ θάνατος διῆλθεν, ἐφ’ ᾧ πάντες ἥμαρτον-"
5,13,"ἄχρι γὰρ νόμου ἁμαρτία ἦν ἐν κόσμῳ· ἁμαρτία δὲ οὐκ ἐλλογεῖται, μὴ ὄντος νόμου."
5,14,"Ἀλλ’ ἐβασίλευσεν ὁ θάνατος ἀπὸ Ἀδὰμ μέχρι Μωϋσέως καὶ ἐπὶ τοὺς μὴ ἁμαρτήσαντας ἐπὶ τῷ ὁμοιώματι τῆς παραβάσεως Ἀδάμ, ὅς ἐστιν τύπος τοῦ μέλλοντος."
5,15,"Ἀλλ’ οὐχ ὡς τὸ παράπτωμα, οὕτως καὶ τὸ χάρισμα. Εἰ γὰρ τῷ τοῦ ἑνὸς παραπτώματι οἱ πολλοὶ ἀπέθανον, πολλῷ μᾶλλον ἡ χάρις τοῦ θεοῦ καὶ ἡ δωρεὰ ἐν χάριτι τῇ τοῦ ἑνὸς ἀνθρώπου Ἰησοῦ χριστοῦ εἰς τοὺς πολλοὺς ἐπερίσσευσεν."
5,16,"Καὶ οὐχ ὡς δι’ ἑνὸς ἁμαρτήσαντος, τὸ δώρημα· τὸ μὲν γὰρ κρίμα ἐξ ἑνὸς εἰς κατάκριμα, τὸ δὲ χάρισμα ἐκ πολλῶν παραπτωμάτων εἰς δικαίωμα."
5,17,"Εἰ γὰρ τῷ τοῦ ἑνὸς παραπτώματι ὁ θάνατος ἐβασίλευσεν διὰ τοῦ ἑνός, πολλῷ μᾶλλον οἱ τὴν περισσείαν τῆς χάριτος καὶ τῆς δωρεᾶς τῆς δικαιοσύνης λαμβάνοντες ἐν ζωῇ βασιλεύσουσιν διὰ τοῦ ἑνὸς Ἰησοῦ χριστοῦ."
5,18,"Ἄρα οὖν ὡς δι’ ἑνὸς παραπτώματος εἰς πάντας ἀνθρώπους εἰς κατάκριμα, οὕτως καὶ δι’ ἑνὸς δικαιώματος εἰς πάντας ἀνθρώπους εἰς δικαίωσιν ζωῆς."
5,19,"Ὥσπερ γὰρ διὰ τῆς παρακοῆς τοῦ ἑνὸς ἀνθρώπου ἁμαρτωλοὶ κατεστάθησαν οἱ πολλοί, οὕτως καὶ διὰ τῆς ὑπακοῆς τοῦ ἑνὸς δίκαιοι κατασταθήσονται οἱ πολλοί."
5,20,"Νόμος δὲ παρεισῆλθεν, ἵνα πλεονάσῃ τὸ παράπτωμα· οὗ δὲ ἐπλεόνασεν ἡ ἁμαρτία, ὑπερεπερίσσευσεν ἡ χάρις·"
5,21,"ἵνα ὥσπερ ἐβασίλευσεν ἡ ἁμαρτία ἐν τῷ θανάτῳ, οὕτως καὶ ἡ χάρις βασιλεύσῃ διὰ δικαιοσύνης εἰς ζωὴν αἰώνιον, διὰ Ἰησοῦ χριστοῦ τοῦ κυρίου ἡμῶν."
6,1,"Τί οὖν ἐροῦμεν; Ἐπιμένομεν τῇ ἁμαρτίᾳ, ἵνα ἡ χάρις πλεονάσῃ;"
6,2,"Μὴ γένοιτο. Οἵτινες ἀπεθάνομεν τῇ ἁμαρτίᾳ, πῶς ἔτι ζήσομεν ἐν αὐτῇ;"
6,3,"Ἢ ἀγνοεῖτε ὅτι ὅσοι ἐβαπτίσθημεν εἰς χριστὸν Ἰησοῦν, εἰς τὸν θάνατον αὐτοῦ ἐβαπτίσθημεν;"
6,4,"Συνετάφημεν οὖν αὐτῷ διὰ τοῦ βαπτίσματος εἰς τὸν θάνατον· ἵνα ὥσπερ ἠγέρθη χριστὸς ἐκ νεκρῶν διὰ τῆς δόξης τοῦ πατρός, οὕτως καὶ ἡμεῖς ἐν καινότητι ζωῆς περιπατήσωμεν."
6,5,"Εἰ γὰρ σύμφυτοι γεγόναμεν τῷ ὁμοιώματι τοῦ θανάτου αὐτοῦ, ἀλλὰ καὶ τῆς ἀναστάσεως ἐσόμεθα·"
6,6,"τοῦτο γινώσκοντες, ὅτι ὁ παλαιὸς ἡμῶν ἄνθρωπος συνεσταυρώθη, ἵνα καταργηθῇ τὸ σῶμα τῆς ἁμαρτίας, τοῦ μηκέτι δουλεύειν ἡμᾶς τῇ ἁμαρτίᾳ·"
6,7,ὁ γὰρ ἀποθανὼν δεδικαίωται ἀπὸ τῆς ἁμαρτίας.
6,8,"Εἰ δὲ ἀπεθάνομεν σὺν χριστῷ, πιστεύομεν ὅτι καὶ συζήσομεν αὐτῷ·"
6,9,εἰδότες ὅτι χριστὸς ἐγερθεὶς ἐκ νεκρῶν οὐκέτι ἀποθνῄσκει· θάνατος αὐτοῦ οὐκέτι κυριεύει.
6,10,"Ὃ γὰρ ἀπέθανεν, τῇ ἁμαρτίᾳ ἀπέθανεν ἐφάπαξ· ὃ δὲ ζῇ, ζῇ τῷ θεῷ."
6,11,"Οὕτως καὶ ὑμεῖς λογίζεσθε ἑαυτοὺς νεκροὺς μὲν εἶναι τῇ ἁμαρτίᾳ, ζῶντας δὲ τῷ θεῷ ἐν χριστῷ Ἰησοῦ τῷ κυρίῳ ἡμῶν."
6,12,"¶Μὴ οὖν βασιλευέτω ἡ ἁμαρτία ἐν τῷ θνητῷ ὑμῶν σώματι, εἰς τὸ ὑπακούειν αὐτῇ ἐν ταῖς ἐπιθυμίαις αὐτοῦ·"
6,13,"μηδὲ παριστάνετε τὰ μέλη ὑμῶν ὅπλα ἀδικίας τῇ ἁμαρτίᾳ· ἀλλὰ παραστήσατε ἑαυτοὺς τῷ θεῷ ὡς ἐκ νεκρῶν ζῶντας, καὶ τὰ μέλη ὑμῶν ὅπλα δικαιοσύνης τῷ θεῷ."
6,14,"Ἁμαρτία γὰρ ὑμῶν οὐ κυριεύσει· οὐ γάρ ἐστε ὑπὸ νόμον, ἀλλ’ ὑπὸ χάριν."
6,15,"¶Τί οὖν; Ἁμαρτήσομεν, ὅτι οὐκ ἐσμὲν ὑπὸ νόμον, ἀλλ’ ὑπὸ χάριν; Μὴ γένοιτο."
6,16,"Οὐκ οἴδατε ὅτι ᾧ παριστάνετε ἑαυτοὺς δούλους εἰς ὑπακοήν, δοῦλοί ἐστε ᾧ ὑπακούετε, ἤτοι ἁμαρτίας εἰς θάνατον, ἢ ὑπακοῆς εἰς δικαιοσύνην;"
6,17,"Χάρις δὲ τῷ θεῷ, ὅτι ἦτε δοῦλοι τῆς ἁμαρτίας, ὑπηκούσατε δὲ ἐκ καρδίας εἰς ὃν παρεδόθητε τύπον διδαχῆς·"
6,18,"ἐλευθερωθέντες δὲ ἀπὸ τῆς ἁμαρτίας, ἐδουλώθητε τῇ δικαιοσύνῃ."
6,19,"Ἀνθρώπινον λέγω διὰ τὴν ἀσθένειαν τῆς σαρκὸς ὑμῶν· ὥσπερ γὰρ παρεστήσατε τὰ μέλη ὑμῶν δοῦλα τῇ ἀκαθαρσίᾳ καὶ τῇ ἀνομίᾳ εἰς τὴν ἀνομίαν, οὕτως νῦν παραστήσατε τὰ μέλη ὑμῶν δοῦλα τῇ δικαιοσύνῃ εἰς ἁγιασμόν."
6,20,"Ὅτε γὰρ δοῦλοι ἦτε τῆς ἁμαρτίας, ἐλεύθεροι ἦτε τῇ δικαιοσύνῃ."
6,21,Τίνα οὖν καρπὸν εἴχετε τότε ἐφ’ οἷς νῦν ἐπαισχύνεσθε; Τὸ γὰρ τέλος ἐκείνων θάνατος.
6,22,"Νυνὶ δὲ ἐλευθερωθέντες ἀπὸ τῆς ἁμαρτίας, δουλωθέντες δὲ τῷ θεῷ, ἔχετε τὸν καρπὸν ὑμῶν εἰς ἁγιασμόν, τὸ δὲ τέλος ζωὴν αἰώνιον."
6,23,"Τὰ γὰρ ὀψώνια τῆς ἁμαρτίας θάνατος, τὸ δὲ χάρισμα τοῦ θεοῦ ζωὴ αἰώνιος ἐν χριστῷ Ἰησοῦ τῷ κυρίῳ ἡμῶν."
7,1,"Ἢ ἀγνοεῖτε, ἀδελφοί- γινώσκουσιν γὰρ νόμον λαλῶ- ὅτι ὁ νόμος κυριεύει τοῦ ἀνθρώπου ἐφ’ ὅσον χρόνον ζῇ;"
7,2,"Ἡ γὰρ ὕπανδρος γυνὴ τῷ ζῶντι ἀνδρὶ δέδεται νόμῳ· ἐὰν δὲ ἀποθάνῃ ὁ ἀνήρ, κατήργηται ἀπὸ τοῦ νόμου τοῦ ἀνδρός."
7,3,"Ἄρα οὖν ζῶντος τοῦ ἀνδρὸς μοιχαλὶς χρηματίσει, ἐὰν γένηται ἀνδρὶ ἑτέρῳ· ἐὰν δὲ ἀποθάνῃ ὁ ἀνήρ, ἐλευθέρα ἐστὶν ἀπὸ τοῦ νόμου, τοῦ μὴ εἶναι αὐτὴν μοιχαλίδα, γενομένην ἀνδρὶ ἑτέρῳ."
7,4,"Ὥστε, ἀδελφοί μου, καὶ ὑμεῖς ἐθανατώθητε τῷ νόμῳ διὰ τοῦ σώματος τοῦ χριστοῦ, εἰς τὸ γενέσθαι ὑμᾶς ἑτέρῳ, τῷ ἐκ νεκρῶν ἐγερθέντι, ἵνα καρποφορήσωμεν τῷ θεῷ."
7,5,"Ὅτε γὰρ ἦμεν ἐν τῇ σαρκί, τὰ παθήματα τῶν ἁμαρτιῶν τὰ διὰ τοῦ νόμου ἐνηργεῖτο ἐν τοῖς μέλεσιν ἡμῶν εἰς τὸ καρποφορῆσαι τῷ θανάτῳ."
7,6,"Νυνὶ δὲ κατηργήθημεν ἀπὸ τοῦ νόμου, ἀποθανόντες ἐν ᾧ κατειχόμεθα, ὥστε δουλεύειν ἡμᾶς ἐν καινότητι πνεύματος, καὶ οὐ παλαιότητι γράμματος."
7,7,"¶Τί οὖν ἐροῦμεν; Ὁ νόμος ἁμαρτία; Μὴ γένοιτο· ἀλλὰ τὴν ἁμαρτίαν οὐκ ἔγνων, εἰ μὴ διὰ νόμου· τήν τε γὰρ ἐπιθυμίαν οὐκ ᾔδειν, εἰ μὴ ὁ νόμος ἔλεγεν, Οὐκ ἐπιθυμήσεις·"
7,8,ἀφορμὴν δὲ λαβοῦσα ἡ ἁμαρτία διὰ τῆς ἐντολῆς κατειργάσατο ἐν ἐμοὶ πᾶσαν ἐπιθυμίαν· χωρὶς γὰρ νόμου ἁμαρτία νεκρά.
7,9,"Ἐγὼ δὲ ἔζων χωρὶς νόμου ποτέ· ἐλθούσης δὲ τῆς ἐντολῆς, ἡ ἁμαρτία ἀνέζησεν, ἐγὼ δὲ ἀπέθανον·"
7,10,"καὶ εὑρέθη μοι ἡ ἐντολὴ ἡ εἰς ζωήν, αὕτη εἰς θάνατον·"
7,11,"ἡ γὰρ ἁμαρτία ἀφορμὴν λαβοῦσα διὰ τῆς ἐντολῆς ἐξηπάτησέν με, καὶ δι’ αὐτῆς ἀπέκτεινεν."
7,12,"Ὥστε ὁ μὲν νόμος ἅγιος, καὶ ἡ ἐντολὴ ἁγία καὶ δικαία καὶ ἀγαθή."
7,13,"Τὸ οὖν ἀγαθὸν ἐμοὶ γέγονεν θάνατος; Μὴ γένοιτο. Ἀλλὰ ἡ ἁμαρτία, ἵνα φανῇ ἁμαρτία, διὰ τοῦ ἀγαθοῦ μοι κατεργαζομένη θάνατον- ἵνα γένηται καθ’ ὑπερβολὴν ἁμαρτωλὸς ἡ ἁμαρτία διὰ τῆς ἐντολῆς."
7,14,"Οἴδαμεν γὰρ ὅτι ὁ νόμος πνευματικός ἐστιν· ἐγὼ δὲ σαρκικός εἰμι, πεπραμένος ὑπὸ τὴν ἁμαρτίαν."
7,15,"Ὃ γὰρ κατεργάζομαι, οὐ γινώσκω· οὐ γὰρ ὃ θέλω, τοῦτο πράσσω· ἀλλ’ ὃ μισῶ, τοῦτο ποιῶ."
7,16,"Εἰ δὲ ὃ οὐ θέλω, τοῦτο ποιῶ, σύμφημι τῷ νόμῳ ὅτι καλός."
7,17,"Νυνὶ δὲ οὐκέτι ἐγὼ κατεργάζομαι αὐτό, ἀλλ’ ἡ οἰκοῦσα ἐν ἐμοὶ ἁμαρτία."
7,18,"Οἶδα γὰρ ὅτι οὐκ οἰκεῖ ἐν ἐμοί, τοῦτ’ ἔστιν ἐν τῇ σαρκί μου, ἀγαθόν· τὸ γὰρ θέλειν παράκειταί μοι, τὸ δὲ κατεργάζεσθαι τὸ καλὸν οὐχ εὑρίσκω."
7,19,"Οὐ γὰρ ὃ θέλω, ποιῶ ἀγαθόν· ἀλλ’ ὃ οὐ θέλω κακόν, τοῦτο πράσσω."
7,20,"Εἰ δὲ ὃ οὐ θέλω ἐγώ, τοῦτο ποιῶ, οὐκέτι ἐγὼ κατεργάζομαι αὐτό, ἀλλ’ ἡ οἰκοῦσα ἐν ἐμοὶ ἁμαρτία."
7,21,"Εὑρίσκω ἄρα τὸν νόμον τῷ θέλοντι ἐμοὶ ποιεῖν τὸ καλόν, ὅτι ἐμοὶ τὸ κακὸν παράκειται."
7,22,Συνήδομαι γὰρ τῷ νόμῳ τοῦ θεοῦ κατὰ τὸν ἔσω ἄνθρωπον·
7,23,"βλέπω δὲ ἕτερον νόμον ἐν τοῖς μέλεσίν μου ἀντιστρατευόμενον τῷ νόμῳ τοῦ νοός μου, καὶ αἰχμαλωτίζοντά με τῷ νόμῳ τῆς ἁμαρτίας τῷ ὄντι ἐν τοῖς μέλεσίν μου."
7,24,Ταλαίπωρος ἐγὼ ἄνθρωπος· τίς με ῥύσεται ἐκ τοῦ σώματος τοῦ θανάτου τούτου;
7,25,"Εὐχαριστῶ τῷ θεῷ διὰ Ἰησοῦ χριστοῦ τοῦ κυρίου ἡμῶν. Ἄρα οὖν αὐτὸς ἐγὼ τῷ μὲν νοῒ δουλεύω νόμῳ θεοῦ, τῇ δὲ σαρκὶ νόμῳ ἁμαρτίας."
8,1,"Οὐδὲν ἄρα νῦν κατάκριμα τοῖς ἐν χριστῷ Ἰησοῦ, μὴ κατὰ σάρκα περιπατοῦσιν, ἀλλὰ κατὰ πνεῦμα."
8,2,Ὁ γὰρ νόμος τοῦ πνεύματος τῆς ζωῆς ἐν χριστῷ Ἰησοῦ ἠλευθέρωσέν με ἀπὸ τοῦ νόμου τῆς ἁμαρτίας καὶ τοῦ θανάτου.
8,3,"Τὸ γὰρ ἀδύνατον τοῦ νόμου, ἐν ᾧ ἠσθένει διὰ τῆς σαρκός, ὁ θεὸς τὸν ἑαυτοῦ υἱὸν πέμψας ἐν ὁμοιώματι σαρκὸς ἁμαρτίας καὶ περὶ ἁμαρτίας κατέκρινεν τὴν ἁμαρτίαν ἐν τῇ σαρκί·"
8,4,"ἵνα τὸ δικαίωμα τοῦ νόμου πληρωθῇ ἐν ἡμῖν, τοῖς μὴ κατὰ σάρκα περιπατοῦσιν, ἀλλὰ κατὰ πνεῦμα."
8,5,Οἱ γὰρ κατὰ σάρκα ὄντες τὰ τῆς σαρκὸς φρονοῦσιν· οἱ δὲ κατὰ πνεῦμα τὰ τοῦ πνεύματος.
8,6,Τὸ γὰρ φρόνημα τῆς σαρκὸς θάνατος· τὸ δὲ φρόνημα τοῦ πνεύματος ζωὴ καὶ εἰρήνη·
8,7,"διότι τὸ φρόνημα τῆς σαρκὸς ἔχθρα εἰς θεόν, τῷ γὰρ νόμῳ τοῦ θεοῦ οὐχ ὑποτάσσεται, οὐδὲ γὰρ δύναται·"
8,8,οἱ δὲ ἐν σαρκὶ ὄντες θεῷ ἀρέσαι οὐ δύνανται.
8,9,"Ὑμεῖς δὲ οὐκ ἐστὲ ἐν σαρκί, ἀλλ’ ἐν πνεύματι, εἴπερ πνεῦμα θεοῦ οἰκεῖ ἐν ὑμῖν. Εἰ δέ τις πνεῦμα χριστοῦ οὐκ ἔχει, οὗτος οὐκ ἔστιν αὐτοῦ."
8,10,"Εἰ δὲ χριστὸς ἐν ὑμῖν, τὸ μὲν σῶμα νεκρὸν διὰ ἁμαρτίαν, τὸ δὲ πνεῦμα ζωὴ διὰ δικαιοσύνην."
8,11,"Εἰ δὲ τὸ πνεῦμα τοῦ ἐγείραντος Ἰησοῦν ἐκ νεκρῶν οἰκεῖ ἐν ὑμῖν, ὁ ἐγείρας τὸν χριστὸν ἐκ νεκρῶν ζῳοποιήσει καὶ τὰ θνητὰ σώματα ὑμῶν, διὰ τὸ ἐνοικοῦν αὐτοῦ πνεῦμα ἐν ὑμῖν."
8,12,"¶Ἄρα οὖν, ἀδελφοί, ὀφειλέται ἐσμέν, οὐ τῇ σαρκί, τοῦ κατὰ σάρκα ζῇν·"
8,13,"εἰ γὰρ κατὰ σάρκα ζῆτε, μέλλετε ἀποθνῄσκειν· εἰ δὲ πνεύματι τὰς πράξεις τοῦ σώματος θανατοῦτε, ζήσεσθε."
8,14,"Ὅσοι γὰρ πνεύματι θεοῦ ἄγονται, οὗτοί εἰσιν υἱοὶ θεοῦ."
8,15,"Οὐ γὰρ ἐλάβετε πνεῦμα δουλείας πάλιν εἰς φόβον, ἀλλ’ ἐλάβετε πνεῦμα υἱοθεσίας, ἐν ᾧ κράζομεν, Ἀββᾶ, ὁ πατήρ."
8,16,"Αὐτὸ τὸ πνεῦμα συμμαρτυρεῖ τῷ πνεύματι ἡμῶν, ὅτι ἐσμὲν τέκνα θεοῦ·"
8,17,"εἰ δὲ τέκνα, καὶ κληρονόμοι· κληρονόμοι μὲν θεοῦ, συγκληρονόμοι δὲ χριστοῦ· εἴπερ συμπάσχομεν, ἵνα καὶ συνδοξασθῶμεν."
8,18,¶Λογίζομαι γὰρ ὅτι οὐκ ἄξια τὰ παθήματα τοῦ νῦν καιροῦ πρὸς τὴν μέλλουσαν δόξαν ἀποκαλυφθῆναι εἰς ἡμᾶς.
8,19,Ἡ γὰρ ἀποκαραδοκία τῆς κτίσεως τὴν ἀποκάλυψιν τῶν υἱῶν τοῦ θεοῦ ἀπεκδέχεται.
8,20,"Τῇ γὰρ ματαιότητι ἡ κτίσις ὑπετάγη, οὐχ ἑκοῦσα, ἀλλὰ διὰ τὸν ὑποτάξαντα, ἐπ’ ἐλπίδι·"
8,21,ὅτι καὶ αὐτὴ ἡ κτίσις ἐλευθερωθήσεται ἀπὸ τῆς δουλείας τῆς φθορᾶς εἰς τὴν ἐλευθερίαν τῆς δόξης τῶν τέκνων τοῦ θεοῦ.
8,22,Οἴδαμεν γὰρ ὅτι πᾶσα ἡ κτίσις συστενάζει καὶ συνωδίνει ἄχρι τοῦ νῦν.
8,23,"Οὐ μόνον δέ, ἀλλὰ καὶ αὐτοὶ τὴν ἀπαρχὴν τοῦ πνεύματος ἔχοντες, καὶ ἡμεῖς αὐτοὶ ἐν ἑαυτοῖς στενάζομεν, υἱοθεσίαν ἀπεκδεχόμενοι, τὴν ἀπολύτρωσιν τοῦ σώματος ἡμῶν."
8,24,"Τῇ γὰρ ἐλπίδι ἐσώθημεν· ἐλπὶς δὲ βλεπομένη οὐκ ἔστιν ἐλπίς· ὃ γὰρ βλέπει τις, τί καὶ ἐλπίζει;"
8,25,"Εἰ δὲ ὃ οὐ βλέπομεν ἐλπίζομεν, δι’ ὑπομονῆς ἀπεκδεχόμεθα."
8,26,"¶Ὡσαύτως δὲ καὶ τὸ πνεῦμα συναντιλαμβάνεται ταῖς ἀσθενείαις ἡμῶν· τὸ γὰρ τί προσευξόμεθα καθὸ δεῖ, οὐκ οἴδαμεν, ἀλλ’ αὐτὸ τὸ πνεῦμα ὑπερεντυγχάνει ὑπὲρ ἡμῶν στεναγμοῖς ἀλαλήτοις·"
8,27,"ὁ δὲ ἐρευνῶν τὰς καρδίας οἶδεν τί τὸ φρόνημα τοῦ πνεύματος, ὅτι κατὰ θεὸν ἐντυγχάνει ὑπὲρ ἁγίων."
8,28,"Οἴδαμεν δὲ ὅτι τοῖς ἀγαπῶσιν τὸν θεὸν πάντα συνεργεῖ εἰς ἀγαθόν, τοῖς κατὰ πρόθεσιν κλητοῖς οὖσιν."
8,29,"Ὅτι οὓς προέγνω, καὶ προώρισεν συμμόρφους τῆς εἰκόνος τοῦ υἱοῦ αὐτοῦ, εἰς τὸ εἶναι αὐτὸν πρωτότοκον ἐν πολλοῖς ἀδελφοῖς·"
8,30,"οὓς δὲ προώρισεν, τούτους καὶ ἐκάλεσεν· καὶ οὓς ἐκάλεσεν, τούτους καὶ ἐδικαίωσεν· οὓς δὲ ἐδικαίωσεν, τούτους καὶ ἐδόξασεν."
8,31,"¶Τί οὖν ἐροῦμεν πρὸς ταῦτα; Εἰ ὁ θεὸς ὑπὲρ ἡμῶν, τίς καθ’ ἡμῶν;"
8,32,"Ὅς γε τοῦ ἰδίου υἱοῦ οὐκ ἐφείσατο, ἀλλ’ ὑπὲρ ἡμῶν πάντων παρέδωκεν αὐτόν, πῶς οὐχὶ καὶ σὺν αὐτῷ τὰ πάντα ἡμῖν χαρίσεται;"
8,33,Τίς ἐγκαλέσει κατὰ ἐκλεκτῶν θεοῦ; Θεὸς ὁ δικαιῶν·
8,34,"τίς ὁ κατακρίνων; Χριστὸς ὁ ἀποθανών, μᾶλλον δὲ καὶ ἐγερθείς, ὃς καὶ ἔστιν ἐν δεξιᾷ τοῦ θεοῦ, ὃς καὶ ἐντυγχάνει ὑπὲρ ἡμῶν."
8,35,"Τίς ἡμᾶς χωρίσει ἀπὸ τῆς ἀγάπης τοῦ χριστοῦ; Θλίψις, ἢ στενοχωρία, ἢ διωγμός, ἢ λιμός, ἢ γυμνότης, ἢ κίνδυνος, ἢ μάχαιρα;"
8,36,Καθὼς γέγραπται ὅτι Ἕνεκέν σου θανατούμεθα ὅλην τὴν ἡμέραν· ἐλογίσθημεν ὡς πρόβατα σφαγῆς.
8,37,Ἀλλ’ ἐν τούτοις πᾶσιν ὑπερνικῶμεν διὰ τοῦ ἀγαπήσαντος ἡμᾶς.
8,38,Πέπεισμαι γὰρ ὅτι οὔτε θάνατος οὔτε ζωὴ οὔτε ἄγγελοι οὔτε ἀρχαὶ οὔτε δυνάμεις οὔτε ἐνεστῶτα οὔτε μέλλοντα
8,39,οὔτε ὕψωμα οὔτε βάθος οὔτε τις κτίσις ἑτέρα δυνήσεται ἡμᾶς χωρίσαι ἀπὸ τῆς ἀγάπης τοῦ θεοῦ τῆς ἐν χριστῷ Ἰησοῦ τῷ κυρίῳ ἡμῶν.
9,1,"Ἀλήθειαν λέγω ἐν χριστῷ, οὐ ψεύδομαι, συμμαρτυρούσης μοι τῆς συνειδήσεώς μου ἐν πνεύματι ἁγίῳ,"
9,2,"ὅτι λύπη μοι ἐστὶν μεγάλη, καὶ ἀδιάλειπτος ὀδύνη τῇ καρδίᾳ μου."
9,3,"Εὐχόμην γὰρ αὐτὸς ἐγὼ ἀνάθεμα εἶναι ἀπὸ τοῦ χριστοῦ ὑπὲρ τῶν ἀδελφῶν μου, τῶν συγγενῶν μου κατὰ σάρκα·"
9,4,"οἵτινές εἰσιν Ἰσραηλῖται, ὧν ἡ υἱοθεσία καὶ ἡ δόξα καὶ αἱ διαθῆκαι καὶ ἡ νομοθεσία καὶ ἡ λατρεία καὶ αἱ ἐπαγγελίαι,"
9,5,"ὧν οἱ πατέρες, καὶ ἐξ ὧν ὁ χριστὸς τὸ κατὰ σάρκα, ὁ ὢν ἐπὶ πάντων, θεὸς εὐλογητὸς εἰς τοὺς αἰῶνας. Ἀμήν."
9,6,"Οὐχ οἷον δὲ ὅτι ἐκπέπτωκεν ὁ λόγος τοῦ θεοῦ. Οὐ γὰρ πάντες οἱ ἐξ Ἰσραήλ, οὗτοι Ἰσραήλ·"
9,7,"οὐδ’ ὅτι εἰσὶν σπέρμα Ἀβραάμ, πάντες τέκνα· ἀλλ’ Ἐν Ἰσαὰκ κληθήσεταί σοι σπέρμα."
9,8,"Τοῦτ’ ἔστιν, οὐ τὰ τέκνα τῆς σαρκός, ταῦτα τέκνα τοῦ θεοῦ· ἀλλὰ τὰ τέκνα τῆς ἐπαγγελίας λογίζεται εἰς σπέρμα."
9,9,"Ἐπαγγελίας γὰρ ὁ λόγος οὗτος, Κατὰ τὸν καιρὸν τοῦτον ἐλεύσομαι, καὶ ἔσται τῇ Σάρρᾳ υἱός."
9,10,"Οὐ μόνον δέ, ἀλλὰ καὶ Ῥεβέκκα ἐξ ἑνὸς κοίτην ἔχουσα, Ἰσαὰκ τοῦ πατρὸς ἡμῶν-"
9,11,"μήπω γὰρ γεννηθέντων, μηδὲ πραξάντων τι ἀγαθὸν ἢ κακόν, ἵνα ἡ κατ’ ἐκλογὴν πρόθεσις τοῦ θεοῦ μένῃ, οὐκ ἐξ ἔργων, ἀλλ’ ἐκ τοῦ καλοῦντος,"
9,12,ἐρρήθη αὐτῇ ὅτι Ὁ μείζων δουλεύσει τῷ ἐλάσσονι.
9,13,"Καθὼς γέγραπται, Τὸν Ἰακὼβ ἠγάπησα, τὸν δὲ Ἠσαῦ ἐμίσησα."
9,14,¶Τί οὖν ἐροῦμεν; Μὴ ἀδικία παρὰ τῷ θεῷ; Μὴ γένοιτο.
9,15,"Τῷ γὰρ Μωϋσῇ λέγει, Ἐλεήσω ὃν ἂν ἐλεῶ, καὶ οἰκτειρήσω ὃν ἂν οἰκτείρω."
9,16,"Ἄρα οὖν οὐ τοῦ θέλοντος, οὐδὲ τοῦ τρέχοντος, ἀλλὰ τοῦ ἐλεοῦντος θεοῦ."
9,17,"Λέγει γὰρ ἡ γραφὴ τῷ Φαραὼ ὅτι Εἰς αὐτὸ τοῦτο ἐξήγειρά σε, ὅπως ἐνδείξωμαι ἐν σοὶ τὴν δύναμίν μου, καὶ ὅπως διαγγελῇ τὸ ὄνομά μου ἐν πάσῃ τῇ γῇ."
9,18,Ἄρα οὖν ὃν θέλει ἐλεεῖ· ὃν δὲ θέλει σκληρύνει.
9,19,"¶Ἐρεῖς οὖν μοι, Τί ἔτι μέμφεται; Τῷ γὰρ βουλήματι αὐτοῦ τίς ἀνθέστηκεν;"
9,20,"Μενοῦνγε, ὦ ἄνθρωπε, σὺ τίς εἶ ὁ ἀνταποκρινόμενος τῷ θεῷ; Μὴ ἐρεῖ τὸ πλάσμα τῷ πλάσαντι, Τί με ἐποίησας οὕτως;"
9,21,"Ἢ οὐκ ἔχει ἐξουσίαν ὁ κεραμεὺς τοῦ πηλοῦ, ἐκ τοῦ αὐτοῦ φυράματος ποιῆσαι ὃ μὲν εἰς τιμὴν σκεῦος, ὃ δὲ εἰς ἀτιμίαν;"
9,22,"Εἰ δὲ θέλων ὁ θεὸς ἐνδείξασθαι τὴν ὀργήν, καὶ γνωρίσαι τὸ δυνατὸν αὐτοῦ, ἤνεγκεν ἐν πολλῇ μακροθυμίᾳ σκεύη ὀργῆς κατηρτισμένα εἰς ἀπώλειαν·"
9,23,"καὶ ἵνα γνωρίσῃ τὸν πλοῦτον τῆς δόξης αὐτοῦ ἐπὶ σκεύη ἐλέους, ἃ προητοίμασεν εἰς δόξαν,"
9,24,"οὓς καὶ ἐκάλεσεν ἡμᾶς οὐ μόνον ἐξ Ἰουδαίων, ἀλλὰ καὶ ἐξ ἐθνῶν;"
9,25,"Ὡς καὶ ἐν τῷ Ὡσηὲ λέγει, Καλέσω τὸν οὐ λαόν μου λαόν μου· καὶ τὴν οὐκ ἠγαπημένην ἠγαπημένην."
9,26,"Καὶ ἔσται, ἐν τῷ τόπῳ οὗ ἐρρήθη αὐτοῖς, Οὐ λαός μου ὑμεῖς, ἐκεῖ κληθήσονται υἱοὶ θεοῦ ζῶντος."
9,27,"Ἠσαΐας δὲ κράζει ὑπὲρ τοῦ Ἰσραήλ, Ἐὰν ᾖ ὁ ἀριθμὸς τῶν υἱῶν Ἰσραὴλ ὡς ἡ ἄμμος τῆς θαλάσσης, τὸ κατάλειμμα σωθήσεται·"
9,28,λόγον γὰρ συντελῶν καὶ συντέμνων ἐν δικαιοσύνῃ· ὅτι λόγον συντετμημένον ποιήσει κύριος ἐπὶ τῆς γῆς.
9,29,"Καὶ καθὼς προείρηκεν Ἠσαΐας, Εἰ μὴ κύριος Σαβαὼθ ἐγκατέλιπεν ἡμῖν σπέρμα, ὡς Σόδομα ἂν ἐγενήθημεν, καὶ ὡς Γόμορρα ἂν ὡμοιώθημεν."
9,30,"¶Τί οὖν ἐροῦμεν; Ὅτι ἔθνη τὰ μὴ διώκοντα δικαιοσύνην, κατέλαβεν δικαιοσύνην, δικαιοσύνην δὲ τὴν ἐκ πίστεως·"
9,31,"Ἰσραὴλ δέ, διώκων νόμον δικαιοσύνης, εἰς νόμον δικαιοσύνης οὐκ ἔφθασεν."
9,32,"Διὰ τί; Ὅτι οὐκ ἐκ πίστεως, ἀλλ’ ὡς ἐξ ἔργων νόμου· προσέκοψαν γὰρ τῷ λίθῳ τοῦ προσκόμματος,"
9,33,"καθὼς γέγραπται, Ἰδοὺ τίθημι ἐν Σιὼν λίθον προσκόμματος καὶ πέτραν σκανδάλου· καὶ πᾶς ὁ πιστεύων ἐπ’ αὐτῷ οὐ καταισχυνθήσεται."
10,1,"Ἀδελφοί, ἡ μὲν εὐδοκία τῆς ἐμῆς καρδίας καὶ ἡ δέησις ἡ πρὸς τὸν θεὸν ὑπὲρ τοῦ Ἰσραήλ ἐστιν εἰς σωτηρίαν."
10,2,"Μαρτυρῶ γὰρ αὐτοῖς ὅτι ζῆλον θεοῦ ἔχουσιν, ἀλλ’ οὐ κατ’ ἐπίγνωσιν."
10,3,"Ἀγνοοῦντες γὰρ τὴν τοῦ θεοῦ δικαιοσύνην, καὶ τὴν ἰδίαν δικαιοσύνην ζητοῦντες στῆσαι, τῇ δικαιοσύνῃ τοῦ θεοῦ οὐχ ὑπετάγησαν."
10,4,Τέλος γὰρ νόμου χριστὸς εἰς δικαιοσύνην παντὶ τῷ πιστεύοντι.
10,5,"Μωϋσῆς γὰρ γράφει τὴν δικαιοσύνην τὴν ἐκ τοῦ νόμου, ὅτι ὁ ποιήσας αὐτὰ ἄνθρωπος ζήσεται ἐν αὐτοῖς."
10,6,"Ἡ δὲ ἐκ πίστεως δικαιοσύνη οὕτως λέγει, Μὴ εἴπῃς ἐν τῇ καρδίᾳ σου, Τίς ἀναβήσεται εἰς τὸν οὐρανόν;- τοῦτ’ ἔστιν χριστὸν καταγαγεῖν-"
10,7,"ἤ, Τίς καταβήσεται εἰς τὴν ἄβυσσον;- τοῦτ’ ἔστιν χριστὸν ἐκ νεκρῶν ἀναγαγεῖν."
10,8,"Ἀλλὰ τί λέγει; Ἐγγύς σου τὸ ῥῆμά ἐστιν, ἐν τῷ στόματί σου καὶ ἐν τῇ καρδίᾳ σου· τοῦτ’ ἔστιν τὸ ῥῆμα τῆς πίστεως ὃ κηρύσσομεν·"
10,9,"ὅτι ἐὰν ὁμολογήσῃς ἐν τῷ στόματί σου κύριον Ἰησοῦν, καὶ πιστεύσῃς ἐν τῇ καρδίᾳ σου ὅτι ὁ θεὸς αὐτὸν ἤγειρεν ἐκ νεκρῶν, σωθήσῃ·"
10,10,"καρδίᾳ γὰρ πιστεύεται εἰς δικαιοσύνην, στόματι δὲ ὁμολογεῖται εἰς σωτηρίαν."
10,11,"Λέγει γὰρ ἡ γραφή, Πᾶς ὁ πιστεύων ἐπ’ αὐτῷ οὐ καταισχυνθήσεται."
10,12,"Οὐ γάρ ἐστιν διαστολὴ Ἰουδαίου τε καὶ Ἕλληνος· ὁ γὰρ αὐτὸς κύριος πάντων, πλουτῶν εἰς πάντας τοὺς ἐπικαλουμένους αὐτόν."
10,13,Πᾶς γὰρ ὃς ἂν ἐπικαλέσηται τὸ ὄνομα κυρίου σωθήσεται.
10,14,Πῶς οὖν ἐπικαλέσονται εἰς ὃν οὐκ ἐπίστευσαν; Πῶς δὲ πιστεύσουσιν οὗ οὐκ ἤκουσαν; Πῶς δὲ ἀκούσουσιν χωρὶς κηρύσσοντος;
10,15,"Πῶς δὲ κηρύξουσιν ἐὰν μὴ ἀποσταλῶσιν; Καθὼς γέγραπται, Ὡς ὡραῖοι οἱ πόδες τῶν εὐαγγελιζομένων εἰρήνην, τῶν εὐαγγελιζομένων τὰ ἀγαθά."
10,16,"¶Ἀλλ’ οὐ πάντες ὑπήκουσαν τῷ εὐαγγελίῳ. Ἠσαΐας γὰρ λέγει, Κύριε, τίς ἐπίστευσεν τῇ ἀκοῇ ἡμῶν;"
10,17,"Ἄρα ἡ πίστις ἐξ ἀκοῆς, ἡ δὲ ἀκοὴ διὰ ῥήματος θεοῦ."
10,18,"Ἀλλὰ λέγω, μὴ οὐκ ἤκουσαν; Μενοῦνγε· Εἰς πᾶσαν τὴν γῆν ἐξῆλθεν ὁ φθόγγος αὐτῶν, καὶ εἰς τὰ πέρατα τῆς οἰκουμένης τὰ ῥήματα αὐτῶν."
10,19,"Ἀλλὰ λέγω, μὴ οὐκ ἔγνω Ἰσραήλ; Πρῶτος Μωϋσῆς λέγει, Ἐγὼ παραζηλώσω ὑμᾶς ἐπ’ οὐκ ἔθνει, ἐπὶ ἔθνει ἀσυνέτῳ παροργιῶ ὑμᾶς."
10,20,"Ἠσαΐας δὲ ἀποτολμᾷ καὶ λέγει, Εὑρέθην τοῖς ἐμὲ μὴ ζητοῦσιν, ἐμφανὴς ἐγενόμην τοῖς ἐμὲ μὴ ἐπερωτῶσιν."
10,21,"Πρὸς δὲ τὸν Ἰσραὴλ λέγει, Ὅλην τὴν ἡμέραν ἐξεπέτασα τὰς χεῖράς μου πρὸς λαὸν ἀπειθοῦντα καὶ ἀντιλέγοντα."
11,1,"Λέγω οὖν, μὴ ἀπώσατο ὁ θεὸς τὸν λαὸν αὐτοῦ; Μὴ γένοιτο. Καὶ γὰρ ἐγὼ Ἰσραηλίτης εἰμί, ἐκ σπέρματος Ἀβραάμ, φυλῆς Βενιαμίν."
11,2,"Οὐκ ἀπώσατο ὁ θεὸς τὸν λαὸν αὐτοῦ ὃν προέγνω. Ἢ οὐκ οἴδατε ἐν Ἠλίᾳ τί λέγει ἡ γραφή; Ὡς ἐντυγχάνει τῷ θεῷ κατὰ τοῦ Ἰσραήλ, λέγων,"
11,3,"Κύριε, τοὺς προφήτας σου ἀπέκτειναν, καὶ τὰ θυσιαστήριά σου κατέσκαψαν· κἀγὼ ὑπελείφθην μόνος, καὶ ζητοῦσιν τὴν ψυχήν μου."
11,4,"Ἀλλὰ τί λέγει αὐτῷ ὁ χρηματισμός; Κατέλιπον ἐμαυτῷ ἑπτακισχιλίους ἄνδρας, οἵτινες οὐκ ἔκαμψαν γόνυ τῇ Βάαλ."
11,5,Οὕτως οὖν καὶ ἐν τῷ νῦν καιρῷ λεῖμμα κατ’ ἐκλογὴν χάριτος γέγονεν.
11,6,"Εἰ δὲ χάριτι, οὐκέτι ἐξ ἔργων· ἐπεὶ ἡ χάρις οὐκέτι γίνεται χάρις. Εἰ δὲ ἐξ ἔργων, οὐκέτι ἐστὶν χάρις· ἐπεὶ τὸ ἔργον οὐκέτι ἐστὶν ἔργον."
11,7,"Τί οὖν; Ὃ ἐπιζητεῖ Ἰσραήλ, τοῦτο οὐκ ἐπέτυχεν, ἡ δὲ ἐκλογὴ ἐπέτυχεν, οἱ δὲ λοιποὶ ἐπωρώθησαν·"
11,8,"καθὼς γέγραπται, Ἔδωκεν αὐτοῖς ὁ θεὸς πνεῦμα κατανύξεως, ὀφθαλμοὺς τοῦ μὴ βλέπειν, καὶ ὦτα τοῦ μὴ ἀκούειν, ἕως τῆς σήμερον ἡμέρας."
11,9,"Καὶ Δαυὶδ λέγει, Γενηθήτω ἡ τράπεζα αὐτῶν εἰς παγίδα καὶ εἰς θήραν, καὶ εἰς σκάνδαλον, καὶ εἰς ἀνταπόδομα αὐτοῖς·"
11,10,"σκοτισθήτωσαν οἱ ὀφθαλμοὶ αὐτῶν τοῦ μὴ βλέπειν, καὶ τὸν νῶτον αὐτῶν διὰ παντὸς σύγκαμψον."
11,11,"Λέγω οὖν, μὴ ἔπταισαν ἵνα πέσωσιν; Μὴ γένοιτο· ἀλλὰ τῷ αὐτῶν παραπτώματι ἡ σωτηρία τοῖς ἔθνεσιν, εἰς τὸ παραζηλῶσαι αὐτούς."
11,12,"Εἰ δὲ τὸ παράπτωμα αὐτῶν πλοῦτος κόσμου, καὶ τὸ ἥττημα αὐτῶν πλοῦτος ἐθνῶν, πόσῳ μᾶλλον τὸ πλήρωμα αὐτῶν;"
11,13,"¶Ὑμῖν γὰρ λέγω τοῖς ἔθνεσιν. Ἐφ’ ὅσον μέν εἰμι ἐγὼ ἐθνῶν ἀπόστολος, τὴν διακονίαν μου δοξάζω·"
11,14,"εἴ πως παραζηλώσω μου τὴν σάρκα, καὶ σώσω τινὰς ἐξ αὐτῶν."
11,15,"Εἰ γὰρ ἡ ἀποβολὴ αὐτῶν καταλλαγὴ κόσμου, τίς ἡ πρόσληψις, εἰ μὴ ζωὴ ἐκ νεκρῶν;"
11,16,"Εἰ δὲ ἡ ἀπαρχὴ ἁγία, καὶ τὸ φύραμα· καὶ εἰ ἡ ῥίζα ἁγία, καὶ οἱ κλάδοι."
11,17,"Εἰ δέ τινες τῶν κλάδων ἐξεκλάσθησαν, σὺ δὲ ἀγριέλαιος ὢν ἐνεκεντρίσθης ἐν αὐτοῖς, καὶ συγκοινωνὸς τῆς ῥίζης καὶ τῆς πιότητος τῆς ἐλαίας ἐγένου,"
11,18,"μὴ κατακαυχῶ τῶν κλάδων· εἰ δὲ κατακαυχᾶσαι, οὐ σὺ τὴν ῥίζαν βαστάζεις, ἀλλ’ ἡ ῥίζα σέ."
11,19,"Ἐρεῖς οὖν, Ἐξεκλάσθησαν κλάδοι, ἵνα ἐγὼ ἐγκεντρισθῶ."
11,20,"Καλῶς· τῇ ἀπιστίᾳ ἐξεκλάσθησαν, σὺ δὲ τῇ πίστει ἕστηκας. Μὴ ὑψηλοφρόνει, ἀλλὰ φοβοῦ·"
11,21,"εἰ γὰρ ὁ θεὸς τῶν κατὰ φύσιν κλάδων οὐκ ἐφείσατο, μήπως οὐδέ σου φείσεται."
11,22,"Ἴδε οὖν χρηστότητα καὶ ἀποτομίαν θεοῦ· ἐπὶ μὲν τοὺς πεσόντας, ἀποτομίαν· ἐπὶ δέ σε, χρηστότητα, ἐὰν ἐπιμείνῃς τῇ χρηστότητι· ἐπεὶ καὶ σὺ ἐκκοπήσῃ."
11,23,"Καὶ ἐκεῖνοι δέ, ἐὰν μὴ ἐπιμείνωσιν τῇ ἀπιστίᾳ, ἐγκεντρισθήσονται· δυνατὸς γὰρ ὁ θεός ἐστιν πάλιν ἐγκεντρίσαι αὐτούς."
11,24,"Εἰ γὰρ σὺ ἐκ τῆς κατὰ φύσιν ἐξεκόπης ἀγριελαίου, καὶ παρὰ φύσιν ἐνεκεντρίσθης εἰς καλλιέλαιον, πόσῳ μᾶλλον οὗτοι, οἱ κατὰ φύσιν, ἐγκεντρισθήσονται τῇ ἰδίᾳ ἐλαίᾳ;"
11,25,"¶Οὐ γὰρ θέλω ὑμᾶς ἀγνοεῖν, ἀδελφοί, τὸ μυστήριον τοῦτο, ἵνα μὴ ἦτε παρ’ ἑαυτοῖς φρόνιμοι, ὅτι πώρωσις ἀπὸ μέρους τῷ Ἰσραὴλ γέγονεν, ἄχρι οὗ τὸ πλήρωμα τῶν ἐθνῶν εἰσέλθῃ·"
11,26,"καὶ οὕτως πᾶς Ἰσραὴλ σωθήσεται· καθὼς γέγραπται, Ἥξει ἐκ Σιὼν ὁ ῥυόμενος, καὶ ἀποστρέψει ἀσεβείας ἀπὸ Ἰακώβ·"
11,27,"καὶ αὕτη αὐτοῖς ἡ παρ’ ἐμοῦ διαθήκη, ὅταν ἀφέλωμαι τὰς ἁμαρτίας αὐτῶν."
11,28,"Κατὰ μὲν τὸ εὐαγγέλιον, ἐχθροὶ δι’ ὑμᾶς· κατὰ δὲ τὴν ἐκλογήν, ἀγαπητοὶ διὰ τοὺς πατέρας."
11,29,Ἀμεταμέλητα γὰρ τὰ χαρίσματα καὶ ἡ κλῆσις τοῦ θεοῦ.
11,30,"Ὥσπερ γὰρ καὶ ὑμεῖς ποτὲ ἠπειθήσατε τῷ θεῷ, νῦν δὲ ἠλεήθητε τῇ τούτων ἀπειθείᾳ·"
11,31,"οὕτως καὶ οὗτοι νῦν ἠπείθησαν, τῷ ὑμετέρῳ ἐλέει ἵνα καὶ αὐτοὶ ἐλεηθῶσιν·"
11,32,"συνέκλεισεν γὰρ ὁ θεὸς τοὺς πάντας εἰς ἀπείθειαν, ἵνα τοὺς πάντας ἐλεήσῃ."
11,33,"¶Ὦ βάθος πλούτου καὶ σοφίας καὶ γνώσεως θεοῦ. Ὡς ἀνεξερεύνητα τὰ κρίματα αὐτοῦ, καὶ ἀνεξιχνίαστοι αἱ ὁδοὶ αὐτοῦ."
11,34,Τίς γὰρ ἔγνω νοῦν κυρίου; Ἢ τίς σύμβουλος αὐτοῦ ἐγένετο;
11,35,"Ἢ τίς προέδωκεν αὐτῷ, καὶ ἀνταποδοθήσεται αὐτῷ;"
11,36,Ὅτι ἐξ αὐτοῦ καὶ δι’ αὐτοῦ καὶ εἰς αὐτὸν τὰ πάντα· αὐτῷ ἡ δόξα εἰς τοὺς αἰῶνας. Ἀμήν.
12,1,"Παρακαλῶ οὖν ὑμᾶς, ἀδελφοί, διὰ τῶν οἰκτιρμῶν τοῦ θεοῦ, παραστῆσαι τὰ σώματα ὑμῶν θυσίαν ζῶσαν, ἁγίαν, εὐάρεστον τῷ θεῷ, τὴν λογικὴν λατρείαν ὑμῶν,"
12,2,"καὶ μὴ συσχηματίζεσθαι τῷ αἰῶνι τούτῳ, ἀλλὰ μεταμορφοῦσθαι τῇ ἀνακαινώσει τοῦ νοὸς ὑμῶν, εἰς τὸ δοκιμάζειν ὑμᾶς τί τὸ θέλημα τοῦ θεοῦ τὸ ἀγαθὸν καὶ εὐάρεστον καὶ τέλειον."
12,3,"¶Λέγω γάρ, διὰ τῆς χάριτος τῆς δοθείσης μοι, παντὶ τῷ ὄντι ἐν ὑμῖν, μὴ ὑπερφρονεῖν παρ’ ὃ δεῖ φρονεῖν, ἀλλὰ φρονεῖν εἰς τὸ σωφρονεῖν, ἑκάστῳ ὡς ὁ θεὸς ἐμέρισεν μέτρον πίστεως."
12,4,"Καθάπερ γὰρ ἐν ἑνὶ σώματι μέλη πολλὰ ἔχομεν, τὰ δὲ μέλη πάντα οὐ τὴν αὐτὴν ἔχει πρᾶξιν·"
12,5,"οὕτως οἱ πολλοὶ ἓν σῶμά ἐσμεν ἐν χριστῷ, ὁ δὲ καθ’ εἷς ἀλλήλων μέλη."
12,6,"Ἔχοντες δὲ χαρίσματα κατὰ τὴν χάριν τὴν δοθεῖσαν ἡμῖν διάφορα, εἴτε προφητείαν, κατὰ τὴν ἀναλογίαν τῆς πίστεως·"
12,7,"εἴτε διακονίαν, ἐν τῇ διακονίᾳ· εἴτε ὁ διδάσκων, ἐν τῇ διδασκαλίᾳ·"
12,8,"εἴτε ὁ παρακαλῶν, ἐν τῇ παρακλήσει· ὁ μεταδιδούς, ἐν ἁπλότητι· ὁ προϊστάμενος, ἐν σπουδῇ· ὁ ἐλεῶν, ἐν ἱλαρότητι."
12,9,"Ἡ ἀγάπη ἀνυπόκριτος. Ἀποστυγοῦντες τὸ πονηρόν, κολλώμενοι τῷ ἀγαθῷ."
12,10,Τῇ φιλαδελφίᾳ εἰς ἀλλήλους φιλόστοργοι· τῇ τιμῇ ἀλλήλους προηγούμενοι·
12,11,τῇ σπουδῇ μὴ ὀκνηροί· τῷ πνεύματι ζέοντες· τῷ κυρίῳ δουλεύοντες·
12,12,τῇ ἐλπίδι χαίροντες· τῇ θλίψει ὑπομένοντες· τῇ προσευχῇ προσκαρτεροῦντες·
12,13,ταῖς χρείαις τῶν ἁγίων κοινωνοῦντες· τὴν φιλοξενίαν διώκοντες.
12,14,"Εὐλογεῖτε τοὺς διώκοντας ὑμᾶς· εὐλογεῖτε, καὶ μὴ καταρᾶσθε."
12,15,"Χαίρειν μετὰ χαιρόντων, καὶ κλαίειν μετὰ κλαιόντων."
12,16,"Τὸ αὐτὸ εἰς ἀλλήλους φρονοῦντες. Μὴ τὰ ὑψηλὰ φρονοῦντες, ἀλλὰ τοῖς ταπεινοῖς συναπαγόμενοι. Μὴ γίνεσθε φρόνιμοι παρ’ ἑαυτοῖς."
12,17,Μηδενὶ κακὸν ἀντὶ κακοῦ ἀποδιδόντες. Προνοούμενοι καλὰ ἐνώπιον πάντων ἀνθρώπων.
12,18,"Εἰ δυνατόν, τὸ ἐξ ὑμῶν, μετὰ πάντων ἀνθρώπων εἰρηνεύοντες."
12,19,"Μὴ ἑαυτοὺς ἐκδικοῦντες, ἀγαπητοί, ἀλλὰ δότε τόπον τῇ ὀργῇ· γέγραπται γάρ, Ἐμοὶ ἐκδίκησις, ἐγὼ ἀνταποδώσω, λέγει κύριος."
12,20,"Ἐὰν οὖν πεινᾷ ὁ ἐχθρός σου, ψώμιζε αὐτόν· ἐὰν διψᾷ, πότιζε αὐτόν· τοῦτο γὰρ ποιῶν, ἄνθρακας πυρὸς σωρεύσεις ἐπὶ τὴν κεφαλὴν αὐτοῦ."
12,21,"Μὴ νικῶ ὑπὸ τοῦ κακοῦ, ἀλλὰ νίκα ἐν τῷ ἀγαθῷ τὸ κακόν."
13,1,"Πᾶσα ψυχὴ ἐξουσίαις ὑπερεχούσαις ὑποτασσέσθω· οὐ γάρ ἐστιν ἐξουσία εἰ μὴ ὑπὸ θεοῦ, αἱ δὲ οὖσαι ἐξουσίαι ὑπὸ τοῦ θεοῦ τεταγμέναι εἰσίν."
13,2,"Ὥστε ὁ ἀντιτασσόμενος τῇ ἐξουσίᾳ, τῇ τοῦ θεοῦ διαταγῇ ἀνθέστηκεν· οἱ δὲ ἀνθεστηκότες ἑαυτοῖς κρίμα λήψονται."
13,3,"Οἱ γὰρ ἄρχοντες οὐκ εἰσὶν φόβος τῶν ἀγαθῶν ἔργων, ἀλλὰ τῶν κακῶν. Θέλεις δὲ μὴ φοβεῖσθαι τὴν ἐξουσίαν; Τὸ ἀγαθὸν ποίει, καὶ ἕξεις ἔπαινον ἐξ αὐτῆς·"
13,4,"θεοῦ γὰρ διάκονός ἐστίν σοι εἰς τὸ ἀγαθόν. Ἐὰν δὲ τὸ κακὸν ποιῇς, φοβοῦ· οὐ γὰρ εἰκῇ τὴν μάχαιραν φορεῖ· θεοῦ γὰρ διάκονός ἐστιν, ἔκδικος εἰς ὀργὴν τῷ τὸ κακὸν πράσσοντι."
13,5,"Διὸ ἀνάγκη ὑποτάσσεσθαι, οὐ μόνον διὰ τὴν ὀργήν, ἀλλὰ καὶ διὰ τὴν συνείδησιν."
13,6,"Διὰ τοῦτο γὰρ καὶ φόρους τελεῖτε· λειτουργοὶ γὰρ θεοῦ εἰσιν, εἰς αὐτὸ τοῦτο προσκαρτεροῦντες."
13,7,Ἀπόδοτε οὖν πᾶσιν τὰς ὀφειλάς· τῷ τὸν φόρον τὸν φόρον· τῷ τὸ τέλος τὸ τέλος· τῷ τὸν φόβον τὸν φόβον· τῷ τὴν τιμὴν τὴν τιμήν.
13,8,"¶Μηδενὶ μηδὲν ὀφείλετε, εἰ μὴ τὸ ἀγαπᾷν ἀλλήλους· ὁ γὰρ ἀγαπῶν τὸν ἕτερον, νόμον πεπλήρωκεν."
13,9,"Τὸ γάρ, Οὐ μοιχεύσεις, οὐ φονεύσεις, οὐ κλέψεις, οὐκ ἐπιθυμήσεις, καὶ εἴ τις ἑτέρα ἐντολή, ἐν τούτῳ τῷ λόγῳ ἀνακεφαλαιοῦται, ἐν τῷ, Ἀγαπήσεις τὸν πλησίον σου ὡς σεαυτόν."
13,10,Ἡ ἀγάπη τῷ πλησίον κακὸν οὐκ ἐργάζεται· πλήρωμα οὖν νόμου ἡ ἀγάπη.
13,11,"¶Καὶ τοῦτο, εἰδότες τὸν καιρόν, ὅτι ὥρα ἡμᾶς ἤδη ἐξ ὕπνου ἐγερθῆναι· νῦν γὰρ ἐγγύτερον ἡμῶν ἡ σωτηρία ἢ ὅτε ἐπιστεύσαμεν."
13,12,"Ἡ νὺξ προέκοψεν, ἡ δὲ ἡμέρα ἤγγικεν· ἀποθώμεθα οὖν τὰ ἔργα τοῦ σκότους, καὶ ἐνδυσώμεθα τὰ ὅπλα τοῦ φωτός."
13,13,"Ὡς ἐν ἡμέρᾳ, εὐσχημόνως περιπατήσωμεν, μὴ κώμοις καὶ μέθαις, μὴ κοίταις καὶ ἀσελγείαις, μὴ ἔριδι καὶ ζήλῳ."
13,14,"Ἀλλ’ ἐνδύσασθε τὸν κύριον Ἰησοῦν χριστόν, καὶ τῆς σαρκὸς πρόνοιαν μὴ ποιεῖσθε, εἰς ἐπιθυμίας."
14,1,"Τὸν δὲ ἀσθενοῦντα τῇ πίστει προσλαμβάνεσθε, μὴ εἰς διακρίσεις διαλογισμῶν."
14,2,"Ὃς μὲν πιστεύει φαγεῖν πάντα, ὁ δὲ ἀσθενῶν λάχανα ἐσθίει."
14,3,"Ὁ ἐσθίων τὸν μὴ ἐσθίοντα μὴ ἐξουθενείτω, καὶ ὁ μὴ ἐσθίων τὸν ἐσθίοντα μὴ κρινέτω· ὁ θεὸς γὰρ αὐτὸν προσελάβετο."
14,4,Σὺ τίς εἶ ὁ κρίνων ἀλλότριον οἰκέτην; Τῷ ἰδίῳ κυρίῳ στήκει ἢ πίπτει. Σταθήσεται δέ· δυνατὸς γάρ ἐστιν ὁ θεὸς στῆσαι αὐτόν.
14,5,"Ὃς μὲν κρίνει ἡμέραν παρ’ ἡμέραν, ὃς δὲ κρίνει πᾶσαν ἡμέραν. Ἕκαστος ἐν τῷ ἰδίῳ νοῒ πληροφορείσθω."
14,6,"Ὁ φρονῶν τὴν ἡμέραν, κυρίῳ φρονεῖ· καὶ ὁ μὴ φρονῶν τὴν ἡμέραν, κυρίῳ οὐ φρονεῖ. Καὶ ὁ ἐσθίων κυρίῳ ἐσθίει, εὐχαριστεῖ γὰρ τῷ θεῷ· καὶ ὁ μὴ ἐσθίων κυρίῳ οὐκ ἐσθίει, καὶ εὐχαριστεῖ τῷ θεῷ."
14,7,"Οὐδεὶς γὰρ ἡμῶν ἑαυτῷ ζῇ, καὶ οὐδεὶς ἑαυτῷ ἀποθνῄσκει."
14,8,"Ἐάν τε γὰρ ζῶμεν, τῷ κυρίῳ ζῶμεν· ἐάν τε ἀποθνῄσκωμεν, τῷ κυρίῳ ἀποθνῄσκομεν· ἐάν τε οὖν ζῶμεν, ἐάν τε ἀποθνῄσκωμεν, τοῦ κυρίου ἐσμέν."
14,9,"Εἰς τοῦτο γὰρ χριστὸς καὶ ἀπέθανεν καὶ ἀνέστη καὶ ἔζησεν, ἵνα καὶ νεκρῶν καὶ ζώντων κυριεύσῃ."
14,10,Σὺ δὲ τί κρίνεις τὸν ἀδελφόν σου; Ἢ καὶ σὺ τί ἐξουθενεῖς τὸν ἀδελφόν σου; Πάντες γὰρ παραστησόμεθα τῷ βήματι τοῦ χριστοῦ.
14,11,"Γέγραπται γάρ, Ζῶ ἐγώ, λέγει κύριος· ὅτι ἐμοὶ κάμψει πᾶν γόνυ, καὶ πᾶσα γλῶσσα ἐξομολογήσεται τῷ θεῷ."
14,12,Ἄρα οὖν ἕκαστος ἡμῶν περὶ ἑαυτοῦ λόγον δώσει τῷ θεῷ.
14,13,"¶Μηκέτι οὖν ἀλλήλους κρίνωμεν· ἀλλὰ τοῦτο κρίνατε μᾶλλον, τὸ μὴ τιθέναι πρόσκομμα τῷ ἀδελφῷ ἢ σκάνδαλον."
14,14,"Οἶδα καὶ πέπεισμαι ἐν κυρίῳ Ἰησοῦ, ὅτι οὐδὲν κοινὸν δι’ αὐτοῦ· εἰ μὴ τῷ λογιζομένῳ τι κοινὸν εἶναι, ἐκείνῳ κοινόν."
14,15,"Εἰ δὲ διὰ βρῶμα ὁ ἀδελφός σου λυπεῖται, οὐκέτι κατὰ ἀγάπην περιπατεῖς. Μὴ τῷ βρώματί σου ἐκεῖνον ἀπόλλυε, ὑπὲρ οὗ χριστὸς ἀπέθανεν."
14,16,Μὴ βλασφημείσθω οὖν ὑμῶν τὸ ἀγαθόν·
14,17,"οὐ γάρ ἐστιν ἡ βασιλεία τοῦ θεοῦ βρῶσις καὶ πόσις, ἀλλὰ δικαιοσύνη καὶ εἰρήνη καὶ χαρὰ ἐν πνεύματι ἁγίῳ."
14,18,"Ὁ γὰρ ἐν τούτοις δουλεύων τῷ χριστῷ εὐάρεστος τῷ θεῷ, καὶ δόκιμος τοῖς ἀνθρώποις."
14,19,"Ἄρα οὖν τὰ τῆς εἰρήνης διώκωμεν, καὶ τὰ τῆς οἰκοδομῆς τῆς εἰς ἀλλήλους."
14,20,"Μὴ ἕνεκεν βρώματος κατάλυε τὸ ἔργον τοῦ θεοῦ. Πάντα μὲν καθαρά, ἀλλὰ κακὸν τῷ ἀνθρώπῳ τῷ διὰ προσκόμματος ἐσθίοντι."
14,21,"Καλὸν τὸ μὴ φαγεῖν κρέα, μηδὲ πιεῖν οἶνον, μηδὲ ἐν ᾧ ὁ ἀδελφός σου προσκόπτει ἢ σκανδαλίζεται ἢ ἀσθενεῖ."
14,22,Σὺ πίστιν ἔχεις; Κατὰ σεαυτὸν ἔχε ἐνώπιον τοῦ θεοῦ. Μακάριος ὁ μὴ κρίνων ἑαυτὸν ἐν ᾧ δοκιμάζει.
14,23,"Ὁ δὲ διακρινόμενος, ἐὰν φάγῃ, κατακέκριται, ὅτι οὐκ ἐκ πίστεως· πᾶν δὲ ὃ οὐκ ἐκ πίστεως, ἁμαρτία ἐστίν."
14,24,"¶Τῷ δὲ δυναμένῳ ὑμᾶς στηρίξαι κατὰ τὸ εὐαγγέλιόν μου καὶ τὸ κήρυγμα Ἰησοῦ χριστοῦ, κατὰ ἀποκάλυψιν μυστηρίου χρόνοις αἰωνίοις σεσιγημένου,"
14,25,"φανερωθέντος δὲ νῦν, διά τε γραφῶν προφητικῶν, κατ’ ἐπιταγὴν τοῦ αἰωνίου θεοῦ, εἰς ὑπακοὴν πίστεως εἰς πάντα τὰ ἔθνη γνωρισθέντος,"
14,26,"μόνῳ σοφῷ θεῷ, διὰ Ἰησοῦ χριστοῦ, ᾧ ἡ δόξα εἰς τοὺς αἰῶνας. Ἀμήν."
15,1,"Ὀφείλομεν δὲ ἡμεῖς οἱ δυνατοὶ τὰ ἀσθενήματα τῶν ἀδυνάτων βαστάζειν, καὶ μὴ ἑαυτοῖς ἀρέσκειν."
15,2,Ἕκαστος ἡμῶν τῷ πλησίον ἀρεσκέτω εἰς τὸ ἀγαθὸν πρὸς οἰκοδομήν.
15,3,"Καὶ γὰρ ὁ χριστὸς οὐχ ἑαυτῷ ἤρεσεν, ἀλλά, καθὼς γέγραπται, Οἱ ὀνειδισμοὶ τῶν ὀνειδιζόντων σε ἐπέπεσον ἐπ’ ἐμέ."
15,4,"Ὅσα γὰρ προεγράφη, εἰς τὴν ἡμετέραν διδασκαλίαν προεγράφη, ἵνα διὰ τῆς ὑπομονῆς καὶ διὰ τῆς παρακλήσεως τῶν γραφῶν τὴν ἐλπίδα ἔχωμεν."
15,5,Ὁ δὲ θεὸς τῆς ὑπομονῆς καὶ τῆς παρακλήσεως δῴη ὑμῖν τὸ αὐτὸ φρονεῖν ἐν ἀλλήλοις κατὰ χριστὸν Ἰησοῦν·
15,6,ἵνα ὁμοθυμαδὸν ἐν ἑνὶ στόματι δοξάζητε τὸν θεὸν καὶ πατέρα τοῦ κυρίου ἡμῶν Ἰησοῦ χριστοῦ.
15,7,"Διὸ προσλαμβάνεσθε ἀλλήλους, καθὼς καὶ ὁ χριστὸς προσελάβετο ὑμᾶς, εἰς δόξαν θεοῦ."
15,8,"Λέγω δέ, χριστὸν Ἰησοῦν διάκονον γεγενῆσθαι περιτομῆς ὑπὲρ ἀληθείας θεοῦ, εἰς τὸ βεβαιῶσαι τὰς ἐπαγγελίας τῶν πατέρων·"
15,9,"τὰ δὲ ἔθνη ὑπὲρ ἐλέους δοξάσαι τὸν θεόν, καθὼς γέγραπται, Διὰ τοῦτο ἐξομολογήσομαί σοι ἐν ἔθνεσιν, καὶ τῷ ὀνόματί σου ψαλῶ."
15,10,"Καὶ πάλιν λέγει, Εὐφράνθητε, ἔθνη, μετὰ τοῦ λαοῦ αὐτοῦ."
15,11,"Καὶ πάλιν, Αἰνεῖτε τὸν κύριον πάντα τὰ ἔθνη, καὶ ἐπαινέσατε αὐτὸν πάντες οἱ λαοί."
15,12,"Καὶ πάλιν Ἠσαΐας λέγει, Ἔσται ἡ ῥίζα τοῦ Ἰεσσαί, καὶ ὁ ἀνιστάμενος ἄρχειν ἐθνῶν· ἐπ’ αὐτῷ ἔθνη ἐλπιοῦσιν."
15,13,"Ὁ δὲ θεὸς τῆς ἐλπίδος πληρώσαι ὑμᾶς πάσης χαρᾶς καὶ εἰρήνης ἐν τῷ πιστεύειν, εἰς τὸ περισσεύειν ὑμᾶς ἐν τῇ ἐλπίδι, ἐν δυνάμει πνεύματος ἁγίου."
15,14,"¶Πέπεισμαι δέ, ἀδελφοί μου, καὶ αὐτὸς ἐγὼ περὶ ὑμῶν, ὅτι καὶ αὐτοὶ μεστοί ἐστε ἀγαθωσύνης, πεπληρωμένοι πάσης γνώσεως, δυνάμενοι καὶ ἄλλους νουθετεῖν."
15,15,"Τολμηρότερον δὲ ἔγραψα ὑμῖν, ἀδελφοί, ἀπὸ μέρους, ὡς ἐπαναμιμνῄσκων ὑμᾶς, διὰ τὴν χάριν τὴν δοθεῖσάν μοι ὑπὸ τοῦ θεοῦ,"
15,16,"εἰς τὸ εἶναί με λειτουργὸν Ἰησοῦ χριστοῦ εἰς τὰ ἔθνη, ἱερουργοῦντα τὸ εὐαγγέλιον τοῦ θεοῦ, ἵνα γένηται ἡ προσφορὰ τῶν ἐθνῶν εὐπρόσδεκτος, ἡγιασμένη ἐν πνεύματι ἁγίῳ."
15,17,Ἔχω οὖν καύχησιν ἐν χριστῷ Ἰησοῦ τὰ πρὸς τὸν θεόν.
15,18,"Οὐ γὰρ τολμήσω λαλεῖν τι ὧν οὐ κατειργάσατο χριστὸς δι’ ἐμοῦ, εἰς ὑπακοὴν ἐθνῶν, λόγῳ καὶ ἔργῳ,"
15,19,"ἐν δυνάμει σημείων καὶ τεράτων, ἐν δυνάμει πνεύματος θεοῦ· ὥστε με ἀπὸ Ἱερουσαλὴμ καὶ κύκλῳ μέχρι τοῦ Ἰλλυρικοῦ πεπληρωκέναι τὸ εὐαγγέλιον τοῦ χριστοῦ·"
15,20,"οὕτως δὲ φιλοτιμούμενον εὐαγγελίζεσθαι, οὐχ ὅπου ὠνομάσθη χριστός, ἵνα μὴ ἐπ’ ἀλλότριον θεμέλιον οἰκοδομῶ·"
15,21,"ἀλλά, καθὼς γέγραπται, Οἷς οὐκ ἀνηγγέλη περὶ αὐτοῦ, ὄψονται· καὶ οἳ οὐκ ἀκηκόασιν συνήσουσιν."
15,22,¶Διὸ καὶ ἐνεκοπτόμην τὰ πολλὰ τοῦ ἐλθεῖν πρὸς ὑμᾶς·
15,23,"νυνὶ δὲ μηκέτι τόπον ἔχων ἐν τοῖς κλίμασιν τούτοις, ἐπιποθίαν δὲ ἔχων τοῦ ἐλθεῖν πρὸς ὑμᾶς ἀπὸ πολλῶν ἐτῶν,"
15,24,"ὡς ἐὰν πορεύωμαι εἰς τὴν Σπανίαν, ἐλεύσομαι πρὸς ὑμᾶς· ἐλπίζω γὰρ διαπορευόμενος θεάσασθαι ὑμᾶς, καὶ ὑφ’ ὑμῶν προπεμφθῆναι ἐκεῖ, ἐὰν ὑμῶν πρῶτον ἀπὸ μέρους ἐμπλησθῶ."
15,25,"Νυνὶ δὲ πορεύομαι εἰς Ἱερουσαλήμ, διακονῶν τοῖς ἁγίοις."
15,26,Εὐδόκησαν γὰρ Μακεδονία καὶ Ἀχαΐα κοινωνίαν τινὰ ποιήσασθαι εἰς τοὺς πτωχοὺς τῶν ἁγίων τῶν ἐν Ἱερουσαλήμ.
15,27,"Εὐδόκησαν γάρ, καὶ ὀφειλέται αὐτῶν εἰσιν. Εἰ γὰρ τοῖς πνευματικοῖς αὐτῶν ἐκοινώνησαν τὰ ἔθνη, ὀφείλουσιν καὶ ἐν τοῖς σαρκικοῖς λειτουργῆσαι αὐτοῖς."
15,28,"Τοῦτο οὖν ἐπιτελέσας, καὶ σφραγισάμενος αὐτοῖς τὸν καρπὸν τοῦτον, ἀπελεύσομαι δι’ ὑμῶν εἰς τὴν Σπανίαν."
15,29,Οἶδα δὲ ὅτι ἐρχόμενος πρὸς ὑμᾶς ἐν πληρώματι εὐλογίας τοῦ εὐαγγελίου τοῦ χριστοῦ ἐλεύσομαι.
15,30,"¶Παρακαλῶ δὲ ὑμᾶς, ἀδελφοί, διὰ τοῦ κυρίου ἡμῶν Ἰησοῦ χριστοῦ, καὶ διὰ τῆς ἀγάπης τοῦ πνεύματος, συναγωνίσασθαί μοι ἐν ταῖς προσευχαῖς ὑπὲρ ἐμοῦ πρὸς τὸν θεόν·"
15,31,"ἵνα ῥυσθῶ ἀπὸ τῶν ἀπειθούντων ἐν τῇ Ἰουδαίᾳ, καὶ ἵνα ἡ διακονία μου ἡ εἰς Ἱερουσαλὴμ εὐπρόσδεκτος γένηται τοῖς ἁγίοις·"
15,32,"ἵνα ἐν χαρᾷ ἔλθω πρὸς ὑμᾶς διὰ θελήματος θεοῦ, καὶ συναναπαύσωμαι ὑμῖν."
15,33,Ὁ δὲ θεὸς τῆς εἰρήνης μετὰ πάντων ὑμῶν. Ἀμήν.
16,1,"Συνίστημι δὲ ὑμῖν Φοίβην τὴν ἀδελφὴν ἡμῶν, οὖσαν διάκονον τῆς ἐκκλησίας τῆς ἐν Κεγχρεαῖς·"
16,2,"ἵνα αὐτὴν προσδέξησθε ἐν κυρίῳ ἀξίως τῶν ἁγίων, καὶ παραστῆτε αὐτῇ ἐν ᾧ ἂν ὑμῶν χρῄζῃ πράγματι· καὶ γὰρ αὐτὴ προστάτις πολλῶν ἐγενήθη, καὶ αὐτοῦ ἐμοῦ."
16,3,"¶Ἀσπάσασθε Πρίσκαν καὶ Ἀκύλαν τοὺς συνεργούς μου ἐν χριστῷ Ἰησοῦ,"
16,4,"οἵτινες ὑπὲρ τῆς ψυχῆς μου τὸν ἑαυτῶν τράχηλον ὑπέθηκαν, οἷς οὐκ ἐγὼ μόνος εὐχαριστῶ, ἀλλὰ καὶ πᾶσαι αἱ ἐκκλησίαι τῶν ἐθνῶν·"
16,5,"καὶ τὴν κατ’ οἶκον αὐτῶν ἐκκλησίαν. Ἀσπάσασθε Ἐπαίνετον τὸν ἀγαπητόν μου, ὅς ἐστιν ἀπαρχὴ τῆς Ἀχαΐας εἰς χριστόν."
16,6,"Ἀσπάσασθε Μαριάμ, ἥτις πολλὰ ἐκοπίασεν εἰς ἡμᾶς."
16,7,"Ἀσπάσασθε Ἀνδρόνικον καὶ Ἰουνίαν τοὺς συγγενεῖς μου καὶ συναιχμαλώτους μου, οἵτινές εἰσιν ἐπίσημοι ἐν τοῖς ἀποστόλοις, οἳ καὶ πρὸ ἐμοῦ γεγόνασιν ἐν χριστῷ."
16,8,Ἀσπάσασθε Ἀμπλίαν τὸν ἀγαπητόν μου ἐν κυρίῳ.
16,9,"Ἀσπάσασθε Οὐρβανὸν τὸν συνεργὸν ἡμῶν ἐν χριστῷ, καὶ Στάχυν τὸν ἀγαπητόν μου."
16,10,Ἀσπάσασθε Ἀπελλῆν τὸν δόκιμον ἐν χριστῷ. Ἀσπάσασθε τοὺς ἐκ τῶν Ἀριστοβούλου.
16,11,"Ἀσπάσασθε Ἡρῳδίωνα τὸν συγγενῆ μου. Ἀσπάσασθε τοὺς ἐκ τῶν Ναρκίσσου, τοὺς ὄντας ἐν κυρίῳ."
16,12,"Ἀσπάσασθε Τρύφαιναν καὶ Τρυφῶσαν τὰς κοπιώσας ἐν κυρίῳ. Ἀσπάσασθε Περσίδα τὴν ἀγαπητήν, ἥτις πολλὰ ἐκοπίασεν ἐν κυρίῳ."
16,13,"Ἀσπάσασθε Ῥοῦφον τὸν ἐκλεκτὸν ἐν κυρίῳ, καὶ τὴν μητέρα αὐτοῦ καὶ ἐμοῦ."
16,14,"Ἀσπάσασθε Ἀσύγκριτον, Φλέγοντα, Ἑρμᾶν, Πατρόβαν, Ἑρμῆν, καὶ τοὺς σὺν αὐτοῖς ἀδελφούς."
16,15,"Ἀσπάσασθε Φιλόλογον καὶ Ἰουλίαν, Νηρέα καὶ τὴν ἀδελφὴν αὐτοῦ, καὶ Ὀλυμπᾶν, καὶ τοὺς σὺν αὐτοῖς πάντας ἁγίους."
16,16,Ἀσπάσασθε ἀλλήλους ἐν φιλήματι ἁγίῳ. Ἀσπάζονται ὑμᾶς αἱ ἐκκλησίαι τοῦ χριστοῦ.
16,17,"¶Παρακαλῶ δὲ ὑμᾶς, ἀδελφοί, σκοπεῖν τοὺς τὰς διχοστασίας καὶ τὰ σκάνδαλα, παρὰ τὴν διδαχὴν ἣν ὑμεῖς ἐμάθετε, ποιοῦντας· καὶ ἐκκλίνατε ἀπ’ αὐτῶν."
16,18,"Οἱ γὰρ τοιοῦτοι τῷ κυρίῳ ἡμῶν Ἰησοῦ χριστῷ οὐ δουλεύουσιν, ἀλλὰ τῇ ἑαυτῶν κοιλίᾳ· καὶ διὰ τῆς χρηστολογίας καὶ εὐλογίας ἐξαπατῶσιν τὰς καρδίας τῶν ἀκάκων."
16,19,"Ἡ γὰρ ὑμῶν ὑπακοὴ εἰς πάντας ἀφίκετο. Χαίρω οὖν τὸ ἐφ’ ὑμῖν· θέλω δὲ ὑμᾶς σοφοὺς μὲν εἶναι εἰς τὸ ἀγαθόν, ἀκεραίους δὲ εἰς τὸ κακόν."
16,20,Ὁ δὲ θεὸς τῆς εἰρήνης συντρίψει τὸν Σατανᾶν ὑπὸ τοὺς πόδας ὑμῶν ἐν τάχει. ¶Ἡ χάρις τοῦ κυρίου ἡμῶν Ἰησοῦ χριστοῦ μεθ’ ὑμῶν.
16,21,"¶Ἀσπάζονται ὑμᾶς Τιμόθεος ὁ συνεργός μου, καὶ Λούκιος καὶ Ἰάσων καὶ Σωσίπατρος οἱ συγγενεῖς μου."
16,22,"Ἀσπάζομαι ὑμᾶς ἐγὼ Τέρτιος, ὁ γράψας τὴν ἐπιστολήν, ἐν κυρίῳ."
16,23,"Ἀσπάζεται ὑμᾶς Γάϊος ὁ ξένος μου καὶ τῆς ἐκκλησίας ὅλης. Ἀσπάζεται ὑμᾶς Ἔραστος ὁ οἰκονόμος τῆς πόλεως, καὶ Κούαρτος ὁ ἀδελφός."
16,24,Ἡ χάρις τοῦ κυρίου ἡμῶν Ἰησοῦ χριστοῦ μετὰ πάντων ὑμῶν. Ἀμήν.
