<?xml version="1.0" encoding="utf-8"?>
<!DOCTYPE TEI [
<!-- entities used in individual transcriptions will be defined here -->
]>
<?xml-model href="TEI-NTMSS.rng" type="application/xml" 
schematypens="http://relaxng.org/ns/structure/1.0"?>
<TEI xml:id="Byz" xmlns="http://www.tei-c.org/ns/1.0">
    <teiHeader>
        <fileDesc>
            <titleStmt>
                <title>The New Testament in the Original Greek: The Byzantine Textform</title>
                <title type="collection" level="s" xml:lang="en">The New Testament</title>
				<title type="work" level="m" xml:lang="en" n="04">John</title>
				<title type="short" level="m" xml:lang="en" n="04">JOH</title>                
                <respStmt>
                    <resp>Created by</resp><name>Maurice A. Robinson and William Pierpont</name>
                </respStmt>
            </titleStmt> 
        <editionStmt>
            <edition n="2016">Last updated (XML version) <date>24.8.2022</date></edition>
        </editionStmt>
        <publicationStmt>
            <availability><p>This file is in the Public Domain</p></availability>
        </publicationStmt>
        <sourceDesc>
            <msDesc>
            <msIdentifier>
                <country>United States of America</country>
                <msName xml:lang="en">The New Testament in the Original Greek: The Byzantine Textform</msName>
                <altIdentifier type="Byz"></altIdentifier>
            </msIdentifier>
            </msDesc>
        </sourceDesc>
        </fileDesc>
        <encodingDesc n="1.5">
            <editorialDecl>
                <p>The initial transcription file was a set of plain text files, later converted to XML. Further information about the procedures followed may be found in the electronic edition at <ptr target="https://github.com/byztxt/byzantine-majority-text/"/></p>
                <p>The XML specifications used were version 1.5 of the IGNTP Guidelines available at <ptr target="http://epapers.bham.ac.uk/1892/"/></p>
            </editorialDecl> 
            <variantEncoding method="parallel-segmentation" location="internal"/>
        </encodingDesc>
    </teiHeader>
    <text xml:lang="grc">
        <body>
			<div type="book" n="B04">
				<div type="chapter" n="B04K1">
					<ab n="B04K1V1">
						<w>εν</w>
						<w>αρχη</w>
						<w>ην</w>
						<w>ο</w>
						<w>λογος</w>
						<w>και</w>
						<w>ο</w>
						<w>λογος</w>
						<w>ην</w>
						<w>προς</w>
						<w>τον</w>
						<w>θεον</w>
						<w>και</w>
						<w>θεος</w>
						<w>ην</w>
						<w>ο</w>
						<w>λογος</w>
					</ab>
					<ab n="B04K1V2">
						<w>ουτος</w>
						<w>ην</w>
						<w>εν</w>
						<w>αρχη</w>
						<w>προς</w>
						<w>τον</w>
						<w>θεον</w>
					</ab>
					<ab n="B04K1V3">
						<w>παντα</w>
						<w>δι</w>
						<w>αυτου</w>
						<w>εγενετο</w>
						<w>και</w>
						<w>χωρις</w>
						<w>αυτου</w>
						<w>εγενετο</w>
						<w>ουδε</w>
						<w>εν</w>
						<w>ο</w>
						<w>γεγονεν</w>
					</ab>
					<ab n="B04K1V4">
						<w>εν</w>
						<w>αυτω</w>
						<w>ζωη</w>
						<w>ην</w>
						<w>και</w>
						<w>η</w>
						<w>ζωη</w>
						<w>ην</w>
						<w>το</w>
						<w>φως</w>
						<w>των</w>
						<w>ανθρωπων</w>
					</ab>
					<ab n="B04K1V5">
						<w>και</w>
						<w>το</w>
						<w>φως</w>
						<w>εν</w>
						<w>τη</w>
						<w>σκοτια</w>
						<w>φαινει</w>
						<w>και</w>
						<w>η</w>
						<w>σκοτια</w>
						<w>αυτο</w>
						<w>ου</w>
						<w>κατελαβεν</w>
					</ab>
					<ab n="B04K1V6">
						<w>εγενετο</w>
						<w>ανθρωπος</w>
						<w>απεσταλμενος</w>
						<w>παρα</w>
						<w>θεου</w>
						<w>ονομα</w>
						<w>αυτω</w>
						<w>ιωαννης</w>
					</ab>
					<ab n="B04K1V7">
						<w>ουτος</w>
						<w>ηλθεν</w>
						<w>εις</w>
						<w>μαρτυριαν</w>
						<w>ινα</w>
						<w>μαρτυρηση</w>
						<w>περι</w>
						<w>του</w>
						<w>φωτος</w>
						<w>ινα</w>
						<w>παντες</w>
						<w>πιστευσωσιν</w>
						<w>δι</w>
						<w>αυτου</w>
					</ab>
					<ab n="B04K1V8">
						<w>ουκ</w>
						<w>ην</w>
						<w>εκεινος</w>
						<w>το</w>
						<w>φως</w>
						<w>αλλ</w>
						<w>ινα</w>
						<w>μαρτυρηση</w>
						<w>περι</w>
						<w>του</w>
						<w>φωτος</w>
					</ab>
					<ab n="B04K1V9">
						<w>ην</w>
						<w>το</w>
						<w>φως</w>
						<w>το</w>
						<w>αληθινον</w>
						<w>ο</w>
						<w>φωτιζει</w>
						<w>παντα</w>
						<w>ανθρωπον</w>
						<w>ερχομενον</w>
						<w>εις</w>
						<w>τον</w>
						<w>κοσμον</w>
					</ab>
					<ab n="B04K1V10">
						<w>εν</w>
						<w>τω</w>
						<w>κοσμω</w>
						<w>ην</w>
						<w>και</w>
						<w>ο</w>
						<w>κοσμος</w>
						<w>δι</w>
						<w>αυτου</w>
						<w>εγενετο</w>
						<w>και</w>
						<w>ο</w>
						<w>κοσμος</w>
						<w>αυτον</w>
						<w>ουκ</w>
						<w>εγνω</w>
					</ab>
					<ab n="B04K1V11">
						<w>εις</w>
						<w>τα</w>
						<w>ιδια</w>
						<w>ηλθεν</w>
						<w>και</w>
						<w>οι</w>
						<w>ιδιοι</w>
						<w>αυτον</w>
						<w>ου</w>
						<w>παρελαβον</w>
					</ab>
					<ab n="B04K1V12">
						<w>οσοι</w>
						<w>δε</w>
						<w>ελαβον</w>
						<w>αυτον</w>
						<w>εδωκεν</w>
						<w>αυτοις</w>
						<w>εξουσιαν</w>
						<w>τεκνα</w>
						<w>θεου</w>
						<w>γενεσθαι</w>
						<w>τοις</w>
						<w>πιστευουσιν</w>
						<w>εις</w>
						<w>το</w>
						<w>ονομα</w>
						<w>αυτου</w>
					</ab>
					<ab n="B04K1V13">
						<w>οι</w>
						<w>ουκ</w>
						<w>εξ</w>
						<w>αιματων</w>
						<w>ουδε</w>
						<w>εκ</w>
						<w>θεληματος</w>
						<w>σαρκος</w>
						<w>ουδε</w>
						<w>εκ</w>
						<w>θεληματος</w>
						<w>ανδρος</w>
						<w>αλλ</w>
						<w>εκ</w>
						<w>θεου</w>
						<w>εγεννηθησαν</w>
					</ab>
					<ab n="B04K1V14">
						<w>και</w>
						<w>ο</w>
						<w>λογος</w>
						<w>σαρξ</w>
						<w>εγενετο</w>
						<w>και</w>
						<w>εσκηνωσεν</w>
						<w>εν</w>
						<w>ημιν</w>
						<w>και</w>
						<w>εθεασαμεθα</w>
						<w>την</w>
						<w>δοξαν</w>
						<w>αυτου</w>
						<w>δοξαν</w>
						<w>ως</w>
						<w>μονογενους</w>
						<w>παρα</w>
						<w>πατρος</w>
						<w>πληρης</w>
						<w>χαριτος</w>
						<w>και</w>
						<w>αληθειας</w>
					</ab>
					<ab n="B04K1V15">
						<w>ιωαννης</w>
						<w>μαρτυρει</w>
						<w>περι</w>
						<w>αυτου</w>
						<w>και</w>
						<w>κεκραγεν</w>
						<w>λεγων</w>
						<w>ουτος</w>
						<w>ην</w>
						<w>ον</w>
						<w>ειπον</w>
						<w>ο</w>
						<w>οπισω</w>
						<w>μου</w>
						<w>ερχομενος</w>
						<w>εμπροσθεν</w>
						<w>μου</w>
						<w>γεγονεν</w>
						<w>οτι</w>
						<w>πρωτος</w>
						<w>μου</w>
						<w>ην</w>
					</ab>
					<ab n="B04K1V16">
						<w>και</w>
						<w>εκ</w>
						<w>του</w>
						<w>πληρωματος</w>
						<w>αυτου</w>
						<w>ημεις</w>
						<w>παντες</w>
						<w>ελαβομεν</w>
						<w>και</w>
						<w>χαριν</w>
						<w>αντι</w>
						<w>χαριτος</w>
					</ab>
					<ab n="B04K1V17">
						<w>οτι</w>
						<w>ο</w>
						<w>νομος</w>
						<w>δια</w>
						<w>μωσεως</w>
						<w>εδοθη</w>
						<w>η</w>
						<w>χαρις</w>
						<w>και</w>
						<w>η</w>
						<w>αληθεια</w>
						<w>δια</w>
						<w>ιησου</w>
						<w>χριστου</w>
						<w>εγενετο</w>
					</ab>
					<ab n="B04K1V18">
						<w>θεον</w>
						<w>ουδεις</w>
						<w>εωρακεν</w>
						<w>πωποτε</w>
						<w>ο</w>
						<w>μονογενης</w>
						<w>υιος</w>
						<w>ο</w>
						<w>ων</w>
						<w>εις</w>
						<w>τον</w>
						<w>κολπον</w>
						<w>του</w>
						<w>πατρος</w>
						<w>εκεινος</w>
						<w>εξηγησατο</w>
					</ab>
					<ab n="B04K1V19">
						<w>και</w>
						<w>αυτη</w>
						<w>εστιν</w>
						<w>η</w>
						<w>μαρτυρια</w>
						<w>του</w>
						<w>ιωαννου</w>
						<w>οτε</w>
						<w>απεστειλαν</w>
						<w>οι</w>
						<w>ιουδαιοι</w>
						<w>εξ</w>
						<w>ιεροσολυμων</w>
						<w>ιερεις</w>
						<w>και</w>
						<w>λευιτας</w>
						<w>ινα</w>
						<w>ερωτησωσιν</w>
						<w>αυτον</w>
						<w>συ</w>
						<w>τις</w>
						<w>ει</w>
					</ab>
					<ab n="B04K1V20">
						<w>και</w>
						<w>ωμολογησεν</w>
						<w>και</w>
						<w>ουκ</w>
						<w>ηρνησατο</w>
						<w>και</w>
						<w>ωμολογησεν</w>
						<w>οτι</w>
						<w>ουκ</w>
						<w>ειμι</w>
						<w>εγω</w>
						<w>ο</w>
						<w>χριστος</w>
					</ab>
					<ab n="B04K1V21">
						<w>και</w>
						<w>ηρωτησαν</w>
						<w>αυτον</w>
						<w>τι</w>
						<w>ουν</w>
						<w>ηλιας</w>
						<w>ει</w>
						<w>συ</w>
						<w>και</w>
						<w>λεγει</w>
						<w>ουκ</w>
						<w>ειμι</w>
						<w>ο</w>
						<w>προφητης</w>
						<w>ει</w>
						<w>συ</w>
						<w>και</w>
						<w>απεκριθη</w>
						<w>ου</w>
					</ab>
					<ab n="B04K1V22">
						<w>ειπον</w>
						<w>ουν</w>
						<w>αυτω</w>
						<w>τις</w>
						<w>ει</w>
						<w>ινα</w>
						<w>αποκρισιν</w>
						<w>δωμεν</w>
						<w>τοις</w>
						<w>πεμθασιν</w>
						<w>ημας</w>
						<w>τι</w>
						<w>λεγεις</w>
						<w>περι</w>
						<w>σεαυτου</w>
					</ab>
					<ab n="B04K1V23">
						<w>εφη</w>
						<w>εγω</w>
						<w>φωνη</w>
						<w>βοωντος</w>
						<w>εν</w>
						<w>τη</w>
						<w>ερημω</w>
						<w>ευθυνατε</w>
						<w>την</w>
						<w>οδον</w>
						<w>κυριου</w>
						<w>καθως</w>
						<w>ειπεν</w>
						<w>ησαιας</w>
						<w>ο</w>
						<w>προφητης</w>
					</ab>
					<ab n="B04K1V24">
						<w>και</w>
						<w>οι</w>
						<w>απεσταλμενοι</w>
						<w>ησαν</w>
						<w>εκ</w>
						<w>των</w>
						<w>φαρισαιων</w>
					</ab>
					<ab n="B04K1V25">
						<w>και</w>
						<w>ηρωτησαν</w>
						<w>αυτον</w>
						<w>και</w>
						<w>ειπον</w>
						<w>αυτω</w>
						<w>τι</w>
						<w>ουν</w>
						<w>βαπτιζεις</w>
						<w>ει</w>
						<w>συ</w>
						<w>ουκ</w>
						<w>ει</w>
						<w>ο</w>
						<w>χριστος</w>
						<w>ουτε</w>
						<w>ηλιας</w>
						<w>ουτε</w>
						<w>ο</w>
						<w>προφητης</w>
					</ab>
					<ab n="B04K1V26">
						<w>απεκριθη</w>
						<w>αυτοις</w>
						<w>ο</w>
						<w>ιωαννης</w>
						<w>λεγων</w>
						<w>εγω</w>
						<w>βαπτιζω</w>
						<w>εν</w>
						<w>υδατι</w>
						<w>μεσος</w>
						<w>δε</w>
						<w>υμων</w>
						<w>εστηκεν</w>
						<w>ον</w>
						<w>υμεις</w>
						<w>ουκ</w>
						<w>οιδατε</w>
					</ab>
					<ab n="B04K1V27">
						<w>αυτος</w>
						<w>εστιν</w>
						<w>ο</w>
						<w>οπισω</w>
						<w>μου</w>
						<w>ερχομενος</w>
						<w>ος</w>
						<w>εμπροσθεν</w>
						<w>μου</w>
						<w>γεγονεν</w>
						<w>ου</w>
						<w>εγω</w>
						<w>ουκ</w>
						<w>ειμι</w>
						<w>αξιος</w>
						<w>ινα</w>
						<w>λυσω</w>
						<w>αυτου</w>
						<w>τον</w>
						<w>ιμαντα</w>
						<w>του</w>
						<w>υποδηματος</w>
					</ab>
					<ab n="B04K1V28">
						<w>ταυτα</w>
						<w>εν</w>
						<w>βηθανια</w>
						<w>εγενετο</w>
						<w>περαν</w>
						<w>του</w>
						<w>ιορδανου</w>
						<w>οπου</w>
						<w>ην</w>
						<w>ιωαννης</w>
						<w>βαπτιζων</w>
					</ab>
					<ab n="B04K1V29">
						<w>τη</w>
						<w>επαυριον</w>
						<w>βλεπει</w>
						<w>τον</w>
						<w>ιησουν</w>
						<w>ερχομενον</w>
						<w>προς</w>
						<w>αυτον</w>
						<w>και</w>
						<w>λεγει</w>
						<w>ιδε</w>
						<w>ο</w>
						<w>αμνος</w>
						<w>του</w>
						<w>θεου</w>
						<w>ο</w>
						<w>αιρων</w>
						<w>την</w>
						<w>αμαρτιαν</w>
						<w>του</w>
						<w>κοσμου</w>
					</ab>
					<ab n="B04K1V30">
						<w>ουτος</w>
						<w>εστιν</w>
						<w>περι</w>
						<w>ου</w>
						<w>εγω</w>
						<w>ειπον</w>
						<w>οπισω</w>
						<w>μου</w>
						<w>ερχεται</w>
						<w>ανηρ</w>
						<w>ος</w>
						<w>εμπροσθεν</w>
						<w>μου</w>
						<w>γεγονεν</w>
						<w>οτι</w>
						<w>πρωτος</w>
						<w>μου</w>
						<w>ην</w>
					</ab>
					<ab n="B04K1V31">
						<w>καγω</w>
						<w>ουκ</w>
						<w>ηδειν</w>
						<w>αυτον</w>
						<w>αλλ</w>
						<w>ινα</w>
						<w>φανερωθη</w>
						<w>τω</w>
						<w>ισραηλ</w>
						<w>δια</w>
						<w>τουτο</w>
						<w>ηλθον</w>
						<w>εγω</w>
						<w>εν</w>
						<w>τω</w>
						<w>υδατι</w>
						<w>βαπτιζων</w>
					</ab>
					<ab n="B04K1V32">
						<w>και</w>
						<w>εμαρτυρησεν</w>
						<w>ιωαννης</w>
						<w>λεγων</w>
						<w>οτι</w>
						<w>τεθεαμαι</w>
						<w>το</w>
						<w>πνευμα</w>
						<w>καταβαινον</w>
						<w>ωσει</w>
						<w>περιστεραν</w>
						<w>εξ</w>
						<w>ουρανου</w>
						<w>και</w>
						<w>εμεινεν</w>
						<w>επ</w>
						<w>αυτον</w>
					</ab>
					<ab n="B04K1V33">
						<w>καγω</w>
						<w>ουκ</w>
						<w>ηδειν</w>
						<w>αυτον</w>
						<w>αλλ</w>
						<w>ο</w>
						<w>πεμθας</w>
						<w>με</w>
						<w>βαπτιζειν</w>
						<w>εν</w>
						<w>υδατι</w>
						<w>εκεινος</w>
						<w>μοι</w>
						<w>ειπεν</w>
						<w>εφ</w>
						<w>ον</w>
						<w>αν</w>
						<w>ιδης</w>
						<w>το</w>
						<w>πνευμα</w>
						<w>καταβαινον</w>
						<w>και</w>
						<w>μενον</w>
						<w>επ</w>
						<w>αυτον</w>
						<w>ουτος</w>
						<w>εστιν</w>
						<w>ο</w>
						<w>βαπτιζων</w>
						<w>εν</w>
						<w>πνευματι</w>
						<w>αγιω</w>
					</ab>
					<ab n="B04K1V34">
						<w>καγω</w>
						<w>εωρακα</w>
						<w>και</w>
						<w>μεμαρτυρηκα</w>
						<w>οτι</w>
						<w>ουτος</w>
						<w>εστιν</w>
						<w>ο</w>
						<w>υιος</w>
						<w>του</w>
						<w>θεου</w>
					</ab>
					<ab n="B04K1V35">
						<w>τη</w>
						<w>επαυριον</w>
						<w>παλιν</w>
						<w>ειστηκει</w>
						<w>ο</w>
						<w>ιωαννης</w>
						<w>και</w>
						<w>εκ</w>
						<w>των</w>
						<w>μαθητων</w>
						<w>αυτου</w>
						<w>δυο</w>
					</ab>
					<ab n="B04K1V36">
						<w>και</w>
						<w>εμβλεθας</w>
						<w>τω</w>
						<w>ιησου</w>
						<w>περιπατουντι</w>
						<w>λεγει</w>
						<w>ιδε</w>
						<w>ο</w>
						<w>αμνος</w>
						<w>του</w>
						<w>θεου</w>
					</ab>
					<ab n="B04K1V37">
						<w>και</w>
						<w>ηκουσαν</w>
						<w>αυτου</w>
						<w>οι</w>
						<w>δυο</w>
						<w>μαθηται</w>
						<w>λαλουντος</w>
						<w>και</w>
						<w>ηκολουθησαν</w>
						<w>τω</w>
						<w>ιησου</w>
					</ab>
					<ab n="B04K1V38">
						<w>στραφεις</w>
						<w>δε</w>
						<w>ο</w>
						<w>ιησους</w>
						<w>και</w>
						<w>θεασαμενος</w>
						<w>αυτους</w>
						<w>ακολουθουντας</w>
						<w>λεγει</w>
						<w>αυτοις</w>
						<w>τι</w>
						<w>ζητειτε</w>
						<w>οι</w>
						<w>δε</w>
						<w>ειπον</w>
						<w>αυτω</w>
						<w>ραββι</w>
						<w>ο</w>
						<w>λεγεται</w>
						<w>ερμηνευομενον</w>
						<w>διδασκαλε</w>
						<w>που</w>
						<w>μενεις</w>
					</ab>
					<ab n="B04K1V39">
						<w>λεγει</w>
						<w>αυτοις</w>
						<w>ερχεσθε</w>
						<w>και</w>
						<w>ιδετε</w>
						<w>ηλθον</w>
						<w>και</w>
						<w>ειδον</w>
						<w>που</w>
						<w>μενει</w>
						<w>και</w>
						<w>παρ</w>
						<w>αυτω</w>
						<w>εμειναν</w>
						<w>την</w>
						<w>ημεραν</w>
						<w>εκεινην</w>
						<w>ωρα</w>
						<w>ην</w>
						<w>ως</w>
						<w>δεκατη</w>
					</ab>
					<ab n="B04K1V40">
						<w>ην</w>
						<w>ανδρεας</w>
						<w>ο</w>
						<w>αδελφος</w>
						<w>σιμωνος</w>
						<w>πετρου</w>
						<w>εις</w>
						<w>εκ</w>
						<w>των</w>
						<w>δυο</w>
						<w>των</w>
						<w>ακουσαντων</w>
						<w>παρα</w>
						<w>ιωαννου</w>
						<w>και</w>
						<w>ακολουθησαντων</w>
						<w>αυτω</w>
					</ab>
					<ab n="B04K1V41">
						<w>ευρισκει</w>
						<w>ουτος</w>
						<w>πρωτος</w>
						<w>τον</w>
						<w>αδελφον</w>
						<w>τον</w>
						<w>ιδιον</w>
						<w>σιμωνα</w>
						<w>και</w>
						<w>λεγει</w>
						<w>αυτω</w>
						<w>ευρηκαμεν</w>
						<w>τον</w>
						<w>μεσιαν</w>
						<w>ο</w>
						<w>εστιν</w>
						<w>μεθερμηνευομενον</w>
						<w>χριστος</w>
					</ab>
					<ab n="B04K1V42">
						<w>και</w>
						<w>ηγαγεν</w>
						<w>αυτον</w>
						<w>προς</w>
						<w>τον</w>
						<w>ιησουν</w>
						<w>εμβλεθας</w>
						<w>αυτω</w>
						<w>ο</w>
						<w>ιησους</w>
						<w>ειπεν</w>
						<w>συ</w>
						<w>ει</w>
						<w>σιμων</w>
						<w>ο</w>
						<w>υιος</w>
						<w>ιωνα</w>
						<w>συ</w>
						<w>κληθηση</w>
						<w>κηφας</w>
						<w>ο</w>
						<w>ερμηνευεται</w>
						<w>πετρος</w>
					</ab>
					<ab n="B04K1V43">
						<w>τη</w>
						<w>επαυριον</w>
						<w>ηθελησεν</w>
						<w>εξελθειν</w>
						<w>εις</w>
						<w>την</w>
						<w>γαλιλαιαν</w>
						<w>και</w>
						<w>ευρισκει</w>
						<w>φιλιππον</w>
						<w>και</w>
						<w>λεγει</w>
						<w>αυτω</w>
						<w>ο</w>
						<w>ιησους</w>
						<w>ακολουθει</w>
						<w>μοι</w>
					</ab>
					<ab n="B04K1V44">
						<w>ην</w>
						<w>δε</w>
						<w>ο</w>
						<w>φιλιππος</w>
						<w>απο</w>
						<w>βηθσαιδα</w>
						<w>εκ</w>
						<w>της</w>
						<w>πολεως</w>
						<w>ανδρεου</w>
						<w>και</w>
						<w>πετρου</w>
					</ab>
					<ab n="B04K1V45">
						<w>ευρισκει</w>
						<w>φιλιππος</w>
						<w>τον</w>
						<w>ναθαναηλ</w>
						<w>και</w>
						<w>λεγει</w>
						<w>αυτω</w>
						<w>ον</w>
						<w>εγραθεν</w>
						<w>μωσης</w>
						<w>εν</w>
						<w>τω</w>
						<w>νομω</w>
						<w>και</w>
						<w>οι</w>
						<w>προφηται</w>
						<w>ευρηκαμεν</w>
						<w>ιησουν</w>
						<w>τον</w>
						<w>υιον</w>
						<w>του</w>
						<w>ιωσηφ</w>
						<w>τον</w>
						<w>απο</w>
						<w>ναζαρετ</w>
					</ab>
					<ab n="B04K1V46">
						<w>και</w>
						<w>ειπεν</w>
						<w>αυτω</w>
						<w>ναθαναηλ</w>
						<w>εκ</w>
						<w>ναζαρετ</w>
						<w>δυναται</w>
						<w>τι</w>
						<w>αγαθον</w>
						<w>ειναι</w>
						<w>λεγει</w>
						<w>αυτω</w>
						<w>φιλιππος</w>
						<w>ερχου</w>
						<w>και</w>
						<w>ιδε</w>
					</ab>
					<ab n="B04K1V47">
						<w>ειδεν</w>
						<w>ο</w>
						<w>ιησους</w>
						<w>τον</w>
						<w>ναθαναηλ</w>
						<w>ερχομενον</w>
						<w>προς</w>
						<w>αυτον</w>
						<w>και</w>
						<w>λεγει</w>
						<w>περι</w>
						<w>αυτου</w>
						<w>ιδε</w>
						<w>αληθως</w>
						<w>ισραηλιτης</w>
						<w>εν</w>
						<w>ω</w>
						<w>δολος</w>
						<w>ουκ</w>
						<w>εστιν</w>
					</ab>
					<ab n="B04K1V48">
						<w>λεγει</w>
						<w>αυτω</w>
						<w>ναθαναηλ</w>
						<w>ποθεν</w>
						<w>με</w>
						<w>γινωσκεις</w>
						<w>απεκριθη</w>
						<w>ιησους</w>
						<w>και</w>
						<w>ειπεν</w>
						<w>αυτω</w>
						<w>προ</w>
						<w>του</w>
						<w>σε</w>
						<w>φιλιππον</w>
						<w>φωνησαι</w>
						<w>οντα</w>
						<w>υπο</w>
						<w>την</w>
						<w>συκην</w>
						<w>ειδον</w>
						<w>σε</w>
					</ab>
					<ab n="B04K1V49">
						<w>απεκριθη</w>
						<w>ναθαναηλ</w>
						<w>και</w>
						<w>λεγει</w>
						<w>αυτω</w>
						<w>ραββι</w>
						<w>συ</w>
						<w>ει</w>
						<w>ο</w>
						<w>υιος</w>
						<w>του</w>
						<w>θεου</w>
						<w>συ</w>
						<w>ει</w>
						<w>ο</w>
						<w>βασιλευς</w>
						<w>του</w>
						<w>ισραηλ</w>
					</ab>
					<ab n="B04K1V50">
						<w>απεκριθη</w>
						<w>ιησους</w>
						<w>και</w>
						<w>ειπεν</w>
						<w>αυτω</w>
						<w>οτι</w>
						<w>ειπον</w>
						<w>σοι</w>
						<w>ειδον</w>
						<w>σε</w>
						<w>υποκατω</w>
						<w>της</w>
						<w>συκης</w>
						<w>πιστευεις</w>
						<w>μειζω</w>
						<w>τουτων</w>
						<w>οθει</w>
					</ab>
					<ab n="B04K1V51">
						<w>και</w>
						<w>λεγει</w>
						<w>αυτω</w>
						<w>αμην</w>
						<w>αμην</w>
						<w>λεγω</w>
						<w>υμιν</w>
						<w>απ</w>
						<w>αρτι</w>
						<w>οθεσθε</w>
						<w>τον</w>
						<w>ουρανον</w>
						<w>ανεωγοτα</w>
						<w>και</w>
						<w>τους</w>
						<w>αγγελους</w>
						<w>του</w>
						<w>θεου</w>
						<w>αναβαινοντας</w>
						<w>και</w>
						<w>καταβαινοντας</w>
						<w>επι</w>
						<w>τον</w>
						<w>υιον</w>
						<w>του</w>
						<w>ανθρωπου</w>
					</ab>
				</div>
			</div>
		</body>
	</text>
</TEI>
