chapter,verse,text
1,1,ο ην απ αρχης ο ακηκοαμεν ο εωρακαμεν τοις οφθαλμοις ημων ο εθεασαμεθα και αι χειρες ημων εψηλαφησαν περι του λογου της ζωης
1,2,και η ζωη εφανερωθη και εωρακαμεν και μαρτυρουμεν και απαγγελλομεν υμιν την ζωην την αιωνιον ητις ην προς τον πατερα και εφανερωθη ημιν
1,3,ο εωρακαμεν και ακηκοαμεν απαγγελλομεν υμιν ινα και υμεις κοινωνιαν εχητε μεθ ημων και η κοινωνια δε η ημετερα μετα του πατρος και μετα του υιου αυτου ιησου χριστου
1,4,και ταυτα γραφομεν υμιν ινα η χαρα ημων η πεπληρωμενη
1,5,και εστιν αυτη η αγγελια ην ακηκοαμεν απ αυτου και αναγγελλομεν υμιν οτι ο θεος φως εστιν και σκοτια εν αυτω ουκ εστιν ουδεμια
1,6,εαν ειπωμεν οτι κοινωνιαν εχομεν μετ αυτου και εν τω σκοτει περιπατωμεν ψευδομεθα και ου ποιουμεν την αληθειαν
1,7,εαν δε εν τω φωτι περιπατωμεν ως αυτος εστιν εν τω φωτι κοινωνιαν εχομεν μετ αλληλων και το αιμα ιησου χριστου του υιου αυτου καθαριζει ημας απο πασης αμαρτιας
1,8,εαν ειπωμεν οτι αμαρτιαν ουκ εχομεν εαυτους πλανωμεν και η αληθεια ουκ εστιν εν ημιν
1,9,εαν ομολογωμεν τας αμαρτιας ημων πιστος εστιν και δικαιος ινα αφη ημιν τας αμαρτιας και καθαριση ημας απο πασης αδικιας
1,10,εαν ειπωμεν οτι ουχ ημαρτηκαμεν ψευστην ποιουμεν αυτον και ο λογος αυτου ουκ εστιν εν ημιν
2,1,τεκνια μου ταυτα γραφω υμιν ινα μη αμαρτητε και εαν τις αμαρτη παρακλητον εχομεν προς τον πατερα ιησουν χριστον δικαιον
2,2,και αυτος ιλασμος εστιν περι των αμαρτιων ημων ου περι των ημετερων δε μονον αλλα και περι ολου του κοσμου
2,3,και εν τουτω γινωσκομεν οτι εγνωκαμεν αυτον εαν τας εντολας αυτου τηρωμεν
2,4,ο λεγων εγνωκα αυτον και τας εντολας αυτου μη τηρων ψευστης εστιν και εν τουτω η αληθεια ουκ εστιν
2,5,ος δ αν τηρη αυτου τον λογον αληθως εν τουτω η αγαπη του θεου τετελειωται εν τουτω γινωσκομεν οτι εν αυτω εσμεν
2,6,ο λεγων εν αυτω μενειν οφειλει καθως εκεινος περιεπατησεν και αυτος ουτως περιπατειν
2,7,αδελφοι ουκ εντολην καινην γραφω υμιν αλλ εντολην παλαιαν ην ειχετε απ αρχης η εντολη η παλαια εστιν ο λογος ον ηκουσατε απ αρχης
2,8,παλιν εντολην καινην γραφω υμιν ο εστιν αληθες εν αυτω και εν υμιν οτι η σκοτια παραγεται και το φως το αληθινον ηδη φαινει
2,9,ο λεγων εν τω φωτι ειναι και τον αδελφον αυτου μισων εν τη σκοτια εστιν εως αρτι
2,10,ο αγαπων τον αδελφον αυτου εν τω φωτι μενει και σκανδαλον εν αυτω ουκ εστιν
2,11,ο δε μισων τον αδελφον αυτου εν τη σκοτια εστιν και εν τη σκοτια περιπατει και ουκ οιδεν που υπαγει οτι η σκοτια ετυφλωσεν τους οφθαλμους αυτου
2,12,γραφω υμιν τεκνια οτι αφεωνται υμιν αι αμαρτιαι δια το ονομα αυτου
2,13,γραφω υμιν πατερες οτι εγνωκατε τον απ αρχης γραφω υμιν νεανισκοι οτι νενικηκατε τον πονηρον γραφω υμιν παιδια οτι εγνωκατε τον πατερα
2,14,εγραψα υμιν πατερες οτι εγνωκατε τον απ αρχης εγραψα υμιν νεανισκοι οτι ισχυροι εστε και ο λογος του θεου εν υμιν μενει και νενικηκατε τον πονηρον
2,15,μη αγαπατε τον κοσμον μηδε τα εν τω κοσμω εαν τις αγαπα τον κοσμον ουκ εστιν η αγαπη του πατρος εν αυτω
2,16,οτι παν το εν τω κοσμω η επιθυμια της σαρκος και η επιθυμια των οφθαλμων και η αλαζονεια του βιου ουκ εστιν εκ του πατρος αλλ εκ του κοσμου εστιν
2,17,και ο κοσμος παραγεται και η επιθυμια αυτου ο δε ποιων το θελημα του θεου μενει εις τον αιωνα
2,18,παιδια εσχατη ωρα εστιν και καθως ηκουσατε οτι ο αντιχριστος ερχεται και νυν αντιχριστοι πολλοι γεγονασιν οθεν γινωσκομεν οτι εσχατη ωρα εστιν
2,19,εξ ημων εξηλθον αλλ ουκ ησαν εξ ημων ει γαρ ησαν εξ ημων μεμενηκεισαν αν μεθ ημων αλλ ινα φανερωθωσιν οτι ουκ εισιν παντες εξ ημων
2,20,και υμεις χρισμα εχετε απο του αγιου και οιδατε παντα
2,21,ουκ εγραψα υμιν οτι ουκ οιδατε την αληθειαν αλλ οτι οιδατε αυτην και οτι παν ψευδος εκ της αληθειας ουκ εστιν
2,22,τις εστιν ο ψευστης ει μη ο αρνουμενος οτι ιησους ουκ εστιν ο χριστος ουτος εστιν ο αντιχριστος ο αρνουμενος τον πατερα και τον υιον
2,23,πας ο αρνουμενος τον υιον ουδε τον πατερα εχει
2,24,υμεις ουν ο ηκουσατε απ αρχης εν υμιν μενετω εαν εν υμιν μεινη ο απ αρχης ηκουσατε και υμεις εν τω υιω και εν τω πατρι μενειτε
2,25,και αυτη εστιν η επαγγελια ην αυτος επηγγειλατο ημιν την ζωην την αιωνιον
2,26,ταυτα εγραψα υμιν περι των πλανωντων υμας
2,27,και υμεις το χρισμα ο ελαβετε απ αυτου εν υμιν μενει και ου χρειαν εχετε ινα τις διδασκη υμας αλλ ως το αυτο χρισμα διδασκει υμας περι παντων και αληθες εστιν και ουκ εστιν ψευδος και καθως εδιδαξεν υμας μενειτε εν αυτω
2,28,και νυν τεκνια μενετε εν αυτω ινα οταν φανερωθη εχωμεν παρρησιαν και μη αισχυνθωμεν απ αυτου εν τη παρουσια αυτου
2,29,εαν ειδητε οτι δικαιος εστιν γινωσκετε οτι πας ο ποιων την δικαιοσυνην εξ αυτου γεγεννηται
3,1,ιδετε ποταπην αγαπην δεδωκεν ημιν ο πατηρ ινα τεκνα θεου κληθωμεν δια τουτο ο κοσμος ου γινωσκει υμας οτι ουκ εγνω αυτον
3,2,αγαπητοι νυν τεκνα θεου εσμεν και ουπω εφανερωθη τι εσομεθα οιδαμεν δε οτι εαν φανερωθη ομοιοι αυτω εσομεθα οτι οψομεθα αυτον καθως εστιν
3,3,και πας ο εχων την ελπιδα ταυτην επ αυτω αγνιζει εαυτον καθως εκεινος αγνος εστιν
3,4,πας ο ποιων την αμαρτιαν και την ανομιαν ποιει και η αμαρτια εστιν η ανομια
3,5,και οιδατε οτι εκεινος εφανερωθη ινα τας αμαρτιας ημων αρη και αμαρτια εν αυτω ουκ εστιν
3,6,πας ο εν αυτω μενων ουχ αμαρτανει πας ο αμαρτανων ουχ εωρακεν αυτον ουδε εγνωκεν αυτον
3,7,τεκνια μηδεις πλανατω υμας ο ποιων την δικαιοσυνην δικαιος εστιν καθως εκεινος δικαιος εστιν
3,8,ο ποιων την αμαρτιαν εκ του διαβολου εστιν οτι απ αρχης ο διαβολος αμαρτανει εις τουτο εφανερωθη ο υιος του θεου ινα λυση τα εργα του διαβολου
3,9,πας ο γεγεννημενος εκ του θεου αμαρτιαν ου ποιει οτι σπερμα αυτου εν αυτω μενει και ου δυναται αμαρτανειν οτι εκ του θεου γεγεννηται
3,10,εν τουτω φανερα εστιν τα τεκνα του θεου και τα τεκνα του διαβολου πας ο μη ποιων δικαιοσυνην ουκ εστιν εκ του θεου και ο μη αγαπων τον αδελφον αυτου
3,11,οτι αυτη εστιν η αγγελια ην ηκουσατε απ αρχης ινα αγαπωμεν αλληλους
3,12,ου καθως καιν εκ του πονηρου ην και εσφαξεν τον αδελφον αυτου και χαριν τινος εσφαξεν αυτον οτι τα εργα αυτου πονηρα ην τα δε του αδελφου αυτου δικαια
3,13,μη θαυμαζετε αδελφοι μου ει μισει υμας ο κοσμος
3,14,ημεις οιδαμεν οτι μεταβεβηκαμεν εκ του θανατου εις την ζωην οτι αγαπωμεν τους αδελφους ο μη αγαπων τον αδελφον μενει εν τω θανατω
3,15,πας ο μισων τον αδελφον αυτου ανθρωποκτονος εστιν και οιδατε οτι πας ανθρωποκτονος ουκ εχει ζωην αιωνιον εν εαυτω μενουσαν
3,16,εν τουτω εγνωκαμεν την αγαπην οτι εκεινος υπερ ημων την ψυχην αυτου εθηκεν και ημεις οφειλομεν υπερ των αδελφων τας ψυχας τιθεναι
3,17,ος δ αν εχη τον βιον του κοσμου και θεωρη τον αδελφον αυτου χρειαν εχοντα και κλειση τα σπλαγχνα αυτου απ αυτου πως η αγαπη του θεου μενει εν αυτω
3,18,τεκνια μου μη αγαπωμεν λογω μηδε τη γλωσση αλλ εν εργω και αληθεια
3,19,και εν τουτω γινωσκομεν οτι εκ της αληθειας εσμεν και εμπροσθεν αυτου πεισομεν τας καρδιας ημων
3,20,οτι εαν καταγινωσκη ημων η καρδια οτι μειζων εστιν ο θεος της καρδιας ημων και γινωσκει παντα
3,21,αγαπητοι εαν η καρδια ημων μη καταγινωσκη ημων παρρησιαν εχομεν προς τον θεον
3,22,και ο εαν αιτωμεν λαμβανομεν παρ αυτου οτι τας εντολας αυτου τηρουμεν και τα αρεστα ενωπιον αυτου ποιουμεν
3,23,και αυτη εστιν η εντολη αυτου ινα πιστευσωμεν τω ονοματι του υιου αυτου ιησου χριστου και αγαπωμεν αλληλους καθως εδωκεν εντολην
3,24,και ο τηρων τας εντολας αυτου εν αυτω μενει και αυτος εν αυτω και εν τουτω γινωσκομεν οτι μενει εν ημιν εκ του πνευματος ου ημιν εδωκεν
4,1,αγαπητοι μη παντι πνευματι πιστευετε αλλα δοκιμαζετε τα πνευματα ει εκ του θεου εστιν οτι πολλοι ψευδοπροφηται εξεληλυθασιν εις τον κοσμον
4,2,εν τουτω γινωσκεται το πνευμα του θεου παν πνευμα ο ομολογει ιησουν χριστον εν σαρκι εληλυθοτα εκ του θεου εστιν
4,3,και παν πνευμα ο μη ομολογει ιησουν χριστον εν σαρκι εληλυθοτα εκ του θεου ουκ εστιν και τουτο εστιν το του αντιχριστου ο ακηκοατε οτι ερχεται και νυν εν τω κοσμω εστιν ηδη
4,4,υμεις εκ του θεου εστε τεκνια και νενικηκατε αυτους οτι μειζων εστιν ο εν υμιν η ο εν τω κοσμω
4,5,αυτοι εκ του κοσμου εισιν δια τουτο εκ του κοσμου λαλουσιν και ο κοσμος αυτων ακουει
4,6,ημεις εκ του θεου εσμεν ο γινωσκων τον θεον ακουει ημων ος ουκ εστιν εκ του θεου ουκ ακουει ημων εκ τουτου γινωσκομεν το πνευμα της αληθειας και το πνευμα της πλανης
4,7,αγαπητοι αγαπωμεν αλληλους οτι η αγαπη εκ του θεου εστιν και πας ο αγαπων εκ του θεου γεγεννηται και γινωσκει τον θεον
4,8,ο μη αγαπων ουκ εγνω τον θεον οτι ο θεος αγαπη εστιν
4,9,εν τουτω εφανερωθη η αγαπη του θεου εν ημιν οτι τον υιον αυτου τον μονογενη απεσταλκεν ο θεος εις τον κοσμον ινα ζησωμεν δι αυτου
4,10,εν τουτω εστιν η αγαπη ουχ οτι ημεις ηγαπησαμεν τον θεον αλλ οτι αυτος ηγαπησεν ημας και απεστειλεν τον υιον αυτου ιλασμον περι των αμαρτιων ημων
4,11,αγαπητοι ει ουτως ο θεος ηγαπησεν ημας και ημεις οφειλομεν αλληλους αγαπαν
4,12,θεον ουδεις πωποτε τεθεαται εαν αγαπωμεν αλληλους ο θεος εν ημιν μενει και η αγαπη αυτου τετελειωμενη εστιν εν ημιν
4,13,εν τουτω γινωσκομεν οτι εν αυτω μενομεν και αυτος εν ημιν οτι εκ του πνευματος αυτου δεδωκεν ημιν
4,14,και ημεις τεθεαμεθα και μαρτυρουμεν οτι ο πατηρ απεσταλκεν τον υιον σωτηρα του κοσμου
4,15,ος αν ομολογηση οτι ιησους εστιν ο υιος του θεου ο θεος εν αυτω μενει και αυτος εν τω θεω
4,16,και ημεις εγνωκαμεν και πεπιστευκαμεν την αγαπην ην εχει ο θεος εν ημιν ο θεος αγαπη εστιν και ο μενων εν τη αγαπη εν τω θεω μενει και ο θεος εν αυτω μενει
4,17,εν τουτω τετελειωται η αγαπη μεθ ημων ινα παρρησιαν εχωμεν εν τη ημερα της κρισεως οτι καθως εκεινος εστιν και ημεις εσμεν εν τω κοσμω τουτω
4,18,φοβος ουκ εστιν εν τη αγαπη αλλ η τελεια αγαπη εξω βαλλει τον φοβον οτι ο φοβος κολασιν εχει ο δε φοβουμενος ου τετελειωται εν τη αγαπη
4,19,ημεις αγαπωμεν αυτον οτι αυτος πρωτος ηγαπησεν ημας
4,20,εαν τις ειπη οτι αγαπω τον θεον και τον αδελφον αυτου μιση ψευστης εστιν ο γαρ μη αγαπων τον αδελφον αυτου ον εωρακεν τον θεον ον ουχ εωρακεν πως δυναται αγαπαν
4,21,και ταυτην την εντολην εχομεν απ αυτου ινα ο αγαπων τον θεον αγαπα και τον αδελφον αυτου
5,1,πας ο πιστευων οτι ιησους εστιν ο χριστος εκ του θεου γεγεννηται και πας ο αγαπων τον γεννησαντα αγαπα και τον γεγεννημενον εξ αυτου
5,2,εν τουτω γινωσκομεν οτι αγαπωμεν τα τεκνα του θεου οταν τον θεον αγαπωμεν και τας εντολας αυτου τηρωμεν
5,3,αυτη γαρ εστιν η αγαπη του θεου ινα τας εντολας αυτου τηρωμεν και αι εντολαι αυτου βαρειαι ουκ εισιν
5,4,οτι παν το γεγεννημενον εκ του θεου νικα τον κοσμον και αυτη εστιν η νικη η νικησασα τον κοσμον η πιστις ημων
5,5,τις εστιν ο νικων τον κοσμον ει μη ο πιστευων οτι ιησους εστιν ο υιος του θεου
5,6,ουτος εστιν ο ελθων δι υδατος και αιματος ιησους χριστος ουκ εν τω υδατι μονον αλλ εν τω υδατι και τω αιματι και το πνευμα εστιν το μαρτυρουν οτι το πνευμα εστιν η αληθεια
5,7,οτι τρεις εισιν οι μαρτυρουντες
5,8,το πνευμα και το υδωρ και το αιμα και οι τρεις εις το εν εισιν
5,9,ει την μαρτυριαν των ανθρωπων λαμβανομεν η μαρτυρια του θεου μειζων εστιν οτι αυτη εστιν η μαρτυρια του θεου ην μεμαρτυρηκεν περι του υιου αυτου
5,10,ο πιστευων εις τον υιον του θεου εχει την μαρτυριαν εν αυτω ο μη πιστευων τω θεω ψευστην πεποιηκεν αυτον οτι ου πεπιστευκεν εις την μαρτυριαν ην μεμαρτυρηκεν ο θεος περι του υιου αυτου
5,11,και αυτη εστιν η μαρτυρια οτι ζωην αιωνιον εδωκεν ημιν ο θεος και αυτη η ζωη εν τω υιω αυτου εστιν
5,12,ο εχων τον υιον εχει την ζωην ο μη εχων τον υιον του θεου την ζωην ουκ εχει
5,13,ταυτα εγραψα υμιν τοις πιστευουσιν εις το ονομα του υιου του θεου ινα ειδητε οτι ζωην αιωνιον εχετε και ινα πιστευητε εις το ονομα του υιου του θεου
5,14,και αυτη εστιν η παρρησια ην εχομεν προς αυτον οτι εαν τι αιτωμεθα κατα το θελημα αυτου ακουει ημων
5,15,και εαν οιδαμεν οτι ακουει ημων ο εαν αιτωμεθα οιδαμεν οτι εχομεν τα αιτηματα α ητηκαμεν παρ αυτου
5,16,εαν τις ιδη τον αδελφον αυτου αμαρτανοντα αμαρτιαν μη προς θανατον αιτησει και δωσει αυτω ζωην τοις αμαρτανουσιν μη προς θανατον εστιν αμαρτια προς θανατον ου περι εκεινης λεγω ινα ερωτηση
5,17,πασα αδικια αμαρτια εστιν και εστιν αμαρτια ου προς θανατον
5,18,οιδαμεν οτι πας ο γεγεννημενος εκ του θεου ουχ αμαρτανει αλλ ο γεννηθεις εκ του θεου τηρει εαυτον και ο πονηρος ουχ απτεται αυτου
5,19,οιδαμεν οτι εκ του θεου εσμεν και ο κοσμος ολος εν τω πονηρω κειται
5,20,οιδαμεν δε οτι ο υιος του θεου ηκει και δεδωκεν ημιν διανοιαν ινα γινωσκωμεν τον αληθινον και εσμεν εν τω αληθινω εν τω υιω αυτου ιησου χριστω ουτος εστιν ο αληθινος θεος και ζωη αιωνιος
5,21,τεκνια φυλαξατε εαυτα απο των ειδωλων αμην
