chapter,verse,text
1,1,παυλος αποστολος ιησου χριστου κατ επιταγην θεου σωτηρος ημων και κυριου ιησου χριστου της ελπιδος ημων
1,2,τιμοθεω γνησιω τεκνω εν πιστει χαρις ελεος ειρηνη απο θεου πατρος ημων και χριστου ιησου του κυριου ημων
1,3,καθως παρεκαλεσα σε προσμειναι εν εφεσω πορευομενος εις μακεδονιαν ινα παραγγειλης τισιν μη ετεροδιδασκαλειν
1,4,μηδε προσεχειν μυθοις και γενεαλογιαις απεραντοις αιτινες ζητησεις παρεχουσιν μαλλον η οικονομιαν θεου την εν πιστει
1,5,το δε τελος της παραγγελιας εστιν αγαπη εκ καθαρας καρδιας και συνειδησεως αγαθης και πιστεως ανυποκριτου
1,6,ων τινες αστοχησαντες εξετραπησαν εις ματαιολογιαν
1,7,θελοντες ειναι νομοδιδασκαλοι μη νοουντες μητε α λεγουσιν μητε περι τινων διαβεβαιουνται
1,8,οιδαμεν δε οτι καλος ο νομος εαν τις αυτω νομιμως χρηται
1,9,ειδως τουτο οτι δικαιω νομος ου κειται ανομοις δε και ανυποτακτοις ασεβεσιν και αμαρτωλοις ανοσιοις και βεβηλοις πατρολωαις και μητρολωαις ανδροφονοις
1,10,πορνοις αρσενοκοιταις ανδραποδισταις ψευσταις επιορκοις και ει τι ετερον τη υγιαινουση διδασκαλια αντικειται
1,11,κατα το ευαγγελιον της δοξης του μακαριου θεου ο επιστευθην εγω
1,12,και χαριν εχω τω ενδυναμωσαντι με χριστω ιησου τω κυριω ημων οτι πιστον με ηγησατο θεμενος εις διακονιαν
1,13,τον προτερον οντα βλασφημον και διωκτην και υβριστην αλλα ηλεηθην οτι αγνοων εποιησα εν απιστια
1,14,υπερεπλεονασεν δε η χαρις του κυριου ημων μετα πιστεως και αγαπης της εν χριστω ιησου
1,15,πιστος ο λογος και πασης αποδοχης αξιος οτι χριστος ιησους ηλθεν εις τον κοσμον αμαρτωλους σωσαι ων πρωτος ειμι εγω
1,16,αλλα δια τουτο ηλεηθην ινα εν εμοι πρωτω ενδειξηται ιησους χριστος την πασαν μακροθυμιαν προς υποτυπωσιν των μελλοντων πιστευειν επ αυτω εις ζωην αιωνιον
1,17,τω δε βασιλει των αιωνων αφθαρτω αορατω μονω σοφω θεω τιμη και δοξα εις τους αιωνας των αιωνων αμην
1,18,ταυτην την παραγγελιαν παρατιθεμαι σοι τεκνον τιμοθεε κατα τας προαγουσας επι σε προφητειας ινα στρατευη εν αυταις την καλην στρατειαν
1,19,εχων πιστιν και αγαθην συνειδησιν ην τινες απωσαμενοι περι την πιστιν εναυαγησαν
1,20,ων εστιν υμεναιος και αλεξανδρος ους παρεδωκα τω σατανα ινα παιδευθωσιν μη βλασφημειν
2,1,παρακαλω ουν πρωτον παντων ποιεισθαι δεησεις προσευχας εντευξεις ευχαριστιας υπερ παντων ανθρωπων
2,2,υπερ βασιλεων και παντων των εν υπεροχη οντων ινα ηρεμον και ησυχιον βιον διαγωμεν εν παση ευσεβεια και σεμνοτητι
2,3,τουτο γαρ καλον και αποδεκτον ενωπιον του σωτηρος ημων θεου
2,4,ος παντας ανθρωπους θελει σωθηναι και εις επιγνωσιν αληθειας ελθειν
2,5,εις γαρ θεος εις και μεσιτης θεου και ανθρωπων ανθρωπος χριστος ιησους
2,6,ο δους εαυτον αντιλυτρον υπερ παντων το μαρτυριον καιροις ιδιοις
2,7,εις ο ετεθην εγω κηρυξ και αποστολος αληθειαν λεγω εν χριστω ου ψευδομαι διδασκαλος εθνων εν πιστει και αληθεια
2,8,βουλομαι ουν προσευχεσθαι τους ανδρας εν παντι τοπω επαιροντας οσιους χειρας χωρις οργης και διαλογισμου
2,9,ωσαυτως και τας γυναικας εν καταστολη κοσμιω μετα αιδους και σωφροσυνης κοσμειν εαυτας μη εν πλεγμασιν η χρυσω η μαργαριταις η ιματισμω πολυτελει
2,10,αλλ ο πρεπει γυναιξιν επαγγελλομεναις θεοσεβειαν δι εργων αγαθων
2,11,γυνη εν ησυχια μανθανετω εν παση υποταγη
2,12,γυναικι δε διδασκειν ουκ επιτρεπω ουδε αυθεντειν ανδρος αλλ ειναι εν ησυχια
2,13,αδαμ γαρ πρωτος επλασθη ειτα ευα
2,14,και αδαμ ουκ ηπατηθη η δε γυνη απατηθεισα εν παραβασει γεγονεν
2,15,σωθησεται δε δια της τεκνογονιας εαν μεινωσιν εν πιστει και αγαπη και αγιασμω μετα σωφροσυνης
3,1,πιστος ο λογος ει τις επισκοπης ορεγεται καλου εργου επιθυμει
3,2,δει ουν τον επισκοπον ανεπιληπτον ειναι μιας γυναικος ανδρα νηφαλεον σωφρονα κοσμιον φιλοξενον διδακτικον
3,3,μη παροινον μη πληκτην μη αισχροκερδη αλλ επιεικη αμαχον αφιλαργυρον
3,4,του ιδιου οικου καλως προισταμενον τεκνα εχοντα εν υποταγη μετα πασης σεμνοτητος
3,5,ει δε τις του ιδιου οικου προστηναι ουκ οιδεν πως εκκλησιας θεου επιμελησεται
3,6,μη νεοφυτον ινα μη τυφωθεις εις κριμα εμπεση του διαβολου
3,7,δει δε αυτον και μαρτυριαν καλην εχειν απο των εξωθεν ινα μη εις ονειδισμον εμπεση και παγιδα του διαβολου
3,8,διακονους ωσαυτως σεμνους μη διλογους μη οινω πολλω προσεχοντας μη αισχροκερδεις
3,9,εχοντας το μυστηριον της πιστεως εν καθαρα συνειδησει
3,10,και ουτοι δε δοκιμαζεσθωσαν πρωτον ειτα διακονειτωσαν ανεγκλητοι οντες
3,11,γυναικας ωσαυτως σεμνας μη διαβολους νηφαλεους πιστας εν πασιν
3,12,διακονοι εστωσαν μιας γυναικος ανδρες τεκνων καλως προισταμενοι και των ιδιων οικων
3,13,οι γαρ καλως διακονησαντες βαθμον εαυτοις καλον περιποιουνται και πολλην παρρησιαν εν πιστει τη εν χριστω ιησου
3,14,ταυτα σοι γραφω ελπιζων ελθειν προς σε ταχιον
3,15,εαν δε βραδυνω ινα ειδης πως δει εν οικω θεου αναστρεφεσθαι ητις εστιν εκκλησια θεου ζωντος στυλος και εδραιωμα της αληθειας
3,16,και ομολογουμενως μεγα εστιν το της ευσεβειας μυστηριον θεος εφανερωθη εν σαρκι εδικαιωθη εν πνευματι ωφθη αγγελοις εκηρυχθη εν εθνεσιν επιστευθη εν κοσμω ανεληφθη εν δοξη
4,1,το δε πνευμα ρητως λεγει οτι εν υστεροις καιροις αποστησονται τινες της πιστεως προσεχοντες πνευμασιν πλανοις και διδασκαλιαις δαιμονιων
4,2,εν υποκρισει ψευδολογων κεκαυτηριασμενων την ιδιαν συνειδησιν
4,3,κωλυοντων γαμειν απεχεσθαι βρωματων α ο θεος εκτισεν εις μεταληψιν μετα ευχαριστιας τοις πιστοις και επεγνωκοσιν την αληθειαν
4,4,οτι παν κτισμα θεου καλον και ουδεν αποβλητον μετα ευχαριστιας λαμβανομενον
4,5,αγιαζεται γαρ δια λογου θεου και εντευξεως
4,6,ταυτα υποτιθεμενος τοις αδελφοις καλος εση διακονος ιησου χριστου εντρεφομενος τοις λογοις της πιστεως και της καλης διδασκαλιας η παρηκολουθηκας
4,7,τους δε βεβηλους και γραωδεις μυθους παραιτου γυμναζε δε σεαυτον προς ευσεβειαν
4,8,η γαρ σωματικη γυμνασια προς ολιγον εστιν ωφελιμος η δε ευσεβεια προς παντα ωφελιμος εστιν επαγγελιαν εχουσα ζωης της νυν και της μελλουσης
4,9,πιστος ο λογος και πασης αποδοχης αξιος
4,10,εις τουτο γαρ και κοπιωμεν και ονειδιζομεθα οτι ηλπικαμεν επι θεω ζωντι ος εστιν σωτηρ παντων ανθρωπων μαλιστα πιστων
4,11,παραγγελλε ταυτα και διδασκε
4,12,μηδεις σου της νεοτητος καταφρονειτω αλλα τυπος γινου των πιστων εν λογω εν αναστροφη εν αγαπη εν πνευματι εν πιστει εν αγνεια
4,13,εως ερχομαι προσεχε τη αναγνωσει τη παρακλησει τη διδασκαλια
4,14,μη αμελει του εν σοι χαρισματος ο εδοθη σοι δια προφητειας μετα επιθεσεως των χειρων του πρεσβυτεριου
4,15,ταυτα μελετα εν τουτοις ισθι ινα σου η προκοπη φανερα η εν πασιν
4,16,επεχε σεαυτω και τη διδασκαλια επιμενε αυτοις τουτο γαρ ποιων και σεαυτον σωσεις και τους ακουοντας σου
5,1,πρεσβυτερω μη επιπληξης αλλα παρακαλει ως πατερα νεωτερους ως αδελφους
5,2,πρεσβυτερας ως μητερας νεωτερας ως αδελφας εν παση αγνεια
5,3,χηρας τιμα τας οντως χηρας
5,4,ει δε τις χηρα τεκνα η εκγονα εχει μανθανετωσαν πρωτον τον ιδιον οικον ευσεβειν και αμοιβας αποδιδοναι τοις προγονοις τουτο γαρ εστιν αποδεκτον ενωπιον του θεου
5,5,η δε οντως χηρα και μεμονωμενη ηλπικεν επι τον θεον και προσμενει ταις δεησεσιν και ταις προσευχαις νυκτος και ημερας
5,6,η δε σπαταλωσα ζωσα τεθνηκεν
5,7,και ταυτα παραγγελλε ινα ανεπιληπτοι ωσιν
5,8,ει δε τις των ιδιων και μαλιστα των οικειων ου προνοει την πιστιν ηρνηται και εστιν απιστου χειρων
5,9,χηρα καταλεγεσθω μη ελαττον ετων εξηκοντα γεγονυια ενος ανδρος γυνη
5,10,εν εργοις καλοις μαρτυρουμενη ει ετεκνοτροφησεν ει εξενοδοχησεν ει αγιων ποδας ενιψεν ει θλιβομενοις επηρκεσεν ει παντι εργω αγαθω επηκολουθησεν
5,11,νεωτερας δε χηρας παραιτου οταν γαρ καταστρηνιασωσιν του χριστου γαμειν θελουσιν
5,12,εχουσαι κριμα οτι την πρωτην πιστιν ηθετησαν
5,13,αμα δε και αργαι μανθανουσιν περιερχομεναι τας οικιας ου μονον δε αργαι αλλα και φλυαροι και περιεργοι λαλουσαι τα μη δεοντα
5,14,βουλομαι ουν νεωτερας γαμειν τεκνογονειν οικοδεσποτειν μηδεμιαν αφορμην διδοναι τω αντικειμενω λοιδοριας χαριν
5,15,ηδη γαρ τινες εξετραπησαν οπισω του σατανα
5,16,ει τις πιστος η πιστη εχει χηρας επαρκειτω αυταις και μη βαρεισθω η εκκλησια ινα ταις οντως χηραις επαρκεση
5,17,οι καλως προεστωτες πρεσβυτεροι διπλης τιμης αξιουσθωσαν μαλιστα οι κοπιωντες εν λογω και διδασκαλια
5,18,λεγει γαρ η γραφη βουν αλοωντα ου φιμωσεις και αξιος ο εργατης του μισθου αυτου
5,19,κατα πρεσβυτερου κατηγοριαν μη παραδεχου εκτος ει μη επι δυο η τριων μαρτυρων
5,20,τους αμαρτανοντας ενωπιον παντων ελεγχε ινα και οι λοιποι φοβον εχωσιν
5,21,διαμαρτυρομαι ενωπιον του θεου και κυριου ιησου χριστου και των εκλεκτων αγγελων ινα ταυτα φυλαξης χωρις προκριματος μηδεν ποιων κατα προσκλησιν
5,22,χειρας ταχεως μηδενι επιτιθει μηδε κοινωνει αμαρτιαις αλλοτριαις σεαυτον αγνον τηρει
5,23,μηκετι υδροποτει αλλ οινω ολιγω χρω δια τον στομαχον σου και τας πυκνας σου ασθενειας
5,24,τινων ανθρωπων αι αμαρτιαι προδηλοι εισιν προαγουσαι εις κρισιν τισιν δε και επακολουθουσιν
5,25,ωσαυτως και τα καλα εργα προδηλα εστιν και τα αλλως εχοντα κρυβηναι ου δυνανται
6,1,οσοι εισιν υπο ζυγον δουλοι τους ιδιους δεσποτας πασης τιμης αξιους ηγεισθωσαν ινα μη το ονομα του θεου και η διδασκαλια βλασφημηται
6,2,οι δε πιστους εχοντες δεσποτας μη καταφρονειτωσαν οτι αδελφοι εισιν αλλα μαλλον δουλευετωσαν οτι πιστοι εισιν και αγαπητοι οι της ευεργεσιας αντιλαμβανομενοι ταυτα διδασκε και παρακαλει
6,3,ει τις ετεροδιδασκαλει και μη προσερχεται υγιαινουσιν λογοις τοις του κυριου ημων ιησου χριστου και τη κατ ευσεβειαν διδασκαλια
6,4,τετυφωται μηδεν επισταμενος αλλα νοσων περι ζητησεις και λογομαχιας εξ ων γινεται φθονος ερις βλασφημιαι υπονοιαι πονηραι
6,5,διαπαρατριβαι διεφθαρμενων ανθρωπων τον νουν και απεστερημενων της αληθειας νομιζοντων πορισμον ειναι την ευσεβειαν αφιστασο απο των τοιουτων
6,6,εστιν δε πορισμος μεγας η ευσεβεια μετα αυταρκειας
6,7,ουδεν γαρ εισηνεγκαμεν εις τον κοσμον δηλον οτι ουδε εξενεγκειν τι δυναμεθα
6,8,εχοντες δε διατροφας και σκεπασματα τουτοις αρκεσθησομεθα
6,9,οι δε βουλομενοι πλουτειν εμπιπτουσιν εις πειρασμον και παγιδα και επιθυμιας πολλας ανοητους και βλαβερας αιτινες βυθιζουσιν τους ανθρωπους εις ολεθρον και απωλειαν
6,10,ριζα γαρ παντων των κακων εστιν η φιλαργυρια ης τινες ορεγομενοι απεπλανηθησαν απο της πιστεως και εαυτους περιεπειραν οδυναις πολλαις
6,11,συ δε ω ανθρωπε του θεου ταυτα φευγε διωκε δε δικαιοσυνην ευσεβειαν πιστιν αγαπην υπομονην πραοτητα
6,12,αγωνιζου τον καλον αγωνα της πιστεως επιλαβου της αιωνιου ζωης εις ην εκληθης και ωμολογησας την καλην ομολογιαν ενωπιον πολλων μαρτυρων
6,13,παραγγελλω σοι ενωπιον του θεου του ζωοποιουντος τα παντα και χριστου ιησου του μαρτυρησαντος επι ποντιου πιλατου την καλην ομολογιαν
6,14,τηρησαι σε την εντολην ασπιλον ανεπιληπτον μεχρι της επιφανειας του κυριου ημων ιησου χριστου
6,15,ην καιροις ιδιοις δειξει ο μακαριος και μονος δυναστης ο βασιλευς των βασιλευοντων και κυριος των κυριευοντων
6,16,ο μονος εχων αθανασιαν φως οικων απροσιτον ον ειδεν ουδεις ανθρωπων ουδε ιδειν δυναται ω τιμη και κρατος αιωνιον αμην
6,17,τοις πλουσιοις εν τω νυν αιωνι παραγγελλε μη υψηλοφρονειν μηδε ηλπικεναι επι πλουτου αδηλοτητι αλλ εν τω θεω τω ζωντι τω παρεχοντι ημιν παντα πλουσιως εις απολαυσιν
6,18,αγαθοεργειν πλουτειν εν εργοις καλοις ευμεταδοτους ειναι κοινωνικους
6,19,αποθησαυριζοντας εαυτοις θεμελιον καλον εις το μελλον ινα επιλαβωνται της αιωνιου ζωης
6,20,ω τιμοθεε την παραθηκην φυλαξον εκτρεπομενος τας βεβηλους κενοφωνιας και αντιθεσεις της ψευδωνυμου γνωσεως
6,21,ην τινες επαγγελλομενοι περι την πιστιν ηστοχησαν η χαρις μετα σου αμην
