chapter,verse,text
1,1,παυλος και σιλουανος και τιμοθεος τη εκκλησια θεσσαλονικεων εν θεω πατρι ημων και κυριω ιησου χριστω
1,2,χαρις υμιν και ειρηνη απο θεου πατρος ημων και κυριου ιησου χριστου
1,3,ευχαριστειν οφειλομεν τω θεω παντοτε περι υμων αδελφοι καθως αξιον εστιν οτι υπεραυξανει η πιστις υμων και πλεοναζει η αγαπη ενος εκαστου παντων υμων εις αλληλους
1,4,ωστε ημας αυτους εν υμιν καυχασθαι εν ταις εκκλησιαις του θεου υπερ της υπομονης υμων και πιστεως εν πασιν τοις διωγμοις υμων και ταις θλιψεσιν αις ανεχεσθε
1,5,ενδειγμα της δικαιας κρισεως του θεου εις το καταξιωθηναι υμας της βασιλειας του θεου υπερ ης και πασχετε
1,6,ειπερ δικαιον παρα θεω ανταποδουναι τοις θλιβουσιν υμας θλιψιν
1,7,και υμιν τοις θλιβομενοις ανεσιν μεθ ημων εν τη αποκαλυψει του κυριου ιησου απ ουρανου μετ αγγελων δυναμεως αυτου
1,8,εν πυρι φλογος διδοντος εκδικησιν τοις μη ειδοσιν θεον και τοις μη υπακουουσιν τω ευαγγελιω του κυριου ημων ιησου
1,9,οιτινες δικην τισουσιν ολεθρον αιωνιον απο προσωπου του κυριου και απο της δοξης της ισχυος αυτου
1,10,οταν ελθη ενδοξασθηναι εν τοις αγιοις αυτου και θαυμασθηναι εν πασιν τοις πιστευσασιν οτι επιστευθη το μαρτυριον ημων εφ υμας εν τη ημερα εκεινη
1,11,εις ο και προσευχομεθα παντοτε περι υμων ινα υμας αξιωση της κλησεως ο θεος ημων και πληρωση πασαν ευδοκιαν αγαθωσυνης και εργον πιστεως εν δυναμει
1,12,οπως ενδοξασθη το ονομα του κυριου ημων ιησου εν υμιν και υμεις εν αυτω κατα την χαριν του θεου ημων και κυριου ιησου χριστου
2,1,ερωτωμεν δε υμας αδελφοι υπερ της παρουσιας του κυριου ημων ιησου χριστου και ημων επισυναγωγης επ αυτον
2,2,εις το μη ταχεως σαλευθηναι υμας απο του νοος μητε θροεισθαι μητε δια πνευματος μητε δια λογου μητε δι επιστολης ως δι ημων ως οτι ενεστηκεν η ημερα του χριστου
2,3,μη τις υμας εξαπατηση κατα μηδενα τροπον οτι εαν μη ελθη η αποστασια πρωτον και αποκαλυφθη ο ανθρωπος της αμαρτιας ο υιος της απωλειας
2,4,ο αντικειμενος και υπεραιρομενος επι παντα λεγομενον θεον η σεβασμα ωστε αυτον εις τον ναον του θεου ως θεον καθισαι αποδεικνυντα εαυτον οτι εστιν θεος
2,5,ου μνημονευετε οτι ετι ων προς υμας ταυτα ελεγον υμιν
2,6,και νυν το κατεχον οιδατε εις το αποκαλυφθηναι αυτον εν τω εαυτου καιρω
2,7,το γαρ μυστηριον ηδη ενεργειται της ανομιας μονον ο κατεχων αρτι εως εκ μεσου γενηται
2,8,και τοτε αποκαλυφθησεται ο ανομος ον ο κυριος αναλωσει τω πνευματι του στοματος αυτου και καταργησει τη επιφανεια της παρουσιας αυτου
2,9,ου εστιν η παρουσια κατ ενεργειαν του σατανα εν παση δυναμει και σημειοις και τερασιν ψευδους
2,10,και εν παση απατη της αδικιας εν τοις απολλυμενοις ανθ ων την αγαπην της αληθειας ουκ εδεξαντο εις το σωθηναι αυτους
2,11,και δια τουτο πεμψει αυτοις ο θεος ενεργειαν πλανης εις το πιστευσαι αυτους τω ψευδει
2,12,ινα κριθωσιν παντες οι μη πιστευσαντες τη αληθεια αλλ ευδοκησαντες εν τη αδικια
2,13,ημεις δε οφειλομεν ευχαριστειν τω θεω παντοτε περι υμων αδελφοι ηγαπημενοι υπο κυριου οτι ειλετο υμας ο θεος απ αρχης εις σωτηριαν εν αγιασμω πνευματος και πιστει αληθειας
2,14,εις ο εκαλεσεν υμας δια του ευαγγελιου ημων εις περιποιησιν δοξης του κυριου ημων ιησου χριστου
2,15,αρα ουν αδελφοι στηκετε και κρατειτε τας παραδοσεις ας εδιδαχθητε ειτε δια λογου ειτε δι επιστολης ημων
2,16,αυτος δε ο κυριος ημων ιησους χριστος και ο θεος και πατηρ ημων ο αγαπησας ημας και δους παρακλησιν αιωνιαν και ελπιδα αγαθην εν χαριτι
2,17,παρακαλεσαι υμων τας καρδιας και στηριξαι υμας εν παντι λογω και εργω αγαθω
3,1,το λοιπον προσευχεσθε αδελφοι περι ημων ινα ο λογος του κυριου τρεχη και δοξαζηται καθως και προς υμας
3,2,και ινα ρυσθωμεν απο των ατοπων και πονηρων ανθρωπων ου γαρ παντων η πιστις
3,3,πιστος δε εστιν ο κυριος ος στηριξει υμας και φυλαξει απο του πονηρου
3,4,πεποιθαμεν δε εν κυριω εφ υμας οτι α παραγγελλομεν υμιν και ποιειτε και ποιησετε
3,5,ο δε κυριος κατευθυναι υμων τας καρδιας εις την αγαπην του θεου και εις την υπομονην του χριστου
3,6,παραγγελλομεν δε υμιν αδελφοι εν ονοματι του κυριου ημων ιησου χριστου στελλεσθαι υμας απο παντος αδελφου ατακτως περιπατουντος και μη κατα την παραδοσιν ην παρελαβον παρ ημων
3,7,αυτοι γαρ οιδατε πως δει μιμεισθαι ημας οτι ουκ ητακτησαμεν εν υμιν
3,8,ουδε δωρεαν αρτον εφαγομεν παρα τινος αλλ εν κοπω και μοχθω νυκτα και ημεραν εργαζομενοι προς το μη επιβαρησαι τινα υμων
3,9,ουχ οτι ουκ εχομεν εξουσιαν αλλ ινα εαυτους τυπον δωμεν υμιν εις το μιμεισθαι ημας
3,10,και γαρ οτε ημεν προς υμας τουτο παρηγγελλομεν υμιν οτι ει τις ου θελει εργαζεσθαι μηδε εσθιετω
3,11,ακουομεν γαρ τινας περιπατουντας εν υμιν ατακτως μηδεν εργαζομενους αλλα περιεργαζομενους
3,12,τοις δε τοιουτοις παραγγελλομεν και παρακαλουμεν δια του κυριου ημων ιησου χριστου ινα μετα ησυχιας εργαζομενοι τον εαυτων αρτον εσθιωσιν
3,13,υμεις δε αδελφοι μη εκκακησητε καλοποιουντες
3,14,ει δε τις ουχ υπακουει τω λογω ημων δια της επιστολης τουτον σημειουσθε και μη συναναμιγνυσθε αυτω ινα εντραπη
3,15,και μη ως εχθρον ηγεισθε αλλα νουθετειτε ως αδελφον
3,16,αυτος δε ο κυριος της ειρηνης δωη υμιν την ειρηνην δια παντος εν παντι τροπω ο κυριος μετα παντων υμων
3,17,ο ασπασμος τη εμη χειρι παυλου ο εστιν σημειον εν παση επιστολη ουτως γραφω
3,18,η χαρις του κυριου ημων ιησου χριστου μετα παντων υμων αμην
