chapter,verse,text
1,1,παυλος δουλος ιησου χριστου κλητος αποστολος αφωρισμενος εις ευαγγελιον θεου
1,2,ο προεπηγγειλατο δια των προφητων αυτου εν γραφαις αγιαις
1,3,περι του υιου αυτου του γενομενου εκ σπερματος δαυιδ κατα σαρκα
1,4,του ορισθεντος υιου θεου εν δυναμει κατα πνευμα αγιωσυνης εξ αναστασεως νεκρων ιησου χριστου του κυριου ημων
1,5,δι ου ελαβομεν χαριν και αποστολην εις υπακοην πιστεως εν πασιν τοις εθνεσιν υπερ του ονοματος αυτου
1,6,εν οις εστε και υμεις κλητοι ιησου χριστου
1,7,πασιν τοις ουσιν εν ρωμη αγαπητοις θεου κλητοις αγιοις χαρις υμιν και ειρηνη απο θεου πατρος ημων και κυριου ιησου χριστου
1,8,πρωτον μεν ευχαριστω τω θεω μου δια ιησου χριστου υπερ παντων υμων οτι η πιστις υμων καταγγελλεται εν ολω τω κοσμω
1,9,μαρτυς γαρ μου εστιν ο θεος ω λατρευω εν τω πνευματι μου εν τω ευαγγελιω του υιου αυτου ως αδιαλειπτως μνειαν υμων ποιουμαι
1,10,παντοτε επι των προσευχων μου δεομενος ει πως ηδη ποτε ευοδωθησομαι εν τω θεληματι του θεου ελθειν προς υμας
1,11,επιποθω γαρ ιδειν υμας ινα τι μεταδω χαρισμα υμιν πνευματικον εις το στηριχθηναι υμας
1,12,τουτο δε εστιν συμπαρακληθηναι εν υμιν δια της εν αλληλοις πιστεως υμων τε και εμου
1,13,ου θελω δε υμας αγνοειν αδελφοι οτι πολλακις προεθεμην ελθειν προς υμας και εκωλυθην αχρι του δευρο ινα τινα καρπον σχω και εν υμιν καθως και εν τοις λοιποις εθνεσιν
1,14,ελλησιν τε και βαρβαροις σοφοις τε και ανοητοις οφειλετης ειμι
1,15,ουτως το κατ εμε προθυμον και υμιν τοις εν ρωμη ευαγγελισασθαι
1,16,ου γαρ επαισχυνομαι το ευαγγελιον του χριστου δυναμις γαρ θεου εστιν εις σωτηριαν παντι τω πιστευοντι ιουδαιω τε πρωτον και ελληνι
1,17,δικαιοσυνη γαρ θεου εν αυτω αποκαλυπτεται εκ πιστεως εις πιστιν καθως γεγραπται ο δε δικαιος εκ πιστεως ζησεται
1,18,αποκαλυπτεται γαρ οργη θεου απ ουρανου επι πασαν ασεβειαν και αδικιαν ανθρωπων των την αληθειαν εν αδικια κατεχοντων
1,19,διοτι το γνωστον του θεου φανερον εστιν εν αυτοις ο γαρ θεος αυτοις εφανερωσεν
1,20,τα γαρ αορατα αυτου απο κτισεως κοσμου τοις ποιημασιν νοουμενα καθοραται η τε αιδιος αυτου δυναμις και θειοτης εις το ειναι αυτους αναπολογητους
1,21,διοτι γνοντες τον θεον ουχ ως θεον εδοξασαν η ευχαριστησαν αλλ εματαιωθησαν εν τοις διαλογισμοις αυτων και εσκοτισθη η ασυνετος αυτων καρδια
1,22,φασκοντες ειναι σοφοι εμωρανθησαν
1,23,και ηλλαξαν την δοξαν του αφθαρτου θεου εν ομοιωματι εικονος φθαρτου ανθρωπου και πετεινων και τετραποδων και ερπετων
1,24,διο και παρεδωκεν αυτους ο θεος εν ταις επιθυμιαις των καρδιων αυτων εις ακαθαρσιαν του ατιμαζεσθαι τα σωματα αυτων εν εαυτοις
1,25,οιτινες μετηλλαξαν την αληθειαν του θεου εν τω ψευδει και εσεβασθησαν και ελατρευσαν τη κτισει παρα τον κτισαντα ος εστιν ευλογητος εις τους αιωνας αμην
1,26,δια τουτο παρεδωκεν αυτους ο θεος εις παθη ατιμιας αι τε γαρ θηλειαι αυτων μετηλλαξαν την φυσικην χρησιν εις την παρα φυσιν
1,27,ομοιως τε και οι αρρενες αφεντες την φυσικην χρησιν της θηλειας εξεκαυθησαν εν τη ορεξει αυτων εις αλληλους αρσενες εν αρσεσιν την ασχημοσυνην κατεργαζομενοι και την αντιμισθιαν ην εδει της πλανης αυτων εν εαυτοις απολαμβανοντες
1,28,και καθως ουκ εδοκιμασαν τον θεον εχειν εν επιγνωσει παρεδωκεν αυτους ο θεος εις αδοκιμον νουν ποιειν τα μη καθηκοντα
1,29,πεπληρωμενους παση αδικια πορνεια πονηρια πλεονεξια κακια μεστους φθονου φονου εριδος δολου κακοηθειας ψιθυριστας
1,30,καταλαλους θεοστυγεις υβριστας υπερηφανους αλαζονας εφευρετας κακων γονευσιν απειθεις
1,31,ασυνετους ασυνθετους αστοργους ασπονδους ανελεημονας
1,32,οιτινες το δικαιωμα του θεου επιγνοντες οτι οι τα τοιαυτα πρασσοντες αξιοι θανατου εισιν ου μονον αυτα ποιουσιν αλλα και συνευδοκουσιν τοις πρασσουσιν
2,1,διο αναπολογητος ει ω ανθρωπε πας ο κρινων εν ω γαρ κρινεις τον ετερον σεαυτον κατακρινεις τα γαρ αυτα πρασσεις ο κρινων
2,2,οιδαμεν δε οτι το κριμα του θεου εστιν κατα αληθειαν επι τους τα τοιαυτα πρασσοντας
2,3,λογιζη δε τουτο ω ανθρωπε ο κρινων τους τα τοιαυτα πρασσοντας και ποιων αυτα οτι συ εκφευξη το κριμα του θεου
2,4,η του πλουτου της χρηστοτητος αυτου και της ανοχης και της μακροθυμιας καταφρονεις αγνοων οτι το χρηστον του θεου εις μετανοιαν σε αγει
2,5,κατα δε την σκληροτητα σου και αμετανοητον καρδιαν θησαυριζεις σεαυτω οργην εν ημερα οργης και αποκαλυψεως και δικαιοκρισιας του θεου
2,6,ος αποδωσει εκαστω κατα τα εργα αυτου
2,7,τοις μεν καθ υπομονην εργου αγαθου δοξαν και τιμην και αφθαρσιαν ζητουσιν ζωην αιωνιον
2,8,τοις δε εξ εριθειας και απειθουσιν μεν τη αληθεια πειθομενοις δε τη αδικια θυμος και οργη
2,9,θλιψις και στενοχωρια επι πασαν ψυχην ανθρωπου του κατεργαζομενου το κακον ιουδαιου τε πρωτον και ελληνος
2,10,δοξα δε και τιμη και ειρηνη παντι τω εργαζομενω το αγαθον ιουδαιω τε πρωτον και ελληνι
2,11,ου γαρ εστιν προσωποληψια παρα τω θεω
2,12,οσοι γαρ ανομως ημαρτον ανομως και απολουνται και οσοι εν νομω ημαρτον δια νομου κριθησονται
2,13,ου γαρ οι ακροαται του νομου δικαιοι παρα τω θεω αλλ οι ποιηται του νομου δικαιωθησονται
2,14,οταν γαρ εθνη τα μη νομον εχοντα φυσει τα του νομου ποιη ουτοι νομον μη εχοντες εαυτοις εισιν νομος
2,15,οιτινες ενδεικνυνται το εργον του νομου γραπτον εν ταις καρδιαις αυτων συμμαρτυρουσης αυτων της συνειδησεως και μεταξυ αλληλων των λογισμων κατηγορουντων η και απολογουμενων
2,16,εν ημερα οτε κρινει ο θεος τα κρυπτα των ανθρωπων κατα το ευαγγελιον μου δια ιησου χριστου
2,17,ιδε συ ιουδαιος επονομαζη και επαναπαυη τω νομω και καυχασαι εν θεω
2,18,και γινωσκεις το θελημα και δοκιμαζεις τα διαφεροντα κατηχουμενος εκ του νομου
2,19,πεποιθας τε σεαυτον οδηγον ειναι τυφλων φως των εν σκοτει
2,20,παιδευτην αφρονων διδασκαλον νηπιων εχοντα την μορφωσιν της γνωσεως και της αληθειας εν τω νομω
2,21,ο ουν διδασκων ετερον σεαυτον ου διδασκεις ο κηρυσσων μη κλεπτειν κλεπτεις
2,22,ο λεγων μη μοιχευειν μοιχευεις ο βδελυσσομενος τα ειδωλα ιεροσυλεις
2,23,ος εν νομω καυχασαι δια της παραβασεως του νομου τον θεον ατιμαζεις
2,24,το γαρ ονομα του θεου δι υμας βλασφημειται εν τοις εθνεσιν καθως γεγραπται
2,25,περιτομη μεν γαρ ωφελει εαν νομον πρασσης εαν δε παραβατης νομου ης η περιτομη σου ακροβυστια γεγονεν
2,26,εαν ουν η ακροβυστια τα δικαιωματα του νομου φυλασση ουχι η ακροβυστια αυτου εις περιτομην λογισθησεται
2,27,και κρινει η εκ φυσεως ακροβυστια τον νομον τελουσα σε τον δια γραμματος και περιτομης παραβατην νομου
2,28,ου γαρ ο εν τω φανερω ιουδαιος εστιν ουδε η εν τω φανερω εν σαρκι περιτομη
2,29,αλλ ο εν τω κρυπτω ιουδαιος και περιτομη καρδιας εν πνευματι ου γραμματι ου ο επαινος ουκ εξ ανθρωπων αλλ εκ του θεου
3,1,τι ουν το περισσον του ιουδαιου η τις η ωφελεια της περιτομης
3,2,πολυ κατα παντα τροπον πρωτον μεν γαρ οτι επιστευθησαν τα λογια του θεου
3,3,τι γαρ ει ηπιστησαν τινες μη η απιστια αυτων την πιστιν του θεου καταργησει
3,4,μη γενοιτο γινεσθω δε ο θεος αληθης πας δε ανθρωπος ψευστης καθως γεγραπται οπως αν δικαιωθης εν τοις λογοις σου και νικησης εν τω κρινεσθαι σε
3,5,ει δε η αδικια ημων θεου δικαιοσυνην συνιστησιν τι ερουμεν μη αδικος ο θεος ο επιφερων την οργην κατα ανθρωπον λεγω
3,6,μη γενοιτο επει πως κρινει ο θεος τον κοσμον
3,7,ει γαρ η αληθεια του θεου εν τω εμω ψευσματι επερισσευσεν εις την δοξαν αυτου τι ετι καγω ως αμαρτωλος κρινομαι
3,8,και μη καθως βλασφημουμεθα και καθως φασιν τινες ημας λεγειν οτι ποιησωμεν τα κακα ινα ελθη τα αγαθα ων το κριμα ενδικον εστιν
3,9,τι ουν προεχομεθα ου παντως προητιασαμεθα γαρ ιουδαιους τε και ελληνας παντας υφ αμαρτιαν ειναι
3,10,καθως γεγραπται οτι ουκ εστιν δικαιος ουδε εις
3,11,ουκ εστιν ο συνιων ουκ εστιν ο εκζητων τον θεον
3,12,παντες εξεκλιναν αμα ηχρειωθησαν ουκ εστιν ποιων χρηστοτητα ουκ εστιν εως ενος
3,13,ταφος ανεωγμενος ο λαρυγξ αυτων ταις γλωσσαις αυτων εδολιουσαν ιος ασπιδων υπο τα χειλη αυτων
3,14,ων το στομα αρας και πικριας γεμει
3,15,οξεις οι ποδες αυτων εκχεαι αιμα
3,16,συντριμμα και ταλαιπωρια εν ταις οδοις αυτων
3,17,και οδον ειρηνης ουκ εγνωσαν
3,18,ουκ εστιν φοβος θεου απεναντι των οφθαλμων αυτων
3,19,οιδαμεν δε οτι οσα ο νομος λεγει τοις εν τω νομω λαλει ινα παν στομα φραγη και υποδικος γενηται πας ο κοσμος τω θεω
3,20,διοτι εξ εργων νομου ου δικαιωθησεται πασα σαρξ ενωπιον αυτου δια γαρ νομου επιγνωσις αμαρτιας
3,21,νυνι δε χωρις νομου δικαιοσυνη θεου πεφανερωται μαρτυρουμενη υπο του νομου και των προφητων
3,22,δικαιοσυνη δε θεου δια πιστεως ιησου χριστου εις παντας και επι παντας τους πιστευοντας ου γαρ εστιν διαστολη
3,23,παντες γαρ ημαρτον και υστερουνται της δοξης του θεου
3,24,δικαιουμενοι δωρεαν τη αυτου χαριτι δια της απολυτρωσεως της εν χριστω ιησου
3,25,ον προεθετο ο θεος ιλαστηριον δια της πιστεως εν τω αυτου αιματι εις ενδειξιν της δικαιοσυνης αυτου δια την παρεσιν των προγεγονοτων αμαρτηματων
3,26,εν τη ανοχη του θεου προς ενδειξιν της δικαιοσυνης αυτου εν τω νυν καιρω εις το ειναι αυτον δικαιον και δικαιουντα τον εκ πιστεως ιησου
3,27,που ουν η καυχησις εξεκλεισθη δια ποιου νομου των εργων ουχι αλλα δια νομου πιστεως
3,28,λογιζομεθα ουν πιστει δικαιουσθαι ανθρωπον χωρις εργων νομου
3,29,η ιουδαιων ο θεος μονον ουχι δε και εθνων ναι και εθνων
3,30,επειπερ εις ο θεος ος δικαιωσει περιτομην εκ πιστεως και ακροβυστιαν δια της πιστεως
3,31,νομον ουν καταργουμεν δια της πιστεως μη γενοιτο αλλα νομον ιστωμεν
4,1,τι ουν ερουμεν αβρααμ τον πατερα ημων ευρηκεναι κατα σαρκα
4,2,ει γαρ αβρααμ εξ εργων εδικαιωθη εχει καυχημα αλλ ου προς τον θεον
4,3,τι γαρ η γραφη λεγει επιστευσεν δε αβρααμ τω θεω και ελογισθη αυτω εις δικαιοσυνην
4,4,τω δε εργαζομενω ο μισθος ου λογιζεται κατα χαριν αλλα κατα οφειλημα
4,5,τω δε μη εργαζομενω πιστευοντι δε επι τον δικαιουντα τον ασεβη λογιζεται η πιστις αυτου εις δικαιοσυνην
4,6,καθαπερ και δαυιδ λεγει τον μακαρισμον του ανθρωπου ω ο θεος λογιζεται δικαιοσυνην χωρις εργων
4,7,μακαριοι ων αφεθησαν αι ανομιαι και ων επεκαλυφθησαν αι αμαρτιαι
4,8,μακαριος ανηρ ω ου μη λογισηται κυριος αμαρτιαν
4,9,ο μακαρισμος ουν ουτος επι την περιτομην η και επι την ακροβυστιαν λεγομεν γαρ οτι ελογισθη τω αβρααμ η πιστις εις δικαιοσυνην
4,10,πως ουν ελογισθη εν περιτομη οντι η εν ακροβυστια ουκ εν περιτομη αλλ εν ακροβυστια
4,11,και σημειον ελαβεν περιτομης σφραγιδα της δικαιοσυνης της πιστεως της εν τη ακροβυστια εις το ειναι αυτον πατερα παντων των πιστευοντων δι ακροβυστιας εις το λογισθηναι και αυτοις την δικαιοσυνην
4,12,και πατερα περιτομης τοις ουκ εκ περιτομης μονον αλλα και τοις στοιχουσιν τοις ιχνεσιν της πιστεως της εν τη ακροβυστια του πατρος ημων αβρααμ
4,13,ου γαρ δια νομου η επαγγελια τω αβρααμ η τω σπερματι αυτου το κληρονομον αυτον ειναι του κοσμου αλλα δια δικαιοσυνης πιστεως
4,14,ει γαρ οι εκ νομου κληρονομοι κεκενωται η πιστις και κατηργηται η επαγγελια
4,15,ο γαρ νομος οργην κατεργαζεται ου γαρ ουκ εστιν νομος ουδε παραβασις
4,16,δια τουτο εκ πιστεως ινα κατα χαριν εις το ειναι βεβαιαν την επαγγελιαν παντι τω σπερματι ου τω εκ του νομου μονον αλλα και τω εκ πιστεως αβρααμ ος εστιν πατηρ παντων ημων
4,17,καθως γεγραπται οτι πατερα πολλων εθνων τεθεικα σε κατεναντι ου επιστευσεν θεου του ζωοποιουντος τους νεκρους και καλουντος τα μη οντα ως οντα
4,18,ος παρ ελπιδα επ ελπιδι επιστευσεν εις το γενεσθαι αυτον πατερα πολλων εθνων κατα το ειρημενον ουτως εσται το σπερμα σου
4,19,και μη ασθενησας τη πιστει ου κατενοησεν το εαυτου σωμα ηδη νενεκρωμενον εκατονταετης που υπαρχων και την νεκρωσιν της μητρας σαρρας
4,20,εις δε την επαγγελιαν του θεου ου διεκριθη τη απιστια αλλ ενεδυναμωθη τη πιστει δους δοξαν τω θεω
4,21,και πληροφορηθεις οτι ο επηγγελται δυνατος εστιν και ποιησαι
4,22,διο και ελογισθη αυτω εις δικαιοσυνην
4,23,ουκ εγραφη δε δι αυτον μονον οτι ελογισθη αυτω
4,24,αλλα και δι ημας οις μελλει λογιζεσθαι τοις πιστευουσιν επι τον εγειραντα ιησουν τον κυριον ημων εκ νεκρων
4,25,ος παρεδοθη δια τα παραπτωματα ημων και ηγερθη δια την δικαιωσιν ημων
5,1,δικαιωθεντες ουν εκ πιστεως ειρηνην εχομεν προς τον θεον δια του κυριου ημων ιησου χριστου
5,2,δι ου και την προσαγωγην εσχηκαμεν τη πιστει εις την χαριν ταυτην εν η εστηκαμεν και καυχωμεθα επ ελπιδι της δοξης του θεου
5,3,ου μονον δε αλλα και καυχωμεθα εν ταις θλιψεσιν ειδοτες οτι η θλιψις υπομονην κατεργαζεται
5,4,η δε υπομονη δοκιμην η δε δοκιμη ελπιδα
5,5,η δε ελπις ου καταισχυνει οτι η αγαπη του θεου εκκεχυται εν ταις καρδιαις ημων δια πνευματος αγιου του δοθεντος ημιν
5,6,ετι γαρ χριστος οντων ημων ασθενων κατα καιρον υπερ ασεβων απεθανεν
5,7,μολις γαρ υπερ δικαιου τις αποθανειται υπερ γαρ του αγαθου ταχα τις και τολμα αποθανειν
5,8,συνιστησιν δε την εαυτου αγαπην εις ημας ο θεος οτι ετι αμαρτωλων οντων ημων χριστος υπερ ημων απεθανεν
5,9,πολλω ουν μαλλον δικαιωθεντες νυν εν τω αιματι αυτου σωθησομεθα δι αυτου απο της οργης
5,10,ει γαρ εχθροι οντες κατηλλαγημεν τω θεω δια του θανατου του υιου αυτου πολλω μαλλον καταλλαγεντες σωθησομεθα εν τη ζωη αυτου
5,11,ου μονον δε αλλα και καυχωμενοι εν τω θεω δια του κυριου ημων ιησου χριστου δι ου νυν την καταλλαγην ελαβομεν
5,12,δια τουτο ωσπερ δι ενος ανθρωπου η αμαρτια εις τον κοσμον εισηλθεν και δια της αμαρτιας ο θανατος και ουτως εις παντας ανθρωπους ο θανατος διηλθεν εφ ω παντες ημαρτον
5,13,αχρι γαρ νομου αμαρτια ην εν κοσμω αμαρτια δε ουκ ελλογειται μη οντος νομου
5,14,αλλ εβασιλευσεν ο θανατος απο αδαμ μεχρι μωυσεως και επι τους μη αμαρτησαντας επι τω ομοιωματι της παραβασεως αδαμ ος εστιν τυπος του μελλοντος
5,15,αλλ ουχ ως το παραπτωμα ουτως και το χαρισμα ει γαρ τω του ενος παραπτωματι οι πολλοι απεθανον πολλω μαλλον η χαρις του θεου και η δωρεα εν χαριτι τη του ενος ανθρωπου ιησου χριστου εις τους πολλους επερισσευσεν
5,16,και ουχ ως δι ενος αμαρτησαντος το δωρημα το μεν γαρ κριμα εξ ενος εις κατακριμα το δε χαρισμα εκ πολλων παραπτωματων εις δικαιωμα
5,17,ει γαρ τω του ενος παραπτωματι ο θανατος εβασιλευσεν δια του ενος πολλω μαλλον οι την περισσειαν της χαριτος και της δωρεας της δικαιοσυνης λαμβανοντες εν ζωη βασιλευσουσιν δια του ενος ιησου χριστου
5,18,αρα ουν ως δι ενος παραπτωματος εις παντας ανθρωπους εις κατακριμα ουτως και δι ενος δικαιωματος εις παντας ανθρωπους εις δικαιωσιν ζωης
5,19,ωσπερ γαρ δια της παρακοης του ενος ανθρωπου αμαρτωλοι κατεσταθησαν οι πολλοι ουτως και δια της υπακοης του ενος δικαιοι κατασταθησονται οι πολλοι
5,20,νομος δε παρεισηλθεν ινα πλεοναση το παραπτωμα ου δε επλεονασεν η αμαρτια υπερεπερισσευσεν η χαρις
5,21,ινα ωσπερ εβασιλευσεν η αμαρτια εν τω θανατω ουτως και η χαρις βασιλευση δια δικαιοσυνης εις ζωην αιωνιον δια ιησου χριστου του κυριου ημων
6,1,τι ουν ερουμεν επιμενομεν τη αμαρτια ινα η χαρις πλεοναση
6,2,μη γενοιτο οιτινες απεθανομεν τη αμαρτια πως ετι ζησομεν εν αυτη
6,3,η αγνοειτε οτι οσοι εβαπτισθημεν εις χριστον ιησουν εις τον θανατον αυτου εβαπτισθημεν
6,4,συνεταφημεν ουν αυτω δια του βαπτισματος εις τον θανατον ινα ωσπερ ηγερθη χριστος εκ νεκρων δια της δοξης του πατρος ουτως και ημεις εν καινοτητι ζωης περιπατησωμεν
6,5,ει γαρ συμφυτοι γεγοναμεν τω ομοιωματι του θανατου αυτου αλλα και της αναστασεως εσομεθα
6,6,τουτο γινωσκοντες οτι ο παλαιος ημων ανθρωπος συνεσταυρωθη ινα καταργηθη το σωμα της αμαρτιας του μηκετι δουλευειν ημας τη αμαρτια
6,7,ο γαρ αποθανων δεδικαιωται απο της αμαρτιας
6,8,ει δε απεθανομεν συν χριστω πιστευομεν οτι και συζησομεν αυτω
6,9,ειδοτες οτι χριστος εγερθεις εκ νεκρων ουκετι αποθνησκει θανατος αυτου ουκετι κυριευει
6,10,ο γαρ απεθανεν τη αμαρτια απεθανεν εφαπαξ ο δε ζη ζη τω θεω
6,11,ουτως και υμεις λογιζεσθε εαυτους νεκρους μεν ειναι τη αμαρτια ζωντας δε τω θεω εν χριστω ιησου τω κυριω ημων
6,12,μη ουν βασιλευετω η αμαρτια εν τω θνητω υμων σωματι εις το υπακουειν αυτη εν ταις επιθυμιαις αυτου
6,13,μηδε παριστανετε τα μελη υμων οπλα αδικιας τη αμαρτια αλλα παραστησατε εαυτους τω θεω ως εκ νεκρων ζωντας και τα μελη υμων οπλα δικαιοσυνης τω θεω
6,14,αμαρτια γαρ υμων ου κυριευσει ου γαρ εστε υπο νομον αλλ υπο χαριν
6,15,τι ουν αμαρτησομεν οτι ουκ εσμεν υπο νομον αλλ υπο χαριν μη γενοιτο
6,16,ουκ οιδατε οτι ω παριστανετε εαυτους δουλους εις υπακοην δουλοι εστε ω υπακουετε ητοι αμαρτιας εις θανατον η υπακοης εις δικαιοσυνην
6,17,χαρις δε τω θεω οτι ητε δουλοι της αμαρτιας υπηκουσατε δε εκ καρδιας εις ον παρεδοθητε τυπον διδαχης
6,18,ελευθερωθεντες δε απο της αμαρτιας εδουλωθητε τη δικαιοσυνη
6,19,ανθρωπινον λεγω δια την ασθενειαν της σαρκος υμων ωσπερ γαρ παρεστησατε τα μελη υμων δουλα τη ακαθαρσια και τη ανομια εις την ανομιαν ουτως νυν παραστησατε τα μελη υμων δουλα τη δικαιοσυνη εις αγιασμον
6,20,οτε γαρ δουλοι ητε της αμαρτιας ελευθεροι ητε τη δικαιοσυνη
6,21,τινα ουν καρπον ειχετε τοτε εφ οις νυν επαισχυνεσθε το γαρ τελος εκεινων θανατος
6,22,νυνι δε ελευθερωθεντες απο της αμαρτιας δουλωθεντες δε τω θεω εχετε τον καρπον υμων εις αγιασμον το δε τελος ζωην αιωνιον
6,23,τα γαρ οψωνια της αμαρτιας θανατος το δε χαρισμα του θεου ζωη αιωνιος εν χριστω ιησου τω κυριω ημων
7,1,η αγνοειτε αδελφοι γινωσκουσιν γαρ νομον λαλω οτι ο νομος κυριευει του ανθρωπου εφ οσον χρονον ζη
7,2,η γαρ υπανδρος γυνη τω ζωντι ανδρι δεδεται νομω εαν δε αποθανη ο ανηρ κατηργηται απο του νομου του ανδρος
7,3,αρα ουν ζωντος του ανδρος μοιχαλις χρηματισει εαν γενηται ανδρι ετερω εαν δε αποθανη ο ανηρ ελευθερα εστιν απο του νομου του μη ειναι αυτην μοιχαλιδα γενομενην ανδρι ετερω
7,4,ωστε αδελφοι μου και υμεις εθανατωθητε τω νομω δια του σωματος του χριστου εις το γενεσθαι υμας ετερω τω εκ νεκρων εγερθεντι ινα καρποφορησωμεν τω θεω
7,5,οτε γαρ ημεν εν τη σαρκι τα παθηματα των αμαρτιων τα δια του νομου ενηργειτο εν τοις μελεσιν ημων εις το καρποφορησαι τω θανατω
7,6,νυνι δε κατηργηθημεν απο του νομου αποθανοντες εν ω κατειχομεθα ωστε δουλευειν ημας εν καινοτητι πνευματος και ου παλαιοτητι γραμματος
7,7,τι ουν ερουμεν ο νομος αμαρτια μη γενοιτο αλλα την αμαρτιαν ουκ εγνων ει μη δια νομου την τε γαρ επιθυμιαν ουκ ηδειν ει μη ο νομος ελεγεν ουκ επιθυμησεις
7,8,αφορμην δε λαβουσα η αμαρτια δια της εντολης κατειργασατο εν εμοι πασαν επιθυμιαν χωρις γαρ νομου αμαρτια νεκρα
7,9,εγω δε εζων χωρις νομου ποτε ελθουσης δε της εντολης η αμαρτια ανεζησεν εγω δε απεθανον
7,10,και ευρεθη μοι η εντολη η εις ζωην αυτη εις θανατον
7,11,η γαρ αμαρτια αφορμην λαβουσα δια της εντολης εξηπατησεν με και δι αυτης απεκτεινεν
7,12,ωστε ο μεν νομος αγιος και η εντολη αγια και δικαια και αγαθη
7,13,το ουν αγαθον εμοι γεγονεν θανατος μη γενοιτο αλλα η αμαρτια ινα φανη αμαρτια δια του αγαθου μοι κατεργαζομενη θανατον ινα γενηται καθ υπερβολην αμαρτωλος η αμαρτια δια της εντολης
7,14,οιδαμεν γαρ οτι ο νομος πνευματικος εστιν εγω δε σαρκικος ειμι πεπραμενος υπο την αμαρτιαν
7,15,ο γαρ κατεργαζομαι ου γινωσκω ου γαρ ο θελω τουτο πρασσω αλλ ο μισω τουτο ποιω
7,16,ει δε ο ου θελω τουτο ποιω συμφημι τω νομω οτι καλος
7,17,νυνι δε ουκετι εγω κατεργαζομαι αυτο αλλ η οικουσα εν εμοι αμαρτια
7,18,οιδα γαρ οτι ουκ οικει εν εμοι τουτ εστιν εν τη σαρκι μου αγαθον το γαρ θελειν παρακειται μοι το δε κατεργαζεσθαι το καλον ουχ ευρισκω
7,19,ου γαρ ο θελω ποιω αγαθον αλλ ο ου θελω κακον τουτο πρασσω
7,20,ει δε ο ου θελω εγω τουτο ποιω ουκετι εγω κατεργαζομαι αυτο αλλ η οικουσα εν εμοι αμαρτια
7,21,ευρισκω αρα τον νομον τω θελοντι εμοι ποιειν το καλον οτι εμοι το κακον παρακειται
7,22,συνηδομαι γαρ τω νομω του θεου κατα τον εσω ανθρωπον
7,23,βλεπω δε ετερον νομον εν τοις μελεσιν μου αντιστρατευομενον τω νομω του νοος μου και αιχμαλωτιζοντα με τω νομω της αμαρτιας τω οντι εν τοις μελεσιν μου
7,24,ταλαιπωρος εγω ανθρωπος τις με ρυσεται εκ του σωματος του θανατου τουτου
7,25,ευχαριστω τω θεω δια ιησου χριστου του κυριου ημων αρα ουν αυτος εγω τω μεν νοι δουλευω νομω θεου τη δε σαρκι νομω αμαρτιας
8,1,ουδεν αρα νυν κατακριμα τοις εν χριστω ιησου μη κατα σαρκα περιπατουσιν αλλα κατα πνευμα
8,2,ο γαρ νομος του πνευματος της ζωης εν χριστω ιησου ηλευθερωσεν με απο του νομου της αμαρτιας και του θανατου
8,3,το γαρ αδυνατον του νομου εν ω ησθενει δια της σαρκος ο θεος τον εαυτου υιον πεμψας εν ομοιωματι σαρκος αμαρτιας και περι αμαρτιας κατεκρινεν την αμαρτιαν εν τη σαρκι
8,4,ινα το δικαιωμα του νομου πληρωθη εν ημιν τοις μη κατα σαρκα περιπατουσιν αλλα κατα πνευμα
8,5,οι γαρ κατα σαρκα οντες τα της σαρκος φρονουσιν οι δε κατα πνευμα τα του πνευματος
8,6,το γαρ φρονημα της σαρκος θανατος το δε φρονημα του πνευματος ζωη και ειρηνη
8,7,διοτι το φρονημα της σαρκος εχθρα εις θεον τω γαρ νομω του θεου ουχ υποτασσεται ουδε γαρ δυναται
8,8,οι δε εν σαρκι οντες θεω αρεσαι ου δυνανται
8,9,υμεις δε ουκ εστε εν σαρκι αλλ εν πνευματι ειπερ πνευμα θεου οικει εν υμιν ει δε τις πνευμα χριστου ουκ εχει ουτος ουκ εστιν αυτου
8,10,ει δε χριστος εν υμιν το μεν σωμα νεκρον δια αμαρτιαν το δε πνευμα ζωη δια δικαιοσυνην
8,11,ει δε το πνευμα του εγειραντος ιησουν εκ νεκρων οικει εν υμιν ο εγειρας τον χριστον εκ νεκρων ζωοποιησει και τα θνητα σωματα υμων δια το ενοικουν αυτου πνευμα εν υμιν
8,12,αρα ουν αδελφοι οφειλεται εσμεν ου τη σαρκι του κατα σαρκα ζην
8,13,ει γαρ κατα σαρκα ζητε μελλετε αποθνησκειν ει δε πνευματι τας πραξεις του σωματος θανατουτε ζησεσθε
8,14,οσοι γαρ πνευματι θεου αγονται ουτοι εισιν υιοι θεου
8,15,ου γαρ ελαβετε πνευμα δουλειας παλιν εις φοβον αλλ ελαβετε πνευμα υιοθεσιας εν ω κραζομεν αββα ο πατηρ
8,16,αυτο το πνευμα συμμαρτυρει τω πνευματι ημων οτι εσμεν τεκνα θεου
8,17,ει δε τεκνα και κληρονομοι κληρονομοι μεν θεου συγκληρονομοι δε χριστου ειπερ συμπασχομεν ινα και συνδοξασθωμεν
8,18,λογιζομαι γαρ οτι ουκ αξια τα παθηματα του νυν καιρου προς την μελλουσαν δοξαν αποκαλυφθηναι εις ημας
8,19,η γαρ αποκαραδοκια της κτισεως την αποκαλυψιν των υιων του θεου απεκδεχεται
8,20,τη γαρ ματαιοτητι η κτισις υπεταγη ουχ εκουσα αλλα δια τον υποταξαντα επ ελπιδι
8,21,οτι και αυτη η κτισις ελευθερωθησεται απο της δουλειας της φθορας εις την ελευθεριαν της δοξης των τεκνων του θεου
8,22,οιδαμεν γαρ οτι πασα η κτισις συστεναζει και συνωδινει αχρι του νυν
8,23,ου μονον δε αλλα και αυτοι την απαρχην του πνευματος εχοντες και ημεις αυτοι εν εαυτοις στεναζομεν υιοθεσιαν απεκδεχομενοι την απολυτρωσιν του σωματος ημων
8,24,τη γαρ ελπιδι εσωθημεν ελπις δε βλεπομενη ουκ εστιν ελπις ο γαρ βλεπει τις τι και ελπιζει
8,25,ει δε ο ου βλεπομεν ελπιζομεν δι υπομονης απεκδεχομεθα
8,26,ωσαυτως δε και το πνευμα συναντιλαμβανεται ταις ασθενειαις ημων το γαρ τι προσευξομεθα καθο δει ουκ οιδαμεν αλλ αυτο το πνευμα υπερεντυγχανει υπερ ημων στεναγμοις αλαλητοις
8,27,ο δε ερευνων τας καρδιας οιδεν τι το φρονημα του πνευματος οτι κατα θεον εντυγχανει υπερ αγιων
8,28,οιδαμεν δε οτι τοις αγαπωσιν τον θεον παντα συνεργει εις αγαθον τοις κατα προθεσιν κλητοις ουσιν
8,29,οτι ους προεγνω και προωρισεν συμμορφους της εικονος του υιου αυτου εις το ειναι αυτον πρωτοτοκον εν πολλοις αδελφοις
8,30,ους δε προωρισεν τουτους και εκαλεσεν και ους εκαλεσεν τουτους και εδικαιωσεν ους δε εδικαιωσεν τουτους και εδοξασεν
8,31,τι ουν ερουμεν προς ταυτα ει ο θεος υπερ ημων τις καθ ημων
8,32,ος γε του ιδιου υιου ουκ εφεισατο αλλ υπερ ημων παντων παρεδωκεν αυτον πως ουχι και συν αυτω τα παντα ημιν χαρισεται
8,33,τις εγκαλεσει κατα εκλεκτων θεου θεος ο δικαιων
8,34,τις ο κατακρινων χριστος ο αποθανων μαλλον δε και εγερθεις ος και εστιν εν δεξια του θεου ος και εντυγχανει υπερ ημων
8,35,τις ημας χωρισει απο της αγαπης του χριστου θλιψις η στενοχωρια η διωγμος η λιμος η γυμνοτης η κινδυνος η μαχαιρα
8,36,καθως γεγραπται οτι ενεκεν σου θανατουμεθα ολην την ημεραν ελογισθημεν ως προβατα σφαγης
8,37,αλλ εν τουτοις πασιν υπερνικωμεν δια του αγαπησαντος ημας
8,38,πεπεισμαι γαρ οτι ουτε θανατος ουτε ζωη ουτε αγγελοι ουτε αρχαι ουτε δυναμεις ουτε ενεστωτα ουτε μελλοντα
8,39,ουτε υψωμα ουτε βαθος ουτε τις κτισις ετερα δυνησεται ημας χωρισαι απο της αγαπης του θεου της εν χριστω ιησου τω κυριω ημων
9,1,αληθειαν λεγω εν χριστω ου ψευδομαι συμμαρτυρουσης μοι της συνειδησεως μου εν πνευματι αγιω
9,2,οτι λυπη μοι εστιν μεγαλη και αδιαλειπτος οδυνη τη καρδια μου
9,3,ευχομην γαρ αυτος εγω αναθεμα ειναι απο του χριστου υπερ των αδελφων μου των συγγενων μου κατα σαρκα
9,4,οιτινες εισιν ισραηλιται ων η υιοθεσια και η δοξα και αι διαθηκαι και η νομοθεσια και η λατρεια και αι επαγγελιαι
9,5,ων οι πατερες και εξ ων ο χριστος το κατα σαρκα ο ων επι παντων θεος ευλογητος εις τους αιωνας αμην
9,6,ουχ οιον δε οτι εκπεπτωκεν ο λογος του θεου ου γαρ παντες οι εξ ισραηλ ουτοι ισραηλ
9,7,ουδ οτι εισιν σπερμα αβρααμ παντες τεκνα αλλ εν ισαακ κληθησεται σοι σπερμα
9,8,τουτ εστιν ου τα τεκνα της σαρκος ταυτα τεκνα του θεου αλλα τα τεκνα της επαγγελιας λογιζεται εις σπερμα
9,9,επαγγελιας γαρ ο λογος ουτος κατα τον καιρον τουτον ελευσομαι και εσται τη σαρρα υιος
9,10,ου μονον δε αλλα και ρεβεκκα εξ ενος κοιτην εχουσα ισαακ του πατρος ημων
9,11,μηπω γαρ γεννηθεντων μηδε πραξαντων τι αγαθον η κακον ινα η κατ εκλογην προθεσις του θεου μενη ουκ εξ εργων αλλ εκ του καλουντος
9,12,ερρηθη αυτη οτι ο μειζων δουλευσει τω ελασσονι
9,13,καθως γεγραπται τον ιακωβ ηγαπησα τον δε ησαυ εμισησα
9,14,τι ουν ερουμεν μη αδικια παρα τω θεω μη γενοιτο
9,15,τω γαρ μωυση λεγει ελεησω ον αν ελεω και οικτειρησω ον αν οικτειρω
9,16,αρα ουν ου του θελοντος ουδε του τρεχοντος αλλα του ελεουντος θεου
9,17,λεγει γαρ η γραφη τω φαραω οτι εις αυτο τουτο εξηγειρα σε οπως ενδειξωμαι εν σοι την δυναμιν μου και οπως διαγγελη το ονομα μου εν παση τη γη
9,18,αρα ουν ον θελει ελεει ον δε θελει σκληρυνει
9,19,ερεις ουν μοι τι ετι μεμφεται τω γαρ βουληματι αυτου τις ανθεστηκεν
9,20,μενουνγε ω ανθρωπε συ τις ει ο ανταποκρινομενος τω θεω μη ερει το πλασμα τω πλασαντι τι με εποιησας ουτως
9,21,η ουκ εχει εξουσιαν ο κεραμευς του πηλου εκ του αυτου φυραματος ποιησαι ο μεν εις τιμην σκευος ο δε εις ατιμιαν
9,22,ει δε θελων ο θεος ενδειξασθαι την οργην και γνωρισαι το δυνατον αυτου ηνεγκεν εν πολλη μακροθυμια σκευη οργης κατηρτισμενα εις απωλειαν
9,23,και ινα γνωριση τον πλουτον της δοξης αυτου επι σκευη ελεους α προητοιμασεν εις δοξαν
9,24,ους και εκαλεσεν ημας ου μονον εξ ιουδαιων αλλα και εξ εθνων
9,25,ως και εν τω ωσηε λεγει καλεσω τον ου λαον μου λαον μου και την ουκ ηγαπημενην ηγαπημενην
9,26,και εσται εν τω τοπω ου ερρηθη αυτοις ου λαος μου υμεις εκει κληθησονται υιοι θεου ζωντος
9,27,ησαιας δε κραζει υπερ του ισραηλ εαν η ο αριθμος των υιων ισραηλ ως η αμμος της θαλασσης το καταλειμμα σωθησεται
9,28,λογον γαρ συντελων και συντεμνων εν δικαιοσυνη οτι λογον συντετμημενον ποιησει κυριος επι της γης
9,29,και καθως προειρηκεν ησαιας ει μη κυριος σαβαωθ εγκατελιπεν ημιν σπερμα ως σοδομα αν εγενηθημεν και ως γομορρα αν ωμοιωθημεν
9,30,τι ουν ερουμεν οτι εθνη τα μη διωκοντα δικαιοσυνην κατελαβεν δικαιοσυνην δικαιοσυνην δε την εκ πιστεως
9,31,ισραηλ δε διωκων νομον δικαιοσυνης εις νομον δικαιοσυνης ουκ εφθασεν
9,32,δια τι οτι ουκ εκ πιστεως αλλ ως εξ εργων νομου προσεκοψαν γαρ τω λιθω του προσκομματος
9,33,καθως γεγραπται ιδου τιθημι εν σιων λιθον προσκομματος και πετραν σκανδαλου και πας ο πιστευων επ αυτω ου καταισχυνθησεται
10,1,αδελφοι η μεν ευδοκια της εμης καρδιας και η δεησις η προς τον θεον υπερ του ισραηλ εστιν εις σωτηριαν
10,2,μαρτυρω γαρ αυτοις οτι ζηλον θεου εχουσιν αλλ ου κατ επιγνωσιν
10,3,αγνοουντες γαρ την του θεου δικαιοσυνην και την ιδιαν δικαιοσυνην ζητουντες στησαι τη δικαιοσυνη του θεου ουχ υπεταγησαν
10,4,τελος γαρ νομου χριστος εις δικαιοσυνην παντι τω πιστευοντι
10,5,μωυσης γαρ γραφει την δικαιοσυνην την εκ του νομου οτι ο ποιησας αυτα ανθρωπος ζησεται εν αυτοις
10,6,η δε εκ πιστεως δικαιοσυνη ουτως λεγει μη ειπης εν τη καρδια σου τις αναβησεται εις τον ουρανον τουτ εστιν χριστον καταγαγειν
10,7,η τις καταβησεται εις την αβυσσον τουτ εστιν χριστον εκ νεκρων αναγαγειν
10,8,αλλα τι λεγει εγγυς σου το ρημα εστιν εν τω στοματι σου και εν τη καρδια σου τουτ εστιν το ρημα της πιστεως ο κηρυσσομεν
10,9,οτι εαν ομολογησης εν τω στοματι σου κυριον ιησουν και πιστευσης εν τη καρδια σου οτι ο θεος αυτον ηγειρεν εκ νεκρων σωθηση
10,10,καρδια γαρ πιστευεται εις δικαιοσυνην στοματι δε ομολογειται εις σωτηριαν
10,11,λεγει γαρ η γραφη πας ο πιστευων επ αυτω ου καταισχυνθησεται
10,12,ου γαρ εστιν διαστολη ιουδαιου τε και ελληνος ο γαρ αυτος κυριος παντων πλουτων εις παντας τους επικαλουμενους αυτον
10,13,πας γαρ ος αν επικαλεσηται το ονομα κυριου σωθησεται
10,14,πως ουν επικαλεσονται εις ον ουκ επιστευσαν πως δε πιστευσουσιν ου ουκ ηκουσαν πως δε ακουσουσιν χωρις κηρυσσοντος
10,15,πως δε κηρυξουσιν εαν μη αποσταλωσιν καθως γεγραπται ως ωραιοι οι ποδες των ευαγγελιζομενων ειρηνην των ευαγγελιζομενων τα αγαθα
10,16,αλλ ου παντες υπηκουσαν τω ευαγγελιω ησαιας γαρ λεγει κυριε τις επιστευσεν τη ακοη ημων
10,17,αρα η πιστις εξ ακοης η δε ακοη δια ρηματος θεου
10,18,αλλα λεγω μη ουκ ηκουσαν μενουνγε εις πασαν την γην εξηλθεν ο φθογγος αυτων και εις τα περατα της οικουμενης τα ρηματα αυτων
10,19,αλλα λεγω μη ουκ εγνω ισραηλ πρωτος μωυσης λεγει εγω παραζηλωσω υμας επ ουκ εθνει επι εθνει ασυνετω παροργιω υμας
10,20,ησαιας δε αποτολμα και λεγει ευρεθην τοις εμε μη ζητουσιν εμφανης εγενομην τοις εμε μη επερωτωσιν
10,21,προς δε τον ισραηλ λεγει ολην την ημεραν εξεπετασα τας χειρας μου προς λαον απειθουντα και αντιλεγοντα
11,1,λεγω ουν μη απωσατο ο θεος τον λαον αυτου μη γενοιτο και γαρ εγω ισραηλιτης ειμι εκ σπερματος αβρααμ φυλης βενιαμιν
11,2,ουκ απωσατο ο θεος τον λαον αυτου ον προεγνω η ουκ οιδατε εν ηλια τι λεγει η γραφη ως εντυγχανει τω θεω κατα του ισραηλ λεγων
11,3,κυριε τους προφητας σου απεκτειναν και τα θυσιαστηρια σου κατεσκαψαν καγω υπελειφθην μονος και ζητουσιν την ψυχην μου
11,4,αλλα τι λεγει αυτω ο χρηματισμος κατελιπον εμαυτω επτακισχιλιους ανδρας οιτινες ουκ εκαμψαν γονυ τη βααλ
11,5,ουτως ουν και εν τω νυν καιρω λειμμα κατ εκλογην χαριτος γεγονεν
11,6,ει δε χαριτι ουκετι εξ εργων επει η χαρις ουκετι γινεται χαρις ει δε εξ εργων ουκετι εστιν χαρις επει το εργον ουκετι εστιν εργον
11,7,τι ουν ο επιζητει ισραηλ τουτο ουκ επετυχεν η δε εκλογη επετυχεν οι δε λοιποι επωρωθησαν
11,8,καθως γεγραπται εδωκεν αυτοις ο θεος πνευμα κατανυξεως οφθαλμους του μη βλεπειν και ωτα του μη ακουειν εως της σημερον ημερας
11,9,και δαυιδ λεγει γενηθητω η τραπεζα αυτων εις παγιδα και εις θηραν και εις σκανδαλον και εις ανταποδομα αυτοις
11,10,σκοτισθητωσαν οι οφθαλμοι αυτων του μη βλεπειν και τον νωτον αυτων δια παντος συγκαμψον
11,11,λεγω ουν μη επταισαν ινα πεσωσιν μη γενοιτο αλλα τω αυτων παραπτωματι η σωτηρια τοις εθνεσιν εις το παραζηλωσαι αυτους
11,12,ει δε το παραπτωμα αυτων πλουτος κοσμου και το ηττημα αυτων πλουτος εθνων ποσω μαλλον το πληρωμα αυτων
11,13,υμιν γαρ λεγω τοις εθνεσιν εφ οσον μεν ειμι εγω εθνων αποστολος την διακονιαν μου δοξαζω
11,14,ει πως παραζηλωσω μου την σαρκα και σωσω τινας εξ αυτων
11,15,ει γαρ η αποβολη αυτων καταλλαγη κοσμου τις η προσληψις ει μη ζωη εκ νεκρων
11,16,ει δε η απαρχη αγια και το φυραμα και ει η ριζα αγια και οι κλαδοι
11,17,ει δε τινες των κλαδων εξεκλασθησαν συ δε αγριελαιος ων ενεκεντρισθης εν αυτοις και συγκοινωνος της ριζης και της πιοτητος της ελαιας εγενου
11,18,μη κατακαυχω των κλαδων ει δε κατακαυχασαι ου συ την ριζαν βασταζεις αλλ η ριζα σε
11,19,ερεις ουν εξεκλασθησαν κλαδοι ινα εγω εγκεντρισθω
11,20,καλως τη απιστια εξεκλασθησαν συ δε τη πιστει εστηκας μη υψηλοφρονει αλλα φοβου
11,21,ει γαρ ο θεος των κατα φυσιν κλαδων ουκ εφεισατο μηπως ουδε σου φεισεται
11,22,ιδε ουν χρηστοτητα και αποτομιαν θεου επι μεν τους πεσοντας αποτομιαν επι δε σε χρηστοτητα εαν επιμεινης τη χρηστοτητι επει και συ εκκοπηση
11,23,και εκεινοι δε εαν μη επιμεινωσιν τη απιστια εγκεντρισθησονται δυνατος γαρ ο θεος εστιν παλιν εγκεντρισαι αυτους
11,24,ει γαρ συ εκ της κατα φυσιν εξεκοπης αγριελαιου και παρα φυσιν ενεκεντρισθης εις καλλιελαιον ποσω μαλλον ουτοι οι κατα φυσιν εγκεντρισθησονται τη ιδια ελαια
11,25,ου γαρ θελω υμας αγνοειν αδελφοι το μυστηριον τουτο ινα μη ητε παρ εαυτοις φρονιμοι οτι πωρωσις απο μερους τω ισραηλ γεγονεν αχρι ου το πληρωμα των εθνων εισελθη
11,26,και ουτως πας ισραηλ σωθησεται καθως γεγραπται ηξει εκ σιων ο ρυομενος και αποστρεψει ασεβειας απο ιακωβ
11,27,και αυτη αυτοις η παρ εμου διαθηκη οταν αφελωμαι τας αμαρτιας αυτων
11,28,κατα μεν το ευαγγελιον εχθροι δι υμας κατα δε την εκλογην αγαπητοι δια τους πατερας
11,29,αμεταμελητα γαρ τα χαρισματα και η κλησις του θεου
11,30,ωσπερ γαρ και υμεις ποτε ηπειθησατε τω θεω νυν δε ηλεηθητε τη τουτων απειθεια
11,31,ουτως και ουτοι νυν ηπειθησαν τω υμετερω ελεει ινα και αυτοι ελεηθωσιν
11,32,συνεκλεισεν γαρ ο θεος τους παντας εις απειθειαν ινα τους παντας ελεηση
11,33,ω βαθος πλουτου και σοφιας και γνωσεως θεου ως ανεξερευνητα τα κριματα αυτου και ανεξιχνιαστοι αι οδοι αυτου
11,34,τις γαρ εγνω νουν κυριου η τις συμβουλος αυτου εγενετο
11,35,η τις προεδωκεν αυτω και ανταποδοθησεται αυτω
11,36,οτι εξ αυτου και δι αυτου και εις αυτον τα παντα αυτω η δοξα εις τους αιωνας αμην
12,1,παρακαλω ουν υμας αδελφοι δια των οικτιρμων του θεου παραστησαι τα σωματα υμων θυσιαν ζωσαν αγιαν ευαρεστον τω θεω την λογικην λατρειαν υμων
12,2,και μη συσχηματιζεσθαι τω αιωνι τουτω αλλα μεταμορφουσθαι τη ανακαινωσει του νοος υμων εις το δοκιμαζειν υμας τι το θελημα του θεου το αγαθον και ευαρεστον και τελειον
12,3,λεγω γαρ δια της χαριτος της δοθεισης μοι παντι τω οντι εν υμιν μη υπερφρονειν παρ ο δει φρονειν αλλα φρονειν εις το σωφρονειν εκαστω ως ο θεος εμερισεν μετρον πιστεως
12,4,καθαπερ γαρ εν ενι σωματι μελη πολλα εχομεν τα δε μελη παντα ου την αυτην εχει πραξιν
12,5,ουτως οι πολλοι εν σωμα εσμεν εν χριστω ο δε καθ εις αλληλων μελη
12,6,εχοντες δε χαρισματα κατα την χαριν την δοθεισαν ημιν διαφορα ειτε προφητειαν κατα την αναλογιαν της πιστεως
12,7,ειτε διακονιαν εν τη διακονια ειτε ο διδασκων εν τη διδασκαλια
12,8,ειτε ο παρακαλων εν τη παρακλησει ο μεταδιδους εν απλοτητι ο προισταμενος εν σπουδη ο ελεων εν ιλαροτητι
12,9,η αγαπη ανυποκριτος αποστυγουντες το πονηρον κολλωμενοι τω αγαθω
12,10,τη φιλαδελφια εις αλληλους φιλοστοργοι τη τιμη αλληλους προηγουμενοι
12,11,τη σπουδη μη οκνηροι τω πνευματι ζεοντες τω κυριω δουλευοντες
12,12,τη ελπιδι χαιροντες τη θλιψει υπομενοντες τη προσευχη προσκαρτερουντες
12,13,ταις χρειαις των αγιων κοινωνουντες την φιλοξενιαν διωκοντες
12,14,ευλογειτε τους διωκοντας υμας ευλογειτε και μη καταρασθε
12,15,χαιρειν μετα χαιροντων και κλαιειν μετα κλαιοντων
12,16,το αυτο εις αλληλους φρονουντες μη τα υψηλα φρονουντες αλλα τοις ταπεινοις συναπαγομενοι μη γινεσθε φρονιμοι παρ εαυτοις
12,17,μηδενι κακον αντι κακου αποδιδοντες προνοουμενοι καλα ενωπιον παντων ανθρωπων
12,18,ει δυνατον το εξ υμων μετα παντων ανθρωπων ειρηνευοντες
12,19,μη εαυτους εκδικουντες αγαπητοι αλλα δοτε τοπον τη οργη γεγραπται γαρ εμοι εκδικησις εγω ανταποδωσω λεγει κυριος
12,20,εαν ουν πεινα ο εχθρος σου ψωμιζε αυτον εαν διψα ποτιζε αυτον τουτο γαρ ποιων ανθρακας πυρος σωρευσεις επι την κεφαλην αυτου
12,21,μη νικω υπο του κακου αλλα νικα εν τω αγαθω το κακον
13,1,πασα ψυχη εξουσιαις υπερεχουσαις υποτασσεσθω ου γαρ εστιν εξουσια ει μη υπο θεου αι δε ουσαι εξουσιαι υπο του θεου τεταγμεναι εισιν
13,2,ωστε ο αντιτασσομενος τη εξουσια τη του θεου διαταγη ανθεστηκεν οι δε ανθεστηκοτες εαυτοις κριμα ληψονται
13,3,οι γαρ αρχοντες ουκ εισιν φοβος των αγαθων εργων αλλα των κακων θελεις δε μη φοβεισθαι την εξουσιαν το αγαθον ποιει και εξεις επαινον εξ αυτης
13,4,θεου γαρ διακονος εστιν σοι εις το αγαθον εαν δε το κακον ποιης φοβου ου γαρ εικη την μαχαιραν φορει θεου γαρ διακονος εστιν εκδικος εις οργην τω το κακον πρασσοντι
13,5,διο αναγκη υποτασσεσθαι ου μονον δια την οργην αλλα και δια την συνειδησιν
13,6,δια τουτο γαρ και φορους τελειτε λειτουργοι γαρ θεου εισιν εις αυτο τουτο προσκαρτερουντες
13,7,αποδοτε ουν πασιν τας οφειλας τω τον φορον τον φορον τω το τελος το τελος τω τον φοβον τον φοβον τω την τιμην την τιμην
13,8,μηδενι μηδεν οφειλετε ει μη το αγαπαν αλληλους ο γαρ αγαπων τον ετερον νομον πεπληρωκεν
13,9,το γαρ ου μοιχευσεις ου φονευσεις ου κλεψεις ουκ επιθυμησεις και ει τις ετερα εντολη εν τουτω τω λογω ανακεφαλαιουται εν τω αγαπησεις τον πλησιον σου ως σεαυτον
13,10,η αγαπη τω πλησιον κακον ουκ εργαζεται πληρωμα ουν νομου η αγαπη
13,11,και τουτο ειδοτες τον καιρον οτι ωρα ημας ηδη εξ υπνου εγερθηναι νυν γαρ εγγυτερον ημων η σωτηρια η οτε επιστευσαμεν
13,12,η νυξ προεκοψεν η δε ημερα ηγγικεν αποθωμεθα ουν τα εργα του σκοτους και ενδυσωμεθα τα οπλα του φωτος
13,13,ως εν ημερα ευσχημονως περιπατησωμεν μη κωμοις και μεθαις μη κοιταις και ασελγειαις μη εριδι και ζηλω
13,14,αλλ ενδυσασθε τον κυριον ιησουν χριστον και της σαρκος προνοιαν μη ποιεισθε εις επιθυμιας
14,1,τον δε ασθενουντα τη πιστει προσλαμβανεσθε μη εις διακρισεις διαλογισμων
14,2,ος μεν πιστευει φαγειν παντα ο δε ασθενων λαχανα εσθιει
14,3,ο εσθιων τον μη εσθιοντα μη εξουθενειτω και ο μη εσθιων τον εσθιοντα μη κρινετω ο θεος γαρ αυτον προσελαβετο
14,4,συ τις ει ο κρινων αλλοτριον οικετην τω ιδιω κυριω στηκει η πιπτει σταθησεται δε δυνατος γαρ εστιν ο θεος στησαι αυτον
14,5,ος μεν κρινει ημεραν παρ ημεραν ος δε κρινει πασαν ημεραν εκαστος εν τω ιδιω νοι πληροφορεισθω
14,6,ο φρονων την ημεραν κυριω φρονει και ο μη φρονων την ημεραν κυριω ου φρονει και ο εσθιων κυριω εσθιει ευχαριστει γαρ τω θεω και ο μη εσθιων κυριω ουκ εσθιει και ευχαριστει τω θεω
14,7,ουδεις γαρ ημων εαυτω ζη και ουδεις εαυτω αποθνησκει
14,8,εαν τε γαρ ζωμεν τω κυριω ζωμεν εαν τε αποθνησκωμεν τω κυριω αποθνησκομεν εαν τε ουν ζωμεν εαν τε αποθνησκωμεν του κυριου εσμεν
14,9,εις τουτο γαρ χριστος και απεθανεν και ανεστη και εζησεν ινα και νεκρων και ζωντων κυριευση
14,10,συ δε τι κρινεις τον αδελφον σου η και συ τι εξουθενεις τον αδελφον σου παντες γαρ παραστησομεθα τω βηματι του χριστου
14,11,γεγραπται γαρ ζω εγω λεγει κυριος οτι εμοι καμψει παν γονυ και πασα γλωσσα εξομολογησεται τω θεω
14,12,αρα ουν εκαστος ημων περι εαυτου λογον δωσει τω θεω
14,13,μηκετι ουν αλληλους κρινωμεν αλλα τουτο κρινατε μαλλον το μη τιθεναι προσκομμα τω αδελφω η σκανδαλον
14,14,οιδα και πεπεισμαι εν κυριω ιησου οτι ουδεν κοινον δι αυτου ει μη τω λογιζομενω τι κοινον ειναι εκεινω κοινον
14,15,ει δε δια βρωμα ο αδελφος σου λυπειται ουκετι κατα αγαπην περιπατεις μη τω βρωματι σου εκεινον απολλυε υπερ ου χριστος απεθανεν
14,16,μη βλασφημεισθω ουν υμων το αγαθον
14,17,ου γαρ εστιν η βασιλεια του θεου βρωσις και ποσις αλλα δικαιοσυνη και ειρηνη και χαρα εν πνευματι αγιω
14,18,ο γαρ εν τουτοις δουλευων τω χριστω ευαρεστος τω θεω και δοκιμος τοις ανθρωποις
14,19,αρα ουν τα της ειρηνης διωκωμεν και τα της οικοδομης της εις αλληλους
14,20,μη ενεκεν βρωματος καταλυε το εργον του θεου παντα μεν καθαρα αλλα κακον τω ανθρωπω τω δια προσκομματος εσθιοντι
14,21,καλον το μη φαγειν κρεα μηδε πιειν οινον μηδε εν ω ο αδελφος σου προσκοπτει η σκανδαλιζεται η ασθενει
14,22,συ πιστιν εχεις κατα σεαυτον εχε ενωπιον του θεου μακαριος ο μη κρινων εαυτον εν ω δοκιμαζει
14,23,ο δε διακρινομενος εαν φαγη κατακεκριται οτι ουκ εκ πιστεως παν δε ο ουκ εκ πιστεως αμαρτια εστιν
14,24,τω δε δυναμενω υμας στηριξαι κατα το ευαγγελιον μου και το κηρυγμα ιησου χριστου κατα αποκαλυψιν μυστηριου χρονοις αιωνιοις σεσιγημενου
14,25,φανερωθεντος δε νυν δια τε γραφων προφητικων κατ επιταγην του αιωνιου θεου εις υπακοην πιστεως εις παντα τα εθνη γνωρισθεντος
14,26,μονω σοφω θεω δια ιησου χριστου ω η δοξα εις τους αιωνας αμην
15,1,οφειλομεν δε ημεις οι δυνατοι τα ασθενηματα των αδυνατων βασταζειν και μη εαυτοις αρεσκειν
15,2,εκαστος ημων τω πλησιον αρεσκετω εις το αγαθον προς οικοδομην
15,3,και γαρ ο χριστος ουχ εαυτω ηρεσεν αλλα καθως γεγραπται οι ονειδισμοι των ονειδιζοντων σε επεπεσον επ εμε
15,4,οσα γαρ προεγραφη εις την ημετεραν διδασκαλιαν προεγραφη ινα δια της υπομονης και δια της παρακλησεως των γραφων την ελπιδα εχωμεν
15,5,ο δε θεος της υπομονης και της παρακλησεως δωη υμιν το αυτο φρονειν εν αλληλοις κατα χριστον ιησουν
15,6,ινα ομοθυμαδον εν ενι στοματι δοξαζητε τον θεον και πατερα του κυριου ημων ιησου χριστου
15,7,διο προσλαμβανεσθε αλληλους καθως και ο χριστος προσελαβετο υμας εις δοξαν θεου
15,8,λεγω δε χριστον ιησουν διακονον γεγενησθαι περιτομης υπερ αληθειας θεου εις το βεβαιωσαι τας επαγγελιας των πατερων
15,9,τα δε εθνη υπερ ελεους δοξασαι τον θεον καθως γεγραπται δια τουτο εξομολογησομαι σοι εν εθνεσιν και τω ονοματι σου ψαλω
15,10,και παλιν λεγει ευφρανθητε εθνη μετα του λαου αυτου
15,11,και παλιν αινειτε τον κυριον παντα τα εθνη και επαινεσατε αυτον παντες οι λαοι
15,12,και παλιν ησαιας λεγει εσται η ριζα του ιεσσαι και ο ανισταμενος αρχειν εθνων επ αυτω εθνη ελπιουσιν
15,13,ο δε θεος της ελπιδος πληρωσαι υμας πασης χαρας και ειρηνης εν τω πιστευειν εις το περισσευειν υμας εν τη ελπιδι εν δυναμει πνευματος αγιου
15,14,πεπεισμαι δε αδελφοι μου και αυτος εγω περι υμων οτι και αυτοι μεστοι εστε αγαθωσυνης πεπληρωμενοι πασης γνωσεως δυναμενοι και αλλους νουθετειν
15,15,τολμηροτερον δε εγραψα υμιν αδελφοι απο μερους ως επαναμιμνησκων υμας δια την χαριν την δοθεισαν μοι υπο του θεου
15,16,εις το ειναι με λειτουργον ιησου χριστου εις τα εθνη ιερουργουντα το ευαγγελιον του θεου ινα γενηται η προσφορα των εθνων ευπροσδεκτος ηγιασμενη εν πνευματι αγιω
15,17,εχω ουν καυχησιν εν χριστω ιησου τα προς τον θεον
15,18,ου γαρ τολμησω λαλειν τι ων ου κατειργασατο χριστος δι εμου εις υπακοην εθνων λογω και εργω
15,19,εν δυναμει σημειων και τερατων εν δυναμει πνευματος θεου ωστε με απο ιερουσαλημ και κυκλω μεχρι του ιλλυρικου πεπληρωκεναι το ευαγγελιον του χριστου
15,20,ουτως δε φιλοτιμουμενον ευαγγελιζεσθαι ουχ οπου ωνομασθη χριστος ινα μη επ αλλοτριον θεμελιον οικοδομω
15,21,αλλα καθως γεγραπται οις ουκ ανηγγελη περι αυτου οψονται και οι ουκ ακηκοασιν συνησουσιν
15,22,διο και ενεκοπτομην τα πολλα του ελθειν προς υμας
15,23,νυνι δε μηκετι τοπον εχων εν τοις κλιμασιν τουτοις επιποθιαν δε εχων του ελθειν προς υμας απο πολλων ετων
15,24,ως εαν πορευωμαι εις την σπανιαν ελευσομαι προς υμας ελπιζω γαρ διαπορευομενος θεασασθαι υμας και υφ υμων προπεμφθηναι εκει εαν υμων πρωτον απο μερους εμπλησθω
15,25,νυνι δε πορευομαι εις ιερουσαλημ διακονων τοις αγιοις
15,26,ευδοκησαν γαρ μακεδονια και αχαια κοινωνιαν τινα ποιησασθαι εις τους πτωχους των αγιων των εν ιερουσαλημ
15,27,ευδοκησαν γαρ και οφειλεται αυτων εισιν ει γαρ τοις πνευματικοις αυτων εκοινωνησαν τα εθνη οφειλουσιν και εν τοις σαρκικοις λειτουργησαι αυτοις
15,28,τουτο ουν επιτελεσας και σφραγισαμενος αυτοις τον καρπον τουτον απελευσομαι δι υμων εις την σπανιαν
15,29,οιδα δε οτι ερχομενος προς υμας εν πληρωματι ευλογιας του ευαγγελιου του χριστου ελευσομαι
15,30,παρακαλω δε υμας αδελφοι δια του κυριου ημων ιησου χριστου και δια της αγαπης του πνευματος συναγωνισασθαι μοι εν ταις προσευχαις υπερ εμου προς τον θεον
15,31,ινα ρυσθω απο των απειθουντων εν τη ιουδαια και ινα η διακονια μου η εις ιερουσαλημ ευπροσδεκτος γενηται τοις αγιοις
15,32,ινα εν χαρα ελθω προς υμας δια θεληματος θεου και συναναπαυσωμαι υμιν
15,33,ο δε θεος της ειρηνης μετα παντων υμων αμην
16,1,συνιστημι δε υμιν φοιβην την αδελφην ημων ουσαν διακονον της εκκλησιας της εν κεγχρεαις
16,2,ινα αυτην προσδεξησθε εν κυριω αξιως των αγιων και παραστητε αυτη εν ω αν υμων χρηζη πραγματι και γαρ αυτη προστατις πολλων εγενηθη και αυτου εμου
16,3,ασπασασθε πρισκαν και ακυλαν τους συνεργους μου εν χριστω ιησου
16,4,οιτινες υπερ της ψυχης μου τον εαυτων τραχηλον υπεθηκαν οις ουκ εγω μονος ευχαριστω αλλα και πασαι αι εκκλησιαι των εθνων
16,5,και την κατ οικον αυτων εκκλησιαν ασπασασθε επαινετον τον αγαπητον μου ος εστιν απαρχη της αχαιας εις χριστον
16,6,ασπασασθε μαριαμ ητις πολλα εκοπιασεν εις ημας
16,7,ασπασασθε ανδρονικον και ιουνιαν τους συγγενεις μου και συναιχμαλωτους μου οιτινες εισιν επισημοι εν τοις αποστολοις οι και προ εμου γεγονασιν εν χριστω
16,8,ασπασασθε αμπλιαν τον αγαπητον μου εν κυριω
16,9,ασπασασθε ουρβανον τον συνεργον ημων εν χριστω και σταχυν τον αγαπητον μου
16,10,ασπασασθε απελλην τον δοκιμον εν χριστω ασπασασθε τους εκ των αριστοβουλου
16,11,ασπασασθε ηρωδιωνα τον συγγενη μου ασπασασθε τους εκ των ναρκισσου τους οντας εν κυριω
16,12,ασπασασθε τρυφαιναν και τρυφωσαν τας κοπιωσας εν κυριω ασπασασθε περσιδα την αγαπητην ητις πολλα εκοπιασεν εν κυριω
16,13,ασπασασθε ρουφον τον εκλεκτον εν κυριω και την μητερα αυτου και εμου
16,14,ασπασασθε ασυγκριτον φλεγοντα ερμαν πατροβαν ερμην και τους συν αυτοις αδελφους
16,15,ασπασασθε φιλολογον και ιουλιαν νηρεα και την αδελφην αυτου και ολυμπαν και τους συν αυτοις παντας αγιους
16,16,ασπασασθε αλληλους εν φιληματι αγιω ασπαζονται υμας αι εκκλησιαι του χριστου
16,17,παρακαλω δε υμας αδελφοι σκοπειν τους τας διχοστασιας και τα σκανδαλα παρα την διδαχην ην υμεις εμαθετε ποιουντας και εκκλινατε απ αυτων
16,18,οι γαρ τοιουτοι τω κυριω ημων ιησου χριστω ου δουλευουσιν αλλα τη εαυτων κοιλια και δια της χρηστολογιας και ευλογιας εξαπατωσιν τας καρδιας των ακακων
16,19,η γαρ υμων υπακοη εις παντας αφικετο χαιρω ουν το εφ υμιν θελω δε υμας σοφους μεν ειναι εις το αγαθον ακεραιους δε εις το κακον
16,20,ο δε θεος της ειρηνης συντριψει τον σαταναν υπο τους ποδας υμων εν ταχει η χαρις του κυριου ημων ιησου χριστου μεθ υμων
16,21,ασπαζονται υμας τιμοθεος ο συνεργος μου και λουκιος και ιασων και σωσιπατρος οι συγγενεις μου
16,22,ασπαζομαι υμας εγω τερτιος ο γραψας την επιστολην εν κυριω
16,23,ασπαζεται υμας γαιος ο ξενος μου και της εκκλησιας ολης ασπαζεται υμας εραστος ο οικονομος της πολεως και κουαρτος ο αδελφος
16,24,η χαρις του κυριου ημων ιησου χριστου μετα παντων υμων αμην
