chapter,verse,text
1,1,παυλος δουλος θεου αποστολος δε ιησου χριστου κατα πιστιν εκλεκτων θεου και επιγνωσιν αληθειας της κατ ευσεβειαν
1,2,επ ελπιδι ζωης αιωνιου ην επηγγειλατο ο αψευδης θεος προ χρονων αιωνιων
1,3,εφανερωσεν δε καιροις ιδιοις τον λογον αυτου εν κηρυγματι ο επιστευθην εγω κατ επιταγην του σωτηρος ημων θεου
1,4,τιτω γνησιω τεκνω κατα κοινην πιστιν χαρις ελεος ειρηνη απο θεου πατρος και κυριου ιησου χριστου του σωτηρος ημων
1,5,τουτου χαριν κατελιπον σε εν κρητη ινα τα λειποντα επιδιορθωση και καταστησης κατα πολιν πρεσβυτερους ως εγω σοι διεταξαμην
1,6,ει τις εστιν ανεγκλητος μιας γυναικος ανηρ τεκνα εχων πιστα μη εν κατηγορια ασωτιας η ανυποτακτα
1,7,δει γαρ τον επισκοπον ανεγκλητον ειναι ως θεου οικονομον μη αυθαδη μη οργιλον μη παροινον μη πληκτην μη αισχροκερδη
1,8,αλλα φιλοξενον φιλαγαθον σωφρονα δικαιον οσιον εγκρατη
1,9,αντεχομενον του κατα την διδαχην πιστου λογου ινα δυνατος η και παρακαλειν εν τη διδασκαλια τη υγιαινουση και τους αντιλεγοντας ελεγχειν
1,10,εισιν γαρ πολλοι και ανυποτακτοι ματαιολογοι και φρεναπαται μαλιστα οι εκ περιτομης
1,11,ους δει επιστομιζειν οιτινες ολους οικους ανατρεπουσιν διδασκοντες α μη δει αισχρου κερδους χαριν
1,12,ειπεν τις εξ αυτων ιδιος αυτων προφητης κρητες αει ψευσται κακα θηρια γαστερες αργαι
1,13,η μαρτυρια αυτη εστιν αληθης δι ην αιτιαν ελεγχε αυτους αποτομως ινα υγιαινωσιν εν τη πιστει
1,14,μη προσεχοντες ιουδαικοις μυθοις και εντολαις ανθρωπων αποστρεφομενων την αληθειαν
1,15,παντα μεν καθαρα τοις καθαροις τοις δε μεμιασμενοις και απιστοις ουδεν καθαρον αλλα μεμιανται αυτων και ο νους και η συνειδησις
1,16,θεον ομολογουσιν ειδεναι τοις δε εργοις αρνουνται βδελυκτοι οντες και απειθεις και προς παν εργον αγαθον αδοκιμοι
2,1,συ δε λαλει α πρεπει τη υγιαινουση διδασκαλια
2,2,πρεσβυτας νηφαλεους ειναι σεμνους σωφρονας υγιαινοντας τη πιστει τη αγαπη τη υπομονη
2,3,πρεσβυτιδας ωσαυτως εν καταστηματι ιεροπρεπεις μη διαβολους μη οινω πολλω δεδουλωμενας καλοδιδασκαλους
2,4,ινα σωφρονιζωσιν τας νεας φιλανδρους ειναι φιλοτεκνους
2,5,σωφρονας αγνας οικουρους αγαθας υποτασσομενας τοις ιδιοις ανδρασιν ινα μη ο λογος του θεου βλασφημηται
2,6,τους νεωτερους ωσαυτως παρακαλει σωφρονειν
2,7,περι παντα σεαυτον παρεχομενος τυπον καλων εργων εν τη διδασκαλια αδιαφθοριαν σεμνοτητα αφθαρσιαν
2,8,λογον υγιη ακαταγνωστον ινα ο εξ εναντιας εντραπη μηδεν εχων περι ημων λεγειν φαυλον
2,9,δουλους ιδιοις δεσποταις υποτασσεσθαι εν πασιν ευαρεστους ειναι μη αντιλεγοντας
2,10,μη νοσφιζομενους αλλα πιστιν πασαν ενδεικνυμενους αγαθην ινα την διδασκαλιαν του σωτηρος ημων θεου κοσμωσιν εν πασιν
2,11,επεφανη γαρ η χαρις του θεου η σωτηριος πασιν ανθρωποις
2,12,παιδευουσα ημας ινα αρνησαμενοι την ασεβειαν και τας κοσμικας επιθυμιας σωφρονως και δικαιως και ευσεβως ζησωμεν εν τω νυν αιωνι
2,13,προσδεχομενοι την μακαριαν ελπιδα και επιφανειαν της δοξης του μεγαλου θεου και σωτηρος ημων ιησου χριστου
2,14,ος εδωκεν εαυτον υπερ ημων ινα λυτρωσηται ημας απο πασης ανομιας και καθαριση εαυτω λαον περιουσιον ζηλωτην καλων εργων
2,15,ταυτα λαλει και παρακαλει και ελεγχε μετα πασης επιταγης μηδεις σου περιφρονειτω
3,1,υπομιμνησκε αυτους αρχαις και εξουσιαις υποτασσεσθαι πειθαρχειν προς παν εργον αγαθον ετοιμους ειναι
3,2,μηδενα βλασφημειν αμαχους ειναι επιεικεις πασαν ενδεικνυμενους πραοτητα προς παντας ανθρωπους
3,3,ημεν γαρ ποτε και ημεις ανοητοι απειθεις πλανωμενοι δουλευοντες επιθυμιαις και ηδοναις ποικιλαις εν κακια και φθονω διαγοντες στυγητοι μισουντες αλληλους
3,4,οτε δε η χρηστοτης και η φιλανθρωπια επεφανη του σωτηρος ημων θεου
3,5,ουκ εξ εργων των εν δικαιοσυνη ων εποιησαμεν ημεις αλλα κατα τον αυτου ελεον εσωσεν ημας δια λουτρου παλιγγενεσιας και ανακαινωσεως πνευματος αγιου
3,6,ου εξεχεεν εφ ημας πλουσιως δια ιησου χριστου του σωτηρος ημων
3,7,ινα δικαιωθεντες τη εκεινου χαριτι κληρονομοι γενωμεθα κατ ελπιδα ζωης αιωνιου
3,8,πιστος ο λογος και περι τουτων βουλομαι σε διαβεβαιουσθαι ινα φροντιζωσιν καλων εργων προιστασθαι οι πεπιστευκοτες θεω ταυτα εστιν τα καλα και ωφελιμα τοις ανθρωποις
3,9,μωρας δε ζητησεις και γενεαλογιας και ερεις και μαχας νομικας περιιστασο εισιν γαρ ανωφελεις και ματαιοι
3,10,αιρετικον ανθρωπον μετα μιαν και δευτεραν νουθεσιαν παραιτου
3,11,ειδως οτι εξεστραπται ο τοιουτος και αμαρτανει ων αυτοκατακριτος
3,12,οταν πεμψω αρτεμαν προς σε η τυχικον σπουδασον ελθειν προς με εις νικοπολιν εκει γαρ κεκρικα παραχειμασαι
3,13,ζηναν τον νομικον και απολλω σπουδαιως προπεμψον ινα μηδεν αυτοις λειπη
3,14,μανθανετωσαν δε και οι ημετεροι καλων εργων προιστασθαι εις τας αναγκαιας χρειας ινα μη ωσιν ακαρποι
3,15,ασπαζονται σε οι μετ εμου παντες ασπασαι τους φιλουντας ημας εν πιστει η χαρις μετα παντων υμων αμην
