chapter,verse,text
1,1,παυλος 3972 {N-NSM} αποστολος 652 {N-NSM} ιησου 2424 {N-GSM} χριστου 5547 {N-GSM} κατ 2596 {PREP} επιταγην 2003 {N-ASF} θεου 2316 {N-GSM} σωτηρος 4990 {N-GSM} ημων 1473 {P-1GP} και 2532 {CONJ} κυριου 2962 {N-GSM} ιησου 2424 {N-GSM} χριστου 5547 {N-GSM} της 3588 {T-GSF} ελπιδος 1680 {N-GSF} ημων 1473 {P-1GP}
1,2,τιμοθεω 5095 {N-DSM} γνησιω 1103 {A-DSN} τεκνω 5043 {N-DSN} εν 1722 {PREP} πιστει 4102 {N-DSF} χαρις 5485 {N-NSF} ελεος 1656 {N-NSN} ειρηνη 1515 {N-NSF} απο 575 {PREP} θεου 2316 {N-GSM} πατρος 3962 {N-GSM} ημων 1473 {P-1GP} και 2532 {CONJ} χριστου 5547 {N-GSM} ιησου 2424 {N-GSM} του 3588 {T-GSM} κυριου 2962 {N-GSM} ημων 1473 {P-1GP}
1,3,καθως 2531 {ADV} παρεκαλεσα 3870 {V-AAI-1S} σε 4771 {P-2AS} προσμειναι 4357 {V-AAN} εν 1722 {PREP} εφεσω 2181 {N-DSF} πορευομενος 4198 {V-PNP-NSM} εις 1519 {PREP} μακεδονιαν 3109 {N-ASF} ινα 2443 {CONJ} παραγγειλης 3853 {V-AAS-2S} τισιν 5100 {X-DPM} μη 3361 {PRT-N} ετεροδιδασκαλειν 2085 {V-PAN}
1,4,μηδε 3366 {CONJ-N} προσεχειν 4337 {V-PAN} μυθοις 3454 {N-DPM} και 2532 {CONJ} γενεαλογιαις 1076 {N-DPF} απεραντοις 562 {A-DPF} αιτινες 3748 {R-NPF} ζητησεις 2214 {N-APF} παρεχουσιν 3930 {V-PAI-3P} μαλλον 3123 {ADV} η 2228 {PRT} οικονομιαν 3622 {N-ASF} θεου 2316 {N-GSM} την 3588 {T-ASF} εν 1722 {PREP} πιστει 4102 {N-DSF}
1,5,το 3588 {T-NSN} δε 1161 {CONJ} τελος 5056 {N-NSN} της 3588 {T-GSF} παραγγελιας 3852 {N-GSF} εστιν 1510 {V-PAI-3S} αγαπη 26 {N-NSF} εκ 1537 {PREP} καθαρας 2513 {A-GSF} καρδιας 2588 {N-GSF} και 2532 {CONJ} συνειδησεως 4893 {N-GSF} αγαθης 18 {A-GSF} και 2532 {CONJ} πιστεως 4102 {N-GSF} ανυποκριτου 505 {A-GSF}
1,6,ων 3739 {R-GPF} τινες 5100 {X-NPM} αστοχησαντες 795 {V-AAP-NPM} εξετραπησαν 1624 {V-2API-3P} εις 1519 {PREP} ματαιολογιαν 3150 {N-ASF}
1,7,θελοντες 2309 {V-PAP-NPM} ειναι 1510 {V-PAN} νομοδιδασκαλοι 3547 {N-NPM} μη 3361 {PRT-N} νοουντες 3539 {V-PAP-NPM} μητε 3383 {CONJ-N} α 3739 {R-APN} λεγουσιν 3004 {V-PAI-3P} μητε 3383 {CONJ-N} περι 4012 {PREP} τινων 5101 {I-GPN} διαβεβαιουνται 1226 {V-PNI-3P}
1,8,οιδαμεν 1492 {V-RAI-1P} δε 1161 {CONJ} οτι 3754 {CONJ} καλος 2570 {A-NSM} ο 3588 {T-NSM} νομος 3551 {N-NSM} εαν 1437 {COND} τις 5100 {X-NSM} αυτω 846 {P-DSM} νομιμως 3545 {ADV} χρηται 5530 {V-PNS-3S}
1,9,ειδως 1492 {V-RAP-NSM} τουτο 3778 {D-ASN} οτι 3754 {CONJ} δικαιω 1342 {A-DSM} νομος 3551 {N-NSM} ου 3756 {PRT-N} κειται 2749 {V-PNI-3S} ανομοις 459 {A-DPM} δε 1161 {CONJ} και 2532 {CONJ} ανυποτακτοις 506 {A-DPM} ασεβεσιν 765 {A-DPM} και 2532 {CONJ} αμαρτωλοις 268 {A-DPM} ανοσιοις 462 {A-DPM} και 2532 {CONJ} βεβηλοις 952 {A-DPM} πατρολωαις 3964 {N-DPM} και 2532 {CONJ} μητρολωαις 3389 {N-DPM} ανδροφονοις 409 {N-DPM}
1,10,πορνοις 4205 {N-DPM} αρσενοκοιταις 733 {N-DPM} ανδραποδισταις 405 {N-DPM} ψευσταις 5583 {N-DPM} επιορκοις 1965 {A-DPM} και 2532 {CONJ} ει 1487 {COND} τι 5100 {X-NSN} ετερον 2087 {A-NSN} τη 3588 {T-DSF} υγιαινουση 5198 {V-PAP-DSF} διδασκαλια 1319 {N-DSF} αντικειται 480 {V-PNI-3S}
1,11,κατα 2596 {PREP} το 3588 {T-ASN} ευαγγελιον 2098 {N-ASN} της 3588 {T-GSF} δοξης 1391 {N-GSF} του 3588 {T-GSM} μακαριου 3107 {A-GSM} θεου 2316 {N-GSM} ο 3739 {R-ASN} επιστευθην 4100 {V-API-1S} εγω 1473 {P-1NS}
1,12,και 2532 {CONJ} χαριν 5485 {N-ASF} εχω 2192 {V-PAI-1S} τω 3588 {T-DSM} ενδυναμωσαντι 1743 {V-AAP-DSM} με 1473 {P-1AS} χριστω 5547 {N-DSM} ιησου 2424 {N-DSM} τω 3588 {T-DSM} κυριω 2962 {N-DSM} ημων 1473 {P-1GP} οτι 3754 {CONJ} πιστον 4103 {A-ASM} με 1473 {P-1AS} ηγησατο 2233 {V-ADI-3S} θεμενος 5087 {V-2AMP-NSM} εις 1519 {PREP} διακονιαν 1248 {N-ASF}
1,13,τον 3588 {T-ASM} προτερον 4386 {A-ASM-C} οντα 1510 {V-PAP-ASM} βλασφημον 989 {A-ASM} και 2532 {CONJ} διωκτην 1376 {N-ASM} και 2532 {CONJ} υβριστην 5197 {N-ASM} αλλα 235 {CONJ} ηλεηθην 1653 {V-API-1S} οτι 3754 {CONJ} αγνοων 50 {V-PAP-NSM} εποιησα 4160 {V-AAI-1S} εν 1722 {PREP} απιστια 570 {N-DSF}
1,14,υπερεπλεονασεν 5250 {V-AAI-3S} δε 1161 {CONJ} η 3588 {T-NSF} χαρις 5485 {N-NSF} του 3588 {T-GSM} κυριου 2962 {N-GSM} ημων 1473 {P-1GP} μετα 3326 {PREP} πιστεως 4102 {N-GSF} και 2532 {CONJ} αγαπης 26 {N-GSF} της 3588 {T-GSF} εν 1722 {PREP} χριστω 5547 {N-DSM} ιησου 2424 {N-DSM}
1,15,πιστος 4103 {A-NSM} ο 3588 {T-NSM} λογος 3056 {N-NSM} και 2532 {CONJ} πασης 3956 {A-GSF} αποδοχης 594 {N-GSF} αξιος 514 {A-NSM} οτι 3754 {CONJ} χριστος 5547 {N-NSM} ιησους 2424 {N-NSM} ηλθεν 2064 {V-2AAI-3S} εις 1519 {PREP} τον 3588 {T-ASM} κοσμον 2889 {N-ASM} αμαρτωλους 268 {A-APM} σωσαι 4982 {V-AAN} ων 3739 {R-GPM} πρωτος 4413 {A-NSM-S} ειμι 1510 {V-PAI-1S} εγω 1473 {P-1NS}
1,16,αλλα 235 {CONJ} δια 1223 {PREP} τουτο 3778 {D-ASN} ηλεηθην 1653 {V-API-1S} ινα 2443 {CONJ} εν 1722 {PREP} εμοι 1473 {P-1DS} πρωτω 4413 {A-DSM-S} ενδειξηται 1731 {V-AMS-3S} ιησους 2424 {N-NSM} χριστος 5547 {N-NSM} την 3588 {T-ASF} πασαν 3956 {A-ASF} μακροθυμιαν 3115 {N-ASF} προς 4314 {PREP} υποτυπωσιν 5296 {N-ASF} των 3588 {T-GPM} μελλοντων 3195 {V-PAP-GPM} πιστευειν 4100 {V-PAN} επ 1909 {PREP} αυτω 846 {P-DSM} εις 1519 {PREP} ζωην 2222 {N-ASF} αιωνιον 166 {A-ASF}
1,17,τω 3588 {T-DSM} δε 1161 {CONJ} βασιλει 935 {N-DSM} των 3588 {T-GPM} αιωνων 165 {N-GPM} αφθαρτω 862 {A-DSM} αορατω 517 {A-DSM} μονω 3441 {A-DSM} σοφω 4680 {A-DSM} θεω 2316 {N-DSM} τιμη 5092 {N-NSF} και 2532 {CONJ} δοξα 1391 {N-NSF} εις 1519 {PREP} τους 3588 {T-APM} αιωνας 165 {N-APM} των 3588 {T-GPM} αιωνων 165 {N-GPM} αμην 281 {HEB}
1,18,ταυτην 3778 {D-ASF} την 3588 {T-ASF} παραγγελιαν 3852 {N-ASF} παρατιθεμαι 3908 {V-PMI-1S} σοι 4771 {P-2DS} τεκνον 5043 {N-VSN} τιμοθεε 5095 {N-VSM} κατα 2596 {PREP} τας 3588 {T-APF} προαγουσας 4254 {V-PAP-APF} επι 1909 {PREP} σε 4771 {P-2AS} προφητειας 4394 {N-APF} ινα 2443 {CONJ} στρατευη 4754 {V-PMS-2S} εν 1722 {PREP} αυταις 846 {P-DPF} την 3588 {T-ASF} καλην 2570 {A-ASF} στρατειαν 4752 {N-ASF}
1,19,εχων 2192 {V-PAP-NSM} πιστιν 4102 {N-ASF} και 2532 {CONJ} αγαθην 18 {A-ASF} συνειδησιν 4893 {N-ASF} ην 3739 {R-ASF} τινες 5100 {X-NPM} απωσαμενοι 683 {V-ADP-NPM} περι 4012 {PREP} την 3588 {T-ASF} πιστιν 4102 {N-ASF} εναυαγησαν 3489 {V-AAI-3P}
1,20,ων 3739 {R-GPM} εστιν 1510 {V-PAI-3S} υμεναιος 5211 {N-NSM} και 2532 {CONJ} αλεξανδρος 223 {N-NSM} ους 3739 {R-APM} παρεδωκα 3860 {V-AAI-1S} τω 3588 {T-DSM} σατανα 4567 {N-DSM} ινα 2443 {CONJ} παιδευθωσιν 3811 {V-APS-3P} μη 3361 {PRT-N} βλασφημειν 987 {V-PAN}
2,1,παρακαλω 3870 {V-PAI-1S} ουν 3767 {CONJ} πρωτον 4412 {ADV-S} παντων 3956 {A-GPN} ποιεισθαι 4160 {V-PPN} δεησεις 1162 {N-APF} προσευχας 4335 {N-APF} εντευξεις 1783 {N-APF} ευχαριστιας 2169 {N-APF} υπερ 5228 {PREP} παντων 3956 {A-GPM} ανθρωπων 444 {N-GPM}
2,2,υπερ 5228 {PREP} βασιλεων 935 {N-GPM} και 2532 {CONJ} παντων 3956 {A-GPM} των 3588 {T-GPM} εν 1722 {PREP} υπεροχη 5247 {N-DSF} οντων 1510 {V-PAP-GPM} ινα 2443 {CONJ} ηρεμον 2263 {A-ASM} και 2532 {CONJ} ησυχιον 2272 {A-ASM} βιον 979 {N-ASM} διαγωμεν 1236 {V-PAS-1P} εν 1722 {PREP} παση 3956 {A-DSF} ευσεβεια 2150 {N-DSF} και 2532 {CONJ} σεμνοτητι 4587 {N-DSF}
2,3,τουτο 3778 {D-NSN} γαρ 1063 {CONJ} καλον 2570 {A-NSN} και 2532 {CONJ} αποδεκτον 587 {A-NSN} ενωπιον 1799 {PREP} του 3588 {T-GSM} σωτηρος 4990 {N-GSM} ημων 1473 {P-1GP} θεου 2316 {N-GSM}
2,4,ος 3739 {R-NSM} παντας 3956 {A-APM} ανθρωπους 444 {N-APM} θελει 2309 {V-PAI-3S} σωθηναι 4982 {V-APN} και 2532 {CONJ} εις 1519 {PREP} επιγνωσιν 1922 {N-ASF} αληθειας 225 {N-GSF} ελθειν 2064 {V-2AAN}
2,5,εις 1520 {A-NSM} γαρ 1063 {CONJ} θεος 2316 {N-NSM} εις 1520 {A-NSM} και 2532 {CONJ} μεσιτης 3316 {N-NSM} θεου 2316 {N-GSM} και 2532 {CONJ} ανθρωπων 444 {N-GPM} ανθρωπος 444 {N-NSM} χριστος 5547 {N-NSM} ιησους 2424 {N-NSM}
2,6,ο 3588 {T-NSM} δους 1325 {V-2AAP-NSM} εαυτον 1438 {F-3ASM} αντιλυτρον 487 {N-ASN} υπερ 5228 {PREP} παντων 3956 {A-GPM} το 3588 {T-NSN} μαρτυριον 3142 {N-NSN} καιροις 2540 {N-DPM} ιδιοις 2398 {A-DPM}
2,7,εις 1519 {PREP} ο 3739 {R-ASN} ετεθην 5087 {V-API-1S} εγω 1473 {P-1NS} κηρυξ 2783 {N-NSM} και 2532 {CONJ} αποστολος 652 {N-NSM} αληθειαν 225 {N-ASF} λεγω 3004 {V-PAI-1S} εν 1722 {PREP} χριστω 5547 {N-DSM} ου 3756 {PRT-N} ψευδομαι 5574 {V-PNI-1S} διδασκαλος 1320 {N-NSM} εθνων 1484 {N-GPN} εν 1722 {PREP} πιστει 4102 {N-DSF} και 2532 {CONJ} αληθεια 225 {N-DSF}
2,8,βουλομαι 1014 {V-PNI-1S} ουν 3767 {CONJ} προσευχεσθαι 4336 {V-PNN} τους 3588 {T-APM} ανδρας 435 {N-APM} εν 1722 {PREP} παντι 3956 {A-DSM} τοπω 5117 {N-DSM} επαιροντας 1869 {V-PAP-APM} οσιους 3741 {A-APF} χειρας 5495 {N-APF} χωρις 5565 {ADV} οργης 3709 {N-GSF} και 2532 {CONJ} διαλογισμου 1261 {N-GSM}
2,9,ωσαυτως 5615 {ADV} και 2532 {CONJ} τας 3588 {T-APF} γυναικας 1135 {N-APF} εν 1722 {PREP} καταστολη 2689 {N-DSF} κοσμιω 2887 {A-DSF} μετα 3326 {PREP} αιδους 127 {N-GSF} και 2532 {CONJ} σωφροσυνης 4997 {N-GSF} κοσμειν 2885 {V-PAN} εαυτας 1438 {F-3APF} μη 3361 {PRT-N} εν 1722 {PREP} πλεγμασιν 4117 {N-DPN} η 2228 {PRT} χρυσω 5557 {N-DSM} η 2228 {PRT} μαργαριταις 3135 {N-DPM} η 2228 {PRT} ιματισμω 2441 {N-DSM} πολυτελει 4185 {A-DSM}
2,10,αλλ 235 {CONJ} ο 3739 {R-NSN} πρεπει 4241 {V-PAI-3S} γυναιξιν 1135 {N-DPF} επαγγελλομεναις 1861 {V-PNP-DPF} θεοσεβειαν 2317 {N-ASF} δι 1223 {PREP} εργων 2041 {N-GPN} αγαθων 18 {A-GPN}
2,11,γυνη 1135 {N-NSF} εν 1722 {PREP} ησυχια 2271 {N-DSF} μανθανετω 3129 {V-PAM-3S} εν 1722 {PREP} παση 3956 {A-DSF} υποταγη 5292 {N-DSF}
2,12,γυναικι 1135 {N-DSF} δε 1161 {CONJ} διδασκειν 1321 {V-PAN} ουκ 3756 {PRT-N} επιτρεπω 2010 {V-PAI-1S} ουδε 3761 {CONJ-N} αυθεντειν 831 {V-PAN} ανδρος 435 {N-GSM} αλλ 235 {CONJ} ειναι 1510 {V-PAN} εν 1722 {PREP} ησυχια 2271 {N-DSF}
2,13,αδαμ 76 {N-PRI} γαρ 1063 {CONJ} πρωτος 4413 {A-NSM-S} επλασθη 4111 {V-API-3S} ειτα 1534 {ADV} ευα 2096 {N-NSF}
2,14,και 2532 {CONJ} αδαμ 76 {N-PRI} ουκ 3756 {PRT-N} ηπατηθη 538 {V-API-3S} η 3588 {T-NSF} δε 1161 {CONJ} γυνη 1135 {N-NSF} απατηθεισα 538 {V-APP-NSF} εν 1722 {PREP} παραβασει 3847 {N-DSF} γεγονεν 1096 {V-2RAI-3S}
2,15,σωθησεται 4982 {V-FPI-3S} δε 1161 {CONJ} δια 1223 {PREP} της 3588 {T-GSF} τεκνογονιας 5042 {N-GSF} εαν 1437 {COND} μεινωσιν 3306 {V-AAS-3P} εν 1722 {PREP} πιστει 4102 {N-DSF} και 2532 {CONJ} αγαπη 26 {N-DSF} και 2532 {CONJ} αγιασμω 38 {N-DSM} μετα 3326 {PREP} σωφροσυνης 4997 {N-GSF}
3,1,πιστος 4103 {A-NSM} ο 3588 {T-NSM} λογος 3056 {N-NSM} ει 1487 {COND} τις 5100 {X-NSM} επισκοπης 1984 {N-GSF} ορεγεται 3713 {V-PMI-3S} καλου 2570 {A-GSN} εργου 2041 {N-GSN} επιθυμει 1937 {V-PAI-3S}
3,2,δει 1163 {V-PAI-3S} ουν 3767 {CONJ} τον 3588 {T-ASM} επισκοπον 1985 {N-ASM} ανεπιληπτον 423 {A-ASM} ειναι 1510 {V-PAN} μιας 1520 {A-GSF} γυναικος 1135 {N-GSF} ανδρα 435 {N-ASM} νηφαλεον 3524 {A-ASM} σωφρονα 4998 {A-ASM} κοσμιον 2887 {A-ASM} φιλοξενον 5382 {A-ASM} διδακτικον 1317 {A-ASM}
3,3,μη 3361 {PRT-N} παροινον 3943 {A-ASM} μη 3361 {PRT-N} πληκτην 4131 {N-ASM} μη 3361 {PRT-N} αισχροκερδη 146 {A-ASM} αλλ 235 {CONJ} επιεικη 1933 {A-ASM} αμαχον 269 {A-ASM} αφιλαργυρον 866 {A-ASM}
3,4,του 3588 {T-GSM} ιδιου 2398 {A-GSM} οικου 3624 {N-GSM} καλως 2573 {ADV} προισταμενον 4291 {V-PMP-ASM} τεκνα 5043 {N-APN} εχοντα 2192 {V-PAP-ASM} εν 1722 {PREP} υποταγη 5292 {N-DSF} μετα 3326 {PREP} πασης 3956 {A-GSF} σεμνοτητος 4587 {N-GSF}
3,5,ει 1487 {COND} δε 1161 {CONJ} τις 5100 {X-NSM} του 3588 {T-GSM} ιδιου 2398 {A-GSM} οικου 3624 {N-GSM} προστηναι 4291 {V-2AAN} ουκ 3756 {PRT-N} οιδεν 1492 {V-RAI-3S} πως 4459 {ADV-I} εκκλησιας 1577 {N-GSF} θεου 2316 {N-GSM} επιμελησεται 1959 {V-FDI-3S}
3,6,μη 3361 {PRT-N} νεοφυτον 3504 {A-ASM} ινα 2443 {CONJ} μη 3361 {PRT-N} τυφωθεις 5187 {V-APP-NSM} εις 1519 {PREP} κριμα 2917 {N-ASN} εμπεση 1706 {V-2AAS-3S} του 3588 {T-GSM} διαβολου 1228 {A-GSM}
3,7,δει 1163 {V-PAI-3S} δε 1161 {CONJ} αυτον 846 {P-ASM} και 2532 {CONJ} μαρτυριαν 3141 {N-ASF} καλην 2570 {A-ASF} εχειν 2192 {V-PAN} απο 575 {PREP} των 3588 {T-GPM} εξωθεν 1855 {ADV} ινα 2443 {CONJ} μη 3361 {PRT-N} εις 1519 {PREP} ονειδισμον 3680 {N-ASM} εμπεση 1706 {V-2AAS-3S} και 2532 {CONJ} παγιδα 3803 {N-ASF} του 3588 {T-GSM} διαβολου 1228 {A-GSM}
3,8,διακονους 1249 {N-APM} ωσαυτως 5615 {ADV} σεμνους 4586 {A-APM} μη 3361 {PRT-N} διλογους 1351 {A-APM} μη 3361 {PRT-N} οινω 3631 {N-DSM} πολλω 4183 {A-DSM} προσεχοντας 4337 {V-PAP-APM} μη 3361 {PRT-N} αισχροκερδεις 146 {A-APM}
3,9,εχοντας 2192 {V-PAP-APM} το 3588 {T-ASN} μυστηριον 3466 {N-ASN} της 3588 {T-GSF} πιστεως 4102 {N-GSF} εν 1722 {PREP} καθαρα 2513 {A-DSF} συνειδησει 4893 {N-DSF}
3,10,και 2532 {CONJ} ουτοι 3778 {D-NPM} δε 1161 {CONJ} δοκιμαζεσθωσαν 1381 {V-PPM-3P} πρωτον 4412 {ADV-S} ειτα 1534 {ADV} διακονειτωσαν 1247 {V-PAM-3P} ανεγκλητοι 410 {A-NPM} οντες 1510 {V-PAP-NPM}
3,11,γυναικας 1135 {N-APF} ωσαυτως 5615 {ADV} σεμνας 4586 {A-APF} μη 3361 {PRT-N} διαβολους 1228 {A-APF} νηφαλεους 3524 {A-APF} πιστας 4103 {A-APF} εν 1722 {PREP} πασιν 3956 {A-DPN}
3,12,διακονοι 1249 {N-NPM} εστωσαν 1510 {V-PAM-3P} μιας 1520 {A-GSF} γυναικος 1135 {N-GSF} ανδρες 435 {N-NPM} τεκνων 5043 {N-GPN} καλως 2573 {ADV} προισταμενοι 4291 {V-PMP-NPM} και 2532 {CONJ} των 3588 {T-GPM} ιδιων 2398 {A-GPM} οικων 3624 {N-GPM}
3,13,οι 3588 {T-NPM} γαρ 1063 {CONJ} καλως 2573 {ADV} διακονησαντες 1247 {V-AAP-NPM} βαθμον 898 {N-ASM} εαυτοις 1438 {F-3DPM} καλον 2570 {A-ASM} περιποιουνται 4046 {V-PMI-3P} και 2532 {CONJ} πολλην 4183 {A-ASF} παρρησιαν 3954 {N-ASF} εν 1722 {PREP} πιστει 4102 {N-DSF} τη 3588 {T-DSF} εν 1722 {PREP} χριστω 5547 {N-DSM} ιησου 2424 {N-DSM}
3,14,ταυτα 3778 {D-APN} σοι 4771 {P-2DS} γραφω 1125 {V-PAI-1S} ελπιζων 1679 {V-PAP-NSM} ελθειν 2064 {V-2AAN} προς 4314 {PREP} σε 4771 {P-2AS} ταχιον 5032 {ADV-C}
3,15,εαν 1437 {COND} δε 1161 {CONJ} βραδυνω 1019 {V-PAS-1S} ινα 2443 {CONJ} ειδης 1492 {V-RAS-2S} πως 4459 {ADV} δει 1163 {V-PAI-3S} εν 1722 {PREP} οικω 3624 {N-DSM} θεου 2316 {N-GSM} αναστρεφεσθαι 390 {V-PPN} ητις 3748 {R-NSF} εστιν 1510 {V-PAI-3S} εκκλησια 1577 {N-NSF} θεου 2316 {N-GSM} ζωντος 2198 {V-PAP-GSM} στυλος 4769 {N-NSM} και 2532 {CONJ} εδραιωμα 1477 {N-NSN} της 3588 {T-GSF} αληθειας 225 {N-GSF}
3,16,και 2532 {CONJ} ομολογουμενως 3672 {ADV} μεγα 3173 {A-NSN} εστιν 1510 {V-PAI-3S} το 3588 {T-NSN} της 3588 {T-GSF} ευσεβειας 2150 {N-GSF} μυστηριον 3466 {N-NSN} θεος 2316 {N-NSM} εφανερωθη 5319 {V-API-3S} εν 1722 {PREP} σαρκι 4561 {N-DSF} εδικαιωθη 1344 {V-API-3S} εν 1722 {PREP} πνευματι 4151 {N-DSN} ωφθη 3708 {V-API-3S} αγγελοις 32 {N-DPM} εκηρυχθη 2784 {V-API-3S} εν 1722 {PREP} εθνεσιν 1484 {N-DPN} επιστευθη 4100 {V-API-3S} εν 1722 {PREP} κοσμω 2889 {N-DSM} ανεληφθη 353 {V-API-3S} εν 1722 {PREP} δοξη 1391 {N-DSF}
4,1,το 3588 {T-NSN} δε 1161 {CONJ} πνευμα 4151 {N-NSN} ρητως 4490 {ADV} λεγει 3004 {V-PAI-3S} οτι 3754 {CONJ} εν 1722 {PREP} υστεροις 5306 {A-DPM} καιροις 2540 {N-DPM} αποστησονται 868 {V-FDI-3P} τινες 5100 {X-NPM} της 3588 {T-GSF} πιστεως 4102 {N-GSF} προσεχοντες 4337 {V-PAP-NPM} πνευμασιν 4151 {N-DPN} πλανοις 4108 {A-DPN} και 2532 {CONJ} διδασκαλιαις 1319 {N-DPF} δαιμονιων 1140 {N-GPN}
4,2,εν 1722 {PREP} υποκρισει 5272 {N-DSF} ψευδολογων 5573 {A-GPM} κεκαυτηριασμενων 2743 {V-RPP-GPM} την 3588 {T-ASF} ιδιαν 2398 {A-ASF} συνειδησιν 4893 {N-ASF}
4,3,κωλυοντων 2967 {V-PAP-GPM} γαμειν 1060 {V-PAN} απεχεσθαι 568 {V-PMN} βρωματων 1033 {N-GPN} α 3739 {R-APN} ο 3588 {T-NSM} θεος 2316 {N-NSM} εκτισεν 2936 {V-AAI-3S} εις 1519 {PREP} μεταληψιν 3336 {N-ASF} μετα 3326 {PREP} ευχαριστιας 2169 {N-GSF} τοις 3588 {T-DPM} πιστοις 4103 {A-DPM} και 2532 {CONJ} επεγνωκοσιν 1921 {V-RAP-DPM} την 3588 {T-ASF} αληθειαν 225 {N-ASF}
4,4,οτι 3754 {CONJ} παν 3956 {A-NSN} κτισμα 2938 {N-NSN} θεου 2316 {N-GSM} καλον 2570 {A-NSN} και 2532 {CONJ} ουδεν 3762 {A-NSN-N} αποβλητον 579 {A-NSN} μετα 3326 {PREP} ευχαριστιας 2169 {N-GSF} λαμβανομενον 2983 {V-PPP-NSN}
4,5,αγιαζεται 37 {V-PPI-3S} γαρ 1063 {CONJ} δια 1223 {PREP} λογου 3056 {N-GSM} θεου 2316 {N-GSM} και 2532 {CONJ} εντευξεως 1783 {N-GSF}
4,6,ταυτα 3778 {D-APN} υποτιθεμενος 5294 {V-PMP-NSM} τοις 3588 {T-DPM} αδελφοις 80 {N-DPM} καλος 2570 {A-NSM} εση 1510 {V-FDI-2S} διακονος 1249 {N-NSM} ιησου 2424 {N-GSM} χριστου 5547 {N-GSM} εντρεφομενος 1789 {V-PPP-NSM} τοις 3588 {T-DPM} λογοις 3056 {N-DPM} της 3588 {T-GSF} πιστεως 4102 {N-GSF} και 2532 {CONJ} της 3588 {T-GSF} καλης 2570 {A-GSF} διδασκαλιας 1319 {N-GSF} η 3739 {R-DSF} παρηκολουθηκας 3877 {V-RAI-2S}
4,7,τους 3588 {T-APM} δε 1161 {CONJ} βεβηλους 952 {A-APM} και 2532 {CONJ} γραωδεις 1126 {A-APM} μυθους 3454 {N-APM} παραιτου 3868 {V-PNM-2S} γυμναζε 1128 {V-PAM-2S} δε 1161 {CONJ} σεαυτον 4572 {F-2ASM} προς 4314 {PREP} ευσεβειαν 2150 {N-ASF}
4,8,η 3588 {T-NSF} γαρ 1063 {CONJ} σωματικη 4984 {A-NSF} γυμνασια 1129 {N-NSF} προς 4314 {PREP} ολιγον 3641 {A-ASN} εστιν 1510 {V-PAI-3S} ωφελιμος 5624 {A-NSF} η 3588 {T-NSF} δε 1161 {CONJ} ευσεβεια 2150 {N-NSF} προς 4314 {PREP} παντα 3956 {A-APN} ωφελιμος 5624 {A-NSF} εστιν 1510 {V-PAI-3S} επαγγελιαν 1860 {N-ASF} εχουσα 2192 {V-PAP-NSF} ζωης 2222 {N-GSF} της 3588 {T-GSF} νυν 3568 {ADV} και 2532 {CONJ} της 3588 {T-GSF} μελλουσης 3195 {V-PAP-GSF}
4,9,πιστος 4103 {A-NSM} ο 3588 {T-NSM} λογος 3056 {N-NSM} και 2532 {CONJ} πασης 3956 {A-GSF} αποδοχης 594 {N-GSF} αξιος 514 {A-NSM}
4,10,εις 1519 {PREP} τουτο 3778 {D-ASN} γαρ 1063 {CONJ} και 2532 {CONJ} κοπιωμεν 2872 {V-PAI-1P} και 2532 {CONJ} ονειδιζομεθα 3679 {V-PPI-1P} οτι 3754 {CONJ} ηλπικαμεν 1679 {V-RAI-1P} επι 1909 {PREP} θεω 2316 {N-DSM} ζωντι 2198 {V-PAP-DSM} ος 3739 {R-NSM} εστιν 1510 {V-PAI-3S} σωτηρ 4990 {N-NSM} παντων 3956 {A-GPM} ανθρωπων 444 {N-GPM} μαλιστα 3122 {ADV-S} πιστων 4103 {A-GPM}
4,11,παραγγελλε 3853 {V-PAM-2S} ταυτα 3778 {D-APN} και 2532 {CONJ} διδασκε 1321 {V-PAM-2S}
4,12,μηδεις 3367 {A-NSM-N} σου 4771 {P-2GS} της 3588 {T-GSF} νεοτητος 3503 {N-GSF} καταφρονειτω 2706 {V-PAM-3S} αλλα 235 {CONJ} τυπος 5179 {N-NSM} γινου 1096 {V-PNM-2S} των 3588 {T-GPM} πιστων 4103 {A-GPM} εν 1722 {PREP} λογω 3056 {N-DSM} εν 1722 {PREP} αναστροφη 391 {N-DSF} εν 1722 {PREP} αγαπη 26 {N-DSF} εν 1722 {PREP} πνευματι 4151 {N-DSN} εν 1722 {PREP} πιστει 4102 {N-DSF} εν 1722 {PREP} αγνεια 47 {N-DSF}
4,13,εως 2193 {ADV} ερχομαι 2064 {V-PNI-1S} προσεχε 4337 {V-PAM-2S} τη 3588 {T-DSF} αναγνωσει 320 {N-DSF} τη 3588 {T-DSF} παρακλησει 3874 {N-DSF} τη 3588 {T-DSF} διδασκαλια 1319 {N-DSF}
4,14,μη 3361 {PRT-N} αμελει 272 {V-PAM-2S} του 3588 {T-GSN} εν 1722 {PREP} σοι 4771 {P-2DS} χαρισματος 5486 {N-GSN} ο 3739 {R-NSN} εδοθη 1325 {V-API-3S} σοι 4771 {P-2DS} δια 1223 {PREP} προφητειας 4394 {N-GSF} μετα 3326 {PREP} επιθεσεως 1936 {N-GSF} των 3588 {T-GPF} χειρων 5495 {N-GPF} του 3588 {T-GSN} πρεσβυτεριου 4244 {N-GSN}
4,15,ταυτα 3778 {D-APN} μελετα 3191 {V-PAM-2S} εν 1722 {PREP} τουτοις 3778 {D-DPN} ισθι 1510 {V-PAM-2S} ινα 2443 {CONJ} σου 4771 {P-2GS} η 3588 {T-NSF} προκοπη 4297 {N-NSF} φανερα 5318 {A-NSF} η 1510 {V-PAS-3S} εν 1722 {PREP} πασιν 3956 {A-DPM}
4,16,επεχε 1907 {V-PAM-2S} σεαυτω 4572 {F-2DSM} και 2532 {CONJ} τη 3588 {T-DSF} διδασκαλια 1319 {N-DSF} επιμενε 1961 {V-PAM-2S} αυτοις 846 {P-DPN} τουτο 3778 {D-ASN} γαρ 1063 {CONJ} ποιων 4160 {V-PAP-NSM} και 2532 {CONJ} σεαυτον 4572 {F-2ASM} σωσεις 4982 {V-FAI-2S} και 2532 {CONJ} τους 3588 {T-APM} ακουοντας 191 {V-PAP-APM} σου 4771 {P-2GS}
5,1,πρεσβυτερω 4245 {A-DSM-C} μη 3361 {PRT-N} επιπληξης 1969 {V-AAS-2S} αλλα 235 {CONJ} παρακαλει 3870 {V-PAM-2S} ως 5613 {ADV} πατερα 3962 {N-ASM} νεωτερους 3501 {A-APM-C} ως 5613 {ADV} αδελφους 80 {N-APM}
5,2,πρεσβυτερας 4245 {A-APF-C} ως 5613 {ADV} μητερας 3384 {N-APF} νεωτερας 3501 {A-APF-C} ως 5613 {ADV} αδελφας 79 {N-APF} εν 1722 {PREP} παση 3956 {A-DSF} αγνεια 47 {N-DSF}
5,3,χηρας 5503 {N-APF} τιμα 5091 {V-PAM-2S} τας 3588 {T-APF} οντως 3689 {ADV} χηρας 5503 {N-APF}
5,4,ει 1487 {COND} δε 1161 {CONJ} τις 5100 {X-NSF} χηρα 5503 {N-NSF} τεκνα 5043 {N-APN} η 2228 {PRT} εκγονα 1549 {A-APN} εχει 2192 {V-PAI-3S} μανθανετωσαν 3129 {V-PAM-3P} πρωτον 4412 {ADV-S} τον 3588 {T-ASM} ιδιον 2398 {A-ASM} οικον 3624 {N-ASM} ευσεβειν 2151 {V-PAN} και 2532 {CONJ} αμοιβας 287 {N-APF} αποδιδοναι 591 {V-PAN} τοις 3588 {T-DPM} προγονοις 4269 {N-DPM} τουτο 3778 {D-NSN} γαρ 1063 {CONJ} εστιν 1510 {V-PAI-3S} αποδεκτον 587 {A-NSN} ενωπιον 1799 {PREP} του 3588 {T-GSM} θεου 2316 {N-GSM}
5,5,η 3588 {T-NSF} δε 1161 {CONJ} οντως 3689 {ADV} χηρα 5503 {N-NSF} και 2532 {CONJ} μεμονωμενη 3443 {V-RPP-NSF} ηλπικεν 1679 {V-RAI-3S} επι 1909 {PREP} τον 3588 {T-ASM} θεον 2316 {N-ASM} και 2532 {CONJ} προσμενει 4357 {V-PAI-3S} ταις 3588 {T-DPF} δεησεσιν 1162 {N-DPF} και 2532 {CONJ} ταις 3588 {T-DPF} προσευχαις 4335 {N-DPF} νυκτος 3571 {N-GSF} και 2532 {CONJ} ημερας 2250 {N-GSF}
5,6,η 3588 {T-NSF} δε 1161 {CONJ} σπαταλωσα 4684 {V-PAP-NSF} ζωσα 2198 {V-PAP-NSF} τεθνηκεν 2348 {V-RAI-3S}
5,7,και 2532 {CONJ} ταυτα 3778 {D-APN} παραγγελλε 3853 {V-PAM-2S} ινα 2443 {CONJ} ανεπιληπτοι 423 {A-NPM} ωσιν 1510 {V-PAS-3P}
5,8,ει 1487 {COND} δε 1161 {CONJ} τις 5100 {X-NSM} των 3588 {T-GPM} ιδιων 2398 {A-GPM} και 2532 {CONJ} μαλιστα 3122 {ADV-S} των 3588 {T-GPM} οικειων 3609 {A-GPM} ου 3756 {PRT-N} προνοει 4306 {V-PAI-3S} την 3588 {T-ASF} πιστιν 4102 {N-ASF} ηρνηται 720 {V-RNI-3S} και 2532 {CONJ} εστιν 1510 {V-PAI-3S} απιστου 571 {A-GSM} χειρων 5501 {A-NSM-C}
5,9,χηρα 5503 {N-NSF} καταλεγεσθω 2639 {V-PPM-3S} μη 3361 {PRT-N} ελαττον 1640 {A-NSN} ετων 2094 {N-GPN} εξηκοντα 1835 {A-NUI} γεγονυια 1096 {V-2RAP-NSF} ενος 1520 {A-GSM} ανδρος 435 {N-GSM} γυνη 1135 {N-NSF}
5,10,εν 1722 {PREP} εργοις 2041 {N-DPN} καλοις 2570 {A-DPN} μαρτυρουμενη 3140 {V-PPP-NSF} ει 1487 {COND} ετεκνοτροφησεν 5044 {V-AAI-3S} ει 1487 {COND} εξενοδοχησεν 3580 {V-AAI-3S} ει 1487 {COND} αγιων 40 {A-GPM} ποδας 4228 {N-APM} ενιψεν 3538 {V-AAI-3S} ει 1487 {COND} θλιβομενοις 2346 {V-PPP-DPM} επηρκεσεν 1884 {V-AAI-3S} ει 1487 {COND} παντι 3956 {A-DSN} εργω 2041 {N-DSN} αγαθω 18 {A-DSN} επηκολουθησεν 1872 {V-AAI-3S}
5,11,νεωτερας 3501 {A-APF-C} δε 1161 {CONJ} χηρας 5503 {N-APF} παραιτου 3868 {V-PNM-2S} οταν 3752 {CONJ} γαρ 1063 {CONJ} καταστρηνιασωσιν 2691 {V-AAS-3P} του 3588 {T-GSM} χριστου 5547 {N-GSM} γαμειν 1060 {V-PAN} θελουσιν 2309 {V-PAI-3P}
5,12,εχουσαι 2192 {V-PAP-NPF} κριμα 2917 {N-ASN} οτι 3754 {CONJ} την 3588 {T-ASF} πρωτην 4413 {A-ASF-S} πιστιν 4102 {N-ASF} ηθετησαν 114 {V-AAI-3P}
5,13,αμα 260 {ADV} δε 1161 {CONJ} και 2532 {CONJ} αργαι 692 {A-NPF} μανθανουσιν 3129 {V-PAI-3P} περιερχομεναι 4022 {V-PNP-NPF} τας 3588 {T-APF} οικιας 3614 {N-APF} ου 3756 {PRT-N} μονον 3440 {ADV} δε 1161 {CONJ} αργαι 692 {A-NPF} αλλα 235 {CONJ} και 2532 {CONJ} φλυαροι 5397 {A-NPF} και 2532 {CONJ} περιεργοι 4021 {A-NPF} λαλουσαι 2980 {V-PAP-NPF} τα 3588 {T-APN} μη 3361 {PRT-N} δεοντα 1163 {V-PAP-APN}
5,14,βουλομαι 1014 {V-PNI-1S} ουν 3767 {CONJ} νεωτερας 3501 {A-APF-C} γαμειν 1060 {V-PAN} τεκνογονειν 5041 {V-PAN} οικοδεσποτειν 3616 {V-PAN} μηδεμιαν 3367 {A-ASF-N} αφορμην 874 {N-ASF} διδοναι 1325 {V-PAN} τω 3588 {T-DSM} αντικειμενω 480 {V-PNP-DSM} λοιδοριας 3059 {N-GSF} χαριν 5484 {PREP}
5,15,ηδη 2235 {ADV} γαρ 1063 {CONJ} τινες 5100 {X-NPF} εξετραπησαν 1624 {V-2API-3P} οπισω 3694 {ADV} του 3588 {T-GSM} σατανα 4567 {N-GSM}
5,16,ει 1487 {COND} τις 5100 {X-NSM} πιστος 4103 {A-NSM} η 2228 {PRT} πιστη 4103 {A-NSF} εχει 2192 {V-PAI-3S} χηρας 5503 {N-APF} επαρκειτω 1884 {V-PAM-3S} αυταις 846 {P-DPF} και 2532 {CONJ} μη 3361 {PRT-N} βαρεισθω 916 {V-PPM-3S} η 3588 {T-NSF} εκκλησια 1577 {N-NSF} ινα 2443 {CONJ} ταις 3588 {T-DPF} οντως 3689 {ADV} χηραις 5503 {N-DPF} επαρκεση 1884 {V-AAS-3S}
5,17,οι 3588 {T-NPM} καλως 2573 {ADV} προεστωτες 4291 {V-RAP-NPM} πρεσβυτεροι 4245 {A-NPM-C} διπλης 1362 {A-GSF} τιμης 5092 {N-GSF} αξιουσθωσαν 515 {V-PPM-3P} μαλιστα 3122 {ADV-S} οι 3588 {T-NPM} κοπιωντες 2872 {V-PAP-NPM} εν 1722 {PREP} λογω 3056 {N-DSM} και 2532 {CONJ} διδασκαλια 1319 {N-DSF}
5,18,λεγει 3004 {V-PAI-3S} γαρ 1063 {CONJ} η 3588 {T-NSF} γραφη 1124 {N-NSF} βουν 1016 {N-ASM} αλοωντα 248 {V-PAP-ASM} ου 3756 {PRT-N} φιμωσεις 5392 {V-FAI-2S} και 2532 {CONJ} αξιος 514 {A-NSM} ο 3588 {T-NSM} εργατης 2040 {N-NSM} του 3588 {T-GSM} μισθου 3408 {N-GSM} αυτου 846 {P-GSM}
5,19,κατα 2596 {PREP} πρεσβυτερου 4245 {A-GSM-C} κατηγοριαν 2724 {N-ASF} μη 3361 {PRT-N} παραδεχου 3858 {V-PNM-2S} εκτος 1622 {ADV} ει 1487 {COND} μη 3361 {PRT-N} επι 1909 {PREP} δυο 1417 {A-NUI} η 2228 {PRT} τριων 5140 {A-GPM} μαρτυρων 3144 {N-GPM}
5,20,τους 3588 {T-APM} αμαρτανοντας 264 {V-PAP-APM} ενωπιον 1799 {PREP} παντων 3956 {A-GPM} ελεγχε 1651 {V-PAM-2S} ινα 2443 {CONJ} και 2532 {CONJ} οι 3588 {T-NPM} λοιποι 3062 {A-NPM} φοβον 5401 {N-ASM} εχωσιν 2192 {V-PAS-3P}
5,21,διαμαρτυρομαι 1263 {V-PNI-1S} ενωπιον 1799 {PREP} του 3588 {T-GSM} θεου 2316 {N-GSM} και 2532 {CONJ} κυριου 2962 {N-GSM} ιησου 2424 {N-GSM} χριστου 5547 {N-GSM} και 2532 {CONJ} των 3588 {T-GPM} εκλεκτων 1588 {A-GPM} αγγελων 32 {N-GPM} ινα 2443 {CONJ} ταυτα 3778 {D-APN} φυλαξης 5442 {V-AAS-2S} χωρις 5565 {ADV} προκριματος 4299 {N-GSN} μηδεν 3367 {A-ASN-N} ποιων 4160 {V-PAP-NSM} κατα 2596 {PREP} προσκλησιν 4346 {N-ASF}
5,22,χειρας 5495 {N-APF} ταχεως 5030 {ADV} μηδενι 3367 {A-DSM-N} επιτιθει 2007 {V-PAM-2S} μηδε 3366 {CONJ-N} κοινωνει 2841 {V-PAM-2S} αμαρτιαις 266 {N-DPF} αλλοτριαις 245 {A-DPF} σεαυτον 4572 {F-2ASM} αγνον 53 {A-ASM} τηρει 5083 {V-PAM-2S}
5,23,μηκετι 3371 {ADV-N} υδροποτει 5202 {V-PAM-2S} αλλ 235 {CONJ} οινω 3631 {N-DSM} ολιγω 3641 {A-DSM} χρω 5530 {V-PNM-2S} δια 1223 {PREP} τον 3588 {T-ASM} στομαχον 4751 {N-ASM} σου 4771 {P-2GS} και 2532 {CONJ} τας 3588 {T-APF} πυκνας 4437 {A-APF} σου 4771 {P-2GS} ασθενειας 769 {N-APF}
5,24,τινων 5100 {X-GPM} ανθρωπων 444 {N-GPM} αι 3588 {T-NPF} αμαρτιαι 266 {N-NPF} προδηλοι 4271 {A-NPF} εισιν 1510 {V-PAI-3P} προαγουσαι 4254 {V-PAP-NPF} εις 1519 {PREP} κρισιν 2920 {N-ASF} τισιν 5100 {X-DPM} δε 1161 {CONJ} και 2532 {CONJ} επακολουθουσιν 1872 {V-PAI-3P}
5,25,ωσαυτως 5615 {ADV} και 2532 {CONJ} τα 3588 {T-NPN} καλα 2570 {A-NPN} εργα 2041 {N-NPN} προδηλα 4271 {A-NPN} εστιν 1510 {V-PAI-3S} και 2532 {CONJ} τα 3588 {T-NPN} αλλως 247 {ADV} εχοντα 2192 {V-PAP-NPN} κρυβηναι 2928 {V-2APN} ου 3756 {PRT-N} δυνανται 1410 {V-PNI-3P}
6,1,οσοι 3745 {K-NPM} εισιν 1510 {V-PAI-3P} υπο 5259 {PREP} ζυγον 2218 {N-ASM} δουλοι 1401 {N-NPM} τους 3588 {T-APM} ιδιους 2398 {A-APM} δεσποτας 1203 {N-APM} πασης 3956 {A-GSF} τιμης 5092 {N-GSF} αξιους 514 {A-APM} ηγεισθωσαν 2233 {V-PNM-3P} ινα 2443 {CONJ} μη 3361 {PRT-N} το 3588 {T-NSN} ονομα 3686 {N-NSN} του 3588 {T-GSM} θεου 2316 {N-GSM} και 2532 {CONJ} η 3588 {T-NSF} διδασκαλια 1319 {N-NSF} βλασφημηται 987 {V-PPS-3S}
6,2,οι 3588 {T-NPM} δε 1161 {CONJ} πιστους 4103 {A-APM} εχοντες 2192 {V-PAP-NPM} δεσποτας 1203 {N-APM} μη 3361 {PRT-N} καταφρονειτωσαν 2706 {V-PAM-3P} οτι 3754 {CONJ} αδελφοι 80 {N-NPM} εισιν 1510 {V-PAI-3P} αλλα 235 {CONJ} μαλλον 3123 {ADV} δουλευετωσαν 1398 {V-PAM-3P} οτι 3754 {CONJ} πιστοι 4103 {A-NPM} εισιν 1510 {V-PAI-3P} και 2532 {CONJ} αγαπητοι 27 {A-NPM} οι 3588 {T-NPM} της 3588 {T-GSF} ευεργεσιας 2108 {N-GSF} αντιλαμβανομενοι 482 {V-PNP-NPM} ταυτα 3778 {D-APN} διδασκε 1321 {V-PAM-2S} και 2532 {CONJ} παρακαλει 3870 {V-PAM-2S}
6,3,ει 1487 {COND} τις 5100 {X-NSM} ετεροδιδασκαλει 2085 {V-PAI-3S} και 2532 {CONJ} μη 3361 {PRT-N} προσερχεται 4334 {V-PNI-3S} υγιαινουσιν 5198 {V-PAP-DPM} λογοις 3056 {N-DPM} τοις 3588 {T-DPM} του 3588 {T-GSM} κυριου 2962 {N-GSM} ημων 1473 {P-1GP} ιησου 2424 {N-GSM} χριστου 5547 {N-GSM} και 2532 {CONJ} τη 3588 {T-DSF} κατ 2596 {PREP} ευσεβειαν 2150 {N-ASF} διδασκαλια 1319 {N-DSF}
6,4,τετυφωται 5187 {V-RPI-3S} μηδεν 3367 {A-ASN-N} επισταμενος 1987 {V-PNP-NSM} αλλα 235 {CONJ} νοσων 3552 {V-PAP-NSM} περι 4012 {PREP} ζητησεις 2214 {N-APF} και 2532 {CONJ} λογομαχιας 3055 {N-APF} εξ 1537 {PREP} ων 3739 {R-GPF} γινεται 1096 {V-PNI-3S} φθονος 5355 {N-NSM} ερις 2054 {N-NSF} βλασφημιαι 988 {N-NPF} υπονοιαι 5283 {N-NPF} πονηραι 4190 {A-NPF}
6,5,διαπαρατριβαι 3859 {N-NPF} διεφθαρμενων 1311 {V-RPP-GPM} ανθρωπων 444 {N-GPM} τον 3588 {T-ASM} νουν 3563 {N-ASM} και 2532 {CONJ} απεστερημενων 650 {V-RPP-GPM} της 3588 {T-GSF} αληθειας 225 {N-GSF} νομιζοντων 3543 {V-PAP-GPM} πορισμον 4200 {N-ASM} ειναι 1510 {V-PAN} την 3588 {T-ASF} ευσεβειαν 2150 {N-ASF} αφιστασο 868 {V-PNM-2S} απο 575 {PREP} των 3588 {T-GPM} τοιουτων 5108 {D-GPM}
6,6,εστιν 1510 {V-PAI-3S} δε 1161 {CONJ} πορισμος 4200 {N-NSM} μεγας 3173 {A-NSM} η 3588 {T-NSF} ευσεβεια 2150 {N-NSF} μετα 3326 {PREP} αυταρκειας 841 {N-GSF}
6,7,ουδεν 3762 {A-ASN-N} γαρ 1063 {CONJ} εισηνεγκαμεν 1533 {V-AAI-1P} εις 1519 {PREP} τον 3588 {T-ASM} κοσμον 2889 {N-ASM} δηλον 1212 {A-NSN} οτι 3754 {CONJ} ουδε 3761 {CONJ-N} εξενεγκειν 1627 {V-2AAN} τι 5100 {X-ASN} δυναμεθα 1410 {V-PNI-1P}
6,8,εχοντες 2192 {V-PAP-NPM} δε 1161 {CONJ} διατροφας 1305 {N-APF} και 2532 {CONJ} σκεπασματα 4629 {N-APN} τουτοις 3778 {D-DPN} αρκεσθησομεθα 714 {V-FPI-1P}
6,9,οι 3588 {T-NPM} δε 1161 {CONJ} βουλομενοι 1014 {V-PNP-NPM} πλουτειν 4147 {V-PAN} εμπιπτουσιν 1706 {V-PAI-3P} εις 1519 {PREP} πειρασμον 3986 {N-ASM} και 2532 {CONJ} παγιδα 3803 {N-ASF} και 2532 {CONJ} επιθυμιας 1939 {N-APF} πολλας 4183 {A-APF} ανοητους 453 {A-APF} και 2532 {CONJ} βλαβερας 983 {A-APF} αιτινες 3748 {R-NPF} βυθιζουσιν 1036 {V-PAI-3P} τους 3588 {T-APM} ανθρωπους 444 {N-APM} εις 1519 {PREP} ολεθρον 3639 {N-ASM} και 2532 {CONJ} απωλειαν 684 {N-ASF}
6,10,ριζα 4491 {N-NSF} γαρ 1063 {CONJ} παντων 3956 {A-GPN} των 3588 {T-GPN} κακων 2556 {A-GPN} εστιν 1510 {V-PAI-3S} η 3588 {T-NSF} φιλαργυρια 5365 {N-NSF} ης 3739 {R-GSF} τινες 5100 {X-NPM} ορεγομενοι 3713 {V-PMP-NPM} απεπλανηθησαν 635 {V-API-3P} απο 575 {PREP} της 3588 {T-GSF} πιστεως 4102 {N-GSF} και 2532 {CONJ} εαυτους 1438 {F-3APM} περιεπειραν 4044 {V-AAI-3P} οδυναις 3601 {N-DPF} πολλαις 4183 {A-DPF}
6,11,συ 4771 {P-2NS} δε 1161 {CONJ} ω 5599 {INJ} ανθρωπε 444 {N-VSM} του 3588 {T-GSM} θεου 2316 {N-GSM} ταυτα 3778 {D-APN} φευγε 5343 {V-PAM-2S} διωκε 1377 {V-PAM-2S} δε 1161 {CONJ} δικαιοσυνην 1343 {N-ASF} ευσεβειαν 2150 {N-ASF} πιστιν 4102 {N-ASF} αγαπην 26 {N-ASF} υπομονην 5281 {N-ASF} πραοτητα 4240 {N-ASF}
6,12,αγωνιζου 75 {V-PNM-2S} τον 3588 {T-ASM} καλον 2570 {A-ASM} αγωνα 73 {N-ASM} της 3588 {T-GSF} πιστεως 4102 {N-GSF} επιλαβου 1949 {V-2ADM-2S} της 3588 {T-GSF} αιωνιου 166 {A-GSF} ζωης 2222 {N-GSF} εις 1519 {PREP} ην 3739 {R-ASF} εκληθης 2564 {V-API-2S} και 2532 {CONJ} ωμολογησας 3670 {V-AAI-2S} την 3588 {T-ASF} καλην 2570 {A-ASF} ομολογιαν 3671 {N-ASF} ενωπιον 1799 {PREP} πολλων 4183 {A-GPM} μαρτυρων 3144 {N-GPM}
6,13,παραγγελλω 3853 {V-PAI-1S} σοι 4771 {P-2DS} ενωπιον 1799 {PREP} του 3588 {T-GSM} θεου 2316 {N-GSM} του 3588 {T-GSM} ζωοποιουντος 2227 {V-PAP-GSM} τα 3588 {T-APN} παντα 3956 {A-APN} και 2532 {CONJ} χριστου 5547 {N-GSM} ιησου 2424 {N-GSM} του 3588 {T-GSM} μαρτυρησαντος 3140 {V-AAP-GSM} επι 1909 {PREP} ποντιου 4194 {N-GSM} πιλατου 4091 {N-GSM} την 3588 {T-ASF} καλην 2570 {A-ASF} ομολογιαν 3671 {N-ASF}
6,14,τηρησαι 5083 {V-AAN} σε 4771 {P-2AS} την 3588 {T-ASF} εντολην 1785 {N-ASF} ασπιλον 784 {A-ASF} ανεπιληπτον 423 {A-ASF} μεχρι 3360 {ADV} της 3588 {T-GSF} επιφανειας 2015 {N-GSF} του 3588 {T-GSM} κυριου 2962 {N-GSM} ημων 1473 {P-1GP} ιησου 2424 {N-GSM} χριστου 5547 {N-GSM}
6,15,ην 3739 {R-ASF} καιροις 2540 {N-DPM} ιδιοις 2398 {A-DPM} δειξει 1166 {V-FAI-3S} ο 3588 {T-NSM} μακαριος 3107 {A-NSM} και 2532 {CONJ} μονος 3441 {A-NSM} δυναστης 1413 {N-NSM} ο 3588 {T-NSM} βασιλευς 935 {N-NSM} των 3588 {T-GPM} βασιλευοντων 936 {V-PAP-GPM} και 2532 {CONJ} κυριος 2962 {N-NSM} των 3588 {T-GPM} κυριευοντων 2961 {V-PAP-GPM}
6,16,ο 3588 {T-NSM} μονος 3441 {A-NSM} εχων 2192 {V-PAP-NSM} αθανασιαν 110 {N-ASF} φως 5457 {N-ASN} οικων 3611 {V-PAP-NSM} απροσιτον 676 {A-ASN} ον 3739 {R-ASM} ειδεν 3708 {V-2AAI-3S} ουδεις 3762 {A-NSM-N} ανθρωπων 444 {N-GPM} ουδε 3761 {CONJ-N} ιδειν 3708 {V-2AAN} δυναται 1410 {V-PNI-3S} ω 3739 {R-DSM} τιμη 5092 {N-NSF} και 2532 {CONJ} κρατος 2904 {N-NSN} αιωνιον 166 {A-NSN} αμην 281 {HEB}
6,17,τοις 3588 {T-DPM} πλουσιοις 4145 {A-DPM} εν 1722 {PREP} τω 3588 {T-DSM} νυν 3568 {ADV} αιωνι 165 {N-DSM} παραγγελλε 3853 {V-PAM-2S} μη 3361 {PRT-N} υψηλοφρονειν 5309 {V-PAN} μηδε 3366 {CONJ-N} ηλπικεναι 1679 {V-RAN} επι 1909 {PREP} πλουτου 4149 {N-GSM} αδηλοτητι 83 {N-DSF} αλλ 235 {CONJ} εν 1722 {PREP} τω 3588 {T-DSM} θεω 2316 {N-DSM} τω 3588 {T-DSM} ζωντι 2198 {V-PAP-DSM} τω 3588 {T-DSM} παρεχοντι 3930 {V-PAP-DSM} ημιν 1473 {P-1DP} παντα 3956 {A-APN} πλουσιως 4146 {ADV} εις 1519 {PREP} απολαυσιν 619 {N-ASF}
6,18,αγαθοεργειν 14 {V-PAN} πλουτειν 4147 {V-PAN} εν 1722 {PREP} εργοις 2041 {N-DPN} καλοις 2570 {A-DPN} ευμεταδοτους 2130 {A-APM} ειναι 1510 {V-PAN} κοινωνικους 2843 {A-APM}
6,19,αποθησαυριζοντας 597 {V-PAP-APM} εαυτοις 1438 {F-3DPM} θεμελιον 2310 {N-ASM} καλον 2570 {A-ASM} εις 1519 {PREP} το 3588 {T-ASN} μελλον 3195 {V-PAP-ASN} ινα 2443 {CONJ} επιλαβωνται 1949 {V-2ADS-3P} της 3588 {T-GSF} αιωνιου 166 {A-GSF} ζωης 2222 {N-GSF}
6,20,ω 5599 {INJ} τιμοθεε 5095 {N-VSM} την 3588 {T-ASF} παραθηκην 3866 {N-ASF} φυλαξον 5442 {V-AAM-2S} εκτρεπομενος 1624 {V-PMP-NSM} τας 3588 {T-APF} βεβηλους 952 {A-APF} κενοφωνιας 2757 {N-APF} και 2532 {CONJ} αντιθεσεις 477 {N-APF} της 3588 {T-GSF} ψευδωνυμου 5581 {A-GSF} γνωσεως 1108 {N-GSF}
6,21,ην 3739 {R-ASF} τινες 5100 {X-NPM} επαγγελλομενοι 1861 {V-PNP-NPM} περι 4012 {PREP} την 3588 {T-ASF} πιστιν 4102 {N-ASF} ηστοχησαν 795 {V-AAI-3P} η 3588 {T-NSF} χαρις 5485 {N-NSF} μετα 3326 {PREP} σου 4771 {P-2GS} αμην 281 {HEB}
