chapter,verse,text
1,1,συμεων 4826 {N-PRI} πετρος 4074 {N-NSM} δουλος 1401 {N-NSM} και 2532 {CONJ} αποστολος 652 {N-NSM} ιησου 2424 {N-GSM} χριστου 5547 {N-GSM} τοις 3588 {T-DPM} ισοτιμον 2472 {A-ASF} ημιν 1473 {P-1DP} λαχουσιν 2975 {V-2AAP-DPM} πιστιν 4102 {N-ASF} εν 1722 {PREP} δικαιοσυνη 1343 {N-DSF} του 3588 {T-GSM} θεου 2316 {N-GSM} ημων 1473 {P-1GP} και 2532 {CONJ} σωτηρος 4990 {N-GSM} ιησου 2424 {N-GSM} χριστου 5547 {N-GSM}
1,2,χαρις 5485 {N-NSF} υμιν 4771 {P-2DP} και 2532 {CONJ} ειρηνη 1515 {N-NSF} πληθυνθειη 4129 {V-APO-3S} εν 1722 {PREP} επιγνωσει 1922 {N-DSF} του 3588 {T-GSM} θεου 2316 {N-GSM} και 2532 {CONJ} ιησου 2424 {N-GSM} του 3588 {T-GSM} κυριου 2962 {N-GSM} ημων 1473 {P-1GP}
1,3,ως 5613 {ADV} παντα 3956 {A-APN} ημιν 1473 {P-1DP} της 3588 {T-GSF} θειας 2304 {A-GSF} δυναμεως 1411 {N-GSF} αυτου 846 {P-GSM} τα 3588 {T-APN} προς 4314 {PREP} ζωην 2222 {N-ASF} και 2532 {CONJ} ευσεβειαν 2150 {N-ASF} δεδωρημενης 1433 {V-RPP-GSF} δια 1223 {PREP} της 3588 {T-GSF} επιγνωσεως 1922 {N-GSF} του 3588 {T-GSM} καλεσαντος 2564 {V-AAP-GSM} ημας 1473 {P-1AP} δια 1223 {PREP} δοξης 1391 {N-GSF} και 2532 {CONJ} αρετης 703 {N-GSF}
1,4,δι 1223 {PREP} ων 3739 {R-GPN} τα 3588 {T-APN} τιμια 5093 {A-APN} ημιν 1473 {P-1DP} και 2532 {CONJ} μεγιστα 3173 {A-APN-S} επαγγελματα 1862 {N-APN} δεδωρηται 1433 {V-RNI-3S} ινα 2443 {CONJ} δια 1223 {PREP} τουτων 3778 {D-GPN} γενησθε 1096 {V-2ADS-2P} θειας 2304 {A-GSF} κοινωνοι 2844 {N-NPM} φυσεως 5449 {N-GSF} αποφυγοντες 668 {V-2AAP-NPM} της 3588 {T-GSF} εν 1722 {PREP} κοσμω 2889 {N-DSM} εν 1722 {PREP} επιθυμια 1939 {N-DSF} φθορας 5356 {N-GSF}
1,5,και 2532 {CONJ} αυτο 846 {P-ASN} τουτο 3778 {D-ASN} δε 1161 {CONJ} σπουδην 4710 {N-ASF} πασαν 3956 {A-ASF} παρεισενεγκαντες 3923 {V-AAP-NPM} επιχορηγησατε 2023 {V-AAM-2P} εν 1722 {PREP} τη 3588 {T-DSF} πιστει 4102 {N-DSF} υμων 4771 {P-2GP} την 3588 {T-ASF} αρετην 703 {N-ASF} εν 1722 {PREP} δε 1161 {CONJ} τη 3588 {T-DSF} αρετη 703 {N-DSF} την 3588 {T-ASF} γνωσιν 1108 {N-ASF}
1,6,εν 1722 {PREP} δε 1161 {CONJ} τη 3588 {T-DSF} γνωσει 1108 {N-DSF} την 3588 {T-ASF} εγκρατειαν 1466 {N-ASF} εν 1722 {PREP} δε 1161 {CONJ} τη 3588 {T-DSF} εγκρατεια 1466 {N-DSF} την 3588 {T-ASF} υπομονην 5281 {N-ASF} εν 1722 {PREP} δε 1161 {CONJ} τη 3588 {T-DSF} υπομονη 5281 {N-DSF} την 3588 {T-ASF} ευσεβειαν 2150 {N-ASF}
1,7,εν 1722 {PREP} δε 1161 {CONJ} τη 3588 {T-DSF} ευσεβεια 2150 {N-DSF} την 3588 {T-ASF} φιλαδελφιαν 5360 {N-ASF} εν 1722 {PREP} δε 1161 {CONJ} τη 3588 {T-DSF} φιλαδελφια 5360 {N-DSF} την 3588 {T-ASF} αγαπην 26 {N-ASF}
1,8,ταυτα 3778 {D-NPN} γαρ 1063 {CONJ} υμιν 4771 {P-2DP} υπαρχοντα 5225 {V-PAP-NPN} και 2532 {CONJ} πλεοναζοντα 4121 {V-PAP-NPN} ουκ 3756 {PRT-N} αργους 692 {A-APM} ουδε 3761 {CONJ-N} ακαρπους 175 {A-APM} καθιστησιν 2525 {V-PAI-3S} εις 1519 {PREP} την 3588 {T-ASF} του 3588 {T-GSM} κυριου 2962 {N-GSM} ημων 1473 {P-1GP} ιησου 2424 {N-GSM} χριστου 5547 {N-GSM} επιγνωσιν 1922 {N-ASF}
1,9,ω 3739 {R-DSM} γαρ 1063 {CONJ} μη 3361 {PRT-N} παρεστιν 3918 {V-PAI-3S} ταυτα 3778 {D-NPN} τυφλος 5185 {A-NSM} εστιν 1510 {V-PAI-3S} μυωπαζων 3467 {V-PAP-NSM} ληθην 3024 {N-ASF} λαβων 2983 {V-2AAP-NSM} του 3588 {T-GSM} καθαρισμου 2512 {N-GSM} των 3588 {T-GPF} παλαι 3819 {ADV} αυτου 846 {P-GSM} αμαρτιων 266 {N-GPF}
1,10,διο 1352 {CONJ} μαλλον 3123 {ADV} αδελφοι 80 {N-VPM} σπουδασατε 4704 {V-AAM-2P} βεβαιαν 949 {A-ASF} υμων 4771 {P-2GP} την 3588 {T-ASF} κλησιν 2821 {N-ASF} και 2532 {CONJ} εκλογην 1589 {N-ASF} ποιεισθαι 4160 {V-PMN} ταυτα 3778 {D-APN} γαρ 1063 {CONJ} ποιουντες 4160 {V-PAP-NPM} ου 3756 {PRT-N} μη 3361 {PRT-N} πταισητε 4417 {V-AAS-2P} ποτε 4218 {PRT}
1,11,ουτως 3779 {ADV} γαρ 1063 {CONJ} πλουσιως 4146 {ADV} επιχορηγηθησεται 2023 {V-FPI-3S} υμιν 4771 {P-2DP} η 3588 {T-NSF} εισοδος 1529 {N-NSF} εις 1519 {PREP} την 3588 {T-ASF} αιωνιον 166 {A-ASF} βασιλειαν 932 {N-ASF} του 3588 {T-GSM} κυριου 2962 {N-GSM} ημων 1473 {P-1GP} και 2532 {CONJ} σωτηρος 4990 {N-GSM} ιησου 2424 {N-GSM} χριστου 5547 {N-GSM}
1,12,διο 1352 {CONJ} ουκ 3756 {PRT-N} αμελησω 272 {V-FAI-1S} αει 104 {ADV} υμας 4771 {P-2AP} υπομιμνησκειν 5279 {V-PAN} περι 4012 {PREP} τουτων 3778 {D-GPN} καιπερ 2539 {CONJ} ειδοτας 1492 {V-RAP-APM} και 2532 {CONJ} εστηριγμενους 4741 {V-RPP-APM} εν 1722 {PREP} τη 3588 {T-DSF} παρουση 3918 {V-PAP-DSF} αληθεια 225 {N-DSF}
1,13,δικαιον 1342 {A-ASN} δε 1161 {CONJ} ηγουμαι 2233 {V-PNI-1S} εφ 1909 {PREP} οσον 3745 {K-ASM} ειμι 1510 {V-PAI-1S} εν 1722 {PREP} τουτω 3778 {D-DSN} τω 3588 {T-DSN} σκηνωματι 4638 {N-DSN} διεγειρειν 1326 {V-PAN} υμας 4771 {P-2AP} εν 1722 {PREP} υπομνησει 5280 {N-DSF}
1,14,ειδως 1492 {V-RAP-NSM} οτι 3754 {CONJ} ταχινη 5031 {A-NSF} εστιν 1510 {V-PAI-3S} η 3588 {T-NSF} αποθεσις 595 {N-NSF} του 3588 {T-GSN} σκηνωματος 4638 {N-GSN} μου 1473 {P-1GS} καθως 2531 {ADV} και 2532 {CONJ} ο 3588 {T-NSM} κυριος 2962 {N-NSM} ημων 1473 {P-1GP} ιησους 2424 {N-NSM} χριστος 5547 {N-NSM} εδηλωσεν 1213 {V-AAI-3S} μοι 1473 {P-1DS}
1,15,σπουδασω 4704 {V-FAI-1S} δε 1161 {CONJ} και 2532 {CONJ} εκαστοτε 1539 {ADV} εχειν 2192 {V-PAN} υμας 4771 {P-2AP} μετα 3326 {PREP} την 3588 {T-ASF} εμην 1699 {S-1SASF} εξοδον 1841 {N-ASF} την 3588 {T-ASF} τουτων 3778 {D-GPN} μνημην 3420 {N-ASF} ποιεισθαι 4160 {V-PMN}
1,16,ου 3756 {PRT-N} γαρ 1063 {CONJ} σεσοφισμενοις 4679 {V-RPP-DPM} μυθοις 3454 {N-DPM} εξακολουθησαντες 1811 {V-AAP-NPM} εγνωρισαμεν 1107 {V-AAI-1P} υμιν 4771 {P-2DP} την 3588 {T-ASF} του 3588 {T-GSM} κυριου 2962 {N-GSM} ημων 1473 {P-1GP} ιησου 2424 {N-GSM} χριστου 5547 {N-GSM} δυναμιν 1411 {N-ASF} και 2532 {CONJ} παρουσιαν 3952 {N-ASF} αλλ 235 {CONJ} εποπται 2030 {N-NPM} γενηθεντες 1096 {V-AOP-NPM} της 3588 {T-GSF} εκεινου 1565 {D-GSM} μεγαλειοτητος 3168 {N-GSF}
1,17,λαβων 2983 {V-2AAP-NSM} γαρ 1063 {CONJ} παρα 3844 {PREP} θεου 2316 {N-GSM} πατρος 3962 {N-GSM} τιμην 5092 {N-ASF} και 2532 {CONJ} δοξαν 1391 {N-ASF} φωνης 5456 {N-GSF} ενεχθεισης 5342 {V-APP-GSF} αυτω 846 {P-DSM} τοιασδε 5107 {D-GSF} υπο 5259 {PREP} της 3588 {T-GSF} μεγαλοπρεπους 3169 {A-GSF} δοξης 1391 {N-GSF} ουτος 3778 {D-NSM} εστιν 1510 {V-PAI-3S} ο 3588 {T-NSM} υιος 5207 {N-NSM} μου 1473 {P-1GS} ο 3588 {T-NSM} αγαπητος 27 {A-NSM} εις 1519 {PREP} ον 3739 {R-ASM} εγω 1473 {P-1NS} ευδοκησα 2106 {V-AAI-1S}
1,18,και 2532 {CONJ} ταυτην 3778 {D-ASF} την 3588 {T-ASF} φωνην 5456 {N-ASF} ημεις 1473 {P-1NP} ηκουσαμεν 191 {V-AAI-1P} εξ 1537 {PREP} ουρανου 3772 {N-GSM} ενεχθεισαν 5342 {V-APP-ASF} συν 4862 {PREP} αυτω 846 {P-DSM} οντες 1510 {V-PAP-NPM} εν 1722 {PREP} τω 3588 {T-DSN} ορει 3735 {N-DSN} τω 3588 {T-DSN} αγιω 40 {A-DSN}
1,19,και 2532 {CONJ} εχομεν 2192 {V-PAI-1P} βεβαιοτερον 949 {A-ASM-C} τον 3588 {T-ASM} προφητικον 4397 {A-ASM} λογον 3056 {N-ASM} ω 3739 {R-DSM} καλως 2573 {ADV} ποιειτε 4160 {V-PAI-2P} προσεχοντες 4337 {V-PAP-NPM} ως 5613 {ADV} λυχνω 3088 {N-DSM} φαινοντι 5316 {V-PAP-DSM} εν 1722 {PREP} αυχμηρω 850 {A-DSM} τοπω 5117 {N-DSM} εως 2193 {ADV} ου 3739 {R-GSM} ημερα 2250 {N-NSF} διαυγαση 1306 {V-AAS-3S} και 2532 {CONJ} φωσφορος 5459 {A-NSM} ανατειλη 393 {V-AAS-3S} εν 1722 {PREP} ταις 3588 {T-DPF} καρδιαις 2588 {N-DPF} υμων 4771 {P-2GP}
1,20,τουτο 3778 {D-ASN} πρωτον 4412 {ADV-S} γινωσκοντες 1097 {V-PAP-NPM} οτι 3754 {CONJ} πασα 3956 {A-NSF} προφητεια 4394 {N-NSF} γραφης 1124 {N-GSF} ιδιας 2398 {A-GSF} επιλυσεως 1955 {N-GSF} ου 3756 {PRT-N} γινεται 1096 {V-PNI-3S}
1,21,ου 3756 {PRT-N} γαρ 1063 {CONJ} θεληματι 2307 {N-DSN} ανθρωπου 444 {N-GSM} ηνεχθη 5342 {V-API-3S} ποτε 4218 {PRT} προφητεια 4394 {N-NSF} αλλ 235 {CONJ} υπο 5259 {PREP} πνευματος 4151 {N-GSN} αγιου 40 {A-GSN} φερομενοι 5342 {V-PPP-NPM} ελαλησαν 2980 {V-AAI-3P} αγιοι 40 {A-NPM} θεου 2316 {N-GSM} ανθρωποι 444 {N-NPM}
2,1,εγενοντο 1096 {V-2ADI-3P} δε 1161 {CONJ} και 2532 {CONJ} ψευδοπροφηται 5578 {N-NPM} εν 1722 {PREP} τω 3588 {T-DSM} λαω 2992 {N-DSM} ως 5613 {ADV} και 2532 {CONJ} εν 1722 {PREP} υμιν 4771 {P-2DP} εσονται 1510 {V-FDI-3P} ψευδοδιδασκαλοι 5572 {N-NPM} οιτινες 3748 {R-NPM} παρεισαξουσιν 3919 {V-FAI-3P} αιρεσεις 139 {N-APF} απωλειας 684 {N-GSF} και 2532 {CONJ} τον 3588 {T-ASM} αγορασαντα 59 {V-AAP-ASM} αυτους 846 {P-APM} δεσποτην 1203 {N-ASM} αρνουμενοι 720 {V-PNP-NPM} επαγοντες 1863 {V-PAP-NPM} εαυτοις 1438 {F-3DPM} ταχινην 5031 {A-ASF} απωλειαν 684 {N-ASF}
2,2,και 2532 {CONJ} πολλοι 4183 {A-NPM} εξακολουθησουσιν 1811 {V-FAI-3P} αυτων 846 {P-GPM} ταις 3588 {T-DPF} ασελγειαις 766 {N-DPF} δι 1223 {PREP} ους 3739 {R-APM} η 3588 {T-NSF} οδος 3598 {N-NSF} της 3588 {T-GSF} αληθειας 225 {N-GSF} βλασφημηθησεται 987 {V-FPI-3S}
2,3,και 2532 {CONJ} εν 1722 {PREP} πλεονεξια 4124 {N-DSF} πλαστοις 4112 {A-DPM} λογοις 3056 {N-DPM} υμας 4771 {P-2AP} εμπορευσονται 1710 {V-FDI-3P} οις 3739 {R-DPM} το 3588 {T-NSN} κριμα 2917 {N-NSN} εκπαλαι 1597 {ADV} ουκ 3756 {PRT-N} αργει 691 {V-PAI-3S} και 2532 {CONJ} η 3588 {T-NSF} απωλεια 684 {N-NSF} αυτων 846 {P-GPM} ου 3756 {PRT-N} νυσταξει 3573 {V-FAI-3S}
2,4,ει 1487 {COND} γαρ 1063 {CONJ} ο 3588 {T-NSM} θεος 2316 {N-NSM} αγγελων 32 {N-GPM} αμαρτησαντων 264 {V-AAP-GPM} ουκ 3756 {PRT-N} εφεισατο 5339 {V-ADI-3S} αλλα 235 {CONJ} σειραις 4577 {N-DPF} ζοφου 2217 {N-GSM} ταρταρωσας 5020 {V-AAP-NSM} παρεδωκεν 3860 {V-AAI-3S} εις 1519 {PREP} κρισιν 2920 {N-ASF} τηρουμενους 5083 {V-PPP-APM}
2,5,και 2532 {CONJ} αρχαιου 744 {A-GSM} κοσμου 2889 {N-GSM} ουκ 3756 {PRT-N} εφεισατο 5339 {V-ADI-3S} αλλα 235 {CONJ} ογδοον 3590 {A-ASM} νωε 3575 {N-PRI} δικαιοσυνης 1343 {N-GSF} κηρυκα 2783 {N-ASM} εφυλαξεν 5442 {V-AAI-3S} κατακλυσμον 2627 {N-ASM} κοσμω 2889 {N-DSM} ασεβων 765 {A-GPM} επαξας 1863 {V-AAP-NSM}
2,6,και 2532 {CONJ} πολεις 4172 {N-APF} σοδομων 4670 {N-GPN} και 2532 {CONJ} γομορρας 1116 {N-GSF} τεφρωσας 5077 {V-AAP-NSM} καταστροφη 2692 {N-DSF} κατεκρινεν 2632 {V-AAI-3S} υποδειγμα 5262 {N-ASN} μελλοντων 3195 {V-PAP-GPM} ασεβειν 764 {V-PAN} τεθεικως 5087 {V-RAP-NSM}
2,7,και 2532 {CONJ} δικαιον 1342 {A-ASM} λωτ 3091 {N-PRI} καταπονουμενον 2669 {V-PPP-ASM} υπο 5259 {PREP} της 3588 {T-GSF} των 3588 {T-GPM} αθεσμων 113 {A-GPM} εν 1722 {PREP} ασελγεια 766 {N-DSF} αναστροφης 391 {N-GSF} ερρυσατο 4506 {V-ANI-3S}
2,8,βλεμματι 990 {N-DSN} γαρ 1063 {CONJ} και 2532 {CONJ} ακοη 189 {N-DSF} ο 3588 {T-NSM} δικαιος 1342 {A-NSM} εγκατοικων 1460 {V-PAP-NSM} εν 1722 {PREP} αυτοις 846 {P-DPM} ημεραν 2250 {N-ASF} εξ 1537 {PREP} ημερας 2250 {N-GSF} ψυχην 5590 {N-ASF} δικαιαν 1342 {A-ASF} ανομοις 459 {A-DPN} εργοις 2041 {N-DPN} εβασανιζεν 928 {V-IAI-3S}
2,9,οιδεν 1492 {V-RAI-3S} κυριος 2962 {N-NSM} ευσεβεις 2152 {A-APM} εκ 1537 {PREP} πειρασμου 3986 {N-GSM} ρυεσθαι 4506 {V-PNN} αδικους 94 {A-APM} δε 1161 {CONJ} εις 1519 {PREP} ημεραν 2250 {N-ASF} κρισεως 2920 {N-GSF} κολαζομενους 2849 {V-PPP-APM} τηρειν 5083 {V-PAN}
2,10,μαλιστα 3122 {ADV-S} δε 1161 {CONJ} τους 3588 {T-APM} οπισω 3694 {ADV} σαρκος 4561 {N-GSF} εν 1722 {PREP} επιθυμια 1939 {N-DSF} μιασμου 3394 {N-GSM} πορευομενους 4198 {V-PNP-APM} και 2532 {CONJ} κυριοτητος 2963 {N-GSF} καταφρονουντας 2706 {V-PAP-APM} τολμηται 5113 {N-NPM} αυθαδεις 829 {A-NPM} δοξας 1391 {N-APF} ου 3756 {PRT-N} τρεμουσιν 5141 {V-PAI-3P} βλασφημουντες 987 {V-PAP-NPM}
2,11,οπου 3699 {ADV} αγγελοι 32 {N-NPM} ισχυι 2479 {N-DSF} και 2532 {CONJ} δυναμει 1411 {N-DSF} μειζονες 3173 {A-NPM-C} οντες 1510 {V-PAP-NPM} ου 3756 {PRT-N} φερουσιν 5342 {V-PAI-3P} κατ 2596 {PREP} αυτων 846 {P-GPM} παρα 3844 {PREP} κυριω 2962 {N-DSM} βλασφημον 989 {A-ASF} κρισιν 2920 {N-ASF}
2,12,ουτοι 3778 {D-NPM} δε 1161 {CONJ} ως 5613 {ADV} αλογα 249 {A-NPN} ζωα 2226 {N-NPN} φυσικα 5446 {A-NPN} γεγενημενα 1096 {V-RPP-NPN} εις 1519 {PREP} αλωσιν 259 {N-ASF} και 2532 {CONJ} φθοραν 5356 {N-ASF} εν 1722 {PREP} οις 3739 {R-DPN} αγνοουσιν 50 {V-PAI-3P} βλασφημουντες 987 {V-PAP-NPM} εν 1722 {PREP} τη 3588 {T-DSF} φθορα 5356 {N-DSF} αυτων 846 {P-GPM} καταφθαρησονται 2704 {V-2FPI-3P}
2,13,κομιουμενοι 2865 {V-FDP-NPM} μισθον 3408 {N-ASM} αδικιας 93 {N-GSF} ηδονην 2237 {N-ASF} ηγουμενοι 2233 {V-PNP-NPM} την 3588 {T-ASF} εν 1722 {PREP} ημερα 2250 {N-DSF} τρυφην 5172 {N-ASF} σπιλοι 4696 {N-NPM} και 2532 {CONJ} μωμοι 3470 {N-NPM} εντρυφωντες 1792 {V-PAP-NPM} εν 1722 {PREP} ταις 3588 {T-DPF} απαταις 539 {N-DPF} αυτων 846 {P-GPM} συνευωχουμενοι 4910 {V-PNP-NPM} υμιν 4771 {P-2DP}
2,14,οφθαλμους 3788 {N-APM} εχοντες 2192 {V-PAP-NPM} μεστους 3324 {A-APM} μοιχαλιδος 3428 {N-GSF} και 2532 {CONJ} ακαταπαυστους 180 {A-APM} αμαρτιας 266 {N-GSF} δελεαζοντες 1185 {V-PAP-NPM} ψυχας 5590 {N-APF} αστηρικτους 793 {A-APF} καρδιαν 2588 {N-ASF} γεγυμνασμενην 1128 {V-RPP-ASF} πλεονεξιας 4124 {N-GSF} εχοντες 2192 {V-PAP-NPM} καταρας 2671 {N-GSF} τεκνα 5043 {N-NPN}
2,15,καταλιποντες 2641 {V-2AAP-NPM} ευθειαν 2117 {A-ASF} οδον 3598 {N-ASF} επλανηθησαν 4105 {V-API-3P} εξακολουθησαντες 1811 {V-AAP-NPM} τη 3588 {T-DSF} οδω 3598 {N-DSF} του 3588 {T-GSM} βαλααμ 903 {N-PRI} του 3588 {T-GSM} βοσορ 1007 {N-PRI} ος 3739 {R-NSM} μισθον 3408 {N-ASM} αδικιας 93 {N-GSF} ηγαπησεν 25 {V-AAI-3S}
2,16,ελεγξιν 1649 {N-ASF} δε 1161 {CONJ} εσχεν 2192 {V-2AAI-3S} ιδιας 2398 {A-GSF} παρανομιας 3892 {N-GSF} υποζυγιον 5268 {N-NSN} αφωνον 880 {A-NSN} εν 1722 {PREP} ανθρωπου 444 {N-GSM} φωνη 5456 {N-DSF} φθεγξαμενον 5350 {V-ANP-NSN} εκωλυσεν 2967 {V-AAI-3S} την 3588 {T-ASF} του 3588 {T-GSM} προφητου 4396 {N-GSM} παραφρονιαν 3913 {N-ASF}
2,17,ουτοι 3778 {D-NPM} εισιν 1510 {V-PAI-3P} πηγαι 4077 {N-NPF} ανυδροι 504 {A-NPF} νεφελαι 3507 {N-NPF} υπο 5259 {PREP} λαιλαπος 2978 {N-GSF} ελαυνομεναι 1643 {V-PPP-NPF} οις 3739 {R-DPM} ο 3588 {T-NSM} ζοφος 2217 {N-NSM} του 3588 {T-GSN} σκοτους 4655 {N-GSN} εις 1519 {PREP} αιωνα 165 {N-ASM} τετηρηται 5083 {V-RPI-3S}
2,18,υπερογκα 5246 {A-APN} γαρ 1063 {CONJ} ματαιοτητος 3153 {N-GSF} φθεγγομενοι 5350 {V-PDP-NPM} δελεαζουσιν 1185 {V-PAI-3P} εν 1722 {PREP} επιθυμιαις 1939 {N-DPF} σαρκος 4561 {N-GSF} ασελγειαις 766 {N-DPF} τους 3588 {T-APM} οντως 3689 {ADV} αποφυγοντας 668 {V-2AAP-APM} τους 3588 {T-APM} εν 1722 {PREP} πλανη 4106 {N-DSF} αναστρεφομενους 390 {V-PPP-APM}
2,19,ελευθεριαν 1657 {N-ASF} αυτοις 846 {P-DPM} επαγγελλομενοι 1861 {V-PNP-NPM} αυτοι 846 {P-NPM} δουλοι 1401 {N-NPM} υπαρχοντες 5225 {V-PAP-NPM} της 3588 {T-GSF} φθορας 5356 {N-GSF} ω 3739 {R-DSM} 3739 {R-DSN} γαρ 1063 {CONJ} τις 5100 {X-NSM} ηττηται 2274 {V-RPI-3S} τουτω 3778 {D-DSM} 3778 {D-DSN} και 2532 {CONJ} δεδουλωται 1402 {V-RPI-3S}
2,20,ει 1487 {COND} γαρ 1063 {CONJ} αποφυγοντες 668 {V-2AAP-NPM} τα 3588 {T-APN} μιασματα 3393 {N-APN} του 3588 {T-GSM} κοσμου 2889 {N-GSM} εν 1722 {PREP} επιγνωσει 1922 {N-DSF} του 3588 {T-GSM} κυριου 2962 {N-GSM} και 2532 {CONJ} σωτηρος 4990 {N-GSM} ιησου 2424 {N-GSM} χριστου 5547 {N-GSM} τουτοις 3778 {D-DPN} δε 1161 {CONJ} παλιν 3825 {ADV} εμπλακεντες 1707 {V-2APP-NPM} ηττωνται 2274 {V-PPI-3P} γεγονεν 1096 {V-2RAI-3S} αυτοις 846 {P-DPM} τα 3588 {T-NPN} εσχατα 2078 {A-NPN-S} χειρονα 5501 {A-NPN} των 3588 {T-GPN} πρωτων 4413 {A-GPN-S}
2,21,κρειττον 2909 {A-NSN-C} γαρ 1063 {CONJ} ην 1510 {V-IAI-3S} αυτοις 846 {P-DPM} μη 3361 {PRT-N} επεγνωκεναι 1921 {V-RAN} την 3588 {T-ASF} οδον 3598 {N-ASF} της 3588 {T-GSF} δικαιοσυνης 1343 {N-GSF} η 2228 {PRT} επιγνουσιν 1921 {V-2AAP-DPM} επιστρεψαι 1994 {V-AAN} εκ 1537 {PREP} της 3588 {T-GSF} παραδοθεισης 3860 {V-APP-GSF} αυτοις 846 {P-DPM} αγιας 40 {A-GSF} εντολης 1785 {N-GSF}
2,22,συμβεβηκεν 4819 {V-RAI-3S} δε 1161 {CONJ} αυτοις 846 {P-DPM} το 3588 {T-NSN} της 3588 {T-GSF} αληθους 227 {A-GSF} παροιμιας 3942 {N-GSF} κυων 2965 {N-NSM} επιστρεψας 1994 {V-AAP-NSM} επι 1909 {PREP} το 3588 {T-ASN} ιδιον 2398 {A-ASN} εξεραμα 1829 {N-ASN} και 2532 {CONJ} υς 5300 {N-NSF} λουσαμενη 3068 {V-AMP-NSF} εις 1519 {PREP} κυλισμα 2946 {N-ASN} βορβορου 1004 {N-GSM}
3,1,ταυτην 3778 {D-ASF} ηδη 2235 {ADV} αγαπητοι 27 {A-VPM} δευτεραν 1208 {A-ASF} υμιν 4771 {P-2DP} γραφω 1125 {V-PAI-1S} επιστολην 1992 {N-ASF} εν 1722 {PREP} αις 3739 {R-DPF} διεγειρω 1326 {V-PAI-1S} υμων 4771 {P-2GP} εν 1722 {PREP} υπομνησει 5280 {N-DSF} την 3588 {T-ASF} ειλικρινη 1506 {A-ASF} διανοιαν 1271 {N-ASF}
3,2,μνησθηναι 3403 {V-APN} των 3588 {T-GPN} προειρημενων 4302 {V-RPP-GPN} ρηματων 4487 {N-GPN} υπο 5259 {PREP} των 3588 {T-GPM} αγιων 40 {A-GPM} προφητων 4396 {N-GPM} και 2532 {CONJ} της 3588 {T-GSF} των 3588 {T-GPM} αποστολων 652 {N-GPM} υμων 4771 {P-2GP} εντολης 1785 {N-GSF} του 3588 {T-GSM} κυριου 2962 {N-GSM} και 2532 {CONJ} σωτηρος 4990 {N-GSM}
3,3,τουτο 3778 {D-ASN} πρωτον 4412 {ADV-S} γινωσκοντες 1097 {V-PAP-NPM} οτι 3754 {CONJ} ελευσονται 2064 {V-FDI-3P} επ 1909 {PREP} εσχατου 2078 {A-GSN-S} των 3588 {T-GPF} ημερων 2250 {N-GPF} εμπαικται 1703 {N-NPM} κατα 2596 {PREP} τας 3588 {T-APF} ιδιας 2398 {A-APF} επιθυμιας 1939 {N-APF} αυτων 846 {P-GPM} πορευομενοι 4198 {V-PNP-NPM}
3,4,και 2532 {CONJ} λεγοντες 3004 {V-PAP-NPM} που 4226 {ADV-I} εστιν 1510 {V-PAI-3S} η 3588 {T-NSF} επαγγελια 1860 {N-NSF} της 3588 {T-GSF} παρουσιας 3952 {N-GSF} αυτου 846 {P-GSM} αφ 575 {PREP} ης 3739 {R-GSF} γαρ 1063 {CONJ} οι 3588 {T-NPM} πατερες 3962 {N-NPM} εκοιμηθησαν 2837 {V-API-3P} παντα 3956 {A-NPN} ουτως 3779 {ADV} διαμενει 1265 {V-PAI-3S} απ 575 {PREP} αρχης 746 {N-GSF} κτισεως 2937 {N-GSF}
3,5,λανθανει 2990 {V-PAI-3S} γαρ 1063 {CONJ} αυτους 846 {P-APM} τουτο 3778 {D-NSN} θελοντας 2309 {V-PAP-APM} οτι 3754 {CONJ} ουρανοι 3772 {N-NPM} ησαν 1510 {V-IAI-3P} εκπαλαι 1597 {ADV} και 2532 {CONJ} γη 1093 {N-NSF} εξ 1537 {PREP} υδατος 5204 {N-GSN} και 2532 {CONJ} δι 1223 {PREP} υδατος 5204 {N-GSN} συνεστωσα 4921 {V-RAP-NSF} τω 3588 {T-DSM} του 3588 {T-GSM} θεου 2316 {N-GSM} λογω 3056 {N-DSM}
3,6,δι 1223 {PREP} ων 3739 {R-GPN} ο 3588 {T-NSM} τοτε 5119 {ADV} κοσμος 2889 {N-NSM} υδατι 5204 {N-DSN} κατακλυσθεις 2626 {V-APP-NSM} απωλετο 622 {V-2AMI-3S}
3,7,οι 3588 {T-NPM} δε 1161 {CONJ} νυν 3568 {ADV} ουρανοι 3772 {N-NPM} και 2532 {CONJ} η 3588 {T-NSF} γη 1093 {N-NSF} τω 3588 {T-DSM} αυτου 846 {P-GSM} λογω 3056 {N-DSM} τεθησαυρισμενοι 2343 {V-RPP-NPM} εισιν 1510 {V-PAI-3P} πυρι 4442 {N-DSN} τηρουμενοι 5083 {V-PPP-NPM} εις 1519 {PREP} ημεραν 2250 {N-ASF} κρισεως 2920 {N-GSF} και 2532 {CONJ} απωλειας 684 {N-GSF} των 3588 {T-GPM} ασεβων 765 {A-GPM} ανθρωπων 444 {N-GPM}
3,8,εν 1520 {A-NSN} δε 1161 {CONJ} τουτο 3778 {D-NSN} μη 3361 {PRT-N} λανθανετω 2990 {V-PAM-3S} υμας 4771 {P-2AP} αγαπητοι 27 {A-VPM} οτι 3754 {CONJ} μια 1520 {A-NSF} ημερα 2250 {N-NSF} παρα 3844 {PREP} κυριω 2962 {N-DSM} ως 5613 {ADV} χιλια 5507 {A-NPN} ετη 2094 {N-NPN} και 2532 {CONJ} χιλια 5507 {A-NPN} ετη 2094 {N-NPN} ως 5613 {ADV} ημερα 2250 {N-NSF} μια 1520 {A-NSF}
3,9,ου 3756 {PRT-N} βραδυνει 1019 {V-PAI-3S} ο 3588 {T-NSM} κυριος 2962 {N-NSM} της 3588 {T-GSF} επαγγελιας 1860 {N-GSF} ως 5613 {ADV} τινες 5100 {X-NPM} βραδυτητα 1022 {N-ASF} ηγουνται 2233 {V-PNI-3P} αλλα 235 {CONJ} μακροθυμει 3114 {V-PAI-3S} εις 1519 {PREP} ημας 1473 {P-1AP} μη 3361 {PRT-N} βουλομενος 1014 {V-PNP-NSM} τινας 5100 {X-APM} απολεσθαι 622 {V-2AMN} αλλα 235 {CONJ} παντας 3956 {A-APM} εις 1519 {PREP} μετανοιαν 3341 {N-ASF} χωρησαι 5562 {V-AAN}
3,10,ηξει 2240 {V-FAI-3S} δε 1161 {CONJ} η 3588 {T-NSF} ημερα 2250 {N-NSF} κυριου 2962 {N-GSM} ως 5613 {ADV} κλεπτης 2812 {N-NSM} εν 1722 {PREP} νυκτι 3571 {N-DSF} εν 1722 {PREP} η 3739 {R-DSF} οι 3588 {T-NPM} ουρανοι 3772 {N-NPM} ροιζηδον 4500 {ADV} παρελευσονται 3928 {V-FDI-3P} στοιχεια 4747 {N-NPN} δε 1161 {CONJ} καυσουμενα 2741 {V-PPP-NPN} λυθησονται 3089 {V-FPI-3P} και 2532 {CONJ} γη 1093 {N-NSF} και 2532 {CONJ} τα 3588 {T-NPN} εν 1722 {PREP} αυτη 846 {P-DSF} εργα 2041 {N-NPN} κατακαησεται 2618 {V-2FPI-3S}
3,11,τουτων 3778 {D-GPN} ουν 3767 {CONJ} παντων 3956 {A-GPN} λυομενων 3089 {V-PPP-GPN} ποταπους 4217 {A-APM} δει 1163 {V-PAI-3S} υπαρχειν 5225 {V-PAN} υμας 4771 {P-2AP} εν 1722 {PREP} αγιαις 40 {A-DPF} αναστροφαις 391 {N-DPF} και 2532 {CONJ} ευσεβειαις 2150 {N-DPF}
3,12,προσδοκωντας 4328 {V-PAP-APM} και 2532 {CONJ} σπευδοντας 4692 {V-PAP-APM} την 3588 {T-ASF} παρουσιαν 3952 {N-ASF} της 3588 {T-GSF} του 3588 {T-GSM} θεου 2316 {N-GSM} ημερας 2250 {N-GSF} δι 1223 {PREP} ην 3739 {R-ASF} ουρανοι 3772 {N-NPM} πυρουμενοι 4448 {V-PPP-NPM} λυθησονται 3089 {V-FPI-3P} και 2532 {CONJ} στοιχεια 4747 {N-NPN} καυσουμενα 2741 {V-PPP-NPN} τηκεται 5080 {V-PPI-3S}
3,13,καινους 2537 {A-APM} δε 1161 {CONJ} ουρανους 3772 {N-APM} και 2532 {CONJ} γην 1093 {N-ASF} καινην 2537 {A-ASF} κατα 2596 {PREP} το 3588 {T-ASN} επαγγελμα 1862 {N-ASN} αυτου 846 {P-GSM} προσδοκωμεν 4328 {V-PAI-1P} εν 1722 {PREP} οις 3739 {R-DPM} δικαιοσυνη 1343 {N-NSF} κατοικει 2730 {V-PAI-3S}
3,14,διο 1352 {CONJ} αγαπητοι 27 {A-VPM} ταυτα 3778 {D-APN} προσδοκωντες 4328 {V-PAP-NPM} σπουδασατε 4704 {V-AAM-2P} ασπιλοι 784 {A-NPM} και 2532 {CONJ} αμωμητοι 298 {A-NPM} αυτω 846 {P-DSM} ευρεθηναι 2147 {V-APN} εν 1722 {PREP} ειρηνη 1515 {N-DSF}
3,15,και 2532 {CONJ} την 3588 {T-ASF} του 3588 {T-GSM} κυριου 2962 {N-GSM} ημων 1473 {P-1GP} μακροθυμιαν 3115 {N-ASF} σωτηριαν 4991 {N-ASF} ηγεισθε 2233 {V-PNM-2P} καθως 2531 {ADV} και 2532 {CONJ} ο 3588 {T-NSM} αγαπητος 27 {A-NSM} ημων 1473 {P-1GP} αδελφος 80 {N-NSM} παυλος 3972 {N-NSM} κατα 2596 {PREP} την 3588 {T-ASF} αυτω 846 {P-DSM} δοθεισαν 1325 {V-APP-ASF} σοφιαν 4678 {N-ASF} εγραψεν 1125 {V-AAI-3S} υμιν 4771 {P-2DP}
3,16,ως 5613 {ADV} και 2532 {CONJ} εν 1722 {PREP} πασαις 3956 {A-DPF} ταις 3588 {T-DPF} επιστολαις 1992 {N-DPF} λαλων 2980 {V-PAP-NSM} εν 1722 {PREP} αυταις 846 {P-DPF} περι 4012 {PREP} τουτων 3778 {D-GPN} εν 1722 {PREP} οις 3739 {R-DPN} εστιν 1510 {V-PAI-3S} δυσνοητα 1425 {A-NPN} τινα 5100 {X-NPN} α 3739 {R-APN} οι 3588 {T-NPM} αμαθεις 261 {A-NPM} και 2532 {CONJ} αστηρικτοι 793 {A-NPM} στρεβλουσιν 4761 {V-PAI-3P} ως 5613 {ADV} και 2532 {CONJ} τας 3588 {T-APF} λοιπας 3062 {A-APF} γραφας 1124 {N-APF} προς 4314 {PREP} την 3588 {T-ASF} ιδιαν 2398 {A-ASF} αυτων 846 {P-GPM} απωλειαν 684 {N-ASF}
3,17,υμεις 4771 {P-2NP} ουν 3767 {CONJ} αγαπητοι 27 {A-VPM} προγινωσκοντες 4267 {V-PAP-NPM} φυλασσεσθε 5442 {V-PMM-2P} ινα 2443 {CONJ} μη 3361 {PRT-N} τη 3588 {T-DSF} των 3588 {T-GPM} αθεσμων 113 {A-GPM} πλανη 4106 {N-DSF} συναπαχθεντες 4879 {V-APP-NPM} εκπεσητε 1601 {V-2AAS-2P} του 3588 {T-GSM} ιδιου 2398 {A-GSM} στηριγμου 4740 {N-GSM}
3,18,αυξανετε 837 {V-PAM-2P} δε 1161 {CONJ} εν 1722 {PREP} χαριτι 5485 {N-DSF} και 2532 {CONJ} γνωσει 1108 {N-DSF} του 3588 {T-GSM} κυριου 2962 {N-GSM} ημων 1473 {P-1GP} και 2532 {CONJ} σωτηρος 4990 {N-GSM} ιησου 2424 {N-GSM} χριστου 5547 {N-GSM} αυτω 846 {P-DSM} η 3588 {T-NSF} δοξα 1391 {N-NSF} και 2532 {CONJ} νυν 3568 {ADV} και 2532 {CONJ} εις 1519 {PREP} ημεραν 2250 {N-ASF} αιωνος 165 {N-GSM} αμην 281 {HEB}
