chapter,verse,text
1,1,παυλος 3972 {N-NSM} αποστολος 652 {N-NSM} ιησου 2424 {N-GSM} χριστου 5547 {N-GSM} δια 1223 {PREP} θεληματος 2307 {N-GSN} θεου 2316 {N-GSM} κατ 2596 {PREP} επαγγελιαν 1860 {N-ASF} ζωης 2222 {N-GSF} της 3588 {T-GSF} εν 1722 {PREP} χριστω 5547 {N-DSM} ιησου 2424 {N-DSM}
1,2,τιμοθεω 5095 {N-DSM} αγαπητω 27 {A-DSN} τεκνω 5043 {N-DSN} χαρις 5485 {N-NSF} ελεος 1656 {N-NSN} ειρηνη 1515 {N-NSF} απο 575 {PREP} θεου 2316 {N-GSM} πατρος 3962 {N-GSM} και 2532 {CONJ} χριστου 5547 {N-GSM} ιησου 2424 {N-GSM} του 3588 {T-GSM} κυριου 2962 {N-GSM} ημων 1473 {P-1GP}
1,3,χαριν 5485 {N-ASF} εχω 2192 {V-PAI-1S} τω 3588 {T-DSM} θεω 2316 {N-DSM} ω 3739 {R-DSM} λατρευω 3000 {V-PAI-1S} απο 575 {PREP} προγονων 4269 {N-GPM} εν 1722 {PREP} καθαρα 2513 {A-DSF} συνειδησει 4893 {N-DSF} ως 5613 {ADV} αδιαλειπτον 88 {A-ASF} εχω 2192 {V-PAI-1S} την 3588 {T-ASF} περι 4012 {PREP} σου 4771 {P-2GS} μνειαν 3417 {N-ASF} εν 1722 {PREP} ταις 3588 {T-DPF} δεησεσιν 1162 {N-DPF} μου 1473 {P-1GS} νυκτος 3571 {N-GSF} και 2532 {CONJ} ημερας 2250 {N-GSF}
1,4,επιποθων 1971 {V-PAP-NSM} σε 4771 {P-2AS} ιδειν 3708 {V-2AAN} μεμνημενος 3403 {V-RPP-NSM} σου 4771 {P-2GS} των 3588 {T-GPN} δακρυων 1144 {N-GPN} ινα 2443 {CONJ} χαρας 5479 {N-GSF} πληρωθω 4137 {V-APS-1S}
1,5,υπομνησιν 5280 {N-ASF} λαμβανων 2983 {V-PAP-NSM} της 3588 {T-GSF} εν 1722 {PREP} σοι 4771 {P-2DS} ανυποκριτου 505 {A-GSF} πιστεως 4102 {N-GSF} ητις 3748 {R-NSF} ενωκησεν 1774 {V-AAI-3S} πρωτον 4412 {ADV-S} εν 1722 {PREP} τη 3588 {T-DSF} μαμμη 3125 {N-DSF} σου 4771 {P-2GS} λωιδι 3090 {N-DSF} και 2532 {CONJ} τη 3588 {T-DSF} μητρι 3384 {N-DSF} σου 4771 {P-2GS} ευνικη 2131 {N-DSF} πεπεισμαι 3982 {V-RPI-1S} δε 1161 {CONJ} οτι 3754 {CONJ} και 2532 {CONJ} εν 1722 {PREP} σοι 4771 {P-2DS}
1,6,δι 1223 {PREP} ην 3739 {R-ASF} αιτιαν 156 {N-ASF} αναμιμνησκω 363 {V-PAI-1S} σε 4771 {P-2AS} αναζωπυρειν 329 {V-PAN} το 3588 {T-ASN} χαρισμα 5486 {N-ASN} του 3588 {T-GSM} θεου 2316 {N-GSM} ο 3739 {R-NSN} εστιν 1510 {V-PAI-3S} εν 1722 {PREP} σοι 4771 {P-2DS} δια 1223 {PREP} της 3588 {T-GSF} επιθεσεως 1936 {N-GSF} των 3588 {T-GPF} χειρων 5495 {N-GPF} μου 1473 {P-1GS}
1,7,ου 3756 {PRT-N} γαρ 1063 {CONJ} εδωκεν 1325 {V-AAI-3S} ημιν 1473 {P-1DP} ο 3588 {T-NSM} θεος 2316 {N-NSM} πνευμα 4151 {N-ASN} δειλιας 1167 {N-GSF} αλλα 235 {CONJ} δυναμεως 1411 {N-GSF} και 2532 {CONJ} αγαπης 26 {N-GSF} και 2532 {CONJ} σωφρονισμου 4995 {N-GSM}
1,8,μη 3361 {PRT-N} ουν 3767 {CONJ} επαισχυνθης 1870 {V-AOS-2S} το 3588 {T-ASN} μαρτυριον 3142 {N-ASN} του 3588 {T-GSM} κυριου 2962 {N-GSM} ημων 1473 {P-1GP} μηδε 3366 {CONJ-N} εμε 1473 {P-1AS} τον 3588 {T-ASM} δεσμιον 1198 {N-ASM} αυτου 846 {P-GSM} αλλα 235 {CONJ} συγκακοπαθησον 4777 {V-AAM-2S} τω 3588 {T-DSN} ευαγγελιω 2098 {N-DSN} κατα 2596 {PREP} δυναμιν 1411 {N-ASF} θεου 2316 {N-GSM}
1,9,του 3588 {T-GSM} σωσαντος 4982 {V-AAP-GSM} ημας 1473 {P-1AP} και 2532 {CONJ} καλεσαντος 2564 {V-AAP-GSM} κλησει 2821 {N-DSF} αγια 40 {A-DSF} ου 3756 {PRT-N} κατα 2596 {PREP} τα 3588 {T-APN} εργα 2041 {N-APN} ημων 1473 {P-1GP} αλλα 235 {CONJ} κατ 2596 {PREP} ιδιαν 2398 {A-ASF} προθεσιν 4286 {N-ASF} και 2532 {CONJ} χαριν 5485 {N-ASF} την 3588 {T-ASF} δοθεισαν 1325 {V-APP-ASF} ημιν 1473 {P-1DP} εν 1722 {PREP} χριστω 5547 {N-DSM} ιησου 2424 {N-DSM} προ 4253 {PREP} χρονων 5550 {N-GPM} αιωνιων 166 {A-GPM}
1,10,φανερωθεισαν 5319 {V-APP-ASF} δε 1161 {CONJ} νυν 3568 {ADV} δια 1223 {PREP} της 3588 {T-GSF} επιφανειας 2015 {N-GSF} του 3588 {T-GSM} σωτηρος 4990 {N-GSM} ημων 1473 {P-1GP} ιησου 2424 {N-GSM} χριστου 5547 {N-GSM} καταργησαντος 2673 {V-AAP-GSM} μεν 3303 {PRT} τον 3588 {T-ASM} θανατον 2288 {N-ASM} φωτισαντος 5461 {V-AAP-GSM} δε 1161 {CONJ} ζωην 2222 {N-ASF} και 2532 {CONJ} αφθαρσιαν 861 {N-ASF} δια 1223 {PREP} του 3588 {T-GSN} ευαγγελιου 2098 {N-GSN}
1,11,εις 1519 {PREP} ο 3739 {R-ASN} ετεθην 5087 {V-API-1S} εγω 1473 {P-1NS} κηρυξ 2783 {N-NSM} και 2532 {CONJ} αποστολος 652 {N-NSM} και 2532 {CONJ} διδασκαλος 1320 {N-NSM} εθνων 1484 {N-GPN}
1,12,δι 1223 {PREP} ην 3739 {R-ASF} αιτιαν 156 {N-ASF} και 2532 {CONJ} ταυτα 3778 {D-APN} πασχω 3958 {V-PAI-1S} αλλ 235 {CONJ} ουκ 3756 {PRT-N} επαισχυνομαι 1870 {V-PNI-1S} οιδα 1492 {V-RAI-1S} γαρ 1063 {CONJ} ω 3739 {R-DSM} πεπιστευκα 4100 {V-RAI-1S} και 2532 {CONJ} πεπεισμαι 3982 {V-RPI-1S} οτι 3754 {CONJ} δυνατος 1415 {A-NSM} εστιν 1510 {V-PAI-3S} την 3588 {T-ASF} παραθηκην 3866 {N-ASF} μου 1473 {P-1GS} φυλαξαι 5442 {V-AAN} εις 1519 {PREP} εκεινην 1565 {D-ASF} την 3588 {T-ASF} ημεραν 2250 {N-ASF}
1,13,υποτυπωσιν 5296 {N-ASF} εχε 2192 {V-PAM-2S} υγιαινοντων 5198 {V-PAP-GPM} λογων 3056 {N-GPM} ων 3739 {R-GPM} παρ 3844 {PREP} εμου 1473 {P-1GS} ηκουσας 191 {V-AAI-2S} εν 1722 {PREP} πιστει 4102 {N-DSF} και 2532 {CONJ} αγαπη 26 {N-DSF} τη 3588 {T-DSF} εν 1722 {PREP} χριστω 5547 {N-DSM} ιησου 2424 {N-DSM}
1,14,την 3588 {T-ASF} καλην 2570 {A-ASF} παραθηκην 3866 {N-ASF} φυλαξον 5442 {V-AAM-2S} δια 1223 {PREP} πνευματος 4151 {N-GSN} αγιου 40 {A-GSN} του 3588 {T-GSN} ενοικουντος 1774 {V-PAP-GSN} εν 1722 {PREP} ημιν 1473 {P-1DP}
1,15,οιδας 1492 {V-RAI-2S} τουτο 3778 {D-ASN} οτι 3754 {CONJ} απεστραφησαν 654 {V-2API-3P} με 1473 {P-1AS} παντες 3956 {A-NPM} οι 3588 {T-NPM} εν 1722 {PREP} τη 3588 {T-DSF} ασια 773 {N-DSF} ων 3739 {R-GPM} εστιν 1510 {V-PAI-3S} φυγελος 5436 {N-NSM} και 2532 {CONJ} ερμογενης 2061 {N-NSM}
1,16,δωη 1325 {V-2AAO-3S} ελεος 1656 {N-ASN} ο 3588 {T-NSM} κυριος 2962 {N-NSM} τω 3588 {T-DSM} ονησιφορου 3683 {N-GSM} οικω 3624 {N-DSM} οτι 3754 {CONJ} πολλακις 4178 {ADV} με 1473 {P-1AS} ανεψυξεν 404 {V-AAI-3S} και 2532 {CONJ} την 3588 {T-ASF} αλυσιν 254 {N-ASF} μου 1473 {P-1GS} ουκ 3756 {PRT-N} επαισχυνθη 1870 {V-AOI-3S}
1,17,αλλα 235 {CONJ} γενομενος 1096 {V-2ADP-NSM} εν 1722 {PREP} ρωμη 4516 {N-DSF} σπουδαιοτερον 4705 {A-ASM-C} εζητησεν 2212 {V-AAI-3S} με 1473 {P-1AS} και 2532 {CONJ} ευρεν 2147 {V-2AAI-3S}
1,18,δωη 1325 {V-2AAO-3S} αυτω 846 {P-DSM} ο 3588 {T-NSM} κυριος 2962 {N-NSM} ευρειν 2147 {V-2AAN} ελεος 1656 {N-ASN} παρα 3844 {PREP} κυριου 2962 {N-GSM} εν 1722 {PREP} εκεινη 1565 {D-DSF} τη 3588 {T-DSF} ημερα 2250 {N-DSF} και 2532 {CONJ} οσα 3745 {K-APN} εν 1722 {PREP} εφεσω 2181 {N-DSF} διηκονησεν 1247 {V-AAI-3S} βελτιον 957 {ADV-C} συ 4771 {P-2NS} γινωσκεις 1097 {V-PAI-2S}
2,1,συ 4771 {P-2NS} ουν 3767 {CONJ} τεκνον 5043 {N-VSN} μου 1473 {P-1GS} ενδυναμου 1743 {V-PPM-2S} εν 1722 {PREP} τη 3588 {T-DSF} χαριτι 5485 {N-DSF} τη 3588 {T-DSF} εν 1722 {PREP} χριστω 5547 {N-DSM} ιησου 2424 {N-DSM}
2,2,και 2532 {CONJ} α 3739 {R-APN} ηκουσας 191 {V-AAI-2S} παρ 3844 {PREP} εμου 1473 {P-1GS} δια 1223 {PREP} πολλων 4183 {A-GPM} μαρτυρων 3144 {N-GPM} ταυτα 3778 {D-APN} παραθου 3908 {V-2AMM-2S} πιστοις 4103 {A-DPM} ανθρωποις 444 {N-DPM} οιτινες 3748 {R-NPM} ικανοι 2425 {A-NPM} εσονται 1510 {V-FDI-3P} και 2532 {CONJ} ετερους 2087 {A-APM} διδαξαι 1321 {V-AAN}
2,3,συ 4771 {P-2NS} ουν 3767 {CONJ} κακοπαθησον 2553 {V-AAM-2S} ως 5613 {ADV} καλος 2570 {A-NSM} στρατιωτης 4757 {N-NSM} ιησου 2424 {N-GSM} χριστου 5547 {N-GSM}
2,4,ουδεις 3762 {A-NSM-N} στρατευομενος 4754 {V-PMP-NSM} εμπλεκεται 1707 {V-PPI-3S} ταις 3588 {T-DPF} του 3588 {T-GSM} βιου 979 {N-GSM} πραγματειαις 4230 {N-DPF} ινα 2443 {CONJ} τω 3588 {T-DSM} στρατολογησαντι 4758 {V-AAP-DSM} αρεση 700 {V-AAS-3S}
2,5,εαν 1437 {COND} δε 1161 {CONJ} και 2532 {CONJ} αθλη 118 {V-PAS-3S} τις 5100 {X-NSM} ου 3756 {PRT-N} στεφανουται 4737 {V-PPI-3S} εαν 1437 {COND} μη 3361 {PRT-N} νομιμως 3545 {ADV} αθληση 118 {V-AAS-3S}
2,6,τον 3588 {T-ASM} κοπιωντα 2872 {V-PAP-ASM} γεωργον 1092 {N-ASM} δει 1163 {V-PAI-3S} πρωτον 4412 {ADV-S} 4413 {A-ASN-S} των 3588 {T-GPM} καρπων 2590 {N-GPM} μεταλαμβανειν 3335 {V-PAN}
2,7,νοει 3539 {V-PAM-2S} α 3739 {R-APN} λεγω 3004 {V-PAI-1S} δωη 1325 {V-2AAO-3S} γαρ 1063 {CONJ} σοι 4771 {P-2DS} ο 3588 {T-NSM} κυριος 2962 {N-NSM} συνεσιν 4907 {N-ASF} εν 1722 {PREP} πασιν 3956 {A-DPN}
2,8,μνημονευε 3421 {V-PAM-2S} ιησουν 2424 {N-ASM} χριστον 5547 {N-ASM} εγηγερμενον 1453 {V-RPP-ASM} εκ 1537 {PREP} νεκρων 3498 {A-GPM} εκ 1537 {PREP} σπερματος 4690 {N-GSN} δαυιδ 1138 {N-PRI} κατα 2596 {PREP} το 3588 {T-ASN} ευαγγελιον 2098 {N-ASN} μου 1473 {P-1GS}
2,9,εν 1722 {PREP} ω 3739 {R-DSN} κακοπαθω 2553 {V-PAI-1S} μεχρι 3360 {ADV} δεσμων 1199 {N-GPM} ως 5613 {ADV} κακουργος 2557 {A-NSM} αλλ 235 {CONJ} ο 3588 {T-NSM} λογος 3056 {N-NSM} του 3588 {T-GSM} θεου 2316 {N-GSM} ου 3756 {PRT-N} δεδεται 1210 {V-RPI-3S}
2,10,δια 1223 {PREP} τουτο 3778 {D-ASN} παντα 3956 {A-APN} υπομενω 5278 {V-PAI-1S} δια 1223 {PREP} τους 3588 {T-APM} εκλεκτους 1588 {A-APM} ινα 2443 {CONJ} και 2532 {CONJ} αυτοι 846 {P-NPM} σωτηριας 4991 {N-GSF} τυχωσιν 5177 {V-2AAS-3P} της 3588 {T-GSF} εν 1722 {PREP} χριστω 5547 {N-DSM} ιησου 2424 {N-DSM} μετα 3326 {PREP} δοξης 1391 {N-GSF} αιωνιου 166 {A-GSF}
2,11,πιστος 4103 {A-NSM} ο 3588 {T-NSM} λογος 3056 {N-NSM} ει 1487 {COND} γαρ 1063 {CONJ} συναπεθανομεν 4880 {V-2AAI-1P} και 2532 {CONJ} συζησομεν 4800 {V-FAI-1P}
2,12,ει 1487 {COND} υπομενομεν 5278 {V-PAI-1P} και 2532 {CONJ} συμβασιλευσομεν 4821 {V-FAI-1P} ει 1487 {COND} αρνουμεθα 720 {V-PNI-1P} κακεινος 2548 {D-NSM-K} αρνησεται 720 {V-FDI-3S} ημας 1473 {P-1AP}
2,13,ει 1487 {COND} απιστουμεν 569 {V-PAI-1P} εκεινος 1565 {D-NSM} πιστος 4103 {A-NSM} μενει 3306 {V-PAI-3S} αρνησασθαι 720 {V-ADN} εαυτον 1438 {F-3ASM} ου 3756 {PRT-N} δυναται 1410 {V-PNI-3S}
2,14,ταυτα 3778 {D-APN} υπομιμνησκε 5279 {V-PAM-2S} διαμαρτυρομενος 1263 {V-PNP-NSM} ενωπιον 1799 {PREP} του 3588 {T-GSM} κυριου 2962 {N-GSM} μη 3361 {PRT-N} λογομαχειν 3054 {V-PAN} εις 1519 {PREP} ουδεν 3762 {A-ASN-N} χρησιμον 5539 {A-ASN} επι 1909 {PREP} καταστροφη 2692 {N-DSF} των 3588 {T-GPM} ακουοντων 191 {V-PAP-GPM}
2,15,σπουδασον 4704 {V-AAM-2S} σεαυτον 4572 {F-2ASM} δοκιμον 1384 {A-ASM} παραστησαι 3936 {V-AAN} τω 3588 {T-DSM} θεω 2316 {N-DSM} εργατην 2040 {N-ASM} ανεπαισχυντον 422 {A-ASM} ορθοτομουντα 3718 {V-PAP-ASM} τον 3588 {T-ASM} λογον 3056 {N-ASM} της 3588 {T-GSF} αληθειας 225 {N-GSF}
2,16,τας 3588 {T-APF} δε 1161 {CONJ} βεβηλους 952 {A-APF} κενοφωνιας 2757 {N-APF} περιιστασο 4026 {V-PMM-2S} επι 1909 {PREP} πλειον 4183 {A-ASN-C} γαρ 1063 {CONJ} προκοψουσιν 4298 {V-FAI-3P} ασεβειας 763 {N-GSF}
2,17,και 2532 {CONJ} ο 3588 {T-NSM} λογος 3056 {N-NSM} αυτων 846 {P-GPM} ως 5613 {ADV} γαγγραινα 1044 {N-NSF} νομην 3542 {N-ASF} εξει 2192 {V-FAI-3S} ων 3739 {R-GPM} εστιν 1510 {V-PAI-3S} υμεναιος 5211 {N-NSM} και 2532 {CONJ} φιλητος 5372 {N-NSM}
2,18,οιτινες 3748 {R-NPM} περι 4012 {PREP} την 3588 {T-ASF} αληθειαν 225 {N-ASF} ηστοχησαν 795 {V-AAI-3P} λεγοντες 3004 {V-PAP-NPM} την 3588 {T-ASF} αναστασιν 386 {N-ASF} ηδη 2235 {ADV} γεγονεναι 1096 {V-2RAN} και 2532 {CONJ} ανατρεπουσιν 396 {V-PAI-3P} την 3588 {T-ASF} τινων 5100 {X-GPM} πιστιν 4102 {N-ASF}
2,19,ο 3588 {T-NSM} μεντοι 3305 {CONJ} στερεος 4731 {A-NSM} θεμελιος 2310 {N-NSM} του 3588 {T-GSM} θεου 2316 {N-GSM} εστηκεν 2476 {V-RAI-3S} εχων 2192 {V-PAP-NSM} την 3588 {T-ASF} σφραγιδα 4973 {N-ASF} ταυτην 3778 {D-ASF} εγνω 1097 {V-2AAI-3S} κυριος 2962 {N-NSM} τους 3588 {T-APM} οντας 1510 {V-PAP-APM} αυτου 846 {P-GSM} και 2532 {CONJ} αποστητω 868 {V-2AAM-3S} απο 575 {PREP} αδικιας 93 {N-GSF} πας 3956 {A-NSM} ο 3588 {T-NSM} ονομαζων 3687 {V-PAP-NSM} το 3588 {T-ASN} ονομα 3686 {N-ASN} κυριου 2962 {N-GSM}
2,20,εν 1722 {PREP} μεγαλη 3173 {A-DSF} δε 1161 {CONJ} οικια 3614 {N-DSF} ουκ 3756 {PRT-N} εστιν 1510 {V-PAI-3S} μονον 3440 {ADV} σκευη 4632 {N-NPN} χρυσα 5552 {A-NPN} και 2532 {CONJ} αργυρα 693 {A-NPN} αλλα 235 {CONJ} και 2532 {CONJ} ξυλινα 3585 {A-NPN} και 2532 {CONJ} οστρακινα 3749 {A-NPN} και 2532 {CONJ} α 3739 {R-NPN} μεν 3303 {PRT} εις 1519 {PREP} τιμην 5092 {N-ASF} α 3739 {R-NPN} δε 1161 {CONJ} εις 1519 {PREP} ατιμιαν 819 {N-ASF}
2,21,εαν 1437 {COND} ουν 3767 {CONJ} τις 5100 {X-NSM} εκκαθαρη 1571 {V-AAS-3S} εαυτον 1438 {F-3ASM} απο 575 {PREP} τουτων 3778 {D-GPN} εσται 1510 {V-FDI-3S} σκευος 4632 {N-NSN} εις 1519 {PREP} τιμην 5092 {N-ASF} ηγιασμενον 37 {V-RPP-NSN} και 2532 {CONJ} ευχρηστον 2173 {A-NSN} τω 3588 {T-DSM} δεσποτη 1203 {N-DSM} εις 1519 {PREP} παν 3956 {A-ASN} εργον 2041 {N-ASN} αγαθον 18 {A-ASN} ητοιμασμενον 2090 {V-RPP-NSN}
2,22,τας 3588 {T-APF} δε 1161 {CONJ} νεωτερικας 3512 {A-APF-C} επιθυμιας 1939 {N-APF} φευγε 5343 {V-PAM-2S} διωκε 1377 {V-PAM-2S} δε 1161 {CONJ} δικαιοσυνην 1343 {N-ASF} πιστιν 4102 {N-ASF} αγαπην 26 {N-ASF} ειρηνην 1515 {N-ASF} μετα 3326 {PREP} των 3588 {T-GPM} επικαλουμενων 1941 {V-PMP-GPM} τον 3588 {T-ASM} κυριον 2962 {N-ASM} εκ 1537 {PREP} καθαρας 2513 {A-GSF} καρδιας 2588 {N-GSF}
2,23,τας 3588 {T-APF} δε 1161 {CONJ} μωρας 3474 {A-APF} και 2532 {CONJ} απαιδευτους 521 {A-APF} ζητησεις 2214 {N-APF} παραιτου 3868 {V-PNM-2S} ειδως 1492 {V-RAP-NSM} οτι 3754 {CONJ} γεννωσιν 1080 {V-PAI-3P} μαχας 3163 {N-APF}
2,24,δουλον 1401 {N-ASM} δε 1161 {CONJ} κυριου 2962 {N-GSM} ου 3756 {PRT-N} δει 1163 {V-PAI-3S} μαχεσθαι 3164 {V-PNN} αλλ 235 {CONJ} ηπιον 2261 {A-ASM} ειναι 1510 {V-PAN} προς 4314 {PREP} παντας 3956 {A-APM} διδακτικον 1317 {A-ASM} ανεξικακον 420 {A-ASM}
2,25,εν 1722 {PREP} πραοτητι 4240 {N-DSF} παιδευοντα 3811 {V-PAP-ASM} τους 3588 {T-APM} αντιδιατιθεμενους 475 {V-PMP-APM} μηποτε 3379 {ADV-N} δω 1325 {V-2AAS-3S} αυτοις 846 {P-DPM} ο 3588 {T-NSM} θεος 2316 {N-NSM} μετανοιαν 3341 {N-ASF} εις 1519 {PREP} επιγνωσιν 1922 {N-ASF} αληθειας 225 {N-GSF}
2,26,και 2532 {CONJ} ανανηψωσιν 366 {V-AAS-3P} εκ 1537 {PREP} της 3588 {T-GSF} του 3588 {T-GSM} διαβολου 1228 {A-GSM} παγιδος 3803 {N-GSF} εζωγρημενοι 2221 {V-RPP-NPM} υπ 5259 {PREP} αυτου 846 {P-GSM} εις 1519 {PREP} το 3588 {T-ASN} εκεινου 1565 {D-GSM} θελημα 2307 {N-ASN}
3,1,τουτο 3778 {D-ASN} δε 1161 {CONJ} γινωσκε 1097 {V-PAM-2S} οτι 3754 {CONJ} εν 1722 {PREP} εσχαταις 2078 {A-DPF-S} ημεραις 2250 {N-DPF} ενστησονται 1764 {V-FDI-3P} καιροι 2540 {N-NPM} χαλεποι 5467 {A-NPM}
3,2,εσονται 1510 {V-FDI-3P} γαρ 1063 {CONJ} οι 3588 {T-NPM} ανθρωποι 444 {N-NPM} φιλαυτοι 5367 {A-NPM} φιλαργυροι 5366 {A-NPM} αλαζονες 213 {N-NPM} υπερηφανοι 5244 {A-NPM} βλασφημοι 989 {A-NPM} γονευσιν 1118 {N-DPM} απειθεις 545 {A-NPM} αχαριστοι 884 {A-NPM} ανοσιοι 462 {A-NPM}
3,3,αστοργοι 794 {A-NPM} ασπονδοι 786 {A-NPM} διαβολοι 1228 {A-NPM} ακρατεις 193 {A-NPM} ανημεροι 434 {A-NPM} αφιλαγαθοι 865 {A-NPM}
3,4,προδοται 4273 {N-NPM} προπετεις 4312 {A-NPM} τετυφωμενοι 5187 {V-RPP-NPM} φιληδονοι 5369 {A-NPM} μαλλον 3123 {ADV} η 2228 {PRT} φιλοθεοι 5377 {A-NPM}
3,5,εχοντες 2192 {V-PAP-NPM} μορφωσιν 3446 {N-ASF} ευσεβειας 2150 {N-GSF} την 3588 {T-ASF} δε 1161 {CONJ} δυναμιν 1411 {N-ASF} αυτης 846 {P-GSF} ηρνημενοι 720 {V-RNP-NPM} και 2532 {CONJ} τουτους 3778 {D-APM} αποτρεπου 665 {V-PMM-2S}
3,6,εκ 1537 {PREP} τουτων 3778 {D-GPM} γαρ 1063 {CONJ} εισιν 1510 {V-PAI-3P} οι 3588 {T-NPM} ενδυνοντες 1744 {V-PAP-NPM} εις 1519 {PREP} τας 3588 {T-APF} οικιας 3614 {N-APF} και 2532 {CONJ} αιχμαλωτευοντες 162 {V-PAP-NPM} γυναικαρια 1133 {N-APN} σεσωρευμενα 4987 {V-RPP-APN} αμαρτιαις 266 {N-DPF} αγομενα 71 {V-PPP-APN} επιθυμιαις 1939 {N-DPF} ποικιλαις 4164 {A-DPF}
3,7,παντοτε 3842 {ADV} μανθανοντα 3129 {V-PAP-APN} και 2532 {CONJ} μηδεποτε 3368 {ADV-N} εις 1519 {PREP} επιγνωσιν 1922 {N-ASF} αληθειας 225 {N-GSF} ελθειν 2064 {V-2AAN} δυναμενα 1410 {V-PNP-APN}
3,8,ον 3739 {R-ASM} τροπον 5158 {N-ASM} δε 1161 {CONJ} ιαννης 2389 {N-NSM} και 2532 {CONJ} ιαμβρης 2387 {N-NSM} αντεστησαν 436 {V-2AAI-3P} μωυση 3475 {N-DSM} ουτως 3779 {ADV} και 2532 {CONJ} ουτοι 3778 {D-NPM} ανθιστανται 436 {V-PMI-3P} τη 3588 {T-DSF} αληθεια 225 {N-DSF} ανθρωποι 444 {N-NPM} κατεφθαρμενοι 2704 {V-RPP-NPM} τον 3588 {T-ASM} νουν 3563 {N-ASM} αδοκιμοι 96 {A-NPM} περι 4012 {PREP} την 3588 {T-ASF} πιστιν 4102 {N-ASF}
3,9,αλλ 235 {CONJ} ου 3756 {PRT-N} προκοψουσιν 4298 {V-FAI-3P} επι 1909 {PREP} πλειον 4183 {A-ASN-C} η 3588 {T-NSF} γαρ 1063 {CONJ} ανοια 454 {N-NSF} αυτων 846 {P-GPM} εκδηλος 1552 {A-NSF} εσται 1510 {V-FDI-3S} πασιν 3956 {A-DPM} ως 5613 {ADV} και 2532 {CONJ} η 3588 {T-NSF} εκεινων 1565 {D-GPM} εγενετο 1096 {V-2ADI-3S}
3,10,συ 4771 {P-2NS} δε 1161 {CONJ} παρηκολουθηκας 3877 {V-RAI-2S} μου 1473 {P-1GS} τη 3588 {T-DSF} διδασκαλια 1319 {N-DSF} τη 3588 {T-DSF} αγωγη 72 {N-DSF} τη 3588 {T-DSF} προθεσει 4286 {N-DSF} τη 3588 {T-DSF} πιστει 4102 {N-DSF} τη 3588 {T-DSF} μακροθυμια 3115 {N-DSF} τη 3588 {T-DSF} αγαπη 26 {N-DSF} τη 3588 {T-DSF} υπομονη 5281 {N-DSF}
3,11,τοις 3588 {T-DPM} διωγμοις 1375 {N-DPM} τοις 3588 {T-DPN} παθημασιν 3804 {N-DPN} οια 3634 {R-NPN} μοι 1473 {P-1DS} εγενετο 1096 {V-2ADI-3S} εν 1722 {PREP} αντιοχεια 490 {N-DSF} εν 1722 {PREP} ικονιω 2430 {N-DSN} εν 1722 {PREP} λυστροις 3082 {N-DPN} οιους 3634 {K-APM} διωγμους 1375 {N-APM} υπηνεγκα 5297 {V-AAI-1S} και 2532 {CONJ} εκ 1537 {PREP} παντων 3956 {A-GPM} με 1473 {P-1AS} ερρυσατο 4506 {V-ANI-3S} ο 3588 {T-NSM} κυριος 2962 {N-NSM}
3,12,και 2532 {CONJ} παντες 3956 {A-NPM} δε 1161 {CONJ} οι 3588 {T-NPM} θελοντες 2309 {V-PAP-NPM} ευσεβως 2153 {ADV} ζην 2198 {V-PAN} εν 1722 {PREP} χριστω 5547 {N-DSM} ιησου 2424 {N-DSM} διωχθησονται 1377 {V-FPI-3P}
3,13,πονηροι 4190 {A-NPM} δε 1161 {CONJ} ανθρωποι 444 {N-NPM} και 2532 {CONJ} γοητες 1114 {N-NPM} προκοψουσιν 4298 {V-FAI-3P} επι 1909 {PREP} το 3588 {T-ASN} χειρον 5501 {A-ASN} πλανωντες 4105 {V-PAP-NPM} και 2532 {CONJ} πλανωμενοι 4105 {V-PPP-NPM}
3,14,συ 4771 {P-2NS} δε 1161 {CONJ} μενε 3306 {V-PAM-2S} εν 1722 {PREP} οις 3739 {R-DPN} εμαθες 3129 {V-2AAI-2S} και 2532 {CONJ} επιστωθης 4104 {V-API-2S} ειδως 1492 {V-RAP-NSM} παρα 3844 {PREP} τινος 5101 {I-GSM} εμαθες 3129 {V-2AAI-2S}
3,15,και 2532 {CONJ} οτι 3754 {CONJ} απο 575 {PREP} βρεφους 1025 {N-GSN} τα 3588 {T-APN} ιερα 2413 {A-APN} γραμματα 1121 {N-APN} οιδας 1492 {V-RAI-2S} τα 3588 {T-APN} δυναμενα 1410 {V-PNP-APN} σε 4771 {P-2AS} σοφισαι 4679 {V-AAN} εις 1519 {PREP} σωτηριαν 4991 {N-ASF} δια 1223 {PREP} πιστεως 4102 {N-GSF} της 3588 {T-GSF} εν 1722 {PREP} χριστω 5547 {N-DSM} ιησου 2424 {N-DSM}
3,16,πασα 3956 {A-NSF} γραφη 1124 {N-NSF} θεοπνευστος 2315 {A-NSF} και 2532 {CONJ} ωφελιμος 5624 {A-NSF} προς 4314 {PREP} διδασκαλιαν 1319 {N-ASF} προς 4314 {PREP} ελεγχον 1650 {N-ASM} προς 4314 {PREP} επανορθωσιν 1882 {N-ASF} προς 4314 {PREP} παιδειαν 3809 {N-ASF} την 3588 {T-ASF} εν 1722 {PREP} δικαιοσυνη 1343 {N-DSF}
3,17,ινα 2443 {CONJ} αρτιος 739 {A-NSM} η 1510 {V-PAS-3S} ο 3588 {T-NSM} του 3588 {T-GSM} θεου 2316 {N-GSM} ανθρωπος 444 {N-NSM} προς 4314 {PREP} παν 3956 {A-ASN} εργον 2041 {N-ASN} αγαθον 18 {A-ASN} εξηρτισμενος 1822 {V-RPP-NSM}
4,1,διαμαρτυρομαι 1263 {V-PNI-1S} ουν 3767 {CONJ} εγω 1473 {P-1NS} ενωπιον 1799 {PREP} του 3588 {T-GSM} θεου 2316 {N-GSM} και 2532 {CONJ} του 3588 {T-GSM} κυριου 2962 {N-GSM} ιησου 2424 {N-GSM} χριστου 5547 {N-GSM} του 3588 {T-GSM} μελλοντος 3195 {V-PAP-GSM} κρινειν 2919 {V-PAN} ζωντας 2198 {V-PAP-APM} και 2532 {CONJ} νεκρους 3498 {A-APM} κατα 2596 {PREP} την 3588 {T-ASF} επιφανειαν 2015 {N-ASF} αυτου 846 {P-GSM} και 2532 {CONJ} την 3588 {T-ASF} βασιλειαν 932 {N-ASF} αυτου 846 {P-GSM}
4,2,κηρυξον 2784 {V-AAM-2S} τον 3588 {T-ASM} λογον 3056 {N-ASM} επιστηθι 2186 {V-2AAM-2S} ευκαιρως 2122 {ADV} ακαιρως 171 {ADV} ελεγξον 1651 {V-AAM-2S} επιτιμησον 2008 {V-AAM-2S} παρακαλεσον 3870 {V-AAM-2S} εν 1722 {PREP} παση 3956 {A-DSF} μακροθυμια 3115 {N-DSF} και 2532 {CONJ} διδαχη 1322 {N-DSF}
4,3,εσται 1510 {V-FDI-3S} γαρ 1063 {CONJ} καιρος 2540 {N-NSM} οτε 3753 {ADV} της 3588 {T-GSF} υγιαινουσης 5198 {V-PAP-GSF} διδασκαλιας 1319 {N-GSF} ουκ 3756 {PRT-N} ανεξονται 430 {V-FDI-3P} αλλα 235 {CONJ} κατα 2596 {PREP} τας 3588 {T-APF} επιθυμιας 1939 {N-APF} τας 3588 {T-APF} ιδιας 2398 {A-APF} εαυτοις 1438 {F-3DPM} επισωρευσουσιν 2002 {V-FAI-3P} διδασκαλους 1320 {N-APM} κνηθομενοι 2833 {V-PPP-NPM} την 3588 {T-ASF} ακοην 189 {N-ASF}
4,4,και 2532 {CONJ} απο 575 {PREP} μεν 3303 {PRT} της 3588 {T-GSF} αληθειας 225 {N-GSF} την 3588 {T-ASF} ακοην 189 {N-ASF} αποστρεψουσιν 654 {V-FAI-3P} επι 1909 {PREP} δε 1161 {CONJ} τους 3588 {T-APM} μυθους 3454 {N-APM} εκτραπησονται 1624 {V-2FPI-3P}
4,5,συ 4771 {P-2NS} δε 1161 {CONJ} νηφε 3525 {V-PAM-2S} εν 1722 {PREP} πασιν 3956 {A-DPN} κακοπαθησον 2553 {V-AAM-2S} εργον 2041 {N-ASN} ποιησον 4160 {V-AAM-2S} ευαγγελιστου 2099 {N-GSM} την 3588 {T-ASF} διακονιαν 1248 {N-ASF} σου 4771 {P-2GS} πληροφορησον 4135 {V-AAM-2S}
4,6,εγω 1473 {P-1NS} γαρ 1063 {CONJ} ηδη 2235 {ADV} σπενδομαι 4689 {V-PPI-1S} και 2532 {CONJ} ο 3588 {T-NSM} καιρος 2540 {N-NSM} της 3588 {T-GSF} εμης 1699 {S-1SGSF} αναλυσεως 359 {N-GSF} εφεστηκεν 2186 {V-RAI-3S}
4,7,τον 3588 {T-ASM} αγωνα 73 {N-ASM} τον 3588 {T-ASM} καλον 2570 {A-ASM} ηγωνισμαι 75 {V-RNI-1S} τον 3588 {T-ASM} δρομον 1408 {N-ASM} τετελεκα 5055 {V-RAI-1S} την 3588 {T-ASF} πιστιν 4102 {N-ASF} τετηρηκα 5083 {V-RAI-1S}
4,8,λοιπον 3062 {A-ASN} αποκειται 606 {V-PNI-3S} μοι 1473 {P-1DS} ο 3588 {T-NSM} της 3588 {T-GSF} δικαιοσυνης 1343 {N-GSF} στεφανος 4735 {N-NSM} ον 3739 {R-ASM} αποδωσει 591 {V-FAI-3S} μοι 1473 {P-1DS} ο 3588 {T-NSM} κυριος 2962 {N-NSM} εν 1722 {PREP} εκεινη 1565 {D-DSF} τη 3588 {T-DSF} ημερα 2250 {N-DSF} ο 3588 {T-NSM} δικαιος 1342 {A-NSM} κριτης 2923 {N-NSM} ου 3756 {PRT-N} μονον 3440 {ADV} δε 1161 {CONJ} εμοι 1473 {P-1DS} αλλα 235 {CONJ} και 2532 {CONJ} πασιν 3956 {A-DPM} τοις 3588 {T-DPM} ηγαπηκοσιν 25 {V-RAP-DPM} την 3588 {T-ASF} επιφανειαν 2015 {N-ASF} αυτου 846 {P-GSM}
4,9,σπουδασον 4704 {V-AAM-2S} ελθειν 2064 {V-2AAN} προς 4314 {PREP} με 1473 {P-1AS} ταχεως 5030 {ADV}
4,10,δημας 1214 {N-NSM} γαρ 1063 {CONJ} με 1473 {P-1AS} εγκατελιπεν 1459 {V-2AAI-3S} αγαπησας 25 {V-AAP-NSM} τον 3588 {T-ASM} νυν 3568 {ADV} αιωνα 165 {N-ASM} και 2532 {CONJ} επορευθη 4198 {V-AOI-3S} εις 1519 {PREP} θεσσαλονικην 2332 {N-ASF} κρησκης 2913 {N-NSM} εις 1519 {PREP} γαλατιαν 1053 {N-ASF} τιτος 5103 {N-NSM} εις 1519 {PREP} δαλματιαν 1149 {N-ASF}
4,11,λουκας 3065 {N-NSM} εστιν 1510 {V-PAI-3S} μονος 3441 {A-NSM} μετ 3326 {PREP} εμου 1473 {P-1GS} μαρκον 3138 {N-ASM} αναλαβων 353 {V-2AAP-NSM} αγε 71 {V-PAM-2S} μετα 3326 {PREP} σεαυτου 4572 {F-2GSM} εστιν 1510 {V-PAI-3S} γαρ 1063 {CONJ} μοι 1473 {P-1DS} ευχρηστος 2173 {A-NSM} εις 1519 {PREP} διακονιαν 1248 {N-ASF}
4,12,τυχικον 5190 {N-ASM} δε 1161 {CONJ} απεστειλα 649 {V-AAI-1S} εις 1519 {PREP} εφεσον 2181 {N-ASF}
4,13,τον 3588 {T-ASM} φελονην 5341 {N-ASM} ον 3739 {R-ASM} απελιπον 620 {V-2AAI-1S} εν 1722 {PREP} τρωαδι 5174 {N-DSF} παρα 3844 {PREP} καρπω 2591 {N-DSM} ερχομενος 2064 {V-PNP-NSM} φερε 5342 {V-PAM-2S} και 2532 {CONJ} τα 3588 {T-APN} βιβλια 975 {N-APN} μαλιστα 3122 {ADV-S} τας 3588 {T-APF} μεμβρανας 3200 {N-APF}
4,14,αλεξανδρος 223 {N-NSM} ο 3588 {T-NSM} χαλκευς 5471 {N-NSM} πολλα 4183 {A-APN} μοι 1473 {P-1DS} κακα 2556 {A-APN} ενεδειξατο 1731 {V-AMI-3S} αποδωη 591 {V-2AAO-3S} αυτω 846 {P-DSM} ο 3588 {T-NSM} κυριος 2962 {N-NSM} κατα 2596 {PREP} τα 3588 {T-APN} εργα 2041 {N-APN} αυτου 846 {P-GSM}
4,15,ον 3739 {R-ASM} και 2532 {CONJ} συ 4771 {P-2NS} φυλασσου 5442 {V-PMM-2S} λιαν 3029 {ADV} γαρ 1063 {CONJ} ανθεστηκεν 436 {V-RAI-3S} τοις 3588 {T-DPM} ημετεροις 2251 {S-1PDPM} λογοις 3056 {N-DPM}
4,16,εν 1722 {PREP} τη 3588 {T-DSF} πρωτη 4413 {A-DSF-S} μου 1473 {P-1GS} απολογια 627 {N-DSF} ουδεις 3762 {A-NSM-N} μοι 1473 {P-1DS} συμπαρεγενετο 4836 {V-2ADI-3S} αλλα 235 {CONJ} παντες 3956 {A-NPM} με 1473 {P-1AS} εγκατελιπον 1459 {V-2AAI-3P} μη 3361 {PRT-N} αυτοις 846 {P-DPM} λογισθειη 3049 {V-AOO-3S}
4,17,ο 3588 {T-NSM} δε 1161 {CONJ} κυριος 2962 {N-NSM} μοι 1473 {P-1DS} παρεστη 3936 {V-2AAI-3S} και 2532 {CONJ} ενεδυναμωσεν 1743 {V-AAI-3S} με 1473 {P-1AS} ινα 2443 {CONJ} δι 1223 {PREP} εμου 1473 {P-1GS} το 3588 {T-NSN} κηρυγμα 2782 {N-NSN} πληροφορηθη 4135 {V-APS-3S} και 2532 {CONJ} ακουση 191 {V-AAS-3S} παντα 3956 {A-NPN} τα 3588 {T-NPN} εθνη 1484 {N-NPN} και 2532 {CONJ} ερρυσθην 4506 {V-API-1S} εκ 1537 {PREP} στοματος 4750 {N-GSN} λεοντος 3023 {N-GSM}
4,18,και 2532 {CONJ} ρυσεται 4506 {V-FDI-3S} με 1473 {P-1AS} ο 3588 {T-NSM} κυριος 2962 {N-NSM} απο 575 {PREP} παντος 3956 {A-GSN} εργου 2041 {N-GSN} πονηρου 4190 {A-GSN} και 2532 {CONJ} σωσει 4982 {V-FAI-3S} εις 1519 {PREP} την 3588 {T-ASF} βασιλειαν 932 {N-ASF} αυτου 846 {P-GSM} την 3588 {T-ASF} επουρανιον 2032 {A-ASF} ω 3739 {R-DSM} η 3588 {T-NSF} δοξα 1391 {N-NSF} εις 1519 {PREP} τους 3588 {T-APM} αιωνας 165 {N-APM} των 3588 {T-GPM} αιωνων 165 {N-GPM} αμην 281 {HEB}
4,19,ασπασαι 782 {V-ADM-2S} πρισκαν 4251 {N-ASF} και 2532 {CONJ} ακυλαν 207 {N-ASM} και 2532 {CONJ} τον 3588 {T-ASM} ονησιφορου 3683 {N-GSM} οικον 3624 {N-ASM}
4,20,εραστος 2037 {N-NSM} εμεινεν 3306 {V-AAI-3S} εν 1722 {PREP} κορινθω 2882 {N-DSF} τροφιμον 5161 {N-ASM} δε 1161 {CONJ} απελιπον 620 {V-2AAI-1S} εν 1722 {PREP} μιλητω 3399 {N-DSF} ασθενουντα 770 {V-PAP-ASM}
4,21,σπουδασον 4704 {V-AAM-2S} προ 4253 {PREP} χειμωνος 5494 {N-GSM} ελθειν 2064 {V-2AAN} ασπαζεται 782 {V-PNI-3S} σε 4771 {P-2AS} ευβουλος 2103 {N-NSM} και 2532 {CONJ} πουδης 4227 {N-NSM} και 2532 {CONJ} λινος 3044 {N-NSM} και 2532 {CONJ} κλαυδια 2803 {N-NSF} και 2532 {CONJ} οι 3588 {T-NPM} αδελφοι 80 {N-NPM} παντες 3956 {A-NPM}
4,22,ο 3588 {T-NSM} κυριος 2962 {N-NSM} ιησους 2424 {N-NSM} χριστος 5547 {N-NSM} μετα 3326 {PREP} του 3588 {T-GSN} πνευματος 4151 {N-GSN} σου 4771 {P-2GS} η 3588 {T-NSF} χαρις 5485 {N-NSF} μεθ 3326 {PREP} υμων 4771 {P-2GP} αμην 281 {HEB}
