chapter,verse,text
1,1,παυλος 3972 {N-NSM} αποστολος 652 {N-NSM} ιησου 2424 {N-GSM} χριστου 5547 {N-GSM} δια 1223 {PREP} θεληματος 2307 {N-GSN} θεου 2316 {N-GSM} τοις 3588 {T-DPM} αγιοις 40 {A-DPM} τοις 3588 {T-DPM} ουσιν 1510 {V-PAP-DPM} εν 1722 {PREP} εφεσω 2181 {N-DSF} και 2532 {CONJ} πιστοις 4103 {A-DPM} εν 1722 {PREP} χριστω 5547 {N-DSM} ιησου 2424 {N-DSM}
1,2,χαρις 5485 {N-NSF} υμιν 4771 {P-2DP} και 2532 {CONJ} ειρηνη 1515 {N-NSF} απο 575 {PREP} θεου 2316 {N-GSM} πατρος 3962 {N-GSM} ημων 1473 {P-1GP} και 2532 {CONJ} κυριου 2962 {N-GSM} ιησου 2424 {N-GSM} χριστου 5547 {N-GSM}
1,3,ευλογητος 2128 {A-NSM} ο 3588 {T-NSM} θεος 2316 {N-NSM} και 2532 {CONJ} πατηρ 3962 {N-NSM} του 3588 {T-GSM} κυριου 2962 {N-GSM} ημων 1473 {P-1GP} ιησου 2424 {N-GSM} χριστου 5547 {N-GSM} ο 3588 {T-NSM} ευλογησας 2127 {V-AAP-NSM} ημας 1473 {P-1AP} εν 1722 {PREP} παση 3956 {A-DSF} ευλογια 2129 {N-DSF} πνευματικη 4152 {A-DSF} εν 1722 {PREP} τοις 3588 {T-DPN} επουρανιοις 2032 {A-DPN} εν 1722 {PREP} χριστω 5547 {N-DSM}
1,4,καθως 2531 {ADV} εξελεξατο 1586 {V-AMI-3S} ημας 1473 {P-1AP} εν 1722 {PREP} αυτω 846 {P-DSM} προ 4253 {PREP} καταβολης 2602 {N-GSF} κοσμου 2889 {N-GSM} ειναι 1510 {V-PAN} ημας 1473 {P-1AP} αγιους 40 {A-APM} και 2532 {CONJ} αμωμους 299 {A-APM} κατενωπιον 2714 {PREP} αυτου 846 {P-GSM} εν 1722 {PREP} αγαπη 26 {N-DSF}
1,5,προορισας 4309 {V-AAP-NSM} ημας 1473 {P-1AP} εις 1519 {PREP} υιοθεσιαν 5206 {N-ASF} δια 1223 {PREP} ιησου 2424 {N-GSM} χριστου 5547 {N-GSM} εις 1519 {PREP} αυτον 846 {P-ASM} κατα 2596 {PREP} την 3588 {T-ASF} ευδοκιαν 2107 {N-ASF} του 3588 {T-GSN} θεληματος 2307 {N-GSN} αυτου 846 {P-GSM}
1,6,εις 1519 {PREP} επαινον 1868 {N-ASM} δοξης 1391 {N-GSF} της 3588 {T-GSF} χαριτος 5485 {N-GSF} αυτου 846 {P-GSM} εν 1722 {PREP} η 3739 {R-DSF} εχαριτωσεν 5487 {V-AAI-3S} ημας 1473 {P-1AP} εν 1722 {PREP} τω 3588 {T-DSM} ηγαπημενω 25 {V-RPP-DSM}
1,7,εν 1722 {PREP} ω 3739 {R-DSM} εχομεν 2192 {V-PAI-1P} την 3588 {T-ASF} απολυτρωσιν 629 {N-ASF} δια 1223 {PREP} του 3588 {T-GSN} αιματος 129 {N-GSN} αυτου 846 {P-GSM} την 3588 {T-ASF} αφεσιν 859 {N-ASF} των 3588 {T-GPN} παραπτωματων 3900 {N-GPN} κατα 2596 {PREP} τον 3588 {T-ASM} πλουτον 4149 {N-ASM} της 3588 {T-GSF} χαριτος 5485 {N-GSF} αυτου 846 {P-GSM}
1,8,ης 3739 {R-GSF} επερισσευσεν 4052 {V-AAI-3S} εις 1519 {PREP} ημας 1473 {P-1AP} εν 1722 {PREP} παση 3956 {A-DSF} σοφια 4678 {N-DSF} και 2532 {CONJ} φρονησει 5428 {N-DSF}
1,9,γνωρισας 1107 {V-AAP-NSM} ημιν 1473 {P-1DP} το 3588 {T-ASN} μυστηριον 3466 {N-ASN} του 3588 {T-GSN} θεληματος 2307 {N-GSN} αυτου 846 {P-GSM} κατα 2596 {PREP} την 3588 {T-ASF} ευδοκιαν 2107 {N-ASF} αυτου 846 {P-GSM} ην 3739 {R-ASF} προεθετο 4388 {V-2AMI-3S} εν 1722 {PREP} αυτω 846 {P-DSM}
1,10,εις 1519 {PREP} οικονομιαν 3622 {N-ASF} του 3588 {T-GSN} πληρωματος 4138 {N-GSN} των 3588 {T-GPM} καιρων 2540 {N-GPM} ανακεφαλαιωσασθαι 346 {V-ADN} τα 3588 {T-APN} παντα 3956 {A-APN} εν 1722 {PREP} τω 3588 {T-DSM} χριστω 5547 {N-DSM} τα 3588 {T-APN} επι 1909 {PREP} τοις 3588 {T-DPM} ουρανοις 3772 {N-DPM} και 2532 {CONJ} τα 3588 {T-APN} επι 1909 {PREP} της 3588 {T-GSF} γης 1093 {N-GSF}
1,11,εν 1722 {PREP} αυτω 846 {P-DSM} εν 1722 {PREP} ω 3739 {R-DSM} και 2532 {CONJ} εκληρωθημεν 2820 {V-API-1P} προορισθεντες 4309 {V-APP-NPM} κατα 2596 {PREP} προθεσιν 4286 {N-ASF} του 3588 {T-GSM} τα 3588 {T-APN} παντα 3956 {A-APN} ενεργουντος 1754 {V-PAP-GSM} κατα 2596 {PREP} την 3588 {T-ASF} βουλην 1012 {N-ASF} του 3588 {T-GSN} θεληματος 2307 {N-GSN} αυτου 846 {P-GSM}
1,12,εις 1519 {PREP} το 3588 {T-ASN} ειναι 1510 {V-PAN} ημας 1473 {P-1AP} εις 1519 {PREP} επαινον 1868 {N-ASM} δοξης 1391 {N-GSF} αυτου 846 {P-GSM} τους 3588 {T-APM} προηλπικοτας 4276 {V-RAP-APM} εν 1722 {PREP} τω 3588 {T-DSM} χριστω 5547 {N-DSM}
1,13,εν 1722 {PREP} ω 3739 {R-DSM} και 2532 {CONJ} υμεις 4771 {P-2NP} ακουσαντες 191 {V-AAP-NPM} τον 3588 {T-ASM} λογον 3056 {N-ASM} της 3588 {T-GSF} αληθειας 225 {N-GSF} το 3588 {T-ASN} ευαγγελιον 2098 {N-ASN} της 3588 {T-GSF} σωτηριας 4991 {N-GSF} υμων 4771 {P-2GP} εν 1722 {PREP} ω 3739 {R-DSM} και 2532 {CONJ} πιστευσαντες 4100 {V-AAP-NPM} εσφραγισθητε 4972 {V-API-2P} τω 3588 {T-DSN} πνευματι 4151 {N-DSN} της 3588 {T-GSF} επαγγελιας 1860 {N-GSF} τω 3588 {T-DSN} αγιω 40 {A-DSN}
1,14,ος 3739 {R-NSM} εστιν 1510 {V-PAI-3S} αρραβων 728 {N-NSM} της 3588 {T-GSF} κληρονομιας 2817 {N-GSF} ημων 1473 {P-1GP} εις 1519 {PREP} απολυτρωσιν 629 {N-ASF} της 3588 {T-GSF} περιποιησεως 4047 {N-GSF} εις 1519 {PREP} επαινον 1868 {N-ASM} της 3588 {T-GSF} δοξης 1391 {N-GSF} αυτου 846 {P-GSM}
1,15,δια 1223 {PREP} τουτο 3778 {D-ASN} καγω 2504 {P-1NS-K} ακουσας 191 {V-AAP-NSM} την 3588 {T-ASF} καθ 2596 {PREP} υμας 4771 {P-2AP} πιστιν 4102 {N-ASF} εν 1722 {PREP} τω 3588 {T-DSM} κυριω 2962 {N-DSM} ιησου 2424 {N-DSM} και 2532 {CONJ} την 3588 {T-ASF} αγαπην 26 {N-ASF} την 3588 {T-ASF} εις 1519 {PREP} παντας 3956 {A-APM} τους 3588 {T-APM} αγιους 40 {A-APM}
1,16,ου 3756 {PRT-N} παυομαι 3973 {V-PMI-1S} ευχαριστων 2168 {V-PAP-NSM} υπερ 5228 {PREP} υμων 4771 {P-2GP} μνειαν 3417 {N-ASF} υμων 4771 {P-2GP} ποιουμενος 4160 {V-PMP-NSM} επι 1909 {PREP} των 3588 {T-GPF} προσευχων 4335 {N-GPF} μου 1473 {P-1GS}
1,17,ινα 2443 {CONJ} ο 3588 {T-NSM} θεος 2316 {N-NSM} του 3588 {T-GSM} κυριου 2962 {N-GSM} ημων 1473 {P-1GP} ιησου 2424 {N-GSM} χριστου 5547 {N-GSM} ο 3588 {T-NSM} πατηρ 3962 {N-NSM} της 3588 {T-GSF} δοξης 1391 {N-GSF} δωη 1325 {V-2AAO-3S} υμιν 4771 {P-2DP} πνευμα 4151 {N-ASN} σοφιας 4678 {N-GSF} και 2532 {CONJ} αποκαλυψεως 602 {N-GSF} εν 1722 {PREP} επιγνωσει 1922 {N-DSF} αυτου 846 {P-GSM}
1,18,πεφωτισμενους 5461 {V-RPP-APM} τους 3588 {T-APM} οφθαλμους 3788 {N-APM} της 3588 {T-GSF} καρδιας 2588 {N-GSF} υμων 4771 {P-2GP} εις 1519 {PREP} το 3588 {T-ASN} ειδεναι 1492 {V-RAN} υμας 4771 {P-2AP} τις 5101 {I-NSF} εστιν 1510 {V-PAI-3S} η 3588 {T-NSF} ελπις 1680 {N-NSF} της 3588 {T-GSF} κλησεως 2821 {N-GSF} αυτου 846 {P-GSM} και 2532 {CONJ} τις 5101 {I-NSM} ο 3588 {T-NSM} πλουτος 4149 {N-NSM} της 3588 {T-GSF} δοξης 1391 {N-GSF} της 3588 {T-GSF} κληρονομιας 2817 {N-GSF} αυτου 846 {P-GSM} εν 1722 {PREP} τοις 3588 {T-DPM} αγιοις 40 {A-DPM}
1,19,και 2532 {CONJ} τι 5101 {I-NSN} το 3588 {T-NSN} υπερβαλλον 5235 {V-PAP-NSN} μεγεθος 3174 {N-NSN} της 3588 {T-GSF} δυναμεως 1411 {N-GSF} αυτου 846 {P-GSM} εις 1519 {PREP} ημας 1473 {P-1AP} τους 3588 {T-APM} πιστευοντας 4100 {V-PAP-APM} κατα 2596 {PREP} την 3588 {T-ASF} ενεργειαν 1753 {N-ASF} του 3588 {T-GSN} κρατους 2904 {N-GSN} της 3588 {T-GSF} ισχυος 2479 {N-GSF} αυτου 846 {P-GSM}
1,20,ην 3739 {R-ASF} ενηργησεν 1754 {V-AAI-3S} εν 1722 {PREP} τω 3588 {T-DSM} χριστω 5547 {N-DSM} εγειρας 1453 {V-AAP-NSM} αυτον 846 {P-ASM} εκ 1537 {PREP} των 3588 {T-GPM} νεκρων 3498 {A-GPM} και 2532 {CONJ} εκαθισεν 2523 {V-AAI-3S} εν 1722 {PREP} δεξια 1188 {A-DSF} αυτου 846 {P-GSM} εν 1722 {PREP} τοις 3588 {T-DPN} επουρανιοις 2032 {A-DPN}
1,21,υπερανω 5231 {ADV} πασης 3956 {A-GSF} αρχης 746 {N-GSF} και 2532 {CONJ} εξουσιας 1849 {N-GSF} και 2532 {CONJ} δυναμεως 1411 {N-GSF} και 2532 {CONJ} κυριοτητος 2963 {N-GSF} και 2532 {CONJ} παντος 3956 {A-GSN} ονοματος 3686 {N-GSN} ονομαζομενου 3687 {V-PPP-GSN} ου 3756 {PRT-N} μονον 3440 {ADV} εν 1722 {PREP} τω 3588 {T-DSM} αιωνι 165 {N-DSM} τουτω 3778 {D-DSM} αλλα 235 {CONJ} και 2532 {CONJ} εν 1722 {PREP} τω 3588 {T-DSM} μελλοντι 3195 {V-PAP-DSM}
1,22,και 2532 {CONJ} παντα 3956 {A-APN} υπεταξεν 5293 {V-AAI-3S} υπο 5259 {PREP} τους 3588 {T-APM} ποδας 4228 {N-APM} αυτου 846 {P-GSM} και 2532 {CONJ} αυτον 846 {P-ASM} εδωκεν 1325 {V-AAI-3S} κεφαλην 2776 {N-ASF} υπερ 5228 {PREP} παντα 3956 {A-APN} τη 3588 {T-DSF} εκκλησια 1577 {N-DSF}
1,23,ητις 3748 {R-NSF} εστιν 1510 {V-PAI-3S} το 3588 {T-NSN} σωμα 4983 {N-NSN} αυτου 846 {P-GSM} το 3588 {T-NSN} πληρωμα 4138 {N-NSN} του 3588 {T-GSM} τα 3588 {T-APN} παντα 3956 {A-APN} εν 1722 {PREP} πασιν 3956 {A-DPN} πληρουμενου 4137 {V-PMP-GSM}
2,1,και 2532 {CONJ} υμας 4771 {P-2AP} οντας 1510 {V-PAP-APM} νεκρους 3498 {A-APM} τοις 3588 {T-DPN} παραπτωμασιν 3900 {N-DPN} και 2532 {CONJ} ταις 3588 {T-DPF} αμαρτιαις 266 {N-DPF}
2,2,εν 1722 {PREP} αις 3739 {R-DPF} ποτε 4218 {PRT} περιεπατησατε 4043 {V-AAI-2P} κατα 2596 {PREP} τον 3588 {T-ASM} αιωνα 165 {N-ASM} του 3588 {T-GSM} κοσμου 2889 {N-GSM} τουτου 3778 {D-GSM} κατα 2596 {PREP} τον 3588 {T-ASM} αρχοντα 758 {N-ASM} της 3588 {T-GSF} εξουσιας 1849 {N-GSF} του 3588 {T-GSM} αερος 109 {N-GSM} του 3588 {T-GSN} πνευματος 4151 {N-GSN} του 3588 {T-GSN} νυν 3568 {ADV} ενεργουντος 1754 {V-PAP-GSN} εν 1722 {PREP} τοις 3588 {T-DPM} υιοις 5207 {N-DPM} της 3588 {T-GSF} απειθειας 543 {N-GSF}
2,3,εν 1722 {PREP} οις 3739 {R-DPM} και 2532 {CONJ} ημεις 1473 {P-1NP} παντες 3956 {A-NPM} ανεστραφημεν 390 {V-2API-1P} ποτε 4218 {PRT} εν 1722 {PREP} ταις 3588 {T-DPF} επιθυμιαις 1939 {N-DPF} της 3588 {T-GSF} σαρκος 4561 {N-GSF} ημων 1473 {P-1GP} ποιουντες 4160 {V-PAP-NPM} τα 3588 {T-APN} θεληματα 2307 {N-APN} της 3588 {T-GSF} σαρκος 4561 {N-GSF} και 2532 {CONJ} των 3588 {T-GPF} διανοιων 1271 {N-GPF} και 2532 {CONJ} ημεν 1510 {V-IAI-1P} τεκνα 5043 {N-NPN} φυσει 5449 {N-DSF} οργης 3709 {N-GSF} ως 5613 {ADV} και 2532 {CONJ} οι 3588 {T-NPM} λοιποι 3062 {A-NPM}
2,4,ο 3588 {T-NSM} δε 1161 {CONJ} θεος 2316 {N-NSM} πλουσιος 4145 {A-NSM} ων 1510 {V-PAP-NSM} εν 1722 {PREP} ελεει 1656 {N-DSN} δια 1223 {PREP} την 3588 {T-ASF} πολλην 4183 {A-ASF} αγαπην 26 {N-ASF} αυτου 846 {P-GSM} ην 3739 {R-ASF} ηγαπησεν 25 {V-AAI-3S} ημας 1473 {P-1AP}
2,5,και 2532 {CONJ} οντας 1510 {V-PAP-APM} ημας 1473 {P-1AP} νεκρους 3498 {A-APM} τοις 3588 {T-DPN} παραπτωμασιν 3900 {N-DPN} συνεζωοποιησεν 4806 {V-AAI-3S} τω 3588 {T-DSM} χριστω 5547 {N-DSM} χαριτι 5485 {N-DSF} εστε 1510 {V-PAI-2P} σεσωσμενοι 4982 {V-RPP-NPM}
2,6,και 2532 {CONJ} συνηγειρεν 4891 {V-AAI-3S} και 2532 {CONJ} συνεκαθισεν 4776 {V-AAI-3S} εν 1722 {PREP} τοις 3588 {T-DPN} επουρανιοις 2032 {A-DPN} εν 1722 {PREP} χριστω 5547 {N-DSM} ιησου 2424 {N-DSM}
2,7,ινα 2443 {CONJ} ενδειξηται 1731 {V-AMS-3S} εν 1722 {PREP} τοις 3588 {T-DPM} αιωσιν 165 {N-DPM} τοις 3588 {T-DPM} επερχομενοις 1904 {V-PNP-DPM} τον 3588 {T-ASM} υπερβαλλοντα 5235 {V-PAP-ASM} πλουτον 4149 {N-ASM} της 3588 {T-GSF} χαριτος 5485 {N-GSF} αυτου 846 {P-GSM} εν 1722 {PREP} χρηστοτητι 5544 {N-DSF} εφ 1909 {PREP} ημας 1473 {P-1AP} εν 1722 {PREP} χριστω 5547 {N-DSM} ιησου 2424 {N-DSM}
2,8,τη 3588 {T-DSF} γαρ 1063 {CONJ} χαριτι 5485 {N-DSF} εστε 1510 {V-PAI-2P} σεσωσμενοι 4982 {V-RPP-NPM} δια 1223 {PREP} της 3588 {T-GSF} πιστεως 4102 {N-GSF} και 2532 {CONJ} τουτο 3778 {D-NSN} ουκ 3756 {PRT-N} εξ 1537 {PREP} υμων 4771 {P-2GP} θεου 2316 {N-GSM} το 3588 {T-NSN} δωρον 1435 {N-NSN}
2,9,ουκ 3756 {PRT-N} εξ 1537 {PREP} εργων 2041 {N-GPN} ινα 2443 {CONJ} μη 3361 {PRT-N} τις 5100 {X-NSM} καυχησηται 2744 {V-ADS-3S}
2,10,αυτου 846 {P-GSM} γαρ 1063 {CONJ} εσμεν 1510 {V-PAI-1P} ποιημα 4161 {N-NSN} κτισθεντες 2936 {V-APP-NPM} εν 1722 {PREP} χριστω 5547 {N-DSM} ιησου 2424 {N-DSM} επι 1909 {PREP} εργοις 2041 {N-DPN} αγαθοις 18 {A-DPN} οις 3739 {R-DPN} προητοιμασεν 4282 {V-AAI-3S} ο 3588 {T-NSM} θεος 2316 {N-NSM} ινα 2443 {CONJ} εν 1722 {PREP} αυτοις 846 {P-DPN} περιπατησωμεν 4043 {V-AAS-1P}
2,11,διο 1352 {CONJ} μνημονευετε 3421 {V-PAM-2P} οτι 3754 {CONJ} υμεις 4771 {P-2NP} ποτε 4218 {PRT} τα 3588 {T-NPN} εθνη 1484 {N-NPN} εν 1722 {PREP} σαρκι 4561 {N-DSF} οι 3588 {T-NPM} λεγομενοι 3004 {V-PPP-NPM} ακροβυστια 203 {N-NSF} υπο 5259 {PREP} της 3588 {T-GSF} λεγομενης 3004 {V-PPP-GSF} περιτομης 4061 {N-GSF} εν 1722 {PREP} σαρκι 4561 {N-DSF} χειροποιητου 5499 {A-GSF}
2,12,οτι 3754 {CONJ} ητε 1510 {V-IAI-2P} εν 1722 {PREP} τω 3588 {T-DSM} καιρω 2540 {N-DSM} εκεινω 1565 {D-DSM} χωρις 5565 {ADV} χριστου 5547 {N-GSM} απηλλοτριωμενοι 526 {V-RPP-NPM} της 3588 {T-GSF} πολιτειας 4174 {N-GSF} του 3588 {T-GSM} ισραηλ 2474 {N-PRI} και 2532 {CONJ} ξενοι 3581 {A-NPM} των 3588 {T-GPF} διαθηκων 1242 {N-GPF} της 3588 {T-GSF} επαγγελιας 1860 {N-GSF} ελπιδα 1680 {N-ASF} μη 3361 {PRT-N} εχοντες 2192 {V-PAP-NPM} και 2532 {CONJ} αθεοι 112 {A-NPM} εν 1722 {PREP} τω 3588 {T-DSM} κοσμω 2889 {N-DSM}
2,13,νυνι 3570 {ADV} δε 1161 {CONJ} εν 1722 {PREP} χριστω 5547 {N-DSM} ιησου 2424 {N-DSM} υμεις 4771 {P-2NP} οι 3588 {T-NPM} ποτε 4218 {PRT} οντες 1510 {V-PAP-NPM} μακραν 3112 {ADV} εγγυς 1451 {ADV} εγενηθητε 1096 {V-AOI-2P} εν 1722 {PREP} τω 3588 {T-DSN} αιματι 129 {N-DSN} του 3588 {T-GSM} χριστου 5547 {N-GSM}
2,14,αυτος 846 {P-NSM} γαρ 1063 {CONJ} εστιν 1510 {V-PAI-3S} η 3588 {T-NSF} ειρηνη 1515 {N-NSF} ημων 1473 {P-1GP} ο 3588 {T-NSM} ποιησας 4160 {V-AAP-NSM} τα 3588 {T-APN} αμφοτερα 297 {A-APN} εν 1520 {A-ASN} και 2532 {CONJ} το 3588 {T-ASN} μεσοτοιχον 3320 {N-ASN} του 3588 {T-GSM} φραγμου 5418 {N-GSM} λυσας 3089 {V-AAP-NSM}
2,15,την 3588 {T-ASF} εχθραν 2189 {N-ASF} εν 1722 {PREP} τη 3588 {T-DSF} σαρκι 4561 {N-DSF} αυτου 846 {P-GSM} τον 3588 {T-ASM} νομον 3551 {N-ASM} των 3588 {T-GPF} εντολων 1785 {N-GPF} εν 1722 {PREP} δογμασιν 1378 {N-DPN} καταργησας 2673 {V-AAP-NSM} ινα 2443 {CONJ} τους 3588 {T-APM} δυο 1417 {A-NUI} κτιση 2936 {V-AAS-3S} εν 1722 {PREP} εαυτω 1438 {F-3DSM} εις 1519 {PREP} ενα 1520 {A-ASM} καινον 2537 {A-ASM} ανθρωπον 444 {N-ASM} ποιων 4160 {V-PAP-NSM} ειρηνην 1515 {N-ASF}
2,16,και 2532 {CONJ} αποκαταλλαξη 604 {V-AAS-3S} τους 3588 {T-APM} αμφοτερους 297 {A-APM} εν 1722 {PREP} ενι 1520 {A-DSN} σωματι 4983 {N-DSN} τω 3588 {T-DSM} θεω 2316 {N-DSM} δια 1223 {PREP} του 3588 {T-GSM} σταυρου 4716 {N-GSM} αποκτεινας 615 {V-AAP-NSM} την 3588 {T-ASF} εχθραν 2189 {N-ASF} εν 1722 {PREP} αυτω 846 {P-DSM}
2,17,και 2532 {CONJ} ελθων 2064 {V-2AAP-NSM} ευηγγελισατο 2097 {V-AMI-3S} ειρηνην 1515 {N-ASF} υμιν 4771 {P-2DP} τοις 3588 {T-DPM} μακραν 3112 {ADV} και 2532 {CONJ} τοις 3588 {T-DPM} εγγυς 1451 {ADV}
2,18,οτι 3754 {CONJ} δι 1223 {PREP} αυτου 846 {P-GSM} εχομεν 2192 {V-PAI-1P} την 3588 {T-ASF} προσαγωγην 4318 {N-ASF} οι 3588 {T-NPM} αμφοτεροι 297 {A-NPM} εν 1722 {PREP} ενι 1520 {A-DSN} πνευματι 4151 {N-DSN} προς 4314 {PREP} τον 3588 {T-ASM} πατερα 3962 {N-ASM}
2,19,αρα 686 {PRT} ουν 3767 {CONJ} ουκετι 3765 {ADV-N} εστε 1510 {V-PAI-2P} ξενοι 3581 {A-NPM} και 2532 {CONJ} παροικοι 3941 {A-NPM} αλλα 235 {CONJ} συμπολιται 4847 {N-NPM} των 3588 {T-GPM} αγιων 40 {A-GPM} και 2532 {CONJ} οικειοι 3609 {A-NPM} του 3588 {T-GSM} θεου 2316 {N-GSM}
2,20,εποικοδομηθεντες 2026 {V-APP-NPM} επι 1909 {PREP} τω 3588 {T-DSM} θεμελιω 2310 {N-DSM} των 3588 {T-GPM} αποστολων 652 {N-GPM} και 2532 {CONJ} προφητων 4396 {N-GPM} οντος 1510 {V-PAP-GSM} ακρογωνιαιου 204 {A-GSM} αυτου 846 {P-GSM} ιησου 2424 {N-GSM} χριστου 5547 {N-GSM}
2,21,εν 1722 {PREP} ω 3739 {R-DSM} πασα 3956 {A-NSF} οικοδομη 3619 {N-NSF} συναρμολογουμενη 4883 {V-PPP-NSF} αυξει 837 {V-PAI-3S} εις 1519 {PREP} ναον 3485 {N-ASM} αγιον 40 {A-ASM} εν 1722 {PREP} κυριω 2962 {N-DSM}
2,22,εν 1722 {PREP} ω 3739 {R-DSM} και 2532 {CONJ} υμεις 4771 {P-2NP} συνοικοδομεισθε 4925 {V-PPI-2P} εις 1519 {PREP} κατοικητηριον 2732 {N-ASN} του 3588 {T-GSM} θεου 2316 {N-GSM} εν 1722 {PREP} πνευματι 4151 {N-DSN}
3,1,τουτου 3778 {D-GSN} χαριν 5484 {PREP} εγω 1473 {P-1NS} παυλος 3972 {N-NSM} ο 3588 {T-NSM} δεσμιος 1198 {N-NSM} του 3588 {T-GSM} χριστου 5547 {N-GSM} ιησου 2424 {N-GSM} υπερ 5228 {PREP} υμων 4771 {P-2GP} των 3588 {T-GPN} εθνων 1484 {N-GPN}
3,2,ειγε 1489 {COND} ηκουσατε 191 {V-AAI-2P} την 3588 {T-ASF} οικονομιαν 3622 {N-ASF} της 3588 {T-GSF} χαριτος 5485 {N-GSF} του 3588 {T-GSM} θεου 2316 {N-GSM} της 3588 {T-GSF} δοθεισης 1325 {V-APP-GSF} μοι 1473 {P-1DS} εις 1519 {PREP} υμας 4771 {P-2AP}
3,3,οτι 3754 {CONJ} κατα 2596 {PREP} αποκαλυψιν 602 {N-ASF} εγνωρισεν 1107 {V-AAI-3S} μοι 1473 {P-1DS} το 3588 {T-ASN} μυστηριον 3466 {N-ASN} καθως 2531 {ADV} προεγραψα 4270 {V-AAI-1S} εν 1722 {PREP} ολιγω 3641 {A-DSN}
3,4,προς 4314 {PREP} ο 3739 {R-ASN} δυνασθε 1410 {V-PNI-2P} αναγινωσκοντες 314 {V-PAP-NPM} νοησαι 3539 {V-AAN} την 3588 {T-ASF} συνεσιν 4907 {N-ASF} μου 1473 {P-1GS} εν 1722 {PREP} τω 3588 {T-DSN} μυστηριω 3466 {N-DSN} του 3588 {T-GSM} χριστου 5547 {N-GSM}
3,5,ο 3739 {R-NSN} ετεραις 2087 {A-DPF} γενεαις 1074 {N-DPF} ουκ 3756 {PRT-N} εγνωρισθη 1107 {V-API-3S} τοις 3588 {T-DPM} υιοις 5207 {N-DPM} των 3588 {T-GPM} ανθρωπων 444 {N-GPM} ως 5613 {ADV} νυν 3568 {ADV} απεκαλυφθη 601 {V-API-3S} τοις 3588 {T-DPM} αγιοις 40 {A-DPM} αποστολοις 652 {N-DPM} αυτου 846 {P-GSM} και 2532 {CONJ} προφηταις 4396 {N-DPM} εν 1722 {PREP} πνευματι 4151 {N-DSN}
3,6,ειναι 1510 {V-PAN} τα 3588 {T-APN} εθνη 1484 {N-APN} συγκληρονομα 4789 {A-APN} και 2532 {CONJ} συσσωμα 4954 {A-APN} και 2532 {CONJ} συμμετοχα 4830 {A-APN} της 3588 {T-GSF} επαγγελιας 1860 {N-GSF} αυτου 846 {P-GSM} εν 1722 {PREP} τω 3588 {T-DSM} χριστω 5547 {N-DSM} δια 1223 {PREP} του 3588 {T-GSN} ευαγγελιου 2098 {N-GSN}
3,7,ου 3739 {R-GSN} εγενομην 1096 {V-2ADI-1S} διακονος 1249 {N-NSM} κατα 2596 {PREP} την 3588 {T-ASF} δωρεαν 1431 {N-ASF} της 3588 {T-GSF} χαριτος 5485 {N-GSF} του 3588 {T-GSM} θεου 2316 {N-GSM} την 3588 {T-ASF} δοθεισαν 1325 {V-APP-ASF} μοι 1473 {P-1DS} κατα 2596 {PREP} την 3588 {T-ASF} ενεργειαν 1753 {N-ASF} της 3588 {T-GSF} δυναμεως 1411 {N-GSF} αυτου 846 {P-GSM}
3,8,εμοι 1473 {P-1DS} τω 3588 {T-DSM} ελαχιστοτερω 1647 {A-DSM-C} παντων 3956 {A-GPM} αγιων 40 {A-GPM} εδοθη 1325 {V-API-3S} η 3588 {T-NSF} χαρις 5485 {N-NSF} αυτη 3778 {D-NSF} εν 1722 {PREP} τοις 3588 {T-DPN} εθνεσιν 1484 {N-DPN} ευαγγελισασθαι 2097 {V-AMN} τον 3588 {T-ASM} ανεξιχνιαστον 421 {A-ASM} πλουτον 4149 {N-ASM} του 3588 {T-GSM} χριστου 5547 {N-GSM}
3,9,και 2532 {CONJ} φωτισαι 5461 {V-AAN} παντας 3956 {A-APM} τις 5101 {I-NSF} η 3588 {T-NSF} οικονομια 3622 {N-NSF} του 3588 {T-GSN} μυστηριου 3466 {N-GSN} του 3588 {T-GSN} αποκεκρυμμενου 613 {V-RPP-GSN} απο 575 {PREP} των 3588 {T-GPM} αιωνων 165 {N-GPM} εν 1722 {PREP} τω 3588 {T-DSM} θεω 2316 {N-DSM} τω 3588 {T-DSM} τα 3588 {T-APN} παντα 3956 {A-APN} κτισαντι 2936 {V-AAP-DSM} δια 1223 {PREP} ιησου 2424 {N-GSM} χριστου 5547 {N-GSM}
3,10,ινα 2443 {CONJ} γνωρισθη 1107 {V-APS-3S} νυν 3568 {ADV} ταις 3588 {T-DPF} αρχαις 746 {N-DPF} και 2532 {CONJ} ταις 3588 {T-DPF} εξουσιαις 1849 {N-DPF} εν 1722 {PREP} τοις 3588 {T-DPN} επουρανιοις 2032 {A-DPN} δια 1223 {PREP} της 3588 {T-GSF} εκκλησιας 1577 {N-GSF} η 3588 {T-NSF} πολυποικιλος 4182 {A-NSF} σοφια 4678 {N-NSF} του 3588 {T-GSM} θεου 2316 {N-GSM}
3,11,κατα 2596 {PREP} προθεσιν 4286 {N-ASF} των 3588 {T-GPM} αιωνων 165 {N-GPM} ην 3739 {R-ASF} εποιησεν 4160 {V-AAI-3S} εν 1722 {PREP} χριστω 5547 {N-DSM} ιησου 2424 {N-DSM} τω 3588 {T-DSM} κυριω 2962 {N-DSM} ημων 1473 {P-1GP}
3,12,εν 1722 {PREP} ω 3739 {R-DSM} εχομεν 2192 {V-PAI-1P} την 3588 {T-ASF} παρρησιαν 3954 {N-ASF} και 2532 {CONJ} την 3588 {T-ASF} προσαγωγην 4318 {N-ASF} εν 1722 {PREP} πεποιθησει 4006 {N-DSF} δια 1223 {PREP} της 3588 {T-GSF} πιστεως 4102 {N-GSF} αυτου 846 {P-GSM}
3,13,διο 1352 {CONJ} αιτουμαι 154 {V-PMI-1S} μη 3361 {PRT-N} εκκακειν 1573 {V-PAN} εν 1722 {PREP} ταις 3588 {T-DPF} θλιψεσιν 2347 {N-DPF} μου 1473 {P-1GS} υπερ 5228 {PREP} υμων 4771 {P-2GP} ητις 3748 {R-NSF} εστιν 1510 {V-PAI-3S} δοξα 1391 {N-NSF} υμων 4771 {P-2GP}
3,14,τουτου 3778 {D-GSN} χαριν 5484 {PREP} καμπτω 2578 {V-PAI-1S} τα 3588 {T-APN} γονατα 1119 {N-APN} μου 1473 {P-1GS} προς 4314 {PREP} τον 3588 {T-ASM} πατερα 3962 {N-ASM} του 3588 {T-GSM} κυριου 2962 {N-GSM} ημων 1473 {P-1GP} ιησου 2424 {N-GSM} χριστου 5547 {N-GSM}
3,15,εξ 1537 {PREP} ου 3739 {R-GSM} πασα 3956 {A-NSF} πατρια 3965 {N-NSF} εν 1722 {PREP} ουρανοις 3772 {N-DPM} και 2532 {CONJ} επι 1909 {PREP} γης 1093 {N-GSF} ονομαζεται 3687 {V-PPI-3S}
3,16,ινα 2443 {CONJ} δωη 1325 {V-2AAO-3S} υμιν 4771 {P-2DP} κατα 2596 {PREP} τον 3588 {T-ASM} πλουτον 4149 {N-ASM} της 3588 {T-GSF} δοξης 1391 {N-GSF} αυτου 846 {P-GSM} δυναμει 1411 {N-DSF} κραταιωθηναι 2901 {V-APN} δια 1223 {PREP} του 3588 {T-GSN} πνευματος 4151 {N-GSN} αυτου 846 {P-GSM} εις 1519 {PREP} τον 3588 {T-ASM} εσω 2080 {ADV} ανθρωπον 444 {N-ASM}
3,17,κατοικησαι 2730 {V-AAN} τον 3588 {T-ASM} χριστον 5547 {N-ASM} δια 1223 {PREP} της 3588 {T-GSF} πιστεως 4102 {N-GSF} εν 1722 {PREP} ταις 3588 {T-DPF} καρδιαις 2588 {N-DPF} υμων 4771 {P-2GP}
3,18,εν 1722 {PREP} αγαπη 26 {N-DSF} ερριζωμενοι 4492 {V-RPP-NPM} και 2532 {CONJ} τεθεμελιωμενοι 2311 {V-RPP-NPM} ινα 2443 {CONJ} εξισχυσητε 1840 {V-AAS-2P} καταλαβεσθαι 2638 {V-2AMN} συν 4862 {PREP} πασιν 3956 {A-DPM} τοις 3588 {T-DPM} αγιοις 40 {A-DPM} τι 5101 {I-NSN} το 3588 {T-NSN} πλατος 4114 {N-NSN} και 2532 {CONJ} μηκος 3372 {N-NSN} και 2532 {CONJ} βαθος 899 {N-NSN} και 2532 {CONJ} υψος 5311 {N-NSN}
3,19,γνωναι 1097 {V-2AAN} τε 5037 {PRT} την 3588 {T-ASF} υπερβαλλουσαν 5235 {V-PAP-ASF} της 3588 {T-GSF} γνωσεως 1108 {N-GSF} αγαπην 26 {N-ASF} του 3588 {T-GSM} χριστου 5547 {N-GSM} ινα 2443 {CONJ} πληρωθητε 4137 {V-APS-2P} εις 1519 {PREP} παν 3956 {A-ASN} το 3588 {T-ASN} πληρωμα 4138 {N-ASN} του 3588 {T-GSM} θεου 2316 {N-GSM}
3,20,τω 3588 {T-DSM} δε 1161 {CONJ} δυναμενω 1410 {V-PNP-DSM} υπερ 5228 {PREP} παντα 3956 {A-APN} ποιησαι 4160 {V-AAN} υπερ 5228 {PREP} εκπερισσου 4053 {ADV} ων 3739 {R-GPN} αιτουμεθα 154 {V-PMI-1P} η 2228 {PRT} νοουμεν 3539 {V-PAI-1P} κατα 2596 {PREP} την 3588 {T-ASF} δυναμιν 1411 {N-ASF} την 3588 {T-ASF} ενεργουμενην 1754 {V-PMP-ASF} εν 1722 {PREP} ημιν 1473 {P-1DP}
3,21,αυτω 846 {P-DSM} η 3588 {T-NSF} δοξα 1391 {N-NSF} εν 1722 {PREP} τη 3588 {T-DSF} εκκλησια 1577 {N-DSF} εν 1722 {PREP} χριστω 5547 {N-DSM} ιησου 2424 {N-DSM} εις 1519 {PREP} πασας 3956 {A-APF} τας 3588 {T-APF} γενεας 1074 {N-APF} του 3588 {T-GSM} αιωνος 165 {N-GSM} των 3588 {T-GPM} αιωνων 165 {N-GPM} αμην 281 {HEB}
4,1,παρακαλω 3870 {V-PAI-1S} ουν 3767 {CONJ} υμας 4771 {P-2AP} εγω 1473 {P-1NS} ο 3588 {T-NSM} δεσμιος 1198 {N-NSM} εν 1722 {PREP} κυριω 2962 {N-DSM} αξιως 516 {ADV} περιπατησαι 4043 {V-AAN} της 3588 {T-GSF} κλησεως 2821 {N-GSF} ης 3739 {R-GSF} εκληθητε 2564 {V-API-2P}
4,2,μετα 3326 {PREP} πασης 3956 {A-GSF} ταπεινοφροσυνης 5012 {N-GSF} και 2532 {CONJ} πραοτητος 4240 {N-GSF} μετα 3326 {PREP} μακροθυμιας 3115 {N-GSF} ανεχομενοι 430 {V-PNP-NPM} αλληλων 240 {C-GPM} εν 1722 {PREP} αγαπη 26 {N-DSF}
4,3,σπουδαζοντες 4704 {V-PAP-NPM} τηρειν 5083 {V-PAN} την 3588 {T-ASF} ενοτητα 1775 {N-ASF} του 3588 {T-GSN} πνευματος 4151 {N-GSN} εν 1722 {PREP} τω 3588 {T-DSM} συνδεσμω 4886 {N-DSM} της 3588 {T-GSF} ειρηνης 1515 {N-GSF}
4,4,εν 1520 {A-NSN} σωμα 4983 {N-NSN} και 2532 {CONJ} εν 1520 {A-NSN} πνευμα 4151 {N-NSN} καθως 2531 {ADV} και 2532 {CONJ} εκληθητε 2564 {V-API-2P} εν 1722 {PREP} μια 1520 {A-DSF} ελπιδι 1680 {N-DSF} της 3588 {T-GSF} κλησεως 2821 {N-GSF} υμων 4771 {P-2GP}
4,5,εις 1520 {A-NSM} κυριος 2962 {N-NSM} μια 1520 {A-NSF} πιστις 4102 {N-NSF} εν 1520 {A-NSN} βαπτισμα 908 {N-NSN}
4,6,εις 1520 {A-NSM} θεος 2316 {N-NSM} και 2532 {CONJ} πατηρ 3962 {N-NSM} παντων 3956 {A-GPM} ο 3588 {T-NSM} επι 1909 {PREP} παντων 3956 {A-GPM} και 2532 {CONJ} δια 1223 {PREP} παντων 3956 {A-GPM} και 2532 {CONJ} εν 1722 {PREP} πασιν 3956 {A-DPM} ημιν 1473 {P-1DP}
4,7,ενι 1520 {A-DSM} δε 1161 {CONJ} εκαστω 1538 {A-DSM} ημων 1473 {P-1GP} εδοθη 1325 {V-API-3S} η 3588 {T-NSF} χαρις 5485 {N-NSF} κατα 2596 {PREP} το 3588 {T-ASN} μετρον 3358 {N-ASN} της 3588 {T-GSF} δωρεας 1431 {N-GSF} του 3588 {T-GSM} χριστου 5547 {N-GSM}
4,8,διο 1352 {CONJ} λεγει 3004 {V-PAI-3S} αναβας 305 {V-2AAP-NSM} εις 1519 {PREP} υψος 5311 {N-ASN} ηχμαλωτευσεν 162 {V-AAI-3S} αιχμαλωσιαν 161 {N-ASF} και 2532 {CONJ} εδωκεν 1325 {V-AAI-3S} δοματα 1390 {N-APN} τοις 3588 {T-DPM} ανθρωποις 444 {N-DPM}
4,9,το 3588 {T-NSN} δε 1161 {CONJ} ανεβη 305 {V-2AAI-3S} τι 5101 {I-NSN} εστιν 1510 {V-PAI-3S} ει 1487 {COND} μη 3361 {PRT-N} οτι 3754 {CONJ} και 2532 {CONJ} κατεβη 2597 {V-2AAI-3S} πρωτον 4412 {ADV-S} εις 1519 {PREP} τα 3588 {T-APN} κατωτερα 2737 {A-APN-C} μερη 3313 {N-APN} της 3588 {T-GSF} γης 1093 {N-GSF}
4,10,ο 3588 {T-NSM} καταβας 2597 {V-2AAP-NSM} αυτος 846 {P-NSM} εστιν 1510 {V-PAI-3S} και 2532 {CONJ} ο 3588 {T-NSM} αναβας 305 {V-2AAP-NSM} υπερανω 5231 {ADV} παντων 3956 {A-GPM} των 3588 {T-GPM} ουρανων 3772 {N-GPM} ινα 2443 {CONJ} πληρωση 4137 {V-AAS-3S} τα 3588 {T-APN} παντα 3956 {A-APN}
4,11,και 2532 {CONJ} αυτος 846 {P-NSM} εδωκεν 1325 {V-AAI-3S} τους 3588 {T-APM} μεν 3303 {PRT} αποστολους 652 {N-APM} τους 3588 {T-APM} δε 1161 {CONJ} προφητας 4396 {N-APM} τους 3588 {T-APM} δε 1161 {CONJ} ευαγγελιστας 2099 {N-APM} τους 3588 {T-APM} δε 1161 {CONJ} ποιμενας 4166 {N-APM} και 2532 {CONJ} διδασκαλους 1320 {N-APM}
4,12,προς 4314 {PREP} τον 3588 {T-ASM} καταρτισμον 2677 {N-ASM} των 3588 {T-GPM} αγιων 40 {A-GPM} εις 1519 {PREP} εργον 2041 {N-ASN} διακονιας 1248 {N-GSF} εις 1519 {PREP} οικοδομην 3619 {N-ASF} του 3588 {T-GSN} σωματος 4983 {N-GSN} του 3588 {T-GSM} χριστου 5547 {N-GSM}
4,13,μεχρι 3360 {ADV} καταντησωμεν 2658 {V-AAS-1P} οι 3588 {T-NPM} παντες 3956 {A-NPM} εις 1519 {PREP} την 3588 {T-ASF} ενοτητα 1775 {N-ASF} της 3588 {T-GSF} πιστεως 4102 {N-GSF} και 2532 {CONJ} της 3588 {T-GSF} επιγνωσεως 1922 {N-GSF} του 3588 {T-GSM} υιου 5207 {N-GSM} του 3588 {T-GSM} θεου 2316 {N-GSM} εις 1519 {PREP} ανδρα 435 {N-ASM} τελειον 5046 {A-ASM} εις 1519 {PREP} μετρον 3358 {N-ASN} ηλικιας 2244 {N-GSF} του 3588 {T-GSN} πληρωματος 4138 {N-GSN} του 3588 {T-GSM} χριστου 5547 {N-GSM}
4,14,ινα 2443 {CONJ} μηκετι 3371 {ADV-N} ωμεν 1510 {V-PAS-1P} νηπιοι 3516 {A-NPM} κλυδωνιζομενοι 2831 {V-PNP-NPM} και 2532 {CONJ} περιφερομενοι 4064 {V-PPP-NPM} παντι 3956 {A-DSM} ανεμω 417 {N-DSM} της 3588 {T-GSF} διδασκαλιας 1319 {N-GSF} εν 1722 {PREP} τη 3588 {T-DSF} κυβεια 2940 {N-DSF} των 3588 {T-GPM} ανθρωπων 444 {N-GPM} εν 1722 {PREP} πανουργια 3834 {N-DSF} προς 4314 {PREP} την 3588 {T-ASF} μεθοδειαν 3180 {N-ASF} της 3588 {T-GSF} πλανης 4106 {N-GSF}
4,15,αληθευοντες 226 {V-PAP-NPM} δε 1161 {CONJ} εν 1722 {PREP} αγαπη 26 {N-DSF} αυξησωμεν 837 {V-AAS-1P} εις 1519 {PREP} αυτον 846 {P-ASM} τα 3588 {T-APN} παντα 3956 {A-APN} ος 3739 {R-NSM} εστιν 1510 {V-PAI-3S} η 3588 {T-NSF} κεφαλη 2776 {N-NSF} ο 3588 {T-NSM} χριστος 5547 {N-NSM}
4,16,εξ 1537 {PREP} ου 3739 {R-GSM} παν 3956 {A-NSN} το 3588 {T-NSN} σωμα 4983 {N-NSN} συναρμολογουμενον 4883 {V-PPP-NSN} και 2532 {CONJ} συμβιβαζομενον 4822 {V-PPP-NSN} δια 1223 {PREP} πασης 3956 {A-GSF} αφης 860 {N-GSF} της 3588 {T-GSF} επιχορηγιας 2024 {N-GSF} κατ 2596 {PREP} ενεργειαν 1753 {N-ASF} εν 1722 {PREP} μετρω 3358 {N-DSN} ενος 1520 {A-GSN} εκαστου 1538 {A-GSN} μερους 3313 {N-GSN} την 3588 {T-ASF} αυξησιν 838 {N-ASF} του 3588 {T-GSN} σωματος 4983 {N-GSN} ποιειται 4160 {V-PMI-3S} εις 1519 {PREP} οικοδομην 3619 {N-ASF} εαυτου 1438 {F-3GSN} εν 1722 {PREP} αγαπη 26 {N-DSF}
4,17,τουτο 3778 {D-ASN} ουν 3767 {CONJ} λεγω 3004 {V-PAI-1S} και 2532 {CONJ} μαρτυρομαι 3143 {V-PNI-1S} εν 1722 {PREP} κυριω 2962 {N-DSM} μηκετι 3371 {ADV-N} υμας 4771 {P-2AP} περιπατειν 4043 {V-PAN} καθως 2531 {ADV} και 2532 {CONJ} τα 3588 {T-NPN} λοιπα 3062 {A-NPN} εθνη 1484 {N-NPN} περιπατει 4043 {V-PAI-3S} εν 1722 {PREP} ματαιοτητι 3153 {N-DSF} του 3588 {T-GSM} νοος 3563 {N-GSM} αυτων 846 {P-GPN}
4,18,εσκοτισμενοι 4654 {V-RPP-NPM} τη 3588 {T-DSF} διανοια 1271 {N-DSF} οντες 1510 {V-PAP-NPM} απηλλοτριωμενοι 526 {V-RPP-NPM} της 3588 {T-GSF} ζωης 2222 {N-GSF} του 3588 {T-GSM} θεου 2316 {N-GSM} δια 1223 {PREP} την 3588 {T-ASF} αγνοιαν 52 {N-ASF} την 3588 {T-ASF} ουσαν 1510 {V-PAP-ASF} εν 1722 {PREP} αυτοις 846 {P-DPM} δια 1223 {PREP} την 3588 {T-ASF} πωρωσιν 4457 {N-ASF} της 3588 {T-GSF} καρδιας 2588 {N-GSF} αυτων 846 {P-GPM}
4,19,οιτινες 3748 {R-NPM} απηλγηκοτες 524 {V-RAP-NPM} εαυτους 1438 {F-3APM} παρεδωκαν 3860 {V-AAI-3P} τη 3588 {T-DSF} ασελγεια 766 {N-DSF} εις 1519 {PREP} εργασιαν 2039 {N-ASF} ακαθαρσιας 167 {N-GSF} πασης 3956 {A-GSF} εν 1722 {PREP} πλεονεξια 4124 {N-DSF}
4,20,υμεις 4771 {P-2NP} δε 1161 {CONJ} ουχ 3756 {PRT-N} ουτως 3779 {ADV} εμαθετε 3129 {V-2AAI-2P} τον 3588 {T-ASM} χριστον 5547 {N-ASM}
4,21,ειγε 1489 {COND} αυτον 846 {P-ASM} ηκουσατε 191 {V-AAI-2P} και 2532 {CONJ} εν 1722 {PREP} αυτω 846 {P-DSM} εδιδαχθητε 1321 {V-API-2P} καθως 2531 {ADV} εστιν 1510 {V-PAI-3S} αληθεια 225 {N-NSF} εν 1722 {PREP} τω 3588 {T-DSM} ιησου 2424 {N-DSM}
4,22,αποθεσθαι 659 {V-2AMN} υμας 4771 {P-2AP} κατα 2596 {PREP} την 3588 {T-ASF} προτεραν 4386 {A-ASF-C} αναστροφην 391 {N-ASF} τον 3588 {T-ASM} παλαιον 3820 {A-ASM} ανθρωπον 444 {N-ASM} τον 3588 {T-ASM} φθειρομενον 5351 {V-PPP-ASM} κατα 2596 {PREP} τας 3588 {T-APF} επιθυμιας 1939 {N-APF} της 3588 {T-GSF} απατης 539 {N-GSF}
4,23,ανανεουσθαι 365 {V-PPN} δε 1161 {CONJ} τω 3588 {T-DSN} πνευματι 4151 {N-DSN} του 3588 {T-GSM} νοος 3563 {N-GSM} υμων 4771 {P-2GP}
4,24,και 2532 {CONJ} ενδυσασθαι 1746 {V-AMN} τον 3588 {T-ASM} καινον 2537 {A-ASM} ανθρωπον 444 {N-ASM} τον 3588 {T-ASM} κατα 2596 {PREP} θεον 2316 {N-ASM} κτισθεντα 2936 {V-APP-ASM} εν 1722 {PREP} δικαιοσυνη 1343 {N-DSF} και 2532 {CONJ} οσιοτητι 3742 {N-DSF} της 3588 {T-GSF} αληθειας 225 {N-GSF}
4,25,διο 1352 {CONJ} αποθεμενοι 659 {V-2AMP-NPM} το 3588 {T-ASN} ψευδος 5579 {N-ASN} λαλειτε 2980 {V-PAM-2P} αληθειαν 225 {N-ASF} εκαστος 1538 {A-NSM} μετα 3326 {PREP} του 3588 {T-GSM} πλησιον 4139 {ADV} αυτου 846 {P-GSM} οτι 3754 {CONJ} εσμεν 1510 {V-PAI-1P} αλληλων 240 {C-GPM} μελη 3196 {N-NPN}
4,26,οργιζεσθε 3710 {V-PPM-2P} και 2532 {CONJ} μη 3361 {PRT-N} αμαρτανετε 264 {V-PAM-2P} ο 3588 {T-NSM} ηλιος 2246 {N-NSM} μη 3361 {PRT-N} επιδυετω 1931 {V-PAM-3S} επι 1909 {PREP} τω 3588 {T-DSM} παροργισμω 3950 {N-DSM} υμων 4771 {P-2GP}
4,27,μηδε 3366 {CONJ-N} διδοτε 1325 {V-PAM-2P} τοπον 5117 {N-ASM} τω 3588 {T-DSM} διαβολω 1228 {A-DSM}
4,28,ο 3588 {T-NSM} κλεπτων 2813 {V-PAP-NSM} μηκετι 3371 {ADV-N} κλεπτετω 2813 {V-PAM-3S} μαλλον 3123 {ADV} δε 1161 {CONJ} κοπιατω 2872 {V-PAM-3S} εργαζομενος 2038 {V-PNP-NSM} το 3588 {T-ASN} αγαθον 18 {A-ASN} ταις 3588 {T-DPF} χερσιν 5495 {N-DPF} ινα 2443 {CONJ} εχη 2192 {V-PAS-3S} μεταδιδοναι 3330 {V-PAN} τω 3588 {T-DSM} χρειαν 5532 {N-ASF} εχοντι 2192 {V-PAP-DSM}
4,29,πας 3956 {A-NSM} λογος 3056 {N-NSM} σαπρος 4550 {A-NSM} εκ 1537 {PREP} του 3588 {T-GSN} στοματος 4750 {N-GSN} υμων 4771 {P-2GP} μη 3361 {PRT-N} εκπορευεσθω 1607 {V-PNM-3S} αλλ 235 {CONJ} ει 1487 {COND} τις 5100 {X-NSM} αγαθος 18 {A-NSM} προς 4314 {PREP} οικοδομην 3619 {N-ASF} της 3588 {T-GSF} χρειας 5532 {N-GSF} ινα 2443 {CONJ} δω 1325 {V-2AAS-3S} χαριν 5485 {N-ASF} τοις 3588 {T-DPM} ακουουσιν 191 {V-PAP-DPM}
4,30,και 2532 {CONJ} μη 3361 {PRT-N} λυπειτε 3076 {V-PAM-2P} το 3588 {T-ASN} πνευμα 4151 {N-ASN} το 3588 {T-ASN} αγιον 40 {A-ASN} του 3588 {T-GSM} θεου 2316 {N-GSM} εν 1722 {PREP} ω 3739 {R-DSN} εσφραγισθητε 4972 {V-API-2P} εις 1519 {PREP} ημεραν 2250 {N-ASF} απολυτρωσεως 629 {N-GSF}
4,31,πασα 3956 {A-NSF} πικρια 4088 {N-NSF} και 2532 {CONJ} θυμος 2372 {N-NSM} και 2532 {CONJ} οργη 3709 {N-NSF} και 2532 {CONJ} κραυγη 2906 {N-NSF} και 2532 {CONJ} βλασφημια 988 {N-NSF} αρθητω 142 {V-APM-3S} αφ 575 {PREP} υμων 4771 {P-2GP} συν 4862 {PREP} παση 3956 {A-DSF} κακια 2549 {N-DSF}
4,32,γινεσθε 1096 {V-PNM-2P} δε 1161 {CONJ} εις 1519 {PREP} αλληλους 240 {C-APM} χρηστοι 5543 {A-NPM} ευσπλαγχνοι 2155 {A-NPM} χαριζομενοι 5483 {V-PNP-NPM} εαυτοις 1438 {F-2DPM} καθως 2531 {ADV} και 2532 {CONJ} ο 3588 {T-NSM} θεος 2316 {N-NSM} εν 1722 {PREP} χριστω 5547 {N-DSM} εχαρισατο 5483 {V-ADI-3S} ημιν 1473 {P-1DP}
5,1,γινεσθε 1096 {V-PNM-2P} ουν 3767 {CONJ} μιμηται 3402 {N-NPM} του 3588 {T-GSM} θεου 2316 {N-GSM} ως 5613 {ADV} τεκνα 5043 {N-NPN} αγαπητα 27 {A-NPN}
5,2,και 2532 {CONJ} περιπατειτε 4043 {V-PAM-2P} εν 1722 {PREP} αγαπη 26 {N-DSF} καθως 2531 {ADV} και 2532 {CONJ} ο 3588 {T-NSM} χριστος 5547 {N-NSM} ηγαπησεν 25 {V-AAI-3S} ημας 1473 {P-1AP} και 2532 {CONJ} παρεδωκεν 3860 {V-AAI-3S} εαυτον 1438 {F-3ASM} υπερ 5228 {PREP} ημων 1473 {P-1GP} προσφοραν 4376 {N-ASF} και 2532 {CONJ} θυσιαν 2378 {N-ASF} τω 3588 {T-DSM} θεω 2316 {N-DSM} εις 1519 {PREP} οσμην 3744 {N-ASF} ευωδιας 2175 {N-GSF}
5,3,πορνεια 4202 {N-NSF} δε 1161 {CONJ} και 2532 {CONJ} πασα 3956 {A-NSF} ακαθαρσια 167 {N-NSF} η 2228 {PRT} πλεονεξια 4124 {N-NSF} μηδε 3366 {CONJ-N} ονομαζεσθω 3687 {V-PPM-3S} εν 1722 {PREP} υμιν 4771 {P-2DP} καθως 2531 {ADV} πρεπει 4241 {V-PAI-3S} αγιοις 40 {A-DPM}
5,4,και 2532 {CONJ} αισχροτης 151 {N-NSF} και 2532 {CONJ} μωρολογια 3473 {N-NSF} η 2228 {PRT} ευτραπελια 2160 {N-NSF} τα 3588 {T-NPN} ουκ 3756 {PRT-N} ανηκοντα 433 {V-PAP-NPN} αλλα 235 {CONJ} μαλλον 3123 {ADV} ευχαριστια 2169 {N-NSF}
5,5,τουτο 3778 {D-NSN} γαρ 1063 {CONJ} εστε 1510 {V-PAI-2P} γινωσκοντες 1097 {V-PAP-NPM} οτι 3754 {CONJ} πας 3956 {A-NSM} πορνος 4205 {N-NSM} η 2228 {PRT} ακαθαρτος 169 {A-NSM} η 2228 {PRT} πλεονεκτης 4123 {N-NSM} ος 3739 {R-NSM} εστιν 1510 {V-PAI-3S} ειδωλολατρης 1496 {N-NSM} ουκ 3756 {PRT-N} εχει 2192 {V-PAI-3S} κληρονομιαν 2817 {N-ASF} εν 1722 {PREP} τη 3588 {T-DSF} βασιλεια 932 {N-DSF} του 3588 {T-GSM} χριστου 5547 {N-GSM} και 2532 {CONJ} θεου 2316 {N-GSM}
5,6,μηδεις 3367 {A-NSM-N} υμας 4771 {P-2AP} απατατω 538 {V-PAM-3S} κενοις 2756 {A-DPM} λογοις 3056 {N-DPM} δια 1223 {PREP} ταυτα 3778 {D-APN} γαρ 1063 {CONJ} ερχεται 2064 {V-PNI-3S} η 3588 {T-NSF} οργη 3709 {N-NSF} του 3588 {T-GSM} θεου 2316 {N-GSM} επι 1909 {PREP} τους 3588 {T-APM} υιους 5207 {N-APM} της 3588 {T-GSF} απειθειας 543 {N-GSF}
5,7,μη 3361 {PRT-N} ουν 3767 {CONJ} γινεσθε 1096 {V-PNM-2P} συμμετοχοι 4830 {A-NPM} αυτων 846 {P-GPM}
5,8,ητε 1510 {V-IAI-2P} γαρ 1063 {CONJ} ποτε 4218 {PRT} σκοτος 4655 {N-NSN} νυν 3568 {ADV} δε 1161 {CONJ} φως 5457 {N-NSN} εν 1722 {PREP} κυριω 2962 {N-DSM} ως 5613 {ADV} τεκνα 5043 {N-NPN} φωτος 5457 {N-GSN} περιπατειτε 4043 {V-PAM-2P}
5,9,ο 3588 {T-NSM} γαρ 1063 {CONJ} καρπος 2590 {N-NSM} του 3588 {T-GSN} πνευματος 4151 {N-GSN} εν 1722 {PREP} παση 3956 {A-DSF} αγαθωσυνη 19 {N-DSF} και 2532 {CONJ} δικαιοσυνη 1343 {N-DSF} και 2532 {CONJ} αληθεια 225 {N-DSF}
5,10,δοκιμαζοντες 1381 {V-PAP-NPM} τι 5101 {I-NSN} εστιν 1510 {V-PAI-3S} ευαρεστον 2101 {A-NSN} τω 3588 {T-DSM} κυριω 2962 {N-DSM}
5,11,και 2532 {CONJ} μη 3361 {PRT-N} συγκοινωνειτε 4790 {V-PAM-2P} τοις 3588 {T-DPN} εργοις 2041 {N-DPN} τοις 3588 {T-DPN} ακαρποις 175 {A-DPN} του 3588 {T-GSN} σκοτους 4655 {N-GSN} μαλλον 3123 {ADV} δε 1161 {CONJ} και 2532 {CONJ} ελεγχετε 1651 {V-PAM-2P}
5,12,τα 3588 {T-APN} γαρ 1063 {CONJ} κρυφη 2931 {ADV} γινομενα 1096 {V-PNP-APN} υπ 5259 {PREP} αυτων 846 {P-GPM} αισχρον 150 {A-NSN} εστιν 1510 {V-PAI-3S} και 2532 {CONJ} λεγειν 3004 {V-PAN}
5,13,τα 3588 {T-NPN} δε 1161 {CONJ} παντα 3956 {A-NPN} ελεγχομενα 1651 {V-PPP-NPN} υπο 5259 {PREP} του 3588 {T-GSN} φωτος 5457 {N-GSN} φανερουται 5319 {V-PPI-3S} παν 3956 {A-NSN} γαρ 1063 {CONJ} το 3588 {T-NSN} φανερουμενον 5319 {V-PPP-NSN} φως 5457 {N-NSN} εστιν 1510 {V-PAI-3S}
5,14,διο 1352 {CONJ} λεγει 3004 {V-PAI-3S} εγειρε 1453 {V-PAM-2S} ο 3588 {T-NSM} καθευδων 2518 {V-PAP-NSM} και 2532 {CONJ} αναστα 450 {V-2AAM-2S} εκ 1537 {PREP} των 3588 {T-GPM} νεκρων 3498 {A-GPM} και 2532 {CONJ} επιφαυσει 2017 {V-FAI-3S} σοι 4771 {P-2DS} ο 3588 {T-NSM} χριστος 5547 {N-NSM}
5,15,βλεπετε 991 {V-PAM-2P} ουν 3767 {CONJ} πως 4459 {ADV} ακριβως 199 {ADV} περιπατειτε 4043 {V-PAI-2P} μη 3361 {PRT-N} ως 5613 {ADV} ασοφοι 781 {A-NPM} αλλ 235 {CONJ} ως 5613 {ADV} σοφοι 4680 {A-NPM}
5,16,εξαγοραζομενοι 1805 {V-PMP-NPM} τον 3588 {T-ASM} καιρον 2540 {N-ASM} οτι 3754 {CONJ} αι 3588 {T-NPF} ημεραι 2250 {N-NPF} πονηραι 4190 {A-NPF} εισιν 1510 {V-PAI-3P}
5,17,δια 1223 {PREP} τουτο 3778 {D-ASN} μη 3361 {PRT-N} γινεσθε 1096 {V-PNM-2P} αφρονες 878 {A-NPM} αλλα 235 {CONJ} συνιεντες 4920 {V-PAP-NPM} τι 5101 {I-NSN} το 3588 {T-NSN} θελημα 2307 {N-NSN} του 3588 {T-GSM} κυριου 2962 {N-GSM}
5,18,και 2532 {CONJ} μη 3361 {PRT-N} μεθυσκεσθε 3182 {V-PPM-2P} οινω 3631 {N-DSM} εν 1722 {PREP} ω 3739 {R-DSM} εστιν 1510 {V-PAI-3S} ασωτια 810 {N-NSF} αλλα 235 {CONJ} πληρουσθε 4137 {V-PPM-2P} εν 1722 {PREP} πνευματι 4151 {N-DSN}
5,19,λαλουντες 2980 {V-PAP-NPM} εαυτοις 1438 {F-2DPM} ψαλμοις 5568 {N-DPM} και 2532 {CONJ} υμνοις 5215 {N-DPM} και 2532 {CONJ} ωδαις 5603 {N-DPF} πνευματικαις 4152 {A-DPF} αδοντες 103 {V-PAP-NPM} και 2532 {CONJ} ψαλλοντες 5567 {V-PAP-NPM} εν 1722 {PREP} τη 3588 {T-DSF} καρδια 2588 {N-DSF} υμων 4771 {P-2GP} τω 3588 {T-DSM} κυριω 2962 {N-DSM}
5,20,ευχαριστουντες 2168 {V-PAP-NPM} παντοτε 3842 {ADV} υπερ 5228 {PREP} παντων 3956 {A-GPN} εν 1722 {PREP} ονοματι 3686 {N-DSN} του 3588 {T-GSM} κυριου 2962 {N-GSM} ημων 1473 {P-1GP} ιησου 2424 {N-GSM} χριστου 5547 {N-GSM} τω 3588 {T-DSM} θεω 2316 {N-DSM} και 2532 {CONJ} πατρι 3962 {N-DSM}
5,21,υποτασσομενοι 5293 {V-PPP-NPM} αλληλοις 240 {C-DPM} εν 1722 {PREP} φοβω 5401 {N-DSM} χριστου 5547 {N-GSM}
5,22,αι 3588 {T-NPF} γυναικες 1135 {N-NPF} τοις 3588 {T-DPM} ιδιοις 2398 {A-DPM} ανδρασιν 435 {N-DPM} υποτασσεσθε 5293 {V-PMM-2P} ως 5613 {ADV} τω 3588 {T-DSM} κυριω 2962 {N-DSM}
5,23,οτι 3754 {CONJ} ανηρ 435 {N-NSM} εστιν 1510 {V-PAI-3S} κεφαλη 2776 {N-NSF} της 3588 {T-GSF} γυναικος 1135 {N-GSF} ως 5613 {ADV} και 2532 {CONJ} ο 3588 {T-NSM} χριστος 5547 {N-NSM} κεφαλη 2776 {N-NSF} της 3588 {T-GSF} εκκλησιας 1577 {N-GSF} και 2532 {CONJ} αυτος 846 {P-NSM} εστιν 1510 {V-PAI-3S} σωτηρ 4990 {N-NSM} του 3588 {T-GSN} σωματος 4983 {N-GSN}
5,24,αλλ 235 {CONJ} ωσπερ 5618 {ADV} η 3588 {T-NSF} εκκλησια 1577 {N-NSF} υποτασσεται 5293 {V-PPI-3S} τω 3588 {T-DSM} χριστω 5547 {N-DSM} ουτως 3779 {ADV} και 2532 {CONJ} αι 3588 {T-NPF} γυναικες 1135 {N-NPF} τοις 3588 {T-DPM} ιδιοις 2398 {A-DPM} ανδρασιν 435 {N-DPM} εν 1722 {PREP} παντι 3956 {A-DSN}
5,25,οι 3588 {T-NPM} ανδρες 435 {N-NPM} αγαπατε 25 {V-PAM-2P} τας 3588 {T-APF} γυναικας 1135 {N-APF} εαυτων 1438 {F-2GPM} καθως 2531 {ADV} και 2532 {CONJ} ο 3588 {T-NSM} χριστος 5547 {N-NSM} ηγαπησεν 25 {V-AAI-3S} την 3588 {T-ASF} εκκλησιαν 1577 {N-ASF} και 2532 {CONJ} εαυτον 1438 {F-3ASM} παρεδωκεν 3860 {V-AAI-3S} υπερ 5228 {PREP} αυτης 846 {P-GSF}
5,26,ινα 2443 {CONJ} αυτην 846 {P-ASF} αγιαση 37 {V-AAS-3S} καθαρισας 2511 {V-AAP-NSM} τω 3588 {T-DSN} λουτρω 3067 {N-DSN} του 3588 {T-GSN} υδατος 5204 {N-GSN} εν 1722 {PREP} ρηματι 4487 {N-DSN}
5,27,ινα 2443 {CONJ} παραστηση 3936 {V-AAS-3S} αυτην 846 {P-ASF} εαυτω 1438 {F-3DSM} ενδοξον 1741 {A-ASF} την 3588 {T-ASF} εκκλησιαν 1577 {N-ASF} μη 3361 {PRT-N} εχουσαν 2192 {V-PAP-ASF} σπιλον 4696 {N-ASM} η 2228 {PRT} ρυτιδα 4512 {N-ASF} η 2228 {PRT} τι 5100 {X-ASN} των 3588 {T-GPN} τοιουτων 5108 {D-GPN} αλλ 235 {CONJ} ινα 2443 {CONJ} η 1510 {V-PAS-3S} αγια 40 {A-NSF} και 2532 {CONJ} αμωμος 299 {A-NSF}
5,28,ουτως 3779 {ADV} οφειλουσιν 3784 {V-PAI-3P} οι 3588 {T-NPM} ανδρες 435 {N-NPM} αγαπαν 25 {V-PAN} τας 3588 {T-APF} εαυτων 1438 {F-3GPM} γυναικας 1135 {N-APF} ως 5613 {ADV} τα 3588 {T-APN} εαυτων 1438 {F-3GPM} σωματα 4983 {N-APN} ο 3588 {T-NSM} αγαπων 25 {V-PAP-NSM} την 3588 {T-ASF} εαυτου 1438 {F-3GSM} γυναικα 1135 {N-ASF} εαυτον 1438 {F-3ASM} αγαπα 25 {V-PAI-3S}
5,29,ουδεις 3762 {A-NSM-N} γαρ 1063 {CONJ} ποτε 4218 {PRT} την 3588 {T-ASF} εαυτου 1438 {F-3GSM} σαρκα 4561 {N-ASF} εμισησεν 3404 {V-AAI-3S} αλλ 235 {CONJ} εκτρεφει 1625 {V-PAI-3S} και 2532 {CONJ} θαλπει 2282 {V-PAI-3S} αυτην 846 {P-ASF} καθως 2531 {ADV} και 2532 {CONJ} ο 3588 {T-NSM} κυριος 2962 {N-NSM} την 3588 {T-ASF} εκκλησιαν 1577 {N-ASF}
5,30,οτι 3754 {CONJ} μελη 3196 {N-NPN} εσμεν 1510 {V-PAI-1P} του 3588 {T-GSN} σωματος 4983 {N-GSN} αυτου 846 {P-GSM} εκ 1537 {PREP} της 3588 {T-GSF} σαρκος 4561 {N-GSF} αυτου 846 {P-GSM} και 2532 {CONJ} εκ 1537 {PREP} των 3588 {T-GPN} οστεων 3747 {N-GPN} αυτου 846 {P-GSM}
5,31,αντι 473 {PREP} τουτου 3778 {D-GSN} καταλειψει 2641 {V-FAI-3S} ανθρωπος 444 {N-NSM} τον 3588 {T-ASM} πατερα 3962 {N-ASM} αυτου 846 {P-GSM} και 2532 {CONJ} την 3588 {T-ASF} μητερα 3384 {N-ASF} και 2532 {CONJ} προσκολληθησεται 4347 {V-FPI-3S} προς 4314 {PREP} την 3588 {T-ASF} γυναικα 1135 {N-ASF} αυτου 846 {P-GSM} και 2532 {CONJ} εσονται 1510 {V-FDI-3P} οι 3588 {T-NPM} δυο 1417 {A-NUI} εις 1519 {PREP} σαρκα 4561 {N-ASF} μιαν 1520 {A-ASF}
5,32,το 3588 {T-NSN} μυστηριον 3466 {N-NSN} τουτο 3778 {D-NSN} μεγα 3173 {A-NSN} εστιν 1510 {V-PAI-3S} εγω 1473 {P-1NS} δε 1161 {CONJ} λεγω 3004 {V-PAI-1S} εις 1519 {PREP} χριστον 5547 {N-ASM} και 2532 {CONJ} εις 1519 {PREP} την 3588 {T-ASF} εκκλησιαν 1577 {N-ASF}
5,33,πλην 4133 {ADV} και 2532 {CONJ} υμεις 4771 {P-2NP} οι 3588 {T-NPM} καθ 2596 {PREP} ενα 1520 {A-ASM} εκαστος 1538 {A-NSM} την 3588 {T-ASF} εαυτου 1438 {F-3GSM} γυναικα 1135 {N-ASF} ουτως 3779 {ADV} αγαπατω 25 {V-PAM-3S} ως 5613 {ADV} εαυτον 1438 {F-3ASM} η 3588 {T-NSF} δε 1161 {CONJ} γυνη 1135 {N-NSF} ινα 2443 {CONJ} φοβηται 5399 {V-PNS-3S} τον 3588 {T-ASM} ανδρα 435 {N-ASM}
6,1,τα 3588 {T-NPN} τεκνα 5043 {N-NPN} υπακουετε 5219 {V-PAM-2P} τοις 3588 {T-DPM} γονευσιν 1118 {N-DPM} υμων 4771 {P-2GP} εν 1722 {PREP} κυριω 2962 {N-DSM} τουτο 3778 {D-NSN} γαρ 1063 {CONJ} εστιν 1510 {V-PAI-3S} δικαιον 1342 {A-NSN}
6,2,τιμα 5091 {V-PAM-2S} τον 3588 {T-ASM} πατερα 3962 {N-ASM} σου 4771 {P-2GS} και 2532 {CONJ} την 3588 {T-ASF} μητερα 3384 {N-ASF} ητις 3748 {R-NSF} εστιν 1510 {V-PAI-3S} εντολη 1785 {N-NSF} πρωτη 4413 {A-NSF-S} εν 1722 {PREP} επαγγελια 1860 {N-DSF}
6,3,ινα 2443 {CONJ} ευ 2095 {ADV} σοι 4771 {P-2DS} γενηται 1096 {V-2ADS-3S} και 2532 {CONJ} εση 1510 {V-FDI-2S} μακροχρονιος 3118 {A-NSM} επι 1909 {PREP} της 3588 {T-GSF} γης 1093 {N-GSF}
6,4,και 2532 {CONJ} οι 3588 {T-NPM} πατερες 3962 {N-NPM} μη 3361 {PRT-N} παροργιζετε 3949 {V-PAM-2P} τα 3588 {T-APN} τεκνα 5043 {N-APN} υμων 4771 {P-2GP} αλλ 235 {CONJ} εκτρεφετε 1625 {V-PAM-2P} αυτα 846 {P-APN} εν 1722 {PREP} παιδεια 3809 {N-DSF} και 2532 {CONJ} νουθεσια 3559 {N-DSF} κυριου 2962 {N-GSM}
6,5,οι 3588 {T-NPM} δουλοι 1401 {N-NPM} υπακουετε 5219 {V-PAM-2P} τοις 3588 {T-DPM} κυριοις 2962 {N-DPM} κατα 2596 {PREP} σαρκα 4561 {N-ASF} μετα 3326 {PREP} φοβου 5401 {N-GSM} και 2532 {CONJ} τρομου 5156 {N-GSM} εν 1722 {PREP} απλοτητι 572 {N-DSF} της 3588 {T-GSF} καρδιας 2588 {N-GSF} υμων 4771 {P-2GP} ως 5613 {ADV} τω 3588 {T-DSM} χριστω 5547 {N-DSM}
6,6,μη 3361 {PRT-N} κατ 2596 {PREP} οφθαλμοδουλειαν 3787 {N-ASF} ως 5613 {ADV} ανθρωπαρεσκοι 441 {A-NPM} αλλ 235 {CONJ} ως 5613 {ADV} δουλοι 1401 {N-NPM} του 3588 {T-GSM} χριστου 5547 {N-GSM} ποιουντες 4160 {V-PAP-NPM} το 3588 {T-ASN} θελημα 2307 {N-ASN} του 3588 {T-GSM} θεου 2316 {N-GSM} εκ 1537 {PREP} ψυχης 5590 {N-GSF}
6,7,μετ 3326 {PREP} ευνοιας 2133 {N-GSF} δουλευοντες 1398 {V-PAP-NPM} ως 5613 {ADV} τω 3588 {T-DSM} κυριω 2962 {N-DSM} και 2532 {CONJ} ουκ 3756 {PRT-N} ανθρωποις 444 {N-DPM}
6,8,ειδοτες 1492 {V-RAP-NPM} οτι 3754 {CONJ} ο 3739 {R-ASN} εαν 1437 {COND} τι 5100 {X-ASN} εκαστος 1538 {A-NSM} ποιηση 4160 {V-AAS-3S} αγαθον 18 {A-ASN} τουτο 3778 {D-ASN} κομιειται 2865 {V-FDI-3S-ATT} παρα 3844 {PREP} του 3588 {T-GSM} κυριου 2962 {N-GSM} ειτε 1535 {CONJ} δουλος 1401 {N-NSM} ειτε 1535 {CONJ} ελευθερος 1658 {A-NSM}
6,9,και 2532 {CONJ} οι 3588 {T-NPM} κυριοι 2962 {N-NPM} τα 3588 {T-APN} αυτα 846 {P-APN} ποιειτε 4160 {V-PAM-2P} προς 4314 {PREP} αυτους 846 {P-APM} ανιεντες 447 {V-PAP-NPM} την 3588 {T-ASF} απειλην 547 {N-ASF} ειδοτες 1492 {V-RAP-NPM} οτι 3754 {CONJ} και 2532 {CONJ} υμων 4771 {P-2GP} αυτων 846 {P-GPM} ο 3588 {T-NSM} κυριος 2962 {N-NSM} εστιν 1510 {V-PAI-3S} εν 1722 {PREP} ουρανοις 3772 {N-DPM} και 2532 {CONJ} προσωποληψια 4382 {N-NSF} ουκ 3756 {PRT-N} εστιν 1510 {V-PAI-3S} παρ 3844 {PREP} αυτω 846 {P-DSM}
6,10,το 3588 {T-ASN} λοιπον 3062 {A-ASN} αδελφοι 80 {N-VPM} μου 1473 {P-1GS} ενδυναμουσθε 1743 {V-PPM-2P} εν 1722 {PREP} κυριω 2962 {N-DSM} και 2532 {CONJ} εν 1722 {PREP} τω 3588 {T-DSN} κρατει 2904 {N-DSN} της 3588 {T-GSF} ισχυος 2479 {N-GSF} αυτου 846 {P-GSM}
6,11,ενδυσασθε 1746 {V-AMM-2P} την 3588 {T-ASF} πανοπλιαν 3833 {N-ASF} του 3588 {T-GSM} θεου 2316 {N-GSM} προς 4314 {PREP} το 3588 {T-ASN} δυνασθαι 1410 {V-PNN} υμας 4771 {P-2AP} στηναι 2476 {V-2AAN} προς 4314 {PREP} τας 3588 {T-APF} μεθοδειας 3180 {N-APF} του 3588 {T-GSM} διαβολου 1228 {A-GSM}
6,12,οτι 3754 {CONJ} ουκ 3756 {PRT-N} εστιν 1510 {V-PAI-3S} ημιν 1473 {P-1DP} η 3588 {T-NSF} παλη 3823 {N-NSF} προς 4314 {PREP} αιμα 129 {N-ASN} και 2532 {CONJ} σαρκα 4561 {N-ASF} αλλα 235 {CONJ} προς 4314 {PREP} τας 3588 {T-APF} αρχας 746 {N-APF} προς 4314 {PREP} τας 3588 {T-APF} εξουσιας 1849 {N-APF} προς 4314 {PREP} τους 3588 {T-APM} κοσμοκρατορας 2888 {N-APM} του 3588 {T-GSN} σκοτους 4655 {N-GSN} του 3588 {T-GSM} αιωνος 165 {N-GSM} τουτου 3778 {D-GSM} προς 4314 {PREP} τα 3588 {T-APN} πνευματικα 4152 {A-APN} της 3588 {T-GSF} πονηριας 4189 {N-GSF} εν 1722 {PREP} τοις 3588 {T-DPN} επουρανιοις 2032 {A-DPN}
6,13,δια 1223 {PREP} τουτο 3778 {D-ASN} αναλαβετε 353 {V-2AAM-2P} την 3588 {T-ASF} πανοπλιαν 3833 {N-ASF} του 3588 {T-GSM} θεου 2316 {N-GSM} ινα 2443 {CONJ} δυνηθητε 1410 {V-AOS-2P} αντιστηναι 436 {V-2AAN} εν 1722 {PREP} τη 3588 {T-DSF} ημερα 2250 {N-DSF} τη 3588 {T-DSF} πονηρα 4190 {A-DSF} και 2532 {CONJ} απαντα 537 {A-APN} κατεργασαμενοι 2716 {V-ADP-NPM} στηναι 2476 {V-2AAN}
6,14,στητε 2476 {V-2AAM-2P} ουν 3767 {CONJ} περιζωσαμενοι 4024 {V-AMP-NPM} την 3588 {T-ASF} οσφυν 3751 {N-ASF} υμων 4771 {P-2GP} εν 1722 {PREP} αληθεια 225 {N-DSF} και 2532 {CONJ} ενδυσαμενοι 1746 {V-AMP-NPM} τον 3588 {T-ASM} θωρακα 2382 {N-ASM} της 3588 {T-GSF} δικαιοσυνης 1343 {N-GSF}
6,15,και 2532 {CONJ} υποδησαμενοι 5265 {V-AMP-NPM} τους 3588 {T-APM} ποδας 4228 {N-APM} εν 1722 {PREP} ετοιμασια 2091 {N-DSF} του 3588 {T-GSN} ευαγγελιου 2098 {N-GSN} της 3588 {T-GSF} ειρηνης 1515 {N-GSF}
6,16,επι 1909 {PREP} πασιν 3956 {A-DPN} αναλαβοντες 353 {V-2AAP-NPM} τον 3588 {T-ASM} θυρεον 2375 {N-ASM} της 3588 {T-GSF} πιστεως 4102 {N-GSF} εν 1722 {PREP} ω 3739 {R-DSM} δυνησεσθε 1410 {V-FDI-2P} παντα 3956 {A-APN} τα 3588 {T-APN} βελη 956 {N-APN} του 3588 {T-GSM} πονηρου 4190 {A-GSM} τα 3588 {T-APN} πεπυρωμενα 4448 {V-RPP-APN} σβεσαι 4570 {V-AAN}
6,17,και 2532 {CONJ} την 3588 {T-ASF} περικεφαλαιαν 4030 {N-ASF} του 3588 {T-GSN} σωτηριου 4992 {A-GSN} δεξασθαι 1209 {V-ADN} και 2532 {CONJ} την 3588 {T-ASF} μαχαιραν 3162 {N-ASF} του 3588 {T-GSN} πνευματος 4151 {N-GSN} ο 3739 {R-NSN} εστιν 1510 {V-PAI-3S} ρημα 4487 {N-NSN} θεου 2316 {N-GSM}
6,18,δια 1223 {PREP} πασης 3956 {A-GSF} προσευχης 4335 {N-GSF} και 2532 {CONJ} δεησεως 1162 {N-GSF} προσευχομενοι 4336 {V-PNP-NPM} εν 1722 {PREP} παντι 3956 {A-DSM} καιρω 2540 {N-DSM} εν 1722 {PREP} πνευματι 4151 {N-DSN} και 2532 {CONJ} εις 1519 {PREP} αυτο 846 {P-ASN} τουτο 3778 {D-ASN} αγρυπνουντες 69 {V-PAP-NPM} εν 1722 {PREP} παση 3956 {A-DSF} προσκαρτερησει 4343 {N-DSF} και 2532 {CONJ} δεησει 1162 {N-DSF} περι 4012 {PREP} παντων 3956 {A-GPM} των 3588 {T-GPM} αγιων 40 {A-GPM}
6,19,και 2532 {CONJ} υπερ 5228 {PREP} εμου 1473 {P-1GS} ινα 2443 {CONJ} μοι 1473 {P-1DS} δοθη 1325 {V-APS-3S} λογος 3056 {N-NSM} εν 1722 {PREP} ανοιξει 457 {N-DSF} του 3588 {T-GSN} στοματος 4750 {N-GSN} μου 1473 {P-1GS} εν 1722 {PREP} παρρησια 3954 {N-DSF} γνωρισαι 1107 {V-AAN} το 3588 {T-ASN} μυστηριον 3466 {N-ASN} του 3588 {T-GSN} ευαγγελιου 2098 {N-GSN}
6,20,υπερ 5228 {PREP} ου 3739 {R-GSN} πρεσβευω 4243 {V-PAI-1S} εν 1722 {PREP} αλυσει 254 {N-DSF} ινα 2443 {CONJ} εν 1722 {PREP} αυτω 846 {P-DSN} παρρησιασωμαι 3955 {V-ADS-1S} ως 5613 {ADV} δει 1163 {V-PAI-3S} με 1473 {P-1AS} λαλησαι 2980 {V-AAN}
6,21,ινα 2443 {CONJ} δε 1161 {CONJ} ειδητε 1492 {V-RAS-2P} και 2532 {CONJ} υμεις 4771 {P-2NP} τα 3588 {T-APN} κατ 2596 {PREP} εμε 1473 {P-1AS} τι 5101 {I-ASN} πρασσω 4238 {V-PAI-1S} παντα 3956 {A-APN} υμιν 4771 {P-2DP} γνωρισει 1107 {V-FAI-3S} τυχικος 5190 {N-NSM} ο 3588 {T-NSM} αγαπητος 27 {A-NSM} αδελφος 80 {N-NSM} και 2532 {CONJ} πιστος 4103 {A-NSM} διακονος 1249 {N-NSM} εν 1722 {PREP} κυριω 2962 {N-DSM}
6,22,ον 3739 {R-ASM} επεμψα 3992 {V-AAI-1S} προς 4314 {PREP} υμας 4771 {P-2AP} εις 1519 {PREP} αυτο 846 {P-ASN} τουτο 3778 {D-ASN} ινα 2443 {CONJ} γνωτε 1097 {V-2AAS-2P} τα 3588 {T-APN} περι 4012 {PREP} ημων 1473 {P-1GP} και 2532 {CONJ} παρακαλεση 3870 {V-AAS-3S} τας 3588 {T-APF} καρδιας 2588 {N-APF} υμων 4771 {P-2GP}
6,23,ειρηνη 1515 {N-NSF} τοις 3588 {T-DPM} αδελφοις 80 {N-DPM} και 2532 {CONJ} αγαπη 26 {N-NSF} μετα 3326 {PREP} πιστεως 4102 {N-GSF} απο 575 {PREP} θεου 2316 {N-GSM} πατρος 3962 {N-GSM} και 2532 {CONJ} κυριου 2962 {N-GSM} ιησου 2424 {N-GSM} χριστου 5547 {N-GSM}
6,24,η 3588 {T-NSF} χαρις 5485 {N-NSF} μετα 3326 {PREP} παντων 3956 {A-GPM} των 3588 {T-GPM} αγαπωντων 25 {V-PAP-GPM} τον 3588 {T-ASM} κυριον 2962 {N-ASM} ημων 1473 {P-1GP} ιησουν 2424 {N-ASM} χριστον 5547 {N-ASM} εν 1722 {PREP} αφθαρσια 861 {N-DSF} αμην 281 {HEB}
