chapter,verse,text
1,1,παυλος 3972 {N-NSM} αποστολος 652 {N-NSM} ουκ 3756 {PRT-N} απ 575 {PREP} ανθρωπων 444 {N-GPM} ουδε 3761 {CONJ-N} δι 1223 {PREP} ανθρωπου 444 {N-GSM} αλλα 235 {CONJ} δια 1223 {PREP} ιησου 2424 {N-GSM} χριστου 5547 {N-GSM} και 2532 {CONJ} θεου 2316 {N-GSM} πατρος 3962 {N-GSM} του 3588 {T-GSM} εγειραντος 1453 {V-AAP-GSM} αυτον 846 {P-ASM} εκ 1537 {PREP} νεκρων 3498 {A-GPM}
1,2,και 2532 {CONJ} οι 3588 {T-NPM} συν 4862 {PREP} εμοι 1473 {P-1DS} παντες 3956 {A-NPM} αδελφοι 80 {N-NPM} ταις 3588 {T-DPF} εκκλησιαις 1577 {N-DPF} της 3588 {T-GSF} γαλατιας 1053 {N-GSF}
1,3,χαρις 5485 {N-NSF} υμιν 4771 {P-2DP} και 2532 {CONJ} ειρηνη 1515 {N-NSF} απο 575 {PREP} θεου 2316 {N-GSM} πατρος 3962 {N-GSM} και 2532 {CONJ} κυριου 2962 {N-GSM} ημων 1473 {P-1GP} ιησου 2424 {N-GSM} χριστου 5547 {N-GSM}
1,4,του 3588 {T-GSM} δοντος 1325 {V-2AAP-GSM} εαυτον 1438 {F-3ASM} περι 4012 {PREP} των 3588 {T-GPF} αμαρτιων 266 {N-GPF} ημων 1473 {P-1GP} οπως 3704 {ADV} εξεληται 1807 {V-2AMS-3S} ημας 1473 {P-1AP} εκ 1537 {PREP} του 3588 {T-GSM} ενεστωτος 1764 {V-RAP-GSM} αιωνος 165 {N-GSM} πονηρου 4190 {A-GSM} κατα 2596 {PREP} το 3588 {T-ASN} θελημα 2307 {N-ASN} του 3588 {T-GSM} θεου 2316 {N-GSM} και 2532 {CONJ} πατρος 3962 {N-GSM} ημων 1473 {P-1GP}
1,5,ω 3739 {R-DSM} η 3588 {T-NSF} δοξα 1391 {N-NSF} εις 1519 {PREP} τους 3588 {T-APM} αιωνας 165 {N-APM} των 3588 {T-GPM} αιωνων 165 {N-GPM} αμην 281 {HEB}
1,6,θαυμαζω 2296 {V-PAI-1S} οτι 3754 {CONJ} ουτως 3779 {ADV} ταχεως 5030 {ADV} μετατιθεσθε 3346 {V-PEI-2P} απο 575 {PREP} του 3588 {T-GSM} καλεσαντος 2564 {V-AAP-GSM} υμας 4771 {P-2AP} εν 1722 {PREP} χαριτι 5485 {N-DSF} χριστου 5547 {N-GSM} εις 1519 {PREP} ετερον 2087 {A-ASN} ευαγγελιον 2098 {N-ASN}
1,7,ο 3739 {R-NSN} ουκ 3756 {PRT-N} εστιν 1510 {V-PAI-3S} αλλο 243 {A-NSN} ει 1487 {COND} μη 3361 {PRT-N} τινες 5100 {X-NPM} εισιν 1510 {V-PAI-3P} οι 3588 {T-NPM} ταρασσοντες 5015 {V-PAP-NPM} υμας 4771 {P-2AP} και 2532 {CONJ} θελοντες 2309 {V-PAP-NPM} μεταστρεψαι 3344 {V-AAN} το 3588 {T-ASN} ευαγγελιον 2098 {N-ASN} του 3588 {T-GSM} χριστου 5547 {N-GSM}
1,8,αλλα 235 {CONJ} και 2532 {CONJ} εαν 1437 {COND} ημεις 1473 {P-1NP} η 2228 {PRT} αγγελος 32 {N-NSM} εξ 1537 {PREP} ουρανου 3772 {N-GSM} ευαγγελιζηται 2097 {V-PMS-3S} υμιν 4771 {P-2DP} παρ 3844 {PREP} ο 3739 {R-ASN} ευηγγελισαμεθα 2097 {V-AMI-1P} υμιν 4771 {P-2DP} αναθεμα 331 {N-NSN} εστω 1510 {V-PAM-3S}
1,9,ως 5613 {ADV} προειρηκαμεν 4302 {V-RAI-1P} και 2532 {CONJ} αρτι 737 {ADV} παλιν 3825 {ADV} λεγω 3004 {V-PAI-1S} ει 1487 {COND} τις 5100 {X-NSM} υμας 4771 {P-2AP} ευαγγελιζεται 2097 {V-PMI-3S} παρ 3844 {PREP} ο 3739 {R-ASN} παρελαβετε 3880 {V-2AAI-2P} αναθεμα 331 {N-NSN} εστω 1510 {V-PAM-3S}
1,10,αρτι 737 {ADV} γαρ 1063 {CONJ} ανθρωπους 444 {N-APM} πειθω 3982 {V-PAI-1S} η 2228 {PRT} τον 3588 {T-ASM} θεον 2316 {N-ASM} η 2228 {PRT} ζητω 2212 {V-PAI-1S} ανθρωποις 444 {N-DPM} αρεσκειν 700 {V-PAN} ει 1487 {COND} γαρ 1063 {CONJ} ετι 2089 {ADV} ανθρωποις 444 {N-DPM} ηρεσκον 700 {V-IAI-1S} χριστου 5547 {N-GSM} δουλος 1401 {N-NSM} ουκ 3756 {PRT-N} αν 302 {PRT} ημην 1510 {V-IMI-1S}
1,11,γνωριζω 1107 {V-PAI-1S} δε 1161 {CONJ} υμιν 4771 {P-2DP} αδελφοι 80 {N-VPM} το 3588 {T-ASN} ευαγγελιον 2098 {N-ASN} το 3588 {T-ASN} ευαγγελισθεν 2097 {V-APP-ASN} υπ 5259 {PREP} εμου 1473 {P-1GS} οτι 3754 {CONJ} ουκ 3756 {PRT-N} εστιν 1510 {V-PAI-3S} κατα 2596 {PREP} ανθρωπον 444 {N-ASM}
1,12,ουδε 3761 {CONJ-N} γαρ 1063 {CONJ} εγω 1473 {P-1NS} παρα 3844 {PREP} ανθρωπου 444 {N-GSM} παρελαβον 3880 {V-2AAI-1S} αυτο 846 {P-ASN} ουτε 3777 {CONJ-N} εδιδαχθην 1321 {V-API-1S} αλλα 235 {CONJ} δι 1223 {PREP} αποκαλυψεως 602 {N-GSF} ιησου 2424 {N-GSM} χριστου 5547 {N-GSM}
1,13,ηκουσατε 191 {V-AAI-2P} γαρ 1063 {CONJ} την 3588 {T-ASF} εμην 1699 {S-1SASF} αναστροφην 391 {N-ASF} ποτε 4218 {PRT} εν 1722 {PREP} τω 3588 {T-DSM} ιουδαισμω 2454 {N-DSM} οτι 3754 {CONJ} καθ 2596 {PREP} υπερβολην 5236 {N-ASF} εδιωκον 1377 {V-IAI-1S} την 3588 {T-ASF} εκκλησιαν 1577 {N-ASF} του 3588 {T-GSM} θεου 2316 {N-GSM} και 2532 {CONJ} επορθουν 4199 {V-IAI-1S} αυτην 846 {P-ASF}
1,14,και 2532 {CONJ} προεκοπτον 4298 {V-IAI-1S} εν 1722 {PREP} τω 3588 {T-DSM} ιουδαισμω 2454 {N-DSM} υπερ 5228 {PREP} πολλους 4183 {A-APM} συνηλικιωτας 4915 {N-APM} εν 1722 {PREP} τω 3588 {T-DSN} γενει 1085 {N-DSN} μου 1473 {P-1GS} περισσοτερως 4057 {ADV-C} ζηλωτης 2207 {N-NSM} υπαρχων 5225 {V-PAP-NSM} των 3588 {T-GPF} πατρικων 3967 {A-GPF} μου 1473 {P-1GS} παραδοσεων 3862 {N-GPF}
1,15,οτε 3753 {ADV} δε 1161 {CONJ} ευδοκησεν 2106 {V-AAI-3S} ο 3588 {T-NSM} θεος 2316 {N-NSM} ο 3588 {T-NSM} αφορισας 873 {V-AAP-NSM} με 1473 {P-1AS} εκ 1537 {PREP} κοιλιας 2836 {N-GSF} μητρος 3384 {N-GSF} μου 1473 {P-1GS} και 2532 {CONJ} καλεσας 2564 {V-AAP-NSM} δια 1223 {PREP} της 3588 {T-GSF} χαριτος 5485 {N-GSF} αυτου 846 {P-GSM}
1,16,αποκαλυψαι 601 {V-AAN} τον 3588 {T-ASM} υιον 5207 {N-ASM} αυτου 846 {P-GSM} εν 1722 {PREP} εμοι 1473 {P-1DS} ινα 2443 {CONJ} ευαγγελιζωμαι 2097 {V-PMS-1S} αυτον 846 {P-ASM} εν 1722 {PREP} τοις 3588 {T-DPN} εθνεσιν 1484 {N-DPN} ευθεως 2112 {ADV} ου 3756 {PRT-N} προσανεθεμην 4323 {V-2AMI-1S} σαρκι 4561 {N-DSF} και 2532 {CONJ} αιματι 129 {N-DSN}
1,17,ουδε 3761 {CONJ-N} ανηλθον 424 {V-2AAI-1S} εις 1519 {PREP} ιεροσολυμα 2414 {N-APN} προς 4314 {PREP} τους 3588 {T-APM} προ 4253 {PREP} εμου 1473 {P-1GS} αποστολους 652 {N-APM} αλλα 235 {CONJ} απηλθον 565 {V-2AAI-1S} εις 1519 {PREP} αραβιαν 688 {N-ASF} και 2532 {CONJ} παλιν 3825 {ADV} υπεστρεψα 5290 {V-AAI-1S} εις 1519 {PREP} δαμασκον 1154 {N-ASF}
1,18,επειτα 1899 {ADV} μετα 3326 {PREP} ετη 2094 {N-APN} τρια 5140 {A-APN} ανηλθον 424 {V-2AAI-1S} εις 1519 {PREP} ιεροσολυμα 2414 {N-APN} ιστορησαι 2477 {V-AAN} πετρον 4074 {N-ASM} και 2532 {CONJ} επεμεινα 1961 {V-AAI-1S} προς 4314 {PREP} αυτον 846 {P-ASM} ημερας 2250 {N-APF} δεκαπεντε 1178 {A-NUI}
1,19,ετερον 2087 {A-ASM} δε 1161 {CONJ} των 3588 {T-GPM} αποστολων 652 {N-GPM} ουκ 3756 {PRT-N} ειδον 3708 {V-2AAI-1S} ει 1487 {COND} μη 3361 {PRT-N} ιακωβον 2385 {N-ASM} τον 3588 {T-ASM} αδελφον 80 {N-ASM} του 3588 {T-GSM} κυριου 2962 {N-GSM}
1,20,α 3739 {R-APN} δε 1161 {CONJ} γραφω 1125 {V-PAI-1S} υμιν 4771 {P-2DP} ιδου 3708 {V-2AMM-2S} ενωπιον 1799 {PREP} του 3588 {T-GSM} θεου 2316 {N-GSM} οτι 3754 {CONJ} ου 3756 {PRT-N} ψευδομαι 5574 {V-PNI-1S}
1,21,επειτα 1899 {ADV} ηλθον 2064 {V-2AAI-1S} εις 1519 {PREP} τα 3588 {T-APN} κλιματα 2824 {N-APN} της 3588 {T-GSF} συριας 4947 {N-GSF} και 2532 {CONJ} της 3588 {T-GSF} κιλικιας 2791 {N-GSF}
1,22,ημην 1510 {V-IMI-1S} δε 1161 {CONJ} αγνοουμενος 50 {V-PPP-NSM} τω 3588 {T-DSN} προσωπω 4383 {N-DSN} ταις 3588 {T-DPF} εκκλησιαις 1577 {N-DPF} της 3588 {T-GSF} ιουδαιας 2449 {N-GSF} ταις 3588 {T-DPF} εν 1722 {PREP} χριστω 5547 {N-DSM}
1,23,μονον 3440 {ADV} δε 1161 {CONJ} ακουοντες 191 {V-PAP-NPM} ησαν 1510 {V-IAI-3P} οτι 3754 {CONJ} ο 3588 {T-NSM} διωκων 1377 {V-PAP-NSM} ημας 1473 {P-1AP} ποτε 4218 {PRT} νυν 3568 {ADV} ευαγγελιζεται 2097 {V-PMI-3S} την 3588 {T-ASF} πιστιν 4102 {N-ASF} ην 3739 {R-ASF} ποτε 4218 {PRT} επορθει 4199 {V-IAI-3S}
1,24,και 2532 {CONJ} εδοξαζον 1392 {V-IAI-3P} εν 1722 {PREP} εμοι 1473 {P-1DS} τον 3588 {T-ASM} θεον 2316 {N-ASM}
2,1,επειτα 1899 {ADV} δια 1223 {PREP} δεκατεσσαρων 1180 {A-GPN} ετων 2094 {N-GPN} παλιν 3825 {ADV} ανεβην 305 {V-2AAI-1S} εις 1519 {PREP} ιεροσολυμα 2414 {N-APN} μετα 3326 {PREP} βαρναβα 921 {N-GSM} συμπαραλαβων 4838 {V-2AAP-NSM} και 2532 {CONJ} τιτον 5103 {N-ASM}
2,2,ανεβην 305 {V-2AAI-1S} δε 1161 {CONJ} κατα 2596 {PREP} αποκαλυψιν 602 {N-ASF} και 2532 {CONJ} ανεθεμην 394 {V-2AMI-1S} αυτοις 846 {P-DPM} το 3588 {T-ASN} ευαγγελιον 2098 {N-ASN} ο 3739 {R-ASN} κηρυσσω 2784 {V-PAI-1S} εν 1722 {PREP} τοις 3588 {T-DPN} εθνεσιν 1484 {N-DPN} κατ 2596 {PREP} ιδιαν 2398 {A-ASF} δε 1161 {CONJ} τοις 3588 {T-DPM} δοκουσιν 1380 {V-PAP-DPM} μηπως 3381 {CONJ-N} εις 1519 {PREP} κενον 2756 {A-ASN} τρεχω 5143 {V-PAS-1S} η 2228 {PRT} εδραμον 5143 {V-2AAI-1S}
2,3,αλλ 235 {CONJ} ουδε 3761 {CONJ-N} τιτος 5103 {N-NSM} ο 3588 {T-NSM} συν 4862 {PREP} εμοι 1473 {P-1DS} ελλην 1672 {N-NSM} ων 1510 {V-PAP-NSM} ηναγκασθη 315 {V-API-3S} περιτμηθηναι 4059 {V-APN}
2,4,δια 1223 {PREP} δε 1161 {CONJ} τους 3588 {T-APM} παρεισακτους 3920 {A-APM} ψευδαδελφους 5569 {N-APM} οιτινες 3748 {R-NPM} παρεισηλθον 3922 {V-2AAI-3P} κατασκοπησαι 2684 {V-AAN} την 3588 {T-ASF} ελευθεριαν 1657 {N-ASF} ημων 1473 {P-1GP} ην 3739 {R-ASF} εχομεν 2192 {V-PAI-1P} εν 1722 {PREP} χριστω 5547 {N-DSM} ιησου 2424 {N-DSM} ινα 2443 {CONJ} ημας 1473 {P-1AP} καταδουλωσωνται 2615 {V-AMS-3P}
2,5,οις 3739 {R-DPM} ουδε 3761 {CONJ-N} προς 4314 {PREP} ωραν 5610 {N-ASF} ειξαμεν 1502 {V-AAI-1P} τη 3588 {T-DSF} υποταγη 5292 {N-DSF} ινα 2443 {CONJ} η 3588 {T-NSF} αληθεια 225 {N-NSF} του 3588 {T-GSN} ευαγγελιου 2098 {N-GSN} διαμεινη 1265 {V-AAS-3S} προς 4314 {PREP} υμας 4771 {P-2AP}
2,6,απο 575 {PREP} δε 1161 {CONJ} των 3588 {T-GPM} δοκουντων 1380 {V-PAP-GPM} ειναι 1510 {V-PAN} τι 5100 {X-ASN} οποιοι 3697 {A-NPM} ποτε 4218 {PRT} ησαν 1510 {V-IAI-3P} ουδεν 3762 {A-ASN-N} μοι 1473 {P-1DS} διαφερει 1308 {V-PAI-3S} προσωπον 4383 {N-ASN} θεος 2316 {N-NSM} ανθρωπου 444 {N-GSM} ου 3756 {PRT-N} λαμβανει 2983 {V-PAI-3S} εμοι 1473 {P-1DS} γαρ 1063 {CONJ} οι 3588 {T-NPM} δοκουντες 1380 {V-PAP-NPM} ουδεν 3762 {A-ASN-N} προσανεθεντο 4323 {V-2AMI-3P}
2,7,αλλα 235 {CONJ} τουναντιον 5121 {ADV-K} ιδοντες 3708 {V-2AAP-NPM} οτι 3754 {CONJ} πεπιστευμαι 4100 {V-RPI-1S} το 3588 {T-ASN} ευαγγελιον 2098 {N-ASN} της 3588 {T-GSF} ακροβυστιας 203 {N-GSF} καθως 2531 {ADV} πετρος 4074 {N-NSM} της 3588 {T-GSF} περιτομης 4061 {N-GSF}
2,8,ο 3588 {T-NSM} γαρ 1063 {CONJ} ενεργησας 1754 {V-AAP-NSM} πετρω 4074 {N-DSM} εις 1519 {PREP} αποστολην 651 {N-ASF} της 3588 {T-GSF} περιτομης 4061 {N-GSF} ενηργησεν 1754 {V-AAI-3S} και 2532 {CONJ} εμοι 1473 {P-1DS} εις 1519 {PREP} τα 3588 {T-APN} εθνη 1484 {N-APN}
2,9,και 2532 {CONJ} γνοντες 1097 {V-2AAP-NPM} την 3588 {T-ASF} χαριν 5485 {N-ASF} την 3588 {T-ASF} δοθεισαν 1325 {V-APP-ASF} μοι 1473 {P-1DS} ιακωβος 2385 {N-NSM} και 2532 {CONJ} κηφας 2786 {N-NSM} και 2532 {CONJ} ιωαννης 2491 {N-NSM} οι 3588 {T-NPM} δοκουντες 1380 {V-PAP-NPM} στυλοι 4769 {N-NPM} ειναι 1510 {V-PAN} δεξιας 1188 {A-APF} εδωκαν 1325 {V-AAI-3P} εμοι 1473 {P-1DS} και 2532 {CONJ} βαρναβα 921 {N-DSM} κοινωνιας 2842 {N-GSF} ινα 2443 {CONJ} ημεις 1473 {P-1NP} μεν 3303 {PRT} εις 1519 {PREP} τα 3588 {T-APN} εθνη 1484 {N-APN} αυτοι 846 {P-NPM} δε 1161 {CONJ} εις 1519 {PREP} την 3588 {T-ASF} περιτομην 4061 {N-ASF}
2,10,μονον 3440 {ADV} των 3588 {T-GPM} πτωχων 4434 {A-GPM} ινα 2443 {CONJ} μνημονευωμεν 3421 {V-PAS-1P} ο 3739 {R-ASN} και 2532 {CONJ} εσπουδασα 4704 {V-AAI-1S} αυτο 846 {P-ASN} τουτο 3778 {D-ASN} ποιησαι 4160 {V-AAN}
2,11,οτε 3753 {ADV} δε 1161 {CONJ} ηλθεν 2064 {V-2AAI-3S} πετρος 4074 {N-NSM} εις 1519 {PREP} αντιοχειαν 490 {N-ASF} κατα 2596 {PREP} προσωπον 4383 {N-ASN} αυτω 846 {P-DSM} αντεστην 436 {V-2AAI-1S} οτι 3754 {CONJ} κατεγνωσμενος 2607 {V-RPP-NSM} ην 1510 {V-IAI-3S}
2,12,προ 4253 {PREP} του 3588 {T-GSN} γαρ 1063 {CONJ} ελθειν 2064 {V-2AAN} τινας 5100 {X-APM} απο 575 {PREP} ιακωβου 2385 {N-GSM} μετα 3326 {PREP} των 3588 {T-GPN} εθνων 1484 {N-GPN} συνησθιεν 4906 {V-IAI-3S} οτε 3753 {ADV} δε 1161 {CONJ} ηλθον 2064 {V-2AAI-3P} υπεστελλεν 5288 {V-IAI-3S} και 2532 {CONJ} αφωριζεν 873 {V-IAI-3S} εαυτον 1438 {F-3ASM} φοβουμενος 5399 {V-PNP-NSM} τους 3588 {T-APM} εκ 1537 {PREP} περιτομης 4061 {N-GSF}
2,13,και 2532 {CONJ} συνυπεκριθησαν 4942 {V-AOI-3P} αυτω 846 {P-DSM} και 2532 {CONJ} οι 3588 {T-NPM} λοιποι 3062 {A-NPM} ιουδαιοι 2453 {A-NPM} ωστε 5620 {CONJ} και 2532 {CONJ} βαρναβας 921 {N-NSM} συναπηχθη 4879 {V-API-3S} αυτων 846 {P-GPM} τη 3588 {T-DSF} υποκρισει 5272 {N-DSF}
2,14,αλλ 235 {CONJ} οτε 3753 {ADV} ειδον 3708 {V-2AAI-1S} οτι 3754 {CONJ} ουκ 3756 {PRT-N} ορθοποδουσιν 3716 {V-PAI-3P} προς 4314 {PREP} την 3588 {T-ASF} αληθειαν 225 {N-ASF} του 3588 {T-GSN} ευαγγελιου 2098 {N-GSN} ειπον 3004 {V-2AAI-1S} τω 3588 {T-DSM} πετρω 4074 {N-DSM} εμπροσθεν 1715 {PREP} παντων 3956 {A-GPM} ει 1487 {COND} συ 4771 {P-2NS} ιουδαιος 2453 {A-NSM} υπαρχων 5225 {V-PAP-NSM} εθνικως 1483 {ADV} ζης 2198 {V-PAI-2S} και 2532 {CONJ} ουκ 3756 {PRT-N} ιουδαικως 2452 {ADV} τι 5101 {I-ASN} τα 3588 {T-APN} εθνη 1484 {N-APN} αναγκαζεις 315 {V-PAI-2S} ιουδαιζειν 2450 {V-PAN}
2,15,ημεις 1473 {P-1NP} φυσει 5449 {N-DSF} ιουδαιοι 2453 {A-NPM} και 2532 {CONJ} ουκ 3756 {PRT-N} εξ 1537 {PREP} εθνων 1484 {N-GPN} αμαρτωλοι 268 {A-NPM}
2,16,ειδοτες 1492 {V-RAP-NPM} οτι 3754 {CONJ} ου 3756 {PRT-N} δικαιουται 1344 {V-PPI-3S} ανθρωπος 444 {N-NSM} εξ 1537 {PREP} εργων 2041 {N-GPN} νομου 3551 {N-GSM} εαν 1437 {COND} μη 3361 {PRT-N} δια 1223 {PREP} πιστεως 4102 {N-GSF} ιησου 2424 {N-GSM} χριστου 5547 {N-GSM} και 2532 {CONJ} ημεις 1473 {P-1NP} εις 1519 {PREP} χριστον 5547 {N-ASM} ιησουν 2424 {N-ASM} επιστευσαμεν 4100 {V-AAI-1P} ινα 2443 {CONJ} δικαιωθωμεν 1344 {V-APS-1P} εκ 1537 {PREP} πιστεως 4102 {N-GSF} χριστου 5547 {N-GSM} και 2532 {CONJ} ουκ 3756 {PRT-N} εξ 1537 {PREP} εργων 2041 {N-GPN} νομου 3551 {N-GSM} διοτι 1360 {CONJ} ου 3756 {PRT-N} δικαιωθησεται 1344 {V-FPI-3S} εξ 1537 {PREP} εργων 2041 {N-GPN} νομου 3551 {N-GSM} πασα 3956 {A-NSF} σαρξ 4561 {N-NSF}
2,17,ει 1487 {COND} δε 1161 {CONJ} ζητουντες 2212 {V-PAP-NPM} δικαιωθηναι 1344 {V-APN} εν 1722 {PREP} χριστω 5547 {N-DSM} ευρεθημεν 2147 {V-API-1P} και 2532 {CONJ} αυτοι 846 {P-NPM} αμαρτωλοι 268 {A-NPM} αρα 687 {PRT-I} χριστος 5547 {N-NSM} αμαρτιας 266 {N-GSF} διακονος 1249 {N-NSM} μη 3361 {PRT-N} γενοιτο 1096 {V-2ADO-3S}
2,18,ει 1487 {COND} γαρ 1063 {CONJ} α 3739 {R-APN} κατελυσα 2647 {V-AAI-1S} ταυτα 3778 {D-APN} παλιν 3825 {ADV} οικοδομω 3618 {V-PAI-1S} παραβατην 3848 {N-ASM} εμαυτον 1683 {F-1ASM} συνιστημι 4921 {V-PAI-1S}
2,19,εγω 1473 {P-1NS} γαρ 1063 {CONJ} δια 1223 {PREP} νομου 3551 {N-GSM} νομω 3551 {N-DSM} απεθανον 599 {V-2AAI-1S} ινα 2443 {CONJ} θεω 2316 {N-DSM} ζησω 2198 {V-AAS-1S}
2,20,χριστω 5547 {N-DSM} συνεσταυρωμαι 4957 {V-RPI-1S} ζω 2198 {V-PAI-1S} δε 1161 {CONJ} ουκετι 3765 {ADV-N} εγω 1473 {P-1NS} ζη 2198 {V-PAI-3S} δε 1161 {CONJ} εν 1722 {PREP} εμοι 1473 {P-1DS} χριστος 5547 {N-NSM} ο 3739 {R-ASN} δε 1161 {CONJ} νυν 3568 {ADV} ζω 2198 {V-PAI-1S} εν 1722 {PREP} σαρκι 4561 {N-DSF} εν 1722 {PREP} πιστει 4102 {N-DSF} ζω 2198 {V-PAI-1S} τη 3588 {T-DSF} του 3588 {T-GSM} υιου 5207 {N-GSM} του 3588 {T-GSM} θεου 2316 {N-GSM} του 3588 {T-GSM} αγαπησαντος 25 {V-AAP-GSM} με 1473 {P-1AS} και 2532 {CONJ} παραδοντος 3860 {V-2AAP-GSM} εαυτον 1438 {F-3ASM} υπερ 5228 {PREP} εμου 1473 {P-1GS}
2,21,ουκ 3756 {PRT-N} αθετω 114 {V-PAI-1S} την 3588 {T-ASF} χαριν 5485 {N-ASF} του 3588 {T-GSM} θεου 2316 {N-GSM} ει 1487 {COND} γαρ 1063 {CONJ} δια 1223 {PREP} νομου 3551 {N-GSM} δικαιοσυνη 1343 {N-NSF} αρα 686 {PRT} χριστος 5547 {N-NSM} δωρεαν 1432 {ADV} απεθανεν 599 {V-2AAI-3S}
3,1,ω 5599 {INJ} ανοητοι 453 {A-VPM} γαλαται 1052 {N-VPM} τις 5101 {I-NSM} υμας 4771 {P-2AP} εβασκανεν 940 {V-AAI-3S} τη 3588 {T-DSF} αληθεια 225 {N-DSF} μη 3361 {PRT-N} πειθεσθαι 3982 {V-PPN} οις 3739 {R-DPM} κατ 2596 {PREP} οφθαλμους 3788 {N-APM} ιησους 2424 {N-NSM} χριστος 5547 {N-NSM} προεγραφη 4270 {V-2API-3S} εν 1722 {PREP} υμιν 4771 {P-2DP} εσταυρωμενος 4717 {V-RPP-NSM}
3,2,τουτο 3778 {D-ASN} μονον 3440 {ADV} θελω 2309 {V-PAI-1S} μαθειν 3129 {V-2AAN} αφ 575 {PREP} υμων 4771 {P-2GP} εξ 1537 {PREP} εργων 2041 {N-GPN} νομου 3551 {N-GSM} το 3588 {T-ASN} πνευμα 4151 {N-ASN} ελαβετε 2983 {V-2AAI-2P} η 2228 {PRT} εξ 1537 {PREP} ακοης 189 {N-GSF} πιστεως 4102 {N-GSF}
3,3,ουτως 3779 {ADV} ανοητοι 453 {A-NPM} εστε 1510 {V-PAI-2P} εναρξαμενοι 1728 {V-ADP-NPM} πνευματι 4151 {N-DSN} νυν 3568 {ADV} σαρκι 4561 {N-DSF} επιτελεισθε 2005 {V-PEI-2P}
3,4,τοσαυτα 5118 {D-APN} επαθετε 3958 {V-2AAI-2P} εικη 1500 {ADV} ειγε 1489 {COND} και 2532 {CONJ} εικη 1500 {ADV}
3,5,ο 3588 {T-NSM} ουν 3767 {CONJ} επιχορηγων 2023 {V-PAP-NSM} υμιν 4771 {P-2DP} το 3588 {T-ASN} πνευμα 4151 {N-ASN} και 2532 {CONJ} ενεργων 1754 {V-PAP-NSM} δυναμεις 1411 {N-APF} εν 1722 {PREP} υμιν 4771 {P-2DP} εξ 1537 {PREP} εργων 2041 {N-GPN} νομου 3551 {N-GSM} η 2228 {PRT} εξ 1537 {PREP} ακοης 189 {N-GSF} πιστεως 4102 {N-GSF}
3,6,καθως 2531 {ADV} αβρααμ 11 {N-PRI} επιστευσεν 4100 {V-AAI-3S} τω 3588 {T-DSM} θεω 2316 {N-DSM} και 2532 {CONJ} ελογισθη 3049 {V-API-3S} αυτω 846 {P-DSM} εις 1519 {PREP} δικαιοσυνην 1343 {N-ASF}
3,7,γινωσκετε 1097 {V-PAI-2P} 1097 {V-PAM-2P} αρα 686 {PRT} οτι 3754 {CONJ} οι 3588 {T-NPM} εκ 1537 {PREP} πιστεως 4102 {N-GSF} ουτοι 3778 {D-NPM} εισιν 1510 {V-PAI-3P} υιοι 5207 {N-NPM} αβρααμ 11 {N-PRI}
3,8,προιδουσα 4308 {V-2AAP-NSF} δε 1161 {CONJ} η 3588 {T-NSF} γραφη 1124 {N-NSF} οτι 3754 {CONJ} εκ 1537 {PREP} πιστεως 4102 {N-GSF} δικαιοι 1344 {V-PAI-3S} τα 3588 {T-APN} εθνη 1484 {N-APN} ο 3588 {T-NSM} θεος 2316 {N-NSM} προευηγγελισατο 4283 {V-ADI-3S} τω 3588 {T-DSM} αβρααμ 11 {N-PRI} οτι 3754 {CONJ} ενευλογηθησονται 1757 {V-FPI-3P} εν 1722 {PREP} σοι 4771 {P-2DS} παντα 3956 {A-NPN} τα 3588 {T-NPN} εθνη 1484 {N-NPN}
3,9,ωστε 5620 {CONJ} οι 3588 {T-NPM} εκ 1537 {PREP} πιστεως 4102 {N-GSF} ευλογουνται 2127 {V-PPI-3P} συν 4862 {PREP} τω 3588 {T-DSM} πιστω 4103 {A-DSM} αβρααμ 11 {N-PRI}
3,10,οσοι 3745 {K-NPM} γαρ 1063 {CONJ} εξ 1537 {PREP} εργων 2041 {N-GPN} νομου 3551 {N-GSM} εισιν 1510 {V-PAI-3P} υπο 5259 {PREP} καταραν 2671 {N-ASF} εισιν 1510 {V-PAI-3P} γεγραπται 1125 {V-RPI-3S} γαρ 1063 {CONJ} επικαταρατος 1944 {A-NSM} πας 3956 {A-NSM} ος 3739 {R-NSM} ουκ 3756 {PRT-N} εμμενει 1696 {V-PAI-3S} εν 1722 {PREP} πασιν 3956 {A-DPN} τοις 3588 {T-DPN} γεγραμμενοις 1125 {V-RPP-DPN} εν 1722 {PREP} τω 3588 {T-DSN} βιβλιω 975 {N-DSN} του 3588 {T-GSM} νομου 3551 {N-GSM} του 3588 {T-GSN} ποιησαι 4160 {V-AAN} αυτα 846 {P-APN}
3,11,οτι 3754 {CONJ} δε 1161 {CONJ} εν 1722 {PREP} νομω 3551 {N-DSM} ουδεις 3762 {A-NSM-N} δικαιουται 1344 {V-PPI-3S} παρα 3844 {PREP} τω 3588 {T-DSM} θεω 2316 {N-DSM} δηλον 1212 {A-NSN} οτι 3754 {CONJ} ο 3588 {T-NSM} δικαιος 1342 {A-NSM} εκ 1537 {PREP} πιστεως 4102 {N-GSF} ζησεται 2198 {V-FDI-3S}
3,12,ο 3588 {T-NSM} δε 1161 {CONJ} νομος 3551 {N-NSM} ουκ 3756 {PRT-N} εστιν 1510 {V-PAI-3S} εκ 1537 {PREP} πιστεως 4102 {N-GSF} αλλ 235 {CONJ} ο 3588 {T-NSM} ποιησας 4160 {V-AAP-NSM} αυτα 846 {P-APN} ανθρωπος 444 {N-NSM} ζησεται 2198 {V-FDI-3S} εν 1722 {PREP} αυτοις 846 {P-DPN}
3,13,χριστος 5547 {N-NSM} ημας 1473 {P-1AP} εξηγορασεν 1805 {V-AAI-3S} εκ 1537 {PREP} της 3588 {T-GSF} καταρας 2671 {N-GSF} του 3588 {T-GSM} νομου 3551 {N-GSM} γενομενος 1096 {V-2ADP-NSM} υπερ 5228 {PREP} ημων 1473 {P-1GP} καταρα 2671 {N-NSF} γεγραπται 1125 {V-RPI-3S} γαρ 1063 {CONJ} επικαταρατος 1944 {A-NSM} πας 3956 {A-NSM} ο 3588 {T-NSM} κρεμαμενος 2910 {V-PMP-NSM} επι 1909 {PREP} ξυλου 3586 {N-GSN}
3,14,ινα 2443 {CONJ} εις 1519 {PREP} τα 3588 {T-APN} εθνη 1484 {N-APN} η 3588 {T-NSF} ευλογια 2129 {N-NSF} του 3588 {T-GSM} αβρααμ 11 {N-PRI} γενηται 1096 {V-2ADS-3S} εν 1722 {PREP} χριστω 5547 {N-DSM} ιησου 2424 {N-DSM} ινα 2443 {CONJ} την 3588 {T-ASF} επαγγελιαν 1860 {N-ASF} του 3588 {T-GSN} πνευματος 4151 {N-GSN} λαβωμεν 2983 {V-2AAS-1P} δια 1223 {PREP} της 3588 {T-GSF} πιστεως 4102 {N-GSF}
3,15,αδελφοι 80 {N-VPM} κατα 2596 {PREP} ανθρωπον 444 {N-ASM} λεγω 3004 {V-PAI-1S} ομως 3676 {CONJ} ανθρωπου 444 {N-GSM} κεκυρωμενην 2964 {V-RPP-ASF} διαθηκην 1242 {N-ASF} ουδεις 3762 {A-NSM-N} αθετει 114 {V-PAI-3S} η 2228 {PRT} επιδιατασσεται 1928 {V-PNI-3S}
3,16,τω 3588 {T-DSM} δε 1161 {CONJ} αβρααμ 11 {N-PRI} ερρηθησαν 2046 {V-API-3P} αι 3588 {T-NPF} επαγγελιαι 1860 {N-NPF} και 2532 {CONJ} τω 3588 {T-DSN} σπερματι 4690 {N-DSN} αυτου 846 {P-GSM} ου 3756 {PRT-N} λεγει 3004 {V-PAI-3S} και 2532 {CONJ} τοις 3588 {T-DPN} σπερμασιν 4690 {N-DPN} ως 5613 {ADV} επι 1909 {PREP} πολλων 4183 {A-GPN} αλλ 235 {CONJ} ως 5613 {ADV} εφ 1909 {PREP} ενος 1520 {A-GSN} και 2532 {CONJ} τω 3588 {T-DSN} σπερματι 4690 {N-DSN} σου 4771 {P-2GS} ος 3739 {R-NSM} εστιν 1510 {V-PAI-3S} χριστος 5547 {N-NSM}
3,17,τουτο 3778 {D-ASN} δε 1161 {CONJ} λεγω 3004 {V-PAI-1S} διαθηκην 1242 {N-ASF} προκεκυρωμενην 4300 {V-RPP-ASF} υπο 5259 {PREP} του 3588 {T-GSM} θεου 2316 {N-GSM} εις 1519 {PREP} χριστον 5547 {N-ASM} ο 3588 {T-NSM} μετα 3326 {PREP} ετη 2094 {N-APN} τετρακοσια 5071 {A-APN} και 2532 {CONJ} τριακοντα 5144 {A-NUI} γεγονως 1096 {V-2RAP-NSM} νομος 3551 {N-NSM} ουκ 3756 {PRT-N} ακυροι 208 {V-PAI-3S} εις 1519 {PREP} το 3588 {T-ASN} καταργησαι 2673 {V-AAN} την 3588 {T-ASF} επαγγελιαν 1860 {N-ASF}
3,18,ει 1487 {COND} γαρ 1063 {CONJ} εκ 1537 {PREP} νομου 3551 {N-GSM} η 3588 {T-NSF} κληρονομια 2817 {N-NSF} ουκετι 3765 {ADV-N} εξ 1537 {PREP} επαγγελιας 1860 {N-GSF} τω 3588 {T-DSM} δε 1161 {CONJ} αβρααμ 11 {N-PRI} δι 1223 {PREP} επαγγελιας 1860 {N-GSF} κεχαρισται 5483 {V-RNI-3S} ο 3588 {T-NSM} θεος 2316 {N-NSM}
3,19,τι 5101 {I-NSN} ουν 3767 {CONJ} ο 3588 {T-NSM} νομος 3551 {N-NSM} των 3588 {T-GPF} παραβασεων 3847 {N-GPF} χαριν 5484 {PREP} προσετεθη 4369 {V-API-3S} αχρι 891 {ADV} ου 3739 {R-GSM} ελθη 2064 {V-2AAS-3S} το 3588 {T-NSN} σπερμα 4690 {N-NSN} ω 3739 {R-DSN} επηγγελται 1861 {V-RPI-3S} διαταγεις 1299 {V-2APP-NSM} δι 1223 {PREP} αγγελων 32 {N-GPM} εν 1722 {PREP} χειρι 5495 {N-DSF} μεσιτου 3316 {N-GSM}
3,20,ο 3588 {T-NSM} δε 1161 {CONJ} μεσιτης 3316 {N-NSM} ενος 1520 {A-GSM} ουκ 3756 {PRT-N} εστιν 1510 {V-PAI-3S} ο 3588 {T-NSM} δε 1161 {CONJ} θεος 2316 {N-NSM} εις 1520 {A-NSM} εστιν 1510 {V-PAI-3S}
3,21,ο 3588 {T-NSM} ουν 3767 {CONJ} νομος 3551 {N-NSM} κατα 2596 {PREP} των 3588 {T-GPF} επαγγελιων 1860 {N-GPF} του 3588 {T-GSM} θεου 2316 {N-GSM} μη 3361 {PRT-N} γενοιτο 1096 {V-2ADO-3S} ει 1487 {COND} γαρ 1063 {CONJ} εδοθη 1325 {V-API-3S} νομος 3551 {N-NSM} ο 3588 {T-NSM} δυναμενος 1410 {V-PNP-NSM} ζωοποιησαι 2227 {V-AAN} οντως 3689 {ADV} αν 302 {PRT} εκ 1537 {PREP} νομου 3551 {N-GSM} ην 1510 {V-IAI-3S} η 3588 {T-NSF} δικαιοσυνη 1343 {N-NSF}
3,22,αλλα 235 {CONJ} συνεκλεισεν 4788 {V-AAI-3S} η 3588 {T-NSF} γραφη 1124 {N-NSF} τα 3588 {T-APN} παντα 3956 {A-APN} υπο 5259 {PREP} αμαρτιαν 266 {N-ASF} ινα 2443 {CONJ} η 3588 {T-NSF} επαγγελια 1860 {N-NSF} εκ 1537 {PREP} πιστεως 4102 {N-GSF} ιησου 2424 {N-GSM} χριστου 5547 {N-GSM} δοθη 1325 {V-APS-3S} τοις 3588 {T-DPM} πιστευουσιν 4100 {V-PAP-DPM}
3,23,προ 4253 {PREP} του 3588 {T-GSN} δε 1161 {CONJ} ελθειν 2064 {V-2AAN} την 3588 {T-ASF} πιστιν 4102 {N-ASF} υπο 5259 {PREP} νομον 3551 {N-ASM} εφρουρουμεθα 5432 {V-IPI-1P} συγκεκλεισμενοι 4788 {V-RPP-NPM} εις 1519 {PREP} την 3588 {T-ASF} μελλουσαν 3195 {V-PAP-ASF} πιστιν 4102 {N-ASF} αποκαλυφθηναι 601 {V-APN}
3,24,ωστε 5620 {CONJ} ο 3588 {T-NSM} νομος 3551 {N-NSM} παιδαγωγος 3807 {N-NSM} ημων 1473 {P-1GP} γεγονεν 1096 {V-2RAI-3S} εις 1519 {PREP} χριστον 5547 {N-ASM} ινα 2443 {CONJ} εκ 1537 {PREP} πιστεως 4102 {N-GSF} δικαιωθωμεν 1344 {V-APS-1P}
3,25,ελθουσης 2064 {V-2AAP-GSF} δε 1161 {CONJ} της 3588 {T-GSF} πιστεως 4102 {N-GSF} ουκετι 3765 {ADV-N} υπο 5259 {PREP} παιδαγωγον 3807 {N-ASM} εσμεν 1510 {V-PAI-1P}
3,26,παντες 3956 {A-NPM} γαρ 1063 {CONJ} υιοι 5207 {N-NPM} θεου 2316 {N-GSM} εστε 1510 {V-PAI-2P} δια 1223 {PREP} της 3588 {T-GSF} πιστεως 4102 {N-GSF} εν 1722 {PREP} χριστω 5547 {N-DSM} ιησου 2424 {N-DSM}
3,27,οσοι 3745 {K-NPM} γαρ 1063 {CONJ} εις 1519 {PREP} χριστον 5547 {N-ASM} εβαπτισθητε 907 {V-API-2P} χριστον 5547 {N-ASM} ενεδυσασθε 1746 {V-AMI-2P}
3,28,ουκ 3756 {PRT-N} ενι 1762 {V-PAI-3S} ιουδαιος 2453 {A-NSM} ουδε 3761 {CONJ-N} ελλην 1672 {N-NSM} ουκ 3756 {PRT-N} ενι 1762 {V-PAI-3S} δουλος 1401 {N-NSM} ουδε 3761 {CONJ-N} ελευθερος 1658 {A-NSM} ουκ 3756 {PRT-N} ενι 1762 {V-PAI-3S} αρσεν 730 {A-NSN} και 2532 {CONJ} θηλυ 2338 {A-NSN} παντες 3956 {A-NPM} γαρ 1063 {CONJ} υμεις 4771 {P-2NP} εις 1520 {A-NSM} εστε 1510 {V-PAI-2P} εν 1722 {PREP} χριστω 5547 {N-DSM} ιησου 2424 {N-DSM}
3,29,ει 1487 {COND} δε 1161 {CONJ} υμεις 4771 {P-2NP} χριστου 5547 {N-GSM} αρα 686 {PRT} του 3588 {T-GSM} αβρααμ 11 {N-PRI} σπερμα 4690 {N-NSN} εστε 1510 {V-PAI-2P} και 2532 {CONJ} κατ 2596 {PREP} επαγγελιαν 1860 {N-ASF} κληρονομοι 2818 {N-NPM}
4,1,λεγω 3004 {V-PAI-1S} δε 1161 {CONJ} εφ 1909 {PREP} οσον 3745 {K-ASM} χρονον 5550 {N-ASM} ο 3588 {T-NSM} κληρονομος 2818 {N-NSM} νηπιος 3516 {A-NSM} εστιν 1510 {V-PAI-3S} ουδεν 3762 {A-ASN-N} διαφερει 1308 {V-PAI-3S} δουλου 1401 {N-GSM} κυριος 2962 {N-NSM} παντων 3956 {A-GPN} ων 1510 {V-PAP-NSM}
4,2,αλλα 235 {CONJ} υπο 5259 {PREP} επιτροπους 2012 {N-APM} εστιν 1510 {V-PAI-3S} και 2532 {CONJ} οικονομους 3623 {N-APM} αχρι 891 {ADV} της 3588 {T-GSF} προθεσμιας 4287 {N-GSF} του 3588 {T-GSM} πατρος 3962 {N-GSM}
4,3,ουτως 3779 {ADV} και 2532 {CONJ} ημεις 1473 {P-1NP} οτε 3753 {ADV} ημεν 1510 {V-IAI-1P} νηπιοι 3516 {A-NPM} υπο 5259 {PREP} τα 3588 {T-APN} στοιχεια 4747 {N-APN} του 3588 {T-GSM} κοσμου 2889 {N-GSM} ημεν 1510 {V-IAI-1P} δεδουλωμενοι 1402 {V-RPP-NPM}
4,4,οτε 3753 {ADV} δε 1161 {CONJ} ηλθεν 2064 {V-2AAI-3S} το 3588 {T-NSN} πληρωμα 4138 {N-NSN} του 3588 {T-GSM} χρονου 5550 {N-GSM} εξαπεστειλεν 1821 {V-AAI-3S} ο 3588 {T-NSM} θεος 2316 {N-NSM} τον 3588 {T-ASM} υιον 5207 {N-ASM} αυτου 846 {P-GSM} γενομενον 1096 {V-2ADP-ASM} εκ 1537 {PREP} γυναικος 1135 {N-GSF} γενομενον 1096 {V-2ADP-ASM} υπο 5259 {PREP} νομον 3551 {N-ASM}
4,5,ινα 2443 {CONJ} τους 3588 {T-APM} υπο 5259 {PREP} νομον 3551 {N-ASM} εξαγοραση 1805 {V-AAS-3S} ινα 2443 {CONJ} την 3588 {T-ASF} υιοθεσιαν 5206 {N-ASF} απολαβωμεν 618 {V-2AAS-1P}
4,6,οτι 3754 {CONJ} δε 1161 {CONJ} εστε 1510 {V-PAI-2P} υιοι 5207 {N-NPM} εξαπεστειλεν 1821 {V-AAI-3S} ο 3588 {T-NSM} θεος 2316 {N-NSM} το 3588 {T-ASN} πνευμα 4151 {N-ASN} του 3588 {T-GSM} υιου 5207 {N-GSM} αυτου 846 {P-GSM} εις 1519 {PREP} τας 3588 {T-APF} καρδιας 2588 {N-APF} υμων 4771 {P-2GP} κραζον 2896 {V-PAP-ASN} αββα 5 {N-PRI} ο 3588 {T-NSM} πατηρ 3962 {N-NSM}
4,7,ωστε 5620 {CONJ} ουκετι 3765 {ADV-N} ει 1510 {V-PAI-2S} δουλος 1401 {N-NSM} αλλ 235 {CONJ} υιος 5207 {N-NSM} ει 1487 {COND} δε 1161 {CONJ} υιος 5207 {N-NSM} και 2532 {CONJ} κληρονομος 2818 {N-NSM} θεου 2316 {N-GSM} δια 1223 {PREP} χριστου 5547 {N-GSM}
4,8,αλλα 235 {CONJ} τοτε 5119 {ADV} μεν 3303 {PRT} ουκ 3756 {PRT-N} ειδοτες 1492 {V-RAP-NPM} θεον 2316 {N-ASM} εδουλευσατε 1398 {V-AAI-2P} τοις 3588 {T-DPM} μη 3361 {PRT-N} φυσει 5449 {N-DSF} ουσιν 1510 {V-PAP-DPM} θεοις 2316 {N-DPM}
4,9,νυν 3568 {ADV} δε 1161 {CONJ} γνοντες 1097 {V-2AAP-NPM} θεον 2316 {N-ASM} μαλλον 3123 {ADV} δε 1161 {CONJ} γνωσθεντες 1097 {V-APP-NPM} υπο 5259 {PREP} θεου 2316 {N-GSM} πως 4459 {ADV-I} επιστρεφετε 1994 {V-PAI-2P} παλιν 3825 {ADV} επι 1909 {PREP} τα 3588 {T-APN} ασθενη 772 {A-APN} και 2532 {CONJ} πτωχα 4434 {A-APN} στοιχεια 4747 {N-APN} οις 3739 {R-DPN} παλιν 3825 {ADV} ανωθεν 509 {ADV} δουλευειν 1398 {V-PAN} θελετε 2309 {V-PAI-2P}
4,10,ημερας 2250 {N-APF} παρατηρεισθε 3906 {V-PMI-2P} και 2532 {CONJ} μηνας 3376 {N-APM} και 2532 {CONJ} καιρους 2540 {N-APM} και 2532 {CONJ} ενιαυτους 1763 {N-APM}
4,11,φοβουμαι 5399 {V-PNI-1S} υμας 4771 {P-2AP} μηπως 3381 {CONJ-N} εικη 1500 {ADV} κεκοπιακα 2872 {V-RAI-1S} εις 1519 {PREP} υμας 4771 {P-2AP}
4,12,γινεσθε 1096 {V-PNM-2P} ως 5613 {ADV} εγω 1473 {P-1NS} οτι 3754 {CONJ} καγω 2504 {P-1NS-K} ως 5613 {ADV} υμεις 4771 {P-2NP} αδελφοι 80 {N-VPM} δεομαι 1189 {V-PNI-1S} υμων 4771 {P-2GP} ουδεν 3762 {A-ASN-N} με 1473 {P-1AS} ηδικησατε 91 {V-AAI-2P}
4,13,οιδατε 1492 {V-RAI-2P} δε 1161 {CONJ} οτι 3754 {CONJ} δι 1223 {PREP} ασθενειαν 769 {N-ASF} της 3588 {T-GSF} σαρκος 4561 {N-GSF} ευηγγελισαμην 2097 {V-AMI-1S} υμιν 4771 {P-2DP} το 3588 {T-ASN} προτερον 4386 {A-ASN-C}
4,14,και 2532 {CONJ} τον 3588 {T-ASM} πειρασμον 3986 {N-ASM} μου 1473 {P-1GS} τον 3588 {T-ASM} εν 1722 {PREP} τη 3588 {T-DSF} σαρκι 4561 {N-DSF} μου 1473 {P-1GS} ουκ 3756 {PRT-N} εξουθενησατε 1848 {V-AAI-2P} ουδε 3761 {CONJ-N} εξεπτυσατε 1609 {V-AAI-2P} αλλ 235 {CONJ} ως 5613 {ADV} αγγελον 32 {N-ASM} θεου 2316 {N-GSM} εδεξασθε 1209 {V-ADI-2P} με 1473 {P-1AS} ως 5613 {ADV} χριστον 5547 {N-ASM} ιησουν 2424 {N-ASM}
4,15,τις 5101 {I-NSM} ουν 3767 {CONJ} ην 1510 {V-IAI-3S} ο 3588 {T-NSM} μακαρισμος 3108 {N-NSM} υμων 4771 {P-2GP} μαρτυρω 3140 {V-PAI-1S} γαρ 1063 {CONJ} υμιν 4771 {P-2DP} οτι 3754 {CONJ} ει 1487 {COND} δυνατον 1415 {A-NSN} τους 3588 {T-APM} οφθαλμους 3788 {N-APM} υμων 4771 {P-2GP} εξορυξαντες 1846 {V-AAP-NPM} αν 302 {PRT} εδωκατε 1325 {V-AAI-2P} μοι 1473 {P-1DS}
4,16,ωστε 5620 {CONJ} εχθρος 2190 {A-NSM} υμων 4771 {P-2GP} γεγονα 1096 {V-2RAI-1S} αληθευων 226 {V-PAP-NSM} υμιν 4771 {P-2DP}
4,17,ζηλουσιν 2206 {V-PAI-3P} υμας 4771 {P-2AP} ου 3756 {PRT-N} καλως 2573 {ADV} αλλα 235 {CONJ} εκκλεισαι 1576 {V-AAN} υμας 4771 {P-2AP} θελουσιν 2309 {V-PAI-3P} ινα 2443 {CONJ} αυτους 846 {P-APM} ζηλουτε 2206 {V-PAS-2P}
4,18,καλον 2570 {A-NSN} δε 1161 {CONJ} το 3588 {T-NSN} ζηλουσθαι 2206 {V-PPN} εν 1722 {PREP} καλω 2570 {A-DSN} παντοτε 3842 {ADV} και 2532 {CONJ} μη 3361 {PRT-N} μονον 3440 {ADV} εν 1722 {PREP} τω 3588 {T-DSN} παρειναι 3918 {V-PAN} με 1473 {P-1AS} προς 4314 {PREP} υμας 4771 {P-2AP}
4,19,τεκνια 5040 {N-VPN} μου 1473 {P-1GS} ους 3739 {R-APM} παλιν 3825 {ADV} ωδινω 5605 {V-PAI-1S} αχρι 891 {ADV} ου 3739 {R-GSM} μορφωθη 3445 {V-APS-3S} χριστος 5547 {N-NSM} εν 1722 {PREP} υμιν 4771 {P-2DP}
4,20,ηθελον 2309 {V-IAI-1S} δε 1161 {CONJ} παρειναι 3918 {V-PAN} προς 4314 {PREP} υμας 4771 {P-2AP} αρτι 737 {ADV} και 2532 {CONJ} αλλαξαι 236 {V-AAN} την 3588 {T-ASF} φωνην 5456 {N-ASF} μου 1473 {P-1GS} οτι 3754 {CONJ} απορουμαι 639 {V-PMI-1S} εν 1722 {PREP} υμιν 4771 {P-2DP}
4,21,λεγετε 3004 {V-PAM-2P} μοι 1473 {P-1DS} οι 3588 {T-NPM} υπο 5259 {PREP} νομον 3551 {N-ASM} θελοντες 2309 {V-PAP-NPM} ειναι 1510 {V-PAN} τον 3588 {T-ASM} νομον 3551 {N-ASM} ουκ 3756 {PRT-N} ακουετε 191 {V-PAI-2P}
4,22,γεγραπται 1125 {V-RPI-3S} γαρ 1063 {CONJ} οτι 3754 {CONJ} αβρααμ 11 {N-PRI} δυο 1417 {A-NUI} υιους 5207 {N-APM} εσχεν 2192 {V-2AAI-3S} ενα 1520 {A-ASM} εκ 1537 {PREP} της 3588 {T-GSF} παιδισκης 3814 {N-GSF} και 2532 {CONJ} ενα 1520 {A-ASM} εκ 1537 {PREP} της 3588 {T-GSF} ελευθερας 1658 {A-GSF}
4,23,αλλ 235 {CONJ} ο 3588 {T-NSM} μεν 3303 {PRT} εκ 1537 {PREP} της 3588 {T-GSF} παιδισκης 3814 {N-GSF} κατα 2596 {PREP} σαρκα 4561 {N-ASF} γεγεννηται 1080 {V-RPI-3S} ο 3588 {T-NSM} δε 1161 {CONJ} εκ 1537 {PREP} της 3588 {T-GSF} ελευθερας 1658 {A-GSF} δια 1223 {PREP} της 3588 {T-GSF} επαγγελιας 1860 {N-GSF}
4,24,ατινα 3748 {R-NPN} εστιν 1510 {V-PAI-3S} αλληγορουμενα 238 {V-PPP-NPN} αυται 3778 {D-NPF} γαρ 1063 {CONJ} εισιν 1510 {V-PAI-3P} δυο 1417 {A-NUI} διαθηκαι 1242 {N-NPF} μια 1520 {A-NSF} μεν 3303 {PRT} απο 575 {PREP} ορους 3735 {N-GSN} σινα 4614 {N-PRI} εις 1519 {PREP} δουλειαν 1397 {N-ASF} γεννωσα 1080 {V-PAP-NSF} ητις 3748 {R-NSF} εστιν 1510 {V-PAI-3S} αγαρ 28 {N-PRI}
4,25,το 3588 {T-NSN} γαρ 1063 {CONJ} αγαρ 28 {N-PRI} σινα 4614 {N-PRI} ορος 3735 {N-NSN} εστιν 1510 {V-PAI-3S} εν 1722 {PREP} τη 3588 {T-DSF} αραβια 688 {N-DSF} συστοιχει 4960 {V-PAI-3S} δε 1161 {CONJ} τη 3588 {T-DSF} νυν 3568 {ADV} ιερουσαλημ 2419 {N-PRI} δουλευει 1398 {V-PAI-3S} δε 1161 {CONJ} μετα 3326 {PREP} των 3588 {T-GPN} τεκνων 5043 {N-GPN} αυτης 846 {P-GSF}
4,26,η 3588 {T-NSF} δε 1161 {CONJ} ανω 507 {ADV} ιερουσαλημ 2419 {N-PRI} ελευθερα 1658 {A-NSF} εστιν 1510 {V-PAI-3S} ητις 3748 {R-NSF} εστιν 1510 {V-PAI-3S} μητηρ 3384 {N-NSF} παντων 3956 {A-GPM} ημων 1473 {P-1GP}
4,27,γεγραπται 1125 {V-RPI-3S} γαρ 1063 {CONJ} ευφρανθητι 2165 {V-APM-2S} στειρα 4723 {N-VSF} η 3588 {T-NSF} ου 3756 {PRT-N} τικτουσα 5088 {V-PAP-NSF} ρηξον 4486 {V-AAM-2S} και 2532 {CONJ} βοησον 994 {V-AAM-2S} η 3588 {T-NSF} ουκ 3756 {PRT-N} ωδινουσα 5605 {V-PAP-NSF} οτι 3754 {CONJ} πολλα 4183 {A-NPN} τα 3588 {T-NPN} τεκνα 5043 {N-NPN} της 3588 {T-GSF} ερημου 2048 {A-GSF} μαλλον 3123 {ADV} η 2228 {PRT} της 3588 {T-GSF} εχουσης 2192 {V-PAP-GSF} τον 3588 {T-ASM} ανδρα 435 {N-ASM}
4,28,ημεις 1473 {P-1NP} δε 1161 {CONJ} αδελφοι 80 {N-VPM} κατα 2596 {PREP} ισαακ 2464 {N-PRI} επαγγελιας 1860 {N-GSF} τεκνα 5043 {N-NPN} εσμεν 1510 {V-PAI-1P}
4,29,αλλ 235 {CONJ} ωσπερ 5618 {ADV} τοτε 5119 {ADV} ο 3588 {T-NSM} κατα 2596 {PREP} σαρκα 4561 {N-ASF} γεννηθεις 1080 {V-APP-NSM} εδιωκεν 1377 {V-IAI-3S} τον 3588 {T-ASM} κατα 2596 {PREP} πνευμα 4151 {N-ASN} ουτως 3779 {ADV} και 2532 {CONJ} νυν 3568 {ADV}
4,30,αλλα 235 {CONJ} τι 5101 {I-ASN} λεγει 3004 {V-PAI-3S} η 3588 {T-NSF} γραφη 1124 {N-NSF} εκβαλε 1544 {V-2AAM-2S} την 3588 {T-ASF} παιδισκην 3814 {N-ASF} και 2532 {CONJ} τον 3588 {T-ASM} υιον 5207 {N-ASM} αυτης 846 {P-GSF} ου 3756 {PRT-N} γαρ 1063 {CONJ} μη 3361 {PRT-N} κληρονομηση 2816 {V-AAS-3S} ο 3588 {T-NSM} υιος 5207 {N-NSM} της 3588 {T-GSF} παιδισκης 3814 {N-GSF} μετα 3326 {PREP} του 3588 {T-GSM} υιου 5207 {N-GSM} της 3588 {T-GSF} ελευθερας 1658 {A-GSF}
4,31,αρα 686 {PRT} αδελφοι 80 {N-VPM} ουκ 3756 {PRT-N} εσμεν 1510 {V-PAI-1P} παιδισκης 3814 {N-GSF} τεκνα 5043 {N-NPN} αλλα 235 {CONJ} της 3588 {T-GSF} ελευθερας 1658 {A-GSF}
5,1,τη 3588 {T-DSF} ελευθερια 1657 {N-DSF} ουν 3767 {CONJ} η 3739 {R-DSF} χριστος 5547 {N-NSM} ημας 1473 {P-1AP} ηλευθερωσεν 1659 {V-AAI-3S} στηκετε 4739 {V-PAM-2P} και 2532 {CONJ} μη 3361 {PRT-N} παλιν 3825 {ADV} ζυγω 2218 {N-DSM} δουλειας 1397 {N-GSF} ενεχεσθε 1758 {V-PPM-2P}
5,2,ιδε 2396 {V-2AAM-2S} εγω 1473 {P-1NS} παυλος 3972 {N-NSM} λεγω 3004 {V-PAI-1S} υμιν 4771 {P-2DP} οτι 3754 {CONJ} εαν 1437 {COND} περιτεμνησθε 4059 {V-PPS-2P} χριστος 5547 {N-NSM} υμας 4771 {P-2AP} ουδεν 3762 {A-ASN-N} ωφελησει 5623 {V-FAI-3S}
5,3,μαρτυρομαι 3143 {V-PNI-1S} δε 1161 {CONJ} παλιν 3825 {ADV} παντι 3956 {A-DSM} ανθρωπω 444 {N-DSM} περιτεμνομενω 4059 {V-PPP-DSM} οτι 3754 {CONJ} οφειλετης 3781 {N-NSM} εστιν 1510 {V-PAI-3S} ολον 3650 {A-ASM} τον 3588 {T-ASM} νομον 3551 {N-ASM} ποιησαι 4160 {V-AAN}
5,4,κατηργηθητε 2673 {V-API-2P} απο 575 {PREP} του 3588 {T-GSM} χριστου 5547 {N-GSM} οιτινες 3748 {R-NPM} εν 1722 {PREP} νομω 3551 {N-DSM} δικαιουσθε 1344 {V-PPI-2P} της 3588 {T-GSF} χαριτος 5485 {N-GSF} εξεπεσατε 1601 {V-2AAI-2P}
5,5,ημεις 1473 {P-1NP} γαρ 1063 {CONJ} πνευματι 4151 {N-DSN} εκ 1537 {PREP} πιστεως 4102 {N-GSF} ελπιδα 1680 {N-ASF} δικαιοσυνης 1343 {N-GSF} απεκδεχομεθα 553 {V-PNI-1P}
5,6,εν 1722 {PREP} γαρ 1063 {CONJ} χριστω 5547 {N-DSM} ιησου 2424 {N-DSM} ουτε 3777 {CONJ-N} περιτομη 4061 {N-NSF} τι 5100 {X-ASN} ισχυει 2480 {V-PAI-3S} ουτε 3777 {CONJ-N} ακροβυστια 203 {N-NSF} αλλα 235 {CONJ} πιστις 4102 {N-NSF} δι 1223 {PREP} αγαπης 26 {N-GSF} ενεργουμενη 1754 {V-PMP-NSF}
5,7,ετρεχετε 5143 {V-IAI-2P} καλως 2573 {ADV} τις 5101 {I-NSM} υμας 4771 {P-2AP} ενεκοψεν 1465 {V-AAI-3S} τη 3588 {T-DSF} αληθεια 225 {N-DSF} μη 3361 {PRT-N} πειθεσθαι 3982 {V-PPN}
5,8,η 3588 {T-NSF} πεισμονη 3988 {N-NSF} ουκ 3756 {PRT-N} εκ 1537 {PREP} του 3588 {T-GSM} καλουντος 2564 {V-PAP-GSM} υμας 4771 {P-2AP}
5,9,μικρα 3398 {A-NSF} ζυμη 2219 {N-NSF} ολον 3650 {A-ASN} το 3588 {T-ASN} φυραμα 5445 {N-ASN} ζυμοι 2220 {V-PAI-3S}
5,10,εγω 1473 {P-1NS} πεποιθα 3982 {V-2RAI-1S} εις 1519 {PREP} υμας 4771 {P-2AP} εν 1722 {PREP} κυριω 2962 {N-DSM} οτι 3754 {CONJ} ουδεν 3762 {A-ASN-N} αλλο 243 {A-ASN} φρονησετε 5426 {V-FAI-2P} ο 3588 {T-NSM} δε 1161 {CONJ} ταρασσων 5015 {V-PAP-NSM} υμας 4771 {P-2AP} βαστασει 941 {V-FAI-3S} το 3588 {T-ASN} κριμα 2917 {N-ASN} οστις 3748 {R-NSM} αν 302 {PRT} η 1510 {V-PAS-3S}
5,11,εγω 1473 {P-1NS} δε 1161 {CONJ} αδελφοι 80 {N-VPM} ει 1487 {COND} περιτομην 4061 {N-ASF} ετι 2089 {ADV} κηρυσσω 2784 {V-PAI-1S} τι 5101 {I-ASN} ετι 2089 {ADV} διωκομαι 1377 {V-PPI-1S} αρα 686 {PRT} κατηργηται 2673 {V-RPI-3S} το 3588 {T-NSN} σκανδαλον 4625 {N-NSN} του 3588 {T-GSM} σταυρου 4716 {N-GSM}
5,12,οφελον 3785 {V-2AAI-1S} και 2532 {CONJ} αποκοψονται 609 {V-FMI-3P} οι 3588 {T-NPM} αναστατουντες 387 {V-PAP-NPM} υμας 4771 {P-2AP}
5,13,υμεις 4771 {P-2NP} γαρ 1063 {CONJ} επ 1909 {PREP} ελευθερια 1657 {N-DSF} εκληθητε 2564 {V-API-2P} αδελφοι 80 {N-VPM} μονον 3440 {ADV} μη 3361 {PRT-N} την 3588 {T-ASF} ελευθεριαν 1657 {N-ASF} εις 1519 {PREP} αφορμην 874 {N-ASF} τη 3588 {T-DSF} σαρκι 4561 {N-DSF} αλλα 235 {CONJ} δια 1223 {PREP} της 3588 {T-GSF} αγαπης 26 {N-GSF} δουλευετε 1398 {V-PAM-2P} αλληλοις 240 {C-DPM}
5,14,ο 3588 {T-NSM} γαρ 1063 {CONJ} πας 3956 {A-NSM} νομος 3551 {N-NSM} εν 1722 {PREP} ενι 1520 {A-DSM} λογω 3056 {N-DSM} πληρουται 4137 {V-PPI-3S} εν 1722 {PREP} τω 3588 {T-DSM} αγαπησεις 25 {V-FAI-2S} τον 3588 {T-ASM} πλησιον 4139 {ADV} σου 4771 {P-2GS} ως 5613 {ADV} εαυτον 1438 {F-3ASM}
5,15,ει 1487 {COND} δε 1161 {CONJ} αλληλους 240 {C-APM} δακνετε 1143 {V-PAI-2P} και 2532 {CONJ} κατεσθιετε 2719 {V-PAI-2P} βλεπετε 991 {V-PAM-2P} μη 3361 {PRT-N} υπο 5259 {PREP} αλληλων 240 {C-GPM} αναλωθητε 355 {V-APS-2P}
5,16,λεγω 3004 {V-PAI-1S} δε 1161 {CONJ} πνευματι 4151 {N-DSN} περιπατειτε 4043 {V-PAM-2P} και 2532 {CONJ} επιθυμιαν 1939 {N-ASF} σαρκος 4561 {N-GSF} ου 3756 {PRT-N} μη 3361 {PRT-N} τελεσητε 5055 {V-AAS-2P}
5,17,η 3588 {T-NSF} γαρ 1063 {CONJ} σαρξ 4561 {N-NSF} επιθυμει 1937 {V-PAI-3S} κατα 2596 {PREP} του 3588 {T-GSN} πνευματος 4151 {N-GSN} το 3588 {T-NSN} δε 1161 {CONJ} πνευμα 4151 {N-NSN} κατα 2596 {PREP} της 3588 {T-GSF} σαρκος 4561 {N-GSF} ταυτα 3778 {D-NPN} δε 1161 {CONJ} αντικειται 480 {V-PNI-3S} αλληλοις 240 {C-DPN} ινα 2443 {CONJ} μη 3361 {PRT-N} α 3739 {R-APN} αν 302 {PRT} θελητε 2309 {V-PAS-2P} ταυτα 3778 {D-APN} ποιητε 4160 {V-PAS-2P}
5,18,ει 1487 {COND} δε 1161 {CONJ} πνευματι 4151 {N-DSN} αγεσθε 71 {V-PPI-2P} ουκ 3756 {PRT-N} εστε 1510 {V-PAI-2P} υπο 5259 {PREP} νομον 3551 {N-ASM}
5,19,φανερα 5318 {A-NPN} δε 1161 {CONJ} εστιν 1510 {V-PAI-3S} τα 3588 {T-NPN} εργα 2041 {N-NPN} της 3588 {T-GSF} σαρκος 4561 {N-GSF} ατινα 3748 {R-NPN} εστιν 1510 {V-PAI-3S} μοιχεια 3430 {N-NSF} πορνεια 4202 {N-NSF} ακαθαρσια 167 {N-NSF} ασελγεια 766 {N-NSF}
5,20,ειδωλολατρεια 1495 {N-NSF} φαρμακεια 5331 {N-NSF} εχθραι 2189 {N-NPF} ερεις 2054 {N-NPF} ζηλοι 2205 {N-NPM} θυμοι 2372 {N-NPM} εριθειαι 2052 {N-NPF} διχοστασιαι 1370 {N-NPF} αιρεσεις 139 {N-NPF}
5,21,φθονοι 5355 {N-NPM} φονοι 5408 {N-NPM} μεθαι 3178 {N-NPF} κωμοι 2970 {N-NPM} και 2532 {CONJ} τα 3588 {T-NPN} ομοια 3664 {A-NPN} τουτοις 3778 {D-DPN} α 3739 {R-APN} προλεγω 4302 {V-PAI-1S} υμιν 4771 {P-2DP} καθως 2531 {ADV} και 2532 {CONJ} προειπον 4302 {V-2AAI-1S} οτι 3754 {CONJ} οι 3588 {T-NPM} τα 3588 {T-APN} τοιαυτα 5108 {D-APN} πρασσοντες 4238 {V-PAP-NPM} βασιλειαν 932 {N-ASF} θεου 2316 {N-GSM} ου 3756 {PRT-N} κληρονομησουσιν 2816 {V-FAI-3P}
5,22,ο 3588 {T-NSM} δε 1161 {CONJ} καρπος 2590 {N-NSM} του 3588 {T-GSN} πνευματος 4151 {N-GSN} εστιν 1510 {V-PAI-3S} αγαπη 26 {N-NSF} χαρα 5479 {N-NSF} ειρηνη 1515 {N-NSF} μακροθυμια 3115 {N-NSF} χρηστοτης 5544 {N-NSF} αγαθωσυνη 19 {N-NSF} πιστις 4102 {N-NSF}
5,23,πραοτης 4240 {N-NSF} εγκρατεια 1466 {N-NSF} κατα 2596 {PREP} των 3588 {T-GPN} τοιουτων 5108 {D-GPN} ουκ 3756 {PRT-N} εστιν 1510 {V-PAI-3S} νομος 3551 {N-NSM}
5,24,οι 3588 {T-NPM} δε 1161 {CONJ} του 3588 {T-GSM} χριστου 5547 {N-GSM} την 3588 {T-ASF} σαρκα 4561 {N-ASF} εσταυρωσαν 4717 {V-AAI-3P} συν 4862 {PREP} τοις 3588 {T-DPN} παθημασιν 3804 {N-DPN} και 2532 {CONJ} ταις 3588 {T-DPF} επιθυμιαις 1939 {N-DPF}
5,25,ει 1487 {COND} ζωμεν 2198 {V-PAI-1P} πνευματι 4151 {N-DSN} πνευματι 4151 {N-DSN} και 2532 {CONJ} στοιχωμεν 4748 {V-PAS-1P}
5,26,μη 3361 {PRT-N} γινωμεθα 1096 {V-PNS-1P} κενοδοξοι 2755 {A-NPM} αλληλους 240 {C-APM} προκαλουμενοι 4292 {V-PMP-NPM} αλληλοις 240 {C-DPM} φθονουντες 5354 {V-PAP-NPM}
6,1,αδελφοι 80 {N-VPM} εαν 1437 {COND} και 2532 {CONJ} προληφθη 4301 {V-APS-3S} ανθρωπος 444 {N-NSM} εν 1722 {PREP} τινι 5100 {X-DSN} παραπτωματι 3900 {N-DSN} υμεις 4771 {P-2NP} οι 3588 {T-NPM} πνευματικοι 4152 {A-NPM} καταρτιζετε 2675 {V-PAM-2P} τον 3588 {T-ASM} τοιουτον 5108 {D-ASM} εν 1722 {PREP} πνευματι 4151 {N-DSN} πραοτητος 4240 {N-GSF} σκοπων 4648 {V-PAP-NSM} σεαυτον 4572 {F-2ASM} μη 3361 {PRT-N} και 2532 {CONJ} συ 4771 {P-2NS} πειρασθης 3985 {V-APS-2S}
6,2,αλληλων 240 {C-GPM} τα 3588 {T-APN} βαρη 922 {N-APN} βασταζετε 941 {V-PAM-2P} και 2532 {CONJ} ουτως 3779 {ADV} αναπληρωσατε 378 {V-AAM-2P} τον 3588 {T-ASM} νομον 3551 {N-ASM} του 3588 {T-GSM} χριστου 5547 {N-GSM}
6,3,ει 1487 {COND} γαρ 1063 {CONJ} δοκει 1380 {V-PAI-3S} τις 5100 {X-NSM} ειναι 1510 {V-PAN} τι 5100 {X-NSN} μηδεν 3367 {A-NSN-N} ων 1510 {V-PAP-NSM} εαυτον 1438 {F-3ASM} φρεναπατα 5422 {V-PAI-3S}
6,4,το 3588 {T-ASN} δε 1161 {CONJ} εργον 2041 {N-ASN} εαυτου 1438 {F-3GSM} δοκιμαζετω 1381 {V-PAM-3S} εκαστος 1538 {A-NSM} και 2532 {CONJ} τοτε 5119 {ADV} εις 1519 {PREP} εαυτον 1438 {F-3ASM} μονον 3441 {A-ASM} το 3588 {T-ASN} καυχημα 2745 {N-ASN} εξει 2192 {V-FAI-3S} και 2532 {CONJ} ουκ 3756 {PRT-N} εις 1519 {PREP} τον 3588 {T-ASM} ετερον 2087 {A-ASM}
6,5,εκαστος 1538 {A-NSM} γαρ 1063 {CONJ} το 3588 {T-ASN} ιδιον 2398 {A-ASN} φορτιον 5413 {N-ASN} βαστασει 941 {V-FAI-3S}
6,6,κοινωνειτω 2841 {V-PAM-3S} δε 1161 {CONJ} ο 3588 {T-NSM} κατηχουμενος 2727 {V-PPP-NSM} τον 3588 {T-ASM} λογον 3056 {N-ASM} τω 3588 {T-DSM} κατηχουντι 2727 {V-PAP-DSM} εν 1722 {PREP} πασιν 3956 {A-DPN} αγαθοις 18 {A-DPN}
6,7,μη 3361 {PRT-N} πλανασθε 4105 {V-PPM-2P} θεος 2316 {N-NSM} ου 3756 {PRT-N} μυκτηριζεται 3456 {V-PPI-3S} ο 3739 {R-ASN} γαρ 1063 {CONJ} εαν 1437 {COND} σπειρη 4687 {V-PAS-3S} ανθρωπος 444 {N-NSM} τουτο 3778 {D-ASN} και 2532 {CONJ} θερισει 2325 {V-FAI-3S}
6,8,οτι 3754 {CONJ} ο 3588 {T-NSM} σπειρων 4687 {V-PAP-NSM} εις 1519 {PREP} την 3588 {T-ASF} σαρκα 4561 {N-ASF} εαυτου 1438 {F-3GSM} εκ 1537 {PREP} της 3588 {T-GSF} σαρκος 4561 {N-GSF} θερισει 2325 {V-FAI-3S} φθοραν 5356 {N-ASF} ο 3588 {T-NSM} δε 1161 {CONJ} σπειρων 4687 {V-PAP-NSM} εις 1519 {PREP} το 3588 {T-ASN} πνευμα 4151 {N-ASN} εκ 1537 {PREP} του 3588 {T-GSN} πνευματος 4151 {N-GSN} θερισει 2325 {V-FAI-3S} ζωην 2222 {N-ASF} αιωνιον 166 {A-ASF}
6,9,το 3588 {T-ASN} δε 1161 {CONJ} καλον 2570 {A-ASN} ποιουντες 4160 {V-PAP-NPM} μη 3361 {PRT-N} εκκακωμεν 1573 {V-PAS-1P} καιρω 2540 {N-DSM} γαρ 1063 {CONJ} ιδιω 2398 {A-DSM} θερισομεν 2325 {V-FAI-1P} μη 3361 {PRT-N} εκλυομενοι 1590 {V-PPP-NPM}
6,10,αρα 686 {PRT} ουν 3767 {CONJ} ως 5613 {ADV} καιρον 2540 {N-ASM} εχομεν 2192 {V-PAI-1P} εργαζωμεθα 2038 {V-PNS-1P} το 3588 {T-ASN} αγαθον 18 {A-ASN} προς 4314 {PREP} παντας 3956 {A-APM} μαλιστα 3122 {ADV-S} δε 1161 {CONJ} προς 4314 {PREP} τους 3588 {T-APM} οικειους 3609 {A-APM} της 3588 {T-GSF} πιστεως 4102 {N-GSF}
6,11,ιδετε 3708 {V-2AAM-2P} πηλικοις 4080 {A-DPN} υμιν 4771 {P-2DP} γραμμασιν 1121 {N-DPN} εγραψα 1125 {V-AAI-1S} τη 3588 {T-DSF} εμη 1699 {S-1SDSF} χειρι 5495 {N-DSF}
6,12,οσοι 3745 {K-NPM} θελουσιν 2309 {V-PAI-3P} ευπροσωπησαι 2146 {V-AAN} εν 1722 {PREP} σαρκι 4561 {N-DSF} ουτοι 3778 {D-NPM} αναγκαζουσιν 315 {V-PAI-3P} υμας 4771 {P-2AP} περιτεμνεσθαι 4059 {V-PPN} μονον 3440 {ADV} ινα 2443 {CONJ} μη 3361 {PRT-N} τω 3588 {T-DSM} σταυρω 4716 {N-DSM} του 3588 {T-GSM} χριστου 5547 {N-GSM} διωκωνται 1377 {V-PPS-3P}
6,13,ουδε 3761 {CONJ-N} γαρ 1063 {CONJ} οι 3588 {T-NPM} περιτετμημενοι 4059 {V-RPP-NPM} αυτοι 846 {P-NPM} νομον 3551 {N-ASM} φυλασσουσιν 5442 {V-PAI-3P} αλλα 235 {CONJ} θελουσιν 2309 {V-PAI-3P} υμας 4771 {P-2AP} περιτεμνεσθαι 4059 {V-PPN} ινα 2443 {CONJ} εν 1722 {PREP} τη 3588 {T-DSF} υμετερα 5212 {S-2PDSF} σαρκι 4561 {N-DSF} καυχησωνται 2744 {V-ADS-3P}
6,14,εμοι 1473 {P-1DS} δε 1161 {CONJ} μη 3361 {PRT-N} γενοιτο 1096 {V-2ADO-3S} καυχασθαι 2744 {V-PNN} ει 1487 {COND} μη 3361 {PRT-N} εν 1722 {PREP} τω 3588 {T-DSM} σταυρω 4716 {N-DSM} του 3588 {T-GSM} κυριου 2962 {N-GSM} ημων 1473 {P-1GP} ιησου 2424 {N-GSM} χριστου 5547 {N-GSM} δι 1223 {PREP} ου 3739 {R-GSM} εμοι 1473 {P-1DS} κοσμος 2889 {N-NSM} εσταυρωται 4717 {V-RPI-3S} καγω 2504 {P-1NS-K} τω 3588 {T-DSM} κοσμω 2889 {N-DSM}
6,15,εν 1722 {PREP} γαρ 1063 {CONJ} χριστω 5547 {N-DSM} ιησου 2424 {N-DSM} ουτε 3777 {CONJ-N} περιτομη 4061 {N-NSF} τι 5100 {X-NSN} ισχυει 2480 {V-PAI-3S} ουτε 3777 {CONJ-N} ακροβυστια 203 {N-NSF} αλλα 235 {CONJ} καινη 2537 {A-NSF} κτισις 2937 {N-NSF}
6,16,και 2532 {CONJ} οσοι 3745 {K-NPM} τω 3588 {T-DSM} κανονι 2583 {N-DSM} τουτω 3778 {D-DSM} στοιχησουσιν 4748 {V-FAI-3P} ειρηνη 1515 {N-NSF} επ 1909 {PREP} αυτους 846 {P-APM} και 2532 {CONJ} ελεος 1656 {N-NSN} και 2532 {CONJ} επι 1909 {PREP} τον 3588 {T-ASM} ισραηλ 2474 {N-PRI} του 3588 {T-GSM} θεου 2316 {N-GSM}
6,17,του 3588 {T-GSN} λοιπου 3062 {A-GSN} κοπους 2873 {N-APM} μοι 1473 {P-1DS} μηδεις 3367 {A-NSM-N} παρεχετω 3930 {V-PAM-3S} εγω 1473 {P-1NS} γαρ 1063 {CONJ} τα 3588 {T-APN} στιγματα 4742 {N-APN} του 3588 {T-GSM} κυριου 2962 {N-GSM} ιησου 2424 {N-GSM} εν 1722 {PREP} τω 3588 {T-DSN} σωματι 4983 {N-DSN} μου 1473 {P-1GS} βασταζω 941 {V-PAI-1S}
6,18,η 3588 {T-NSF} χαρις 5485 {N-NSF} του 3588 {T-GSM} κυριου 2962 {N-GSM} ημων 1473 {P-1GP} ιησου 2424 {N-GSM} χριστου 5547 {N-GSM} μετα 3326 {PREP} του 3588 {T-GSN} πνευματος 4151 {N-GSN} υμων 4771 {P-2GP} αδελφοι 80 {N-VPM} αμην 281 {HEB}
