chapter,verse,text
1,1,παυλος 3972 {N-NSM} και 2532 {CONJ} τιμοθεος 5095 {N-NSM} δουλοι 1401 {N-NPM} ιησου 2424 {N-GSM} χριστου 5547 {N-GSM} πασιν 3956 {A-DPM} τοις 3588 {T-DPM} αγιοις 40 {A-DPM} εν 1722 {PREP} χριστω 5547 {N-DSM} ιησου 2424 {N-DSM} τοις 3588 {T-DPM} ουσιν 1510 {V-PAP-DPM} εν 1722 {PREP} φιλιπποις 5375 {N-DPM} συν 4862 {PREP} επισκοποις 1985 {N-DPM} και 2532 {CONJ} διακονοις 1249 {N-DPM}
1,2,χαρις 5485 {N-NSF} υμιν 4771 {P-2DP} και 2532 {CONJ} ειρηνη 1515 {N-NSF} απο 575 {PREP} θεου 2316 {N-GSM} πατρος 3962 {N-GSM} ημων 1473 {P-1GP} και 2532 {CONJ} κυριου 2962 {N-GSM} ιησου 2424 {N-GSM} χριστου 5547 {N-GSM}
1,3,ευχαριστω 2168 {V-PAI-1S} τω 3588 {T-DSM} θεω 2316 {N-DSM} μου 1473 {P-1GS} επι 1909 {PREP} παση 3956 {A-DSF} τη 3588 {T-DSF} μνεια 3417 {N-DSF} υμων 4771 {P-2GP}
1,4,παντοτε 3842 {ADV} εν 1722 {PREP} παση 3956 {A-DSF} δεησει 1162 {N-DSF} μου 1473 {P-1GS} υπερ 5228 {PREP} παντων 3956 {A-GPM} υμων 4771 {P-2GP} μετα 3326 {PREP} χαρας 5479 {N-GSF} την 3588 {T-ASF} δεησιν 1162 {N-ASF} ποιουμενος 4160 {V-PMP-NSM}
1,5,επι 1909 {PREP} τη 3588 {T-DSF} κοινωνια 2842 {N-DSF} υμων 4771 {P-2GP} εις 1519 {PREP} το 3588 {T-ASN} ευαγγελιον 2098 {N-ASN} απο 575 {PREP} πρωτης 4413 {A-GSF-S} ημερας 2250 {N-GSF} αχρι 891 {ADV} του 3588 {T-GSM} νυν 3568 {ADV}
1,6,πεποιθως 3982 {V-2RAP-NSM} αυτο 846 {P-ASN} τουτο 3778 {D-ASN} οτι 3754 {CONJ} ο 3588 {T-NSM} εναρξαμενος 1728 {V-ADP-NSM} εν 1722 {PREP} υμιν 4771 {P-2DP} εργον 2041 {N-ASN} αγαθον 18 {A-ASN} επιτελεσει 2005 {V-FAI-3S} αχρι 891 {ADV} ημερας 2250 {N-GSF} χριστου 5547 {N-GSM} ιησου 2424 {N-GSM}
1,7,καθως 2531 {ADV} εστιν 1510 {V-PAI-3S} δικαιον 1342 {A-NSN} εμοι 1473 {P-1DS} τουτο 3778 {D-ASN} φρονειν 5426 {V-PAN} υπερ 5228 {PREP} παντων 3956 {A-GPM} υμων 4771 {P-2GP} δια 1223 {PREP} το 3588 {T-ASN} εχειν 2192 {V-PAN} με 1473 {P-1AS} εν 1722 {PREP} τη 3588 {T-DSF} καρδια 2588 {N-DSF} υμας 4771 {P-2AP} εν 1722 {PREP} τε 5037 {PRT} τοις 3588 {T-DPM} δεσμοις 1199 {N-DPM} μου 1473 {P-1GS} και 2532 {CONJ} εν 1722 {PREP} τη 3588 {T-DSF} απολογια 627 {N-DSF} και 2532 {CONJ} βεβαιωσει 951 {N-DSF} του 3588 {T-GSN} ευαγγελιου 2098 {N-GSN} συγκοινωνους 4791 {N-APM} μου 1473 {P-1GS} της 3588 {T-GSF} χαριτος 5485 {N-GSF} παντας 3956 {A-APM} υμας 4771 {P-2AP} οντας 1510 {V-PAP-APM}
1,8,μαρτυς 3144 {N-NSM} γαρ 1063 {CONJ} μου 1473 {P-1GS} εστιν 1510 {V-PAI-3S} ο 3588 {T-NSM} θεος 2316 {N-NSM} ως 5613 {ADV} επιποθω 1971 {V-PAI-1S} παντας 3956 {A-APM} υμας 4771 {P-2AP} εν 1722 {PREP} σπλαγχνοις 4698 {N-DPN} ιησου 2424 {N-GSM} χριστου 5547 {N-GSM}
1,9,και 2532 {CONJ} τουτο 3778 {D-ASN} προσευχομαι 4336 {V-PNI-1S} ινα 2443 {CONJ} η 3588 {T-NSF} αγαπη 26 {N-NSF} υμων 4771 {P-2GP} ετι 2089 {ADV} μαλλον 3123 {ADV} και 2532 {CONJ} μαλλον 3123 {ADV} περισσευη 4052 {V-PAS-3S} εν 1722 {PREP} επιγνωσει 1922 {N-DSF} και 2532 {CONJ} παση 3956 {A-DSF} αισθησει 144 {N-DSF}
1,10,εις 1519 {PREP} το 3588 {T-ASN} δοκιμαζειν 1381 {V-PAN} υμας 4771 {P-2AP} τα 3588 {T-APN} διαφεροντα 1308 {V-PAP-APN} ινα 2443 {CONJ} ητε 1510 {V-PAS-2P} ειλικρινεις 1506 {A-NPM} και 2532 {CONJ} απροσκοποι 677 {A-NPM} εις 1519 {PREP} ημεραν 2250 {N-ASF} χριστου 5547 {N-GSM}
1,11,πεπληρωμενοι 4137 {V-RPP-NPM} καρπων 2590 {N-GPM} δικαιοσυνης 1343 {N-GSF} των 3588 {T-GPM} δια 1223 {PREP} ιησου 2424 {N-GSM} χριστου 5547 {N-GSM} εις 1519 {PREP} δοξαν 1391 {N-ASF} και 2532 {CONJ} επαινον 1868 {N-ASM} θεου 2316 {N-GSM}
1,12,γινωσκειν 1097 {V-PAN} δε 1161 {CONJ} υμας 4771 {P-2AP} βουλομαι 1014 {V-PNI-1S} αδελφοι 80 {N-VPM} οτι 3754 {CONJ} τα 3588 {T-NPN} κατ 2596 {PREP} εμε 1473 {P-1AS} μαλλον 3123 {ADV} εις 1519 {PREP} προκοπην 4297 {N-ASF} του 3588 {T-GSN} ευαγγελιου 2098 {N-GSN} εληλυθεν 2064 {V-2RAI-3S}
1,13,ωστε 5620 {CONJ} τους 3588 {T-APM} δεσμους 1199 {N-APM} μου 1473 {P-1GS} φανερους 5318 {A-APM} εν 1722 {PREP} χριστω 5547 {N-DSM} γενεσθαι 1096 {V-2ADN} εν 1722 {PREP} ολω 3650 {A-DSN} τω 3588 {T-DSN} πραιτωριω 4232 {N-DSN} και 2532 {CONJ} τοις 3588 {T-DPM} λοιποις 3062 {A-DPM} πασιν 3956 {A-DPM}
1,14,και 2532 {CONJ} τους 3588 {T-APM} πλειονας 4183 {A-APM-C} των 3588 {T-GPM} αδελφων 80 {N-GPM} εν 1722 {PREP} κυριω 2962 {N-DSM} πεποιθοτας 3982 {V-2RAP-APM} τοις 3588 {T-DPM} δεσμοις 1199 {N-DPM} μου 1473 {P-1GS} περισσοτερως 4057 {ADV-C} τολμαν 5111 {V-PAN} αφοβως 870 {ADV} τον 3588 {T-ASM} λογον 3056 {N-ASM} λαλειν 2980 {V-PAN}
1,15,τινες 5100 {X-NPM} μεν 3303 {PRT} και 2532 {CONJ} δια 1223 {PREP} φθονον 5355 {N-ASM} και 2532 {CONJ} εριν 2054 {N-ASF} τινες 5100 {X-NPM} δε 1161 {CONJ} και 2532 {CONJ} δι 1223 {PREP} ευδοκιαν 2107 {N-ASF} τον 3588 {T-ASM} χριστον 5547 {N-ASM} κηρυσσουσιν 2784 {V-PAI-3P}
1,16,οι 3588 {T-NPM} μεν 3303 {PRT} εξ 1537 {PREP} εριθειας 2052 {N-GSF} τον 3588 {T-ASM} χριστον 5547 {N-ASM} καταγγελλουσιν 2605 {V-PAI-3P} ουχ 3756 {PRT-N} αγνως 55 {ADV} οιομενοι 3633 {V-PNP-NPM} θλιψιν 2347 {N-ASF} επιφερειν 2018 {V-PAN} τοις 3588 {T-DPM} δεσμοις 1199 {N-DPM} μου 1473 {P-1GS}
1,17,οι 3588 {T-NPM} δε 1161 {CONJ} εξ 1537 {PREP} αγαπης 26 {N-GSF} ειδοτες 1492 {V-RAP-NPM} οτι 3754 {CONJ} εις 1519 {PREP} απολογιαν 627 {N-ASF} του 3588 {T-GSN} ευαγγελιου 2098 {N-GSN} κειμαι 2749 {V-PNI-1S}
1,18,τι 5101 {I-NSN} γαρ 1063 {CONJ} πλην 4133 {ADV} παντι 3956 {A-DSM} τροπω 5158 {N-DSM} ειτε 1535 {CONJ} προφασει 4392 {N-DSF} ειτε 1535 {CONJ} αληθεια 225 {N-DSF} χριστος 5547 {N-NSM} καταγγελλεται 2605 {V-PPI-3S} και 2532 {CONJ} εν 1722 {PREP} τουτω 3778 {D-DSN} χαιρω 5463 {V-PAI-1S} αλλα 235 {CONJ} και 2532 {CONJ} χαρησομαι 5463 {V-2FOI-1S}
1,19,οιδα 1492 {V-RAI-1S} γαρ 1063 {CONJ} οτι 3754 {CONJ} τουτο 3778 {D-NSN} μοι 1473 {P-1DS} αποβησεται 576 {V-FDI-3S} εις 1519 {PREP} σωτηριαν 4991 {N-ASF} δια 1223 {PREP} της 3588 {T-GSF} υμων 4771 {P-2GP} δεησεως 1162 {N-GSF} και 2532 {CONJ} επιχορηγιας 2024 {N-GSF} του 3588 {T-GSN} πνευματος 4151 {N-GSN} ιησου 2424 {N-GSM} χριστου 5547 {N-GSM}
1,20,κατα 2596 {PREP} την 3588 {T-ASF} αποκαραδοκιαν 603 {N-ASF} και 2532 {CONJ} ελπιδα 1680 {N-ASF} μου 1473 {P-1GS} οτι 3754 {CONJ} εν 1722 {PREP} ουδενι 3762 {A-DSN-N} αισχυνθησομαι 153 {V-FPI-1S} αλλ 235 {CONJ} εν 1722 {PREP} παση 3956 {A-DSF} παρρησια 3954 {N-DSF} ως 5613 {ADV} παντοτε 3842 {ADV} και 2532 {CONJ} νυν 3568 {ADV} μεγαλυνθησεται 3170 {V-FPI-3S} χριστος 5547 {N-NSM} εν 1722 {PREP} τω 3588 {T-DSN} σωματι 4983 {N-DSN} μου 1473 {P-1GS} ειτε 1535 {CONJ} δια 1223 {PREP} ζωης 2222 {N-GSF} ειτε 1535 {CONJ} δια 1223 {PREP} θανατου 2288 {N-GSM}
1,21,εμοι 1473 {P-1DS} γαρ 1063 {CONJ} το 3588 {T-NSN} ζην 2198 {V-PAN} χριστος 5547 {N-NSM} και 2532 {CONJ} το 3588 {T-NSN} αποθανειν 599 {V-2AAN} κερδος 2771 {N-NSN}
1,22,ει 1487 {COND} δε 1161 {CONJ} το 3588 {T-NSN} ζην 2198 {V-PAN} εν 1722 {PREP} σαρκι 4561 {N-DSF} τουτο 3778 {D-NSN} μοι 1473 {P-1DS} καρπος 2590 {N-NSM} εργου 2041 {N-GSN} και 2532 {CONJ} τι 5101 {I-ASN} αιρησομαι 138 {V-FMI-1S} ου 3756 {PRT-N} γνωριζω 1107 {V-PAI-1S}
1,23,συνεχομαι 4912 {V-PPI-1S} δε 1161 {CONJ} εκ 1537 {PREP} των 3588 {T-GPN} δυο 1417 {A-NUI} την 3588 {T-ASF} επιθυμιαν 1939 {N-ASF} εχων 2192 {V-PAP-NSM} εις 1519 {PREP} το 3588 {T-ASN} αναλυσαι 360 {V-AAN} και 2532 {CONJ} συν 4862 {PREP} χριστω 5547 {N-DSM} ειναι 1510 {V-PAN} πολλω 4183 {A-DSN} μαλλον 3123 {ADV} κρεισσον 2908 {A-NSN-C}
1,24,το 3588 {T-NSN} δε 1161 {CONJ} επιμενειν 1961 {V-PAN} εν 1722 {PREP} τη 3588 {T-DSF} σαρκι 4561 {N-DSF} αναγκαιοτερον 316 {A-NSN-C} δι 1223 {PREP} υμας 4771 {P-2AP}
1,25,και 2532 {CONJ} τουτο 3778 {D-ASN} πεποιθως 3982 {V-2RAP-NSM} οιδα 1492 {V-RAI-1S} οτι 3754 {CONJ} μενω 3306 {V-FAI-1S} και 2532 {CONJ} συμπαραμενω 4839 {V-FAI-1S} πασιν 3956 {A-DPM} υμιν 4771 {P-2DP} εις 1519 {PREP} την 3588 {T-ASF} υμων 4771 {P-2GP} προκοπην 4297 {N-ASF} και 2532 {CONJ} χαραν 5479 {N-ASF} της 3588 {T-GSF} πιστεως 4102 {N-GSF}
1,26,ινα 2443 {CONJ} το 3588 {T-NSN} καυχημα 2745 {N-NSN} υμων 4771 {P-2GP} περισσευη 4052 {V-PAS-3S} εν 1722 {PREP} χριστω 5547 {N-DSM} ιησου 2424 {N-DSM} εν 1722 {PREP} εμοι 1473 {P-1DS} δια 1223 {PREP} της 3588 {T-GSF} εμης 1699 {S-1SGSF} παρουσιας 3952 {N-GSF} παλιν 3825 {ADV} προς 4314 {PREP} υμας 4771 {P-2AP}
1,27,μονον 3440 {ADV} αξιως 516 {ADV} του 3588 {T-GSN} ευαγγελιου 2098 {N-GSN} του 3588 {T-GSM} χριστου 5547 {N-GSM} πολιτευεσθε 4176 {V-PNM-2P} ινα 2443 {CONJ} ειτε 1535 {CONJ} ελθων 2064 {V-2AAP-NSM} και 2532 {CONJ} ιδων 3708 {V-2AAP-NSM} υμας 4771 {P-2AP} ειτε 1535 {CONJ} απων 548 {V-PAP-NSM} ακουσω 191 {V-AAS-1S} τα 3588 {T-APN} περι 4012 {PREP} υμων 4771 {P-2GP} οτι 3754 {CONJ} στηκετε 4739 {V-PAI-2P} εν 1722 {PREP} ενι 1520 {A-DSN} πνευματι 4151 {N-DSN} μια 1520 {A-DSF} ψυχη 5590 {N-DSF} συναθλουντες 4866 {V-PAP-NPM} τη 3588 {T-DSF} πιστει 4102 {N-DSF} του 3588 {T-GSN} ευαγγελιου 2098 {N-GSN}
1,28,και 2532 {CONJ} μη 3361 {PRT-N} πτυρομενοι 4426 {V-PPP-NPM} εν 1722 {PREP} μηδενι 3367 {A-DSN-N} υπο 5259 {PREP} των 3588 {T-GPM} αντικειμενων 480 {V-PNP-GPM} ητις 3748 {R-NSF} αυτοις 846 {P-DPM} μεν 3303 {PRT} εστιν 1510 {V-PAI-3S} ενδειξις 1732 {N-NSF} απωλειας 684 {N-GSF} υμιν 4771 {P-2DP} δε 1161 {CONJ} σωτηριας 4991 {N-GSF} και 2532 {CONJ} τουτο 3778 {D-NSN} απο 575 {PREP} θεου 2316 {N-GSM}
1,29,οτι 3754 {CONJ} υμιν 4771 {P-2DP} εχαρισθη 5483 {V-API-3S} το 3588 {T-NSN} υπερ 5228 {PREP} χριστου 5547 {N-GSM} ου 3756 {PRT-N} μονον 3440 {ADV} το 3588 {T-NSN} εις 1519 {PREP} αυτον 846 {P-ASM} πιστευειν 4100 {V-PAN} αλλα 235 {CONJ} και 2532 {CONJ} το 3588 {T-NSN} υπερ 5228 {PREP} αυτου 846 {P-GSM} πασχειν 3958 {V-PAN}
1,30,τον 3588 {T-ASM} αυτον 846 {P-ASM} αγωνα 73 {N-ASM} εχοντες 2192 {V-PAP-NPM} οιον 3634 {K-ASM} ειδετε 3708 {V-2AAI-2P} εν 1722 {PREP} εμοι 1473 {P-1DS} και 2532 {CONJ} νυν 3568 {ADV} ακουετε 191 {V-PAI-2P} εν 1722 {PREP} εμοι 1473 {P-1DS}
2,1,ει 1487 {COND} τις 5100 {X-NSF} ουν 3767 {CONJ} παρακλησις 3874 {N-NSF} εν 1722 {PREP} χριστω 5547 {N-DSM} ει 1487 {COND} τι 5100 {X-NSN} παραμυθιον 3890 {N-NSN} αγαπης 26 {N-GSF} ει 1487 {COND} τις 5100 {X-NSF} κοινωνια 2842 {N-NSF} πνευματος 4151 {N-GSN} ει 1487 {COND} τις 5100 {X-NSM} σπλαγχνα 4698 {N-NPN} και 2532 {CONJ} οικτιρμοι 3628 {N-NPM}
2,2,πληρωσατε 4137 {V-AAM-2P} μου 1473 {P-1GS} την 3588 {T-ASF} χαραν 5479 {N-ASF} ινα 2443 {CONJ} το 3588 {T-ASN} αυτο 846 {P-ASN} φρονητε 5426 {V-PAS-2P} την 3588 {T-ASF} αυτην 846 {P-ASF} αγαπην 26 {N-ASF} εχοντες 2192 {V-PAP-NPM} συμψυχοι 4861 {A-NPM} το 3588 {T-ASN} εν 1520 {A-ASN} φρονουντες 5426 {V-PAP-NPM}
2,3,μηδεν 3367 {A-ASN-N} κατα 2596 {PREP} εριθειαν 2052 {N-ASF} η 2228 {PRT} κενοδοξιαν 2754 {N-ASF} αλλα 235 {CONJ} τη 3588 {T-DSF} ταπεινοφροσυνη 5012 {N-DSF} αλληλους 240 {C-APM} ηγουμενοι 2233 {V-PNP-NPM} υπερεχοντας 5242 {V-PAP-APM} εαυτων 1438 {F-2GPM}
2,4,μη 3361 {PRT-N} τα 3588 {T-APN} εαυτων 1438 {F-2GPM} εκαστος 1538 {A-NSM} σκοπειτε 4648 {V-PAM-2P} αλλα 235 {CONJ} και 2532 {CONJ} τα 3588 {T-APN} ετερων 2087 {A-GPM} εκαστος 1538 {A-NSM}
2,5,τουτο 3778 {D-NSN} γαρ 1063 {CONJ} φρονεισθω 5426 {V-PPM-3S} εν 1722 {PREP} υμιν 4771 {P-2DP} ο 3739 {R-NSN} και 2532 {CONJ} εν 1722 {PREP} χριστω 5547 {N-DSM} ιησου 2424 {N-DSM}
2,6,ος 3739 {R-NSM} εν 1722 {PREP} μορφη 3444 {N-DSF} θεου 2316 {N-GSM} υπαρχων 5225 {V-PAP-NSM} ουχ 3756 {PRT-N} αρπαγμον 725 {N-ASM} ηγησατο 2233 {V-ADI-3S} το 3588 {T-ASN} ειναι 1510 {V-PAN} ισα 2470 {A-APN} θεω 2316 {N-DSM}
2,7,αλλ 235 {CONJ} εαυτον 1438 {F-3ASM} εκενωσεν 2758 {V-AAI-3S} μορφην 3444 {N-ASF} δουλου 1401 {N-GSM} λαβων 2983 {V-2AAP-NSM} εν 1722 {PREP} ομοιωματι 3667 {N-DSN} ανθρωπων 444 {N-GPM} γενομενος 1096 {V-2ADP-NSM}
2,8,και 2532 {CONJ} σχηματι 4976 {N-DSN} ευρεθεις 2147 {V-APP-NSM} ως 5613 {ADV} ανθρωπος 444 {N-NSM} εταπεινωσεν 5013 {V-AAI-3S} εαυτον 1438 {F-3ASM} γενομενος 1096 {V-2ADP-NSM} υπηκοος 5255 {A-NSM} μεχρι 3360 {ADV} θανατου 2288 {N-GSM} θανατου 2288 {N-GSM} δε 1161 {CONJ} σταυρου 4716 {N-GSM}
2,9,διο 1352 {CONJ} και 2532 {CONJ} ο 3588 {T-NSM} θεος 2316 {N-NSM} αυτον 846 {P-ASM} υπερυψωσεν 5251 {V-AAI-3S} και 2532 {CONJ} εχαρισατο 5483 {V-ADI-3S} αυτω 846 {P-DSM} ονομα 3686 {N-ASN} το 3588 {T-ASN} υπερ 5228 {PREP} παν 3956 {A-ASN} ονομα 3686 {N-ASN}
2,10,ινα 2443 {CONJ} εν 1722 {PREP} τω 3588 {T-DSN} ονοματι 3686 {N-DSN} ιησου 2424 {N-GSM} παν 3956 {A-NSN} γονυ 1119 {N-NSN} καμψη 2578 {V-AAS-3S} επουρανιων 2032 {A-GPM} και 2532 {CONJ} επιγειων 1919 {A-GPM} και 2532 {CONJ} καταχθονιων 2709 {A-GPM}
2,11,και 2532 {CONJ} πασα 3956 {A-NSF} γλωσσα 1100 {N-NSF} εξομολογησηται 1843 {V-AMS-3S} οτι 3754 {CONJ} κυριος 2962 {N-NSM} ιησους 2424 {N-NSM} χριστος 5547 {N-NSM} εις 1519 {PREP} δοξαν 1391 {N-ASF} θεου 2316 {N-GSM} πατρος 3962 {N-GSM}
2,12,ωστε 5620 {CONJ} αγαπητοι 27 {A-VPM} μου 1473 {P-1GS} καθως 2531 {ADV} παντοτε 3842 {ADV} υπηκουσατε 5219 {V-AAI-2P} μη 3361 {PRT-N} ως 5613 {ADV} εν 1722 {PREP} τη 3588 {T-DSF} παρουσια 3952 {N-DSF} μου 1473 {P-1GS} μονον 3440 {ADV} αλλα 235 {CONJ} νυν 3568 {ADV} πολλω 4183 {A-DSN} μαλλον 3123 {ADV} εν 1722 {PREP} τη 3588 {T-DSF} απουσια 666 {N-DSF} μου 1473 {P-1GS} μετα 3326 {PREP} φοβου 5401 {N-GSM} και 2532 {CONJ} τρομου 5156 {N-GSM} την 3588 {T-ASF} εαυτων 1438 {F-2GPM} σωτηριαν 4991 {N-ASF} κατεργαζεσθε 2716 {V-PNM-2P}
2,13,ο 3588 {T-NSM} θεος 2316 {N-NSM} γαρ 1063 {CONJ} εστιν 1510 {V-PAI-3S} ο 3588 {T-NSM} ενεργων 1754 {V-PAP-NSM} εν 1722 {PREP} υμιν 4771 {P-2DP} και 2532 {CONJ} το 3588 {T-ASN} θελειν 2309 {V-PAN} και 2532 {CONJ} το 3588 {T-ASN} ενεργειν 1754 {V-PAN} υπερ 5228 {PREP} της 3588 {T-GSF} ευδοκιας 2107 {N-GSF}
2,14,παντα 3956 {A-APN} ποιειτε 4160 {V-PAM-2P} χωρις 5565 {ADV} γογγυσμων 1112 {N-GPM} και 2532 {CONJ} διαλογισμων 1261 {N-GPM}
2,15,ινα 2443 {CONJ} γενησθε 1096 {V-2ADS-2P} αμεμπτοι 273 {A-NPM} και 2532 {CONJ} ακεραιοι 185 {A-NPM} τεκνα 5043 {N-NPN} θεου 2316 {N-GSM} αμωμητα 298 {A-NPN} εν 1722 {PREP} μεσω 3319 {A-DSN} γενεας 1074 {N-GSF} σκολιας 4646 {A-GSF} και 2532 {CONJ} διεστραμμενης 1294 {V-RPP-GSF} εν 1722 {PREP} οις 3739 {R-DPM} φαινεσθε 5316 {V-PPI-2P} ως 5613 {ADV} φωστηρες 5458 {N-NPM} εν 1722 {PREP} κοσμω 2889 {N-DSM}
2,16,λογον 3056 {N-ASM} ζωης 2222 {N-GSF} επεχοντες 1907 {V-PAP-NPM} εις 1519 {PREP} καυχημα 2745 {N-ASN} εμοι 1473 {P-1DS} εις 1519 {PREP} ημεραν 2250 {N-ASF} χριστου 5547 {N-GSM} οτι 3754 {CONJ} ουκ 3756 {PRT-N} εις 1519 {PREP} κενον 2756 {A-ASN} εδραμον 5143 {V-2AAI-1S} ουδε 3761 {CONJ-N} εις 1519 {PREP} κενον 2756 {A-ASN} εκοπιασα 2872 {V-AAI-1S}
2,17,αλλ 235 {CONJ} ει 1487 {COND} και 2532 {CONJ} σπενδομαι 4689 {V-PPI-1S} επι 1909 {PREP} τη 3588 {T-DSF} θυσια 2378 {N-DSF} και 2532 {CONJ} λειτουργια 3009 {N-DSF} της 3588 {T-GSF} πιστεως 4102 {N-GSF} υμων 4771 {P-2GP} χαιρω 5463 {V-PAI-1S} και 2532 {CONJ} συγχαιρω 4796 {V-PAI-1S} πασιν 3956 {A-DPM} υμιν 4771 {P-2DP}
2,18,το 3588 {T-ASN} δ 1161 {CONJ} αυτο 846 {P-ASN} και 2532 {CONJ} υμεις 4771 {P-2NP} χαιρετε 5463 {V-PAM-2P} και 2532 {CONJ} συγχαιρετε 4796 {V-PAM-2P} μοι 1473 {P-1DS}
2,19,ελπιζω 1679 {V-PAI-1S} δε 1161 {CONJ} εν 1722 {PREP} κυριω 2962 {N-DSM} ιησου 2424 {N-DSM} τιμοθεον 5095 {N-ASM} ταχεως 5030 {ADV} πεμψαι 3992 {V-AAN} υμιν 4771 {P-2DP} ινα 2443 {CONJ} καγω 2504 {P-1NS-K} ευψυχω 2174 {V-PAS-1S} γνους 1097 {V-2AAP-NSM} τα 3588 {T-APN} περι 4012 {PREP} υμων 4771 {P-2GP}
2,20,ουδενα 3762 {A-ASM-N} γαρ 1063 {CONJ} εχω 2192 {V-PAI-1S} ισοψυχον 2473 {A-ASM} οστις 3748 {R-NSM} γνησιως 1104 {ADV} τα 3588 {T-APN} περι 4012 {PREP} υμων 4771 {P-2GP} μεριμνησει 3309 {V-FAI-3S}
2,21,οι 3588 {T-NPM} παντες 3956 {A-NPM} γαρ 1063 {CONJ} τα 3588 {T-APN} εαυτων 1438 {F-3GPM} ζητουσιν 2212 {V-PAI-3P} ου 3756 {PRT-N} τα 3588 {T-APN} χριστου 5547 {N-GSM} ιησου 2424 {N-GSM}
2,22,την 3588 {T-ASF} δε 1161 {CONJ} δοκιμην 1382 {N-ASF} αυτου 846 {P-GSM} γινωσκετε 1097 {V-PAI-2P} οτι 3754 {CONJ} ως 5613 {ADV} πατρι 3962 {N-DSM} τεκνον 5043 {N-NSN} συν 4862 {PREP} εμοι 1473 {P-1DS} εδουλευσεν 1398 {V-AAI-3S} εις 1519 {PREP} το 3588 {T-ASN} ευαγγελιον 2098 {N-ASN}
2,23,τουτον 3778 {D-ASM} μεν 3303 {PRT} ουν 3767 {CONJ} ελπιζω 1679 {V-PAI-1S} πεμψαι 3992 {V-AAN} ως 5613 {ADV} αν 302 {PRT} απιδω 872 {V-2AAS-1S} τα 3588 {T-APN} περι 4012 {PREP} εμε 1473 {P-1AS} εξαυτης 1824 {ADV}
2,24,πεποιθα 3982 {V-2RAI-1S} δε 1161 {CONJ} εν 1722 {PREP} κυριω 2962 {N-DSM} οτι 3754 {CONJ} και 2532 {CONJ} αυτος 846 {P-NSM} ταχεως 5030 {ADV} ελευσομαι 2064 {V-FDI-1S}
2,25,αναγκαιον 316 {A-ASN} δε 1161 {CONJ} ηγησαμην 2233 {V-ADI-1S} επαφροδιτον 1891 {N-ASM} τον 3588 {T-ASM} αδελφον 80 {N-ASM} και 2532 {CONJ} συνεργον 4904 {A-ASM} και 2532 {CONJ} συστρατιωτην 4961 {N-ASM} μου 1473 {P-1GS} υμων 4771 {P-2GP} δε 1161 {CONJ} αποστολον 652 {N-ASM} και 2532 {CONJ} λειτουργον 3011 {N-ASM} της 3588 {T-GSF} χρειας 5532 {N-GSF} μου 1473 {P-1GS} πεμψαι 3992 {V-AAN} προς 4314 {PREP} υμας 4771 {P-2AP}
2,26,επειδη 1894 {CONJ} επιποθων 1971 {V-PAP-NSM} ην 1510 {V-IAI-3S} παντας 3956 {A-APM} υμας 4771 {P-2AP} και 2532 {CONJ} αδημονων 85 {V-PAP-NSM} διοτι 1360 {CONJ} ηκουσατε 191 {V-AAI-2P} οτι 3754 {CONJ} ησθενησεν 770 {V-AAI-3S}
2,27,και 2532 {CONJ} γαρ 1063 {CONJ} ησθενησεν 770 {V-AAI-3S} παραπλησιον 3897 {ADV} θανατω 2288 {N-DSM} αλλα 235 {CONJ} ο 3588 {T-NSM} θεος 2316 {N-NSM} αυτον 846 {P-ASM} ηλεησεν 1653 {V-AAI-3S} ουκ 3756 {PRT-N} αυτον 846 {P-ASM} δε 1161 {CONJ} μονον 3441 {A-ASM} αλλα 235 {CONJ} και 2532 {CONJ} εμε 1473 {P-1AS} ινα 2443 {CONJ} μη 3361 {PRT-N} λυπην 3077 {N-ASF} επι 1909 {PREP} λυπην 3077 {N-ASF} σχω 2192 {V-2AAS-1S}
2,28,σπουδαιοτερως 4708 {ADV-C} ουν 3767 {CONJ} επεμψα 3992 {V-AAI-1S} αυτον 846 {P-ASM} ινα 2443 {CONJ} ιδοντες 3708 {V-2AAP-NPM} αυτον 846 {P-ASM} παλιν 3825 {ADV} χαρητε 5463 {V-2AOS-2P} καγω 2504 {P-1NS-K} αλυποτερος 253 {A-NSM-C} ω 1510 {V-PAS-1S}
2,29,προσδεχεσθε 4327 {V-PNM-2P} ουν 3767 {CONJ} αυτον 846 {P-ASM} εν 1722 {PREP} κυριω 2962 {N-DSM} μετα 3326 {PREP} πασης 3956 {A-GSF} χαρας 5479 {N-GSF} και 2532 {CONJ} τους 3588 {T-APM} τοιουτους 5108 {D-APM} εντιμους 1784 {A-APM} εχετε 2192 {V-PAM-2P}
2,30,οτι 3754 {CONJ} δια 1223 {PREP} το 3588 {T-ASN} εργον 2041 {N-ASN} του 3588 {T-GSM} χριστου 5547 {N-GSM} μεχρι 3360 {ADV} θανατου 2288 {N-GSM} ηγγισεν 1448 {V-AAI-3S} παραβουλευσαμενος 3851 {V-ADP-NSM} τη 3588 {T-DSF} ψυχη 5590 {N-DSF} ινα 2443 {CONJ} αναπληρωση 378 {V-AAS-3S} το 3588 {T-ASN} υμων 4771 {P-2GP} υστερημα 5303 {N-ASN} της 3588 {T-GSF} προς 4314 {PREP} με 1473 {P-1AS} λειτουργιας 3009 {N-GSF}
3,1,το 3588 {T-ASN} λοιπον 3062 {A-ASN} αδελφοι 80 {N-VPM} μου 1473 {P-1GS} χαιρετε 5463 {V-PAM-2P} εν 1722 {PREP} κυριω 2962 {N-DSM} τα 3588 {T-APN} αυτα 846 {P-APN} γραφειν 1125 {V-PAN} υμιν 4771 {P-2DP} εμοι 1473 {P-1DS} μεν 3303 {PRT} ουκ 3756 {PRT-N} οκνηρον 3636 {A-NSN} υμιν 4771 {P-2DP} δε 1161 {CONJ} ασφαλες 804 {A-NSN}
3,2,βλεπετε 991 {V-PAM-2P} τους 3588 {T-APM} κυνας 2965 {N-APM} βλεπετε 991 {V-PAM-2P} τους 3588 {T-APM} κακους 2556 {A-APM} εργατας 2040 {N-APM} βλεπετε 991 {V-PAM-2P} την 3588 {T-ASF} κατατομην 2699 {N-ASF}
3,3,ημεις 1473 {P-1NP} γαρ 1063 {CONJ} εσμεν 1510 {V-PAI-1P} η 3588 {T-NSF} περιτομη 4061 {N-NSF} οι 3588 {T-NPM} πνευματι 4151 {N-DSN} θεου 2316 {N-GSM} λατρευοντες 3000 {V-PAP-NPM} και 2532 {CONJ} καυχωμενοι 2744 {V-PNP-NPM} εν 1722 {PREP} χριστω 5547 {N-DSM} ιησου 2424 {N-DSM} και 2532 {CONJ} ουκ 3756 {PRT-N} εν 1722 {PREP} σαρκι 4561 {N-DSF} πεποιθοτες 3982 {V-2RAP-NPM}
3,4,καιπερ 2539 {CONJ} εγω 1473 {P-1NS} εχων 2192 {V-PAP-NSM} πεποιθησιν 4006 {N-ASF} και 2532 {CONJ} εν 1722 {PREP} σαρκι 4561 {N-DSF} ει 1487 {COND} τις 5100 {X-NSM} δοκει 1380 {V-PAI-3S} αλλος 243 {A-NSM} πεποιθεναι 3982 {V-2RAN} εν 1722 {PREP} σαρκι 4561 {N-DSF} εγω 1473 {P-1NS} μαλλον 3123 {ADV}
3,5,περιτομη 4061 {N-NSF} οκταημερος 3637 {A-NSM} εκ 1537 {PREP} γενους 1085 {N-GSN} ισραηλ 2474 {N-PRI} φυλης 5443 {N-GSF} βενιαμιν 958 {N-PRI} εβραιος 1445 {A-NSM} εξ 1537 {PREP} εβραιων 1445 {A-GPM} κατα 2596 {PREP} νομον 3551 {N-ASM} φαρισαιος 5330 {N-NSM}
3,6,κατα 2596 {PREP} ζηλον 2205 {N-ASM} διωκων 1377 {V-PAP-NSM} την 3588 {T-ASF} εκκλησιαν 1577 {N-ASF} κατα 2596 {PREP} δικαιοσυνην 1343 {N-ASF} την 3588 {T-ASF} εν 1722 {PREP} νομω 3551 {N-DSM} γενομενος 1096 {V-2ADP-NSM} αμεμπτος 273 {A-NSM}
3,7,αλλ 235 {CONJ} ατινα 3748 {R-NPN} ην 1510 {V-IAI-3S} μοι 1473 {P-1DS} κερδη 2771 {N-NPN} ταυτα 3778 {D-APN} ηγημαι 2233 {V-RNI-1S} δια 1223 {PREP} τον 3588 {T-ASM} χριστον 5547 {N-ASM} ζημιαν 2209 {N-ASF}
3,8,αλλα 235 {CONJ} μεν 3303 {PRT} ουν 3767 {CONJ} και 2532 {CONJ} ηγουμαι 2233 {V-PNI-1S} παντα 3956 {A-APN} ζημιαν 2209 {N-ASF} ειναι 1510 {V-PAN} δια 1223 {PREP} το 3588 {T-ASN} υπερεχον 5242 {V-PAP-ASN} της 3588 {T-GSF} γνωσεως 1108 {N-GSF} χριστου 5547 {N-GSM} ιησου 2424 {N-GSM} του 3588 {T-GSM} κυριου 2962 {N-GSM} μου 1473 {P-1GS} δι 1223 {PREP} ον 3739 {R-ASM} τα 3588 {T-APN} παντα 3956 {A-APN} εζημιωθην 2210 {V-API-1S} και 2532 {CONJ} ηγουμαι 2233 {V-PNI-1S} σκυβαλα 4657 {N-APN} ειναι 1510 {V-PAN} ινα 2443 {CONJ} χριστον 5547 {N-ASM} κερδησω 2770 {V-AAS-1S}
3,9,και 2532 {CONJ} ευρεθω 2147 {V-APS-1S} εν 1722 {PREP} αυτω 846 {P-DSM} μη 3361 {PRT-N} εχων 2192 {V-PAP-NSM} εμην 1699 {S-1SASF} δικαιοσυνην 1343 {N-ASF} την 3588 {T-ASF} εκ 1537 {PREP} νομου 3551 {N-GSM} αλλα 235 {CONJ} την 3588 {T-ASF} δια 1223 {PREP} πιστεως 4102 {N-GSF} χριστου 5547 {N-GSM} την 3588 {T-ASF} εκ 1537 {PREP} θεου 2316 {N-GSM} δικαιοσυνην 1343 {N-ASF} επι 1909 {PREP} τη 3588 {T-DSF} πιστει 4102 {N-DSF}
3,10,του 3588 {T-GSN} γνωναι 1097 {V-2AAN} αυτον 846 {P-ASM} και 2532 {CONJ} την 3588 {T-ASF} δυναμιν 1411 {N-ASF} της 3588 {T-GSF} αναστασεως 386 {N-GSF} αυτου 846 {P-GSM} και 2532 {CONJ} την 3588 {T-ASF} κοινωνιαν 2842 {N-ASF} των 3588 {T-GPN} παθηματων 3804 {N-GPN} αυτου 846 {P-GSM} συμμορφουμενος 4833 {V-PPP-NSM} τω 3588 {T-DSM} θανατω 2288 {N-DSM} αυτου 846 {P-GSM}
3,11,ει 1487 {COND} πως 4459 {ADV-I} καταντησω 2658 {V-AAS-1S} εις 1519 {PREP} την 3588 {T-ASF} εξαναστασιν 1815 {N-ASF} των 3588 {T-GPM} νεκρων 3498 {A-GPM}
3,12,ουχ 3756 {PRT-N} οτι 3754 {CONJ} ηδη 2235 {ADV} ελαβον 2983 {V-2AAI-1S} η 2228 {PRT} ηδη 2235 {ADV} τετελειωμαι 5048 {V-RPI-1S} διωκω 1377 {V-PAI-1S} δε 1161 {CONJ} ει 1487 {COND} και 2532 {CONJ} καταλαβω 2638 {V-2AAS-1S} εφ 1909 {PREP} ω 3739 {R-DSN} και 2532 {CONJ} κατεληφθην 2638 {V-API-1S} υπο 5259 {PREP} του 3588 {T-GSM} χριστου 5547 {N-GSM} ιησου 2424 {N-GSM}
3,13,αδελφοι 80 {N-VPM} εγω 1473 {P-1NS} εμαυτον 1683 {F-1ASM} ου 3756 {PRT-N} λογιζομαι 3049 {V-PNI-1S} κατειληφεναι 2638 {V-2RAN} εν 1520 {A-ASN} δε 1161 {CONJ} τα 3588 {T-APN} μεν 3303 {PRT} οπισω 3694 {ADV} επιλανθανομενος 1950 {V-PNP-NSM} τοις 3588 {T-DPN} δε 1161 {CONJ} εμπροσθεν 1715 {ADV} επεκτεινομενος 1901 {V-PNP-NSM}
3,14,κατα 2596 {PREP} σκοπον 4649 {N-ASM} διωκω 1377 {V-PAI-1S} επι 1909 {PREP} το 3588 {T-ASN} βραβειον 1017 {N-ASN} της 3588 {T-GSF} ανω 507 {ADV} κλησεως 2821 {N-GSF} του 3588 {T-GSM} θεου 2316 {N-GSM} εν 1722 {PREP} χριστω 5547 {N-DSM} ιησου 2424 {N-DSM}
3,15,οσοι 3745 {K-NPM} ουν 3767 {CONJ} τελειοι 5046 {A-NPM} τουτο 3778 {D-ASN} φρονωμεν 5426 {V-PAS-1P} και 2532 {CONJ} ει 1487 {COND} τι 5100 {X-ASN} ετερως 2088 {ADV} φρονειτε 5426 {V-PAI-2P} και 2532 {CONJ} τουτο 3778 {D-ASN} ο 3588 {T-NSM} θεος 2316 {N-NSM} υμιν 4771 {P-2DP} αποκαλυψει 601 {V-FAI-3S}
3,16,πλην 4133 {ADV} εις 1519 {PREP} ο 3739 {R-ASN} εφθασαμεν 5348 {V-AAI-1P} τω 3588 {T-DSM} αυτω 846 {P-DSM} στοιχειν 4748 {V-PAN} κανονι 2583 {N-DSM} το 3588 {T-ASN} αυτο 846 {P-ASN} φρονειν 5426 {V-PAN}
3,17,συμμιμηται 4831 {N-NPM} μου 1473 {P-1GS} γινεσθε 1096 {V-PNM-2P} αδελφοι 80 {N-VPM} και 2532 {CONJ} σκοπειτε 4648 {V-PAM-2P} τους 3588 {T-APM} ουτως 3779 {ADV} περιπατουντας 4043 {V-PAP-APM} καθως 2531 {ADV} εχετε 2192 {V-PAI-2P} τυπον 5179 {N-ASM} ημας 1473 {P-1AP}
3,18,πολλοι 4183 {A-NPM} γαρ 1063 {CONJ} περιπατουσιν 4043 {V-PAI-3P} ους 3739 {R-APM} πολλακις 4178 {ADV} ελεγον 3004 {V-IAI-1S} υμιν 4771 {P-2DP} νυν 3568 {ADV} δε 1161 {CONJ} και 2532 {CONJ} κλαιων 2799 {V-PAP-NSM} λεγω 3004 {V-PAI-1S} τους 3588 {T-APM} εχθρους 2190 {A-APM} του 3588 {T-GSM} σταυρου 4716 {N-GSM} του 3588 {T-GSM} χριστου 5547 {N-GSM}
3,19,ων 3739 {R-GPM} το 3588 {T-NSN} τελος 5056 {N-NSN} απωλεια 684 {N-NSF} ων 3739 {R-GPM} ο 3588 {T-NSM} θεος 2316 {N-NSM} η 3588 {T-NSF} κοιλια 2836 {N-NSF} και 2532 {CONJ} η 3588 {T-NSF} δοξα 1391 {N-NSF} εν 1722 {PREP} τη 3588 {T-DSF} αισχυνη 152 {N-DSF} αυτων 846 {P-GPM} οι 3588 {T-NPM} τα 3588 {T-APN} επιγεια 1919 {A-APN} φρονουντες 5426 {V-PAP-NPM}
3,20,ημων 1473 {P-1GP} γαρ 1063 {CONJ} το 3588 {T-NSN} πολιτευμα 4175 {N-NSN} εν 1722 {PREP} ουρανοις 3772 {N-DPM} υπαρχει 5225 {V-PAI-3S} εξ 1537 {PREP} ου 3739 {R-GSM} και 2532 {CONJ} σωτηρα 4990 {N-ASM} απεκδεχομεθα 553 {V-PNI-1P} κυριον 2962 {N-ASM} ιησουν 2424 {N-ASM} χριστον 5547 {N-ASM}
3,21,ος 3739 {R-NSM} μετασχηματισει 3345 {V-FAI-3S} το 3588 {T-ASN} σωμα 4983 {N-ASN} της 3588 {T-GSF} ταπεινωσεως 5014 {N-GSF} ημων 1473 {P-1GP} εις 1519 {PREP} το 3588 {T-ASN} γενεσθαι 1096 {V-2ADN} αυτο 846 {P-ASN} συμμορφον 4832 {A-ASN} τω 3588 {T-DSN} σωματι 4983 {N-DSN} της 3588 {T-GSF} δοξης 1391 {N-GSF} αυτου 846 {P-GSM} κατα 2596 {PREP} την 3588 {T-ASF} ενεργειαν 1753 {N-ASF} του 3588 {T-GSN} δυνασθαι 1410 {V-PNN} αυτον 846 {P-ASM} και 2532 {CONJ} υποταξαι 5293 {V-AAN} εαυτω 1438 {F-3DSM} τα 3588 {T-APN} παντα 3956 {A-APN}
4,1,ωστε 5620 {CONJ} αδελφοι 80 {N-VPM} μου 1473 {P-1GS} αγαπητοι 27 {A-VPM} και 2532 {CONJ} επιποθητοι 1973 {A-VPM} χαρα 5479 {N-NSF} και 2532 {CONJ} στεφανος 4735 {N-NSM} μου 1473 {P-1GS} ουτως 3779 {ADV} στηκετε 4739 {V-PAM-2P} εν 1722 {PREP} κυριω 2962 {N-DSM} αγαπητοι 27 {A-VPM}
4,2,ευοδιαν 2136 {N-ASF} παρακαλω 3870 {V-PAI-1S} και 2532 {CONJ} συντυχην 4941 {N-ASF} παρακαλω 3870 {V-PAI-1S} το 3588 {T-ASN} αυτο 846 {P-ASN} φρονειν 5426 {V-PAN} εν 1722 {PREP} κυριω 2962 {N-DSM}
4,3,ναι 3483 {PRT} ερωτω 2065 {V-PAI-1S} και 2532 {CONJ} σε 4771 {P-2AS} συζυγε 4805 {A-VSM} γνησιε 1103 {A-VSM} συλλαμβανου 4815 {V-PMM-2S} αυταις 846 {P-DPF} αιτινες 3748 {R-NPF} εν 1722 {PREP} τω 3588 {T-DSN} ευαγγελιω 2098 {N-DSN} συνηθλησαν 4866 {V-AAI-3P} μοι 1473 {P-1DS} μετα 3326 {PREP} και 2532 {CONJ} κλημεντος 2815 {N-GSM} και 2532 {CONJ} των 3588 {T-GPM} λοιπων 3062 {A-GPM} συνεργων 4904 {A-GPM} μου 1473 {P-1GS} ων 3739 {R-GPM} τα 3588 {T-NPN} ονοματα 3686 {N-NPN} εν 1722 {PREP} βιβλω 976 {N-DSF} ζωης 2222 {N-GSF}
4,4,χαιρετε 5463 {V-PAM-2P} εν 1722 {PREP} κυριω 2962 {N-DSM} παντοτε 3842 {ADV} παλιν 3825 {ADV} ερω 2046 {V-FAI-1S} χαιρετε 5463 {V-PAM-2P}
4,5,το 3588 {T-NSN} επιεικες 1933 {A-NSN} υμων 4771 {P-2GP} γνωσθητω 1097 {V-APM-3S} πασιν 3956 {A-DPM} ανθρωποις 444 {N-DPM} ο 3588 {T-NSM} κυριος 2962 {N-NSM} εγγυς 1451 {ADV}
4,6,μηδεν 3367 {A-ASN-N} μεριμνατε 3309 {V-PAM-2P} αλλ 235 {CONJ} εν 1722 {PREP} παντι 3956 {A-DSN} τη 3588 {T-DSF} προσευχη 4335 {N-DSF} και 2532 {CONJ} τη 3588 {T-DSF} δεησει 1162 {N-DSF} μετα 3326 {PREP} ευχαριστιας 2169 {N-GSF} τα 3588 {T-NPN} αιτηματα 155 {N-NPN} υμων 4771 {P-2GP} γνωριζεσθω 1107 {V-PPM-3S} προς 4314 {PREP} τον 3588 {T-ASM} θεον 2316 {N-ASM}
4,7,και 2532 {CONJ} η 3588 {T-NSF} ειρηνη 1515 {N-NSF} του 3588 {T-GSM} θεου 2316 {N-GSM} η 3588 {T-NSF} υπερεχουσα 5242 {V-PAP-NSF} παντα 3956 {A-ASM} νουν 3563 {N-ASM} φρουρησει 5432 {V-FAI-3S} τας 3588 {T-APF} καρδιας 2588 {N-APF} υμων 4771 {P-2GP} και 2532 {CONJ} τα 3588 {T-APN} νοηματα 3540 {N-APN} υμων 4771 {P-2GP} εν 1722 {PREP} χριστω 5547 {N-DSM} ιησου 2424 {N-DSM}
4,8,το 3588 {T-ASN} λοιπον 3062 {A-ASN} αδελφοι 80 {N-VPM} οσα 3745 {K-NPN} εστιν 1510 {V-PAI-3S} αληθη 227 {A-NPN} οσα 3745 {K-NPN} σεμνα 4586 {A-NPN} οσα 3745 {K-NPN} δικαια 1342 {A-NPN} οσα 3745 {K-NPN} αγνα 53 {A-NPN} οσα 3745 {K-NPN} προσφιλη 4375 {A-NPN} οσα 3745 {K-NPN} ευφημα 2163 {A-NPN} ει 1487 {COND} τις 5100 {X-NSF} αρετη 703 {N-NSF} και 2532 {CONJ} ει 1487 {COND} τις 5100 {X-NSM} επαινος 1868 {N-NSM} ταυτα 3778 {D-APN} λογιζεσθε 3049 {V-PNM-2P}
4,9,α 3739 {R-APN} και 2532 {CONJ} εμαθετε 3129 {V-2AAI-2P} και 2532 {CONJ} παρελαβετε 3880 {V-2AAI-2P} και 2532 {CONJ} ηκουσατε 191 {V-AAI-2P} και 2532 {CONJ} ειδετε 3708 {V-2AAI-2P} εν 1722 {PREP} εμοι 1473 {P-1DS} ταυτα 3778 {D-APN} πρασσετε 4238 {V-PAM-2P} και 2532 {CONJ} ο 3588 {T-NSM} θεος 2316 {N-NSM} της 3588 {T-GSF} ειρηνης 1515 {N-GSF} εσται 1510 {V-FDI-3S} μεθ 3326 {PREP} υμων 4771 {P-2GP}
4,10,εχαρην 5463 {V-2AOI-1S} δε 1161 {CONJ} εν 1722 {PREP} κυριω 2962 {N-DSM} μεγαλως 3171 {ADV} οτι 3754 {CONJ} ηδη 2235 {ADV} ποτε 4218 {PRT} ανεθαλετε 330 {V-2AAI-2P} το 3588 {T-ASN} υπερ 5228 {PREP} εμου 1473 {P-1GS} φρονειν 5426 {V-PAN} εφ 1909 {PREP} ω 3739 {R-DSN} και 2532 {CONJ} εφρονειτε 5426 {V-IAI-2P} ηκαιρεισθε 170 {V-INI-2P} δε 1161 {CONJ}
4,11,ουχ 3756 {PRT-N} οτι 3754 {CONJ} καθ 2596 {PREP} υστερησιν 5304 {N-ASF} λεγω 3004 {V-PAI-1S} εγω 1473 {P-1NS} γαρ 1063 {CONJ} εμαθον 3129 {V-2AAI-1S} εν 1722 {PREP} οις 3739 {R-DPN} ειμι 1510 {V-PAI-1S} αυταρκης 842 {A-NSM} ειναι 1510 {V-PAN}
4,12,οιδα 1492 {V-RAI-1S} και 2532 {CONJ} ταπεινουσθαι 5013 {V-PPN} οιδα 1492 {V-RAI-1S} και 2532 {CONJ} περισσευειν 4052 {V-PAN} εν 1722 {PREP} παντι 3956 {A-DSN} και 2532 {CONJ} εν 1722 {PREP} πασιν 3956 {A-DPN} μεμυημαι 3453 {V-RPI-1S} και 2532 {CONJ} χορταζεσθαι 5526 {V-PPN} και 2532 {CONJ} πειναν 3983 {V-PAN} και 2532 {CONJ} περισσευειν 4052 {V-PAN} και 2532 {CONJ} υστερεισθαι 5302 {V-PPN}
4,13,παντα 3956 {A-APN} ισχυω 2480 {V-PAI-1S} εν 1722 {PREP} τω 3588 {T-DSM} ενδυναμουντι 1743 {V-PAP-DSM} με 1473 {P-1AS} χριστω 5547 {N-DSM}
4,14,πλην 4133 {ADV} καλως 2573 {ADV} εποιησατε 4160 {V-AAI-2P} συγκοινωνησαντες 4790 {V-AAP-NPM} μου 1473 {P-1GS} τη 3588 {T-DSF} θλιψει 2347 {N-DSF}
4,15,οιδατε 1492 {V-RAI-2P} δε 1161 {CONJ} και 2532 {CONJ} υμεις 4771 {P-2NP} φιλιππησιοι 5374 {N-VPM} οτι 3754 {CONJ} εν 1722 {PREP} αρχη 746 {N-DSF} του 3588 {T-GSN} ευαγγελιου 2098 {N-GSN} οτε 3753 {ADV} εξηλθον 1831 {V-2AAI-1S} απο 575 {PREP} μακεδονιας 3109 {N-GSF} ουδεμια 3762 {A-NSF-N} μοι 1473 {P-1DS} εκκλησια 1577 {N-NSF} εκοινωνησεν 2841 {V-AAI-3S} εις 1519 {PREP} λογον 3056 {N-ASM} δοσεως 1394 {N-GSF} και 2532 {CONJ} ληψεως 3028 {N-GSF} ει 1487 {COND} μη 3361 {PRT-N} υμεις 4771 {P-2NP} μονοι 3441 {A-NPM}
4,16,οτι 3754 {CONJ} και 2532 {CONJ} εν 1722 {PREP} θεσσαλονικη 2332 {N-DSF} και 2532 {CONJ} απαξ 530 {ADV} και 2532 {CONJ} δις 1364 {ADV} εις 1519 {PREP} την 3588 {T-ASF} χρειαν 5532 {N-ASF} μοι 1473 {P-1DS} επεμψατε 3992 {V-AAI-2P}
4,17,ουχ 3756 {PRT-N} οτι 3754 {CONJ} επιζητω 1934 {V-PAI-1S} το 3588 {T-ASN} δομα 1390 {N-ASN} αλλ 235 {CONJ} επιζητω 1934 {V-PAI-1S} τον 3588 {T-ASM} καρπον 2590 {N-ASM} τον 3588 {T-ASM} πλεοναζοντα 4121 {V-PAP-ASM} εις 1519 {PREP} λογον 3056 {N-ASM} υμων 4771 {P-2GP}
4,18,απεχω 568 {V-PAI-1S} δε 1161 {CONJ} παντα 3956 {A-APN} και 2532 {CONJ} περισσευω 4052 {V-PAI-1S} πεπληρωμαι 4137 {V-RPI-1S} δεξαμενος 1209 {V-ADP-NSM} παρα 3844 {PREP} επαφροδιτου 1891 {N-GSM} τα 3588 {T-APN} παρ 3844 {PREP} υμων 4771 {P-2GP} οσμην 3744 {N-ASF} ευωδιας 2175 {N-GSF} θυσιαν 2378 {N-ASF} δεκτην 1184 {A-ASF} ευαρεστον 2101 {A-ASF} τω 3588 {T-DSM} θεω 2316 {N-DSM}
4,19,ο 3588 {T-NSM} δε 1161 {CONJ} θεος 2316 {N-NSM} μου 1473 {P-1GS} πληρωσει 4137 {V-FAI-3S} πασαν 3956 {A-ASF} χρειαν 5532 {N-ASF} υμων 4771 {P-2GP} κατα 2596 {PREP} τον 3588 {T-ASM} πλουτον 4149 {N-ASM} αυτου 846 {P-GSM} εν 1722 {PREP} δοξη 1391 {N-DSF} εν 1722 {PREP} χριστω 5547 {N-DSM} ιησου 2424 {N-DSM}
4,20,τω 3588 {T-DSM} δε 1161 {CONJ} θεω 2316 {N-DSM} και 2532 {CONJ} πατρι 3962 {N-DSM} ημων 1473 {P-1GP} η 3588 {T-NSF} δοξα 1391 {N-NSF} εις 1519 {PREP} τους 3588 {T-APM} αιωνας 165 {N-APM} των 3588 {T-GPM} αιωνων 165 {N-GPM} αμην 281 {HEB}
4,21,ασπασασθε 782 {V-ADM-2P} παντα 3956 {A-ASM} αγιον 40 {A-ASM} εν 1722 {PREP} χριστω 5547 {N-DSM} ιησου 2424 {N-DSM} ασπαζονται 782 {V-PNI-3P} υμας 4771 {P-2AP} οι 3588 {T-NPM} συν 4862 {PREP} εμοι 1473 {P-1DS} αδελφοι 80 {N-NPM}
4,22,ασπαζονται 782 {V-PNI-3P} υμας 4771 {P-2AP} παντες 3956 {A-NPM} οι 3588 {T-NPM} αγιοι 40 {A-NPM} μαλιστα 3122 {ADV-S} δε 1161 {CONJ} οι 3588 {T-NPM} εκ 1537 {PREP} της 3588 {T-GSF} καισαρος 2541 {N-GSM} οικιας 3614 {N-GSF}
4,23,η 3588 {T-NSF} χαρις 5485 {N-NSF} του 3588 {T-GSM} κυριου 2962 {N-GSM} ιησου 2424 {N-GSM} χριστου 5547 {N-GSM} μετα 3326 {PREP} παντων 3956 {A-GPM} υμων 4771 {P-2GP} αμην 281 {HEB}
