<book>
<book-name>ΙΩΑΝΝΟΥ Α</book-name>

<verse>1 John 1:3</verse>
<note>1:3 καὶ WH Treg NA28 ] – RP</note>

<verse>1 John 1:4</verse>
<note>4 ἡμεῖς WH Treg NA28 ] ὑμῖν RP</note>

<verse>1 John 1:5</verse>
<note>5 ἐν αὐτῷ οὐκ ἔστιν NA28 RP ] οὐκ ἔστιν ἐν αὐτῷ WH Treg</note>

<verse>1 John 1:7</verse>
<note>7 δὲ WH Treg NA27 RP ] – NA28 </note>
<note>• Ἰησοῦ WH Treg NA28 ] + Χριστοῦ RP</note>

<verse>1 John 1:8</verse>
<note>8 οὐκ ἔστιν ἐν ἡμῖν WH NA28 RP ] ἐν ἡμῖν οὐκ ἔστιν Treg</note>

<verse>1 John 2:4</verse>
<note>2:4 ὅτι WH Treg NA28 ] – RP</note>

<verse>1 John 2:6</verse>
<note>6 αὐτὸς WH Treg ] + οὕτως NA28 RP</note>

<verse>1 John 2:7</verse>
<note>7 Ἀγαπητοί WH Treg NA28 ] Ἀδελφοί RP </note>
<note>• ἠκούσατε WH Treg NA28 ] + ἀπʼ ἀρχῆς RP</note>

<verse>1 John 2:14</verse>
<note>14 ἔγραψα WH Treg NA28 ] Γράφω RP</note>

<verse>1 John 2:18</verse>
<note>18 ὅτι WH Treg NA28 ] + ὁ RP</note>

<verse>1 John 2:19</verse>
<note>19 ἐξ ἡμῶν ἦσαν WH Treg NA28 ] ἦσαν ἐξ ἡμῶν RP</note>

<verse>1 John 2:20</verse>
<note>20 καὶ Treg NA28 RP ] – WH </note>
<note>• πάντες WH NA28 ] πάντα Treg RP</note>

<verse>1 John 2:23</verse>
<note>23 ὁ ὁμολογῶν … ἔχει WH Treg NA28 ] – RP</note>

<verse>1 John 2:24</verse>
<note>24 ὑμεῖς WH Treg NA28 ] + οὐν RP</note>

<verse>1 John 2:27</verse>
<note>27 μένει ἐν ὑμῖν WH Treg NA28 ] ἐν ὑμῖν μένει RP </note>
<note>• αὐτοῦ WH Treg NA28 ] αὐτὸ RP </note>
<note>• μένετε WH Treg NA28 ] μενεῖτε RP</note>

<verse>1 John 2:28</verse>
<note>28 ἐὰν WH Treg NA28 ] ὅταν RP </note>
<note>• σχῶμεν WH Treg NA28 ] ἔχῶμεν RP</note>

<verse>1 John 2:29</verse>
<note>29 ὅτι WH RP ] + καὶ NA28 Treg</note>

<verse>1 John 3:1</verse>
<note>3:1 καὶ ἐσμέν WH Treg NA28 ] – RP </note>
<note>• ἡμᾶς WH Treg NA28 ] ὑμᾶς RP</note>

<verse>1 John 3:2</verse>
<note>2 οἴδαμεν WH Treg NA28 ] + δὲ RP</note>

<verse>1 John 3:5</verse>
<note>5 ἁμαρτίας WH Treg NA28 ] + ἡμῶν RP</note>

<verse>1 John 3:7</verse>
<note>7 τεκνία WH Treg NA27 RP ] παιδία NA28 WHmarg</note>

<verse>1 John 3:13</verse>
<note>13 μὴ WH Treg RP ] καὶ μὴ NA28 </note>
<note>• ἀδελφοί WH Treg NA28 ] + μου RP</note>

<verse>1 John 3:14</verse>
<note>14 ἀγαπῶν WH Treg NA28 ] + τὸν ἀδελφόν RP</note>

<verse>1 John 3:15</verse>
<note>15 αὐτῷ WH Treg NA28 ] ἑαυτῷ RP</note>

<verse>1 John 3:16</verse>
<note>16 θεῖναι WH Treg NA28 ] τιθέναι RP</note>

<verse>1 John 3:18</verse>
<note>18 Τεκνία WH Treg NA28 ] + μου RP</note>

<verse>1 John 3:19</verse>
<note>19 ἐν WH ] καὶ ἐν Treg NA28 RP </note>
<note>• γνωσόμεθα WH Treg NA28 ] γινώσκομεν RP </note>
<note>• τὴν καρδίαν WH NA28 ] τὰς καρδίας Treg RP</note>

<verse>1 John 3:21</verse>
<note>21 μὴ καταγινώσκῃ ἡμῶν Treg ] μὴ καταγινώσκῃ WH; ἡμῶν μὴ καταγινώσκῃ NA28; ἡμῶν μὴ καταγινώσκῃ ἡμῶν RP</note>

<verse>1 John 3:22</verse>
<note>22 ἐὰν Treg NA28 RP ] ἂν WH </note>
<note>• ἀπʼ WH Treg NA28 ] παρʼ RP</note>

<verse>1 John 3:23</verse>
<note>23 πιστεύσωμεν WH NA28 RP ] πιστεύωμεν Treg </note>
<note>• ἡμῖν WH Treg NA28 ] – RP</note>

<verse>1 John 4:2</verse>
<note>4:2 γινώσκετε WH Treg NA28 ] γινώσκεται RP</note>

<verse>1 John 4:3</verse>
<note>3 τὸν WH Treg NA28 ] – RP </note>
<note>• Ἰησοῦν WH Treg NA28 ] + Χριστὸν ἐν σαρκὶ ἐληλυθότα RP</note>

<verse>1 John 4:10</verse>
<note>10 ἠγαπήκαμεν WH NA28 ] ἠγαπήσαμεν Treg RP</note>

<verse>1 John 4:12</verse>
<note>12 ἐν ἡμῖν τετελειωμένη ἐστιν NA28 ] τετελειωμένη ἐν ἡμῖν ἐστίν WH Treg; τετελειωμένη ἐστιν ἐν ἡμῖν RP</note>

<verse>1 John 4:15</verse>
<note>15 ἐὰν WH NA28 ] ἂν Treg RP </note>
<note>• Ἰησοῦς Treg NA28 RP ] + Χριστός WH</note>

<verse>1 John 4:16</verse>
<note>16 μένει WH NA28 RP ] – Treg</note>

<verse>1 John 4:19</verse>
<note>19 ἀγαπῶμεν WH Treg NA28 ] + αὐτόν RP</note>

<verse>1 John 4:20</verse>
<note>20 οὐ WH Treg NA28 ] πῶς RP</note>

<verse>1 John 5:1</verse>
<note>5:1 καὶ Treg NA28 RP ] – WH</note>

<verse>1 John 5:2</verse>
<note>2 ποιῶμεν WH Treg NA28 ] τηρῶμεν RP</note>

<verse>1 John 5:5</verse>
<note>5 δέ ἐστιν Treg NA28 ] ἐστιν δὲ WH; ἐστιν RP</note>

<verse>1 John 5:6</verse>
<note>6 ἐν WH Treg NA28 ] – RP</note>

<verse>1 John 5:9</verse>
<note>9 ὅτι WH Treg NA28 ] ἥν RP</note>

<verse>1 John 5:10</verse>
<note>10 αὑτῷ WH ] αὐτῷ Treg NA28 RP; ἑαυτῷ NA27</note>

<verse>1 John 5:11</verse>
<note>11 ὁ θεὸς ἡμῖν WH ] ἡμῖν ὁ θεὸς Treg NA28 RP</note>

<verse>1 John 5:13</verse>
<note>13 ὑμῖν WH Treg NA28 ] + τοῖς πιστεύουσιν εἰς τὸ ὄνομα τοῦ υἱοῦ τοῦ θεοῦ RP </note>
<note>• ἔχετε αἰώνιον WH Treg NA28 ] αἰώνιον ἔχετε RP </note>
<note>• τοῖς πιστεύουσιν WH Treg NA28 ] καὶ ἵνα πιστεύητε RP</note>

<verse>1 John 5:15</verse>
<note>15 ἐὰν WH NA28 RP ] ἂν Treg </note>
<note>• ἀπʼ WH Treg NA28 ] παρʼ RP</note>

<verse>1 John 5:18</verse>
<note>18 αὐτόν WH Treg NA27 ] ἑαυτόν NA28 RP</note>

<verse>1 John 5:20</verse>
<note>20 γινώσκωμεν NA28 RP ] γινώσκομεν WH Treg</note>

<verse>1 John 5:21</verse>
<note>21 εἰδώλων WH Treg NA28 ] + Ἀμήν RP</note>
</book>
