<book>
<book-name>ΠΕΤΡΟΥ Α</book-name>

<verse>1 Peter 1:6</verse>
<note>1:6 δέον WH Treg ] + ἐστίν NA28 RP </note>
<note>• λυπηθέντες WH Treg NA27 RP ] λυπηθέντας NA28</note>

<verse>1 Peter 1:7</verse>
<note>7 πολυτιμότερον WH Treg NA28 ] πολὺ τιμιώτερον RP </note>
<note>• δόξαν καὶ τιμὴν WH Treg NA28 ] τιμὴν καὶ εἰς δόξαν RP</note>

<verse>1 Peter 1:8</verse>
<note>8 ἰδόντες WH Treg NA28 ] εἰδότες RP </note>
<note>• ἀγαλλιᾶσθε Treg NA28 RP ] ἀγαλλιᾶτε WH</note>

<verse>1 Peter 1:9</verse>
<note>9 ὑμῶν Treg NA28 RP ] – WH</note>

<verse>1 Peter 1:12</verse>
<note>12 ὑμᾶς WH Treg ] + ἐν NA28 RP</note>

<verse>1 Peter 1:16</verse>
<note>16 ὅτι WH NA27 ] – Treg NA28 RP </note>
<note>• ἔσεσθε WH Treg NA28 ] γίνεσθε RP </note>
<note>• ἅγιος WH Treg NA28 ] + εἰμι NA27 RP</note>

<verse>1 Peter 1:20</verse>
<note>20 ἐσχάτου WH Treg NA28 ] ἐσχάτων RP</note>

<verse>1 Peter 1:21</verse>
<note>21 πιστοὺς WH Treg NA28 ] πιστεύοντας RP</note>

<verse>1 Peter 1:22</verse>
<note>22 ἀληθείας WH Treg NA28 ] + διὰ πνεύματος RP </note>
<note>• ἐκ WH Treg NIV ] + καθαρᾶς RP NA28</note>

<verse>1 Peter 1:23</verse>
<note>23 μένοντος WH Treg NA28 ] + εἰς τὸν αἰῶνα RP</note>

<verse>1 Peter 1:24</verse>
<note>24 αὐτῆς WH Treg NA28 ] ἀνθρώπου RP </note>
<note>• ἄνθος WH Treg NA28 ] + αὐτοῦ RP</note>

<verse>1 Peter 2:1</verse>
<note>2:1 ὑποκρίσεις Treg NA28 RP ] ὑπόκρισιν WH</note>

<verse>1 Peter 2:2</verse>
<note>2 εἰς σωτηρίαν WH Treg NA28 ] – RP</note>

<verse>1 Peter 2:3</verse>
<note>3 εἰ WH Treg NA28 ] εἴπερ RP</note>

<verse>1 Peter 2:5</verse>
<note>5 εἰς WH Treg NA28 ] – RP </note>
<note>• εὐπροσδέκτους WH Treg NA28 ] + τῷ NA27 RP</note>

<verse>1 Peter 2:6</verse>
<note>6 ἐν WH Treg NA28 ] + τῇ RP </note>
<note>• ἀκρογωνιαῖον ἐκλεκτὸν Treg NA28 RP ] ἐκλεκτὸν ἀκρογωνιαῖον WH</note>

<verse>1 Peter 2:7</verse>
<note>7 ἀπιστοῦσιν WH Treg NA28 ] ἀπειθοῦσιν RP </note>
<note>• λίθος WH Treg NA28 ] Λίθον RP</note>

<verse>1 Peter 2:12</verse>
<note>12 ἐν τοῖς ἔθνεσιν ἔχοντες καλήν WH Treg NA28 ] ἔχοντες καλήν ἐν τοῖς ἔθνεσιν RP </note>
<note>• ἐποπτεύοντες WH Treg NA28 ] ἐποπτεύσαντες RP</note>

<verse>1 Peter 2:13</verse>
<note>13 Ὑποτάγητε WH Treg NA28 ] + οὖν RP</note>

<verse>1 Peter 2:16</verse>
<note>16 θεοῦ δοῦλοι WH Treg NA28 ] δοῦλοι θεοῦ RP</note>

<verse>1 Peter 2:17</verse>
<note>17 ἀγαπᾶτε WH Treg NA28 ] ἀγαπήσατε RP</note>

<verse>1 Peter 2:21</verse>
<note>21 ὑμῶν WH Treg NA28 ] ἡμῶν RP</note>

<verse>1 Peter 2:24</verse>
<note>24 μώλωπι WH Treg NA28 ] + αὐτοῦ RP</note>

<verse>1 Peter 2:25</verse>
<note>25 πλανώμενοι WH Treg NA28 ] πλανώμενα RP</note>

<verse>1 Peter 3:1</verse>
<note>3:1 Ὁμοίως WH Treg ] + αἱ NA28 RP </note>
<note>• καὶ Treg NA28 RP ] – WH</note>

<verse>1 Peter 3:4</verse>
<note>4 πραέως καὶ ἡσυχίου Treg NA28 RP ] ἡσυχίου καὶ πραέως WH</note>

<verse>1 Peter 3:5</verse>
<note>5 εἰς WH Treg NA28 ] ἐπὶ RP</note>

<verse>1 Peter 3:6</verse>
<note>6 ὑπήκουσεν Treg NA28 RP ] ὑπήκουεν WH</note>

<verse>1 Peter 3:7</verse>
<note>7 συγκληρονόμοις WH Treg NA28 ] συγκληρονόμοι RP</note>

<verse>1 Peter 3:8</verse>
<note>8 ταπεινόφρονες WH Treg NA28 ] φιλόφρονες RP</note>

<verse>1 Peter 3:9</verse>
<note>9 εὐλογοῦντες WH Treg NA28 ] + εἰδότες RP</note>

<verse>1 Peter 3:10</verse>
<note>10 γλῶσσαν WH Treg NA28 ] + αὐτοῦ RP </note>
<note>• χείλη WH Treg NA28 ] + αὐτοῦ RP</note>

<verse>1 Peter 3:11</verse>
<note>11 δὲ WH Treg NA28 ] – RP</note>

<verse>1 Peter 3:13</verse>
<note>13 ζηλωταὶ WH Treg NA28 ] μιμηταὶ RP</note>

<verse>1 Peter 3:15</verse>
<note>15 Χριστὸν WH Treg NA28 ] θεὸν RP </note>
<note>• ἕτοιμοι WH Treg NA28 ] + δὲ RP </note>

<verse>1 Peter 3:16</verse>
<note>16 ἀλλὰ WH Treg NA28 ] – RP </note>
<note>• καταλαλεῖσθε WH NA28 ] καταλαλοῦσιν ὑμῶν ὡς κακοποιῶν Treg RP</note>

<verse>1 Peter 3:18</verse>
<note>18 ἔπαθεν RP NA28 ] ἀπέθανεν WH Treg NIV </note>
<note>• ὑμᾶς WH NA28 RP ] ἡμᾶς Treg</note>

<verse>1 Peter 3:20</verse>
<note>20 ὀλίγοι WH Treg NA28 ] ὀλίγαι RP</note>

<verse>1 Peter 3:21</verse>
<note>21 καὶ ὑμᾶς ἀντίτυπον νῦν WH Treg NA28 ] ἀντίτυπον νῦν καὶ ἡμᾶς RP</note>

<verse>1 Peter 3:22</verse>
<note>22 δεξιᾷ WH Treg ] + τοῦ NA28 RP</note>

<verse>1 Peter 4:1</verse>
<note>4:1 παθόντος WH Treg NA28 ] + ὑπὲρ ἡμῶν RP </note>
<note>• παθὼν WH Treg NA28 ] + ἐν RP </note>
<note>• ἁμαρτίας Treg NA28 RP ] ἁμαρτίαις WH</note>

<verse>1 Peter 4:3</verse>
<note>3 γὰρ WH Treg NA28 ] + ἡμῖν RP </note>
<note>• χρόνος WH Treg NA28 ] + τοῦ βίου RP </note>
<note>• βούλημα WH Treg NA28 ] θέλημα RP </note>
<note>• κατειργάσθαι WH Treg NA28 ] κατεργάσασθαι RP</note>

<verse>1 Peter 4:5</verse>
<note>5 ἔχοντι κρῖναι Treg NA28 RP ] κρίνοντι WH</note>

<verse>1 Peter 4:7</verse>
<note>7 εἰς WH Treg NA28 ] + τὰς RP</note>

<verse>1 Peter 4:8</verse>
<note>8 πάντων WH Treg NA28 ] + δὲ RP </note>
<note>• καλύπτει WH Treg NA28 ] καλύψει RP</note>

<verse>1 Peter 4:9</verse>
<note>9 γογγυσμοῦ WH Treg NA28 ] + γογγυσμῶν RP</note>

<verse>1 Peter 4:11</verse>
<note>11 ἧς WH Treg NA28 ] ὡς RP</note>

<verse>1 Peter 4:14</verse>
<note>14 ἀναπαύεται WH Treg NA28 ] + κατὰ μὲν αὐτοὺς βλασφημεῖται κατὰ δὲ ὑμᾶς δοξάζεται RP</note>

<verse>1 Peter 4:16</verse>
<note>16 ὀνόματι WH Treg NA27 ] μέρει NA28 RP</note>

<verse>1 Peter 4:18</verse>
<note>18 ὁ Treg NA28 RP ] + δὲ WH</note>

<verse>1 Peter 4:19</verse>
<note>19 θεοῦ WH Treg NA28 ] + ὡς RP </note>
<note>• αὐτῶν Treg NA28 RP ] – WH</note>

<verse>1 Peter 5:1</verse>
<note>5:1 οὖν WH Treg NA27 ] τοὺς NA28 RP</note>

<verse>1 Peter 5:2</verse>
<note>2 ἐπισκοποῦντες Treg NA28 RP ] – WH </note>
<note>• κατὰ θεόν Treg NA28 ] – WH RP</note>

<verse>1 Peter 5:5</verse>
<note>5 ἀλλήλοις WH Treg NA28 ] + ὑποτασσόμενοι RP</note>

<verse>1 Peter 5:8</verse>
<note>8 τινα NA28 ] τίνα RP; – WH Treg </note>
<note>• καταπιεῖν WH Treg NA28 ] καταπίῃ RP</note>

<verse>1 Peter 5:9</verse>
<note>9 τῷ WH Treg NA27 ] – NA28 RP</note>

<verse>1 Peter 5:10</verse>
<note>10 Χριστῷ WH NA28 ] + Ἰησοῦ Treg NA27 RP </note>
<note>• καταρτίσει WH Treg NA28 ] καταρτίσαι ὑμᾶς RP </note>
<note>• θεμελιώσει NA28 RP ] – WH Treg</note>

<verse>1 Peter 5:11</verse>
<note>11 αὐτῷ WH Treg NA28 ] + ἡ δόξα καὶ RP </note>
<note>• τῶν αἰώνων Treg NIV RP ] – WH NA28</note>

<verse>1 Peter 5:12</verse>
<note>12 στῆτε WH Treg NA28 ] ἑστήκατε RP</note>

<verse>1 Peter 5:14</verse>
<note>14 Χριστῷ WH Treg NA28 ] + Ἰησοῦ ἀμήν RP</note>
</book>
