<book>
<book-name>ΠΡΟΣ ΘΕΣΣΑΛΟΝΙΚΕΙΣ Α</book-name>

<verse>1 Thessalonians 1:1</verse>
<note>1:1 εἰρήνη WH Treg NA28 ] + ἀπὸ θεοῦ πατρὸς ἡμῶν καὶ κυρίου Ἰησοῦ Χριστοῦ RP</note>

<verse>1 Thessalonians 1:2</verse>
<note>2 μνείαν WH Treg NA28 ] + ὑμῶν RP</note>

<verse>1 Thessalonians 1:4</verse>
<note>4 θεοῦ Treg RP ] τοῦ θεοῦ WH NA28</note>

<verse>1 Thessalonians 1:5</verse>
<note>5 καὶ WH ] + ἐν Treg NA28 RP </note>
<note>• ἐν Treg NA28 RP ] – WH</note>

<verse>1 Thessalonians 1:7</verse>
<note>7 τύπον WH Treg NA28 ] τύπους RP </note>
<note>• ἐν WH Treg NA28 ] – RP</note>

<verse>1 Thessalonians 1:8</verse>
<note>8 καὶ WH Treg ] + ἐν τῇ NA28 RP </note>
<note>• ἀλλʼ WH Treg NA28 ] ἀλλὰ καὶ RP </note>
<note>• ἔχειν ἡμᾶς WH Treg NA28 ] ἡμᾶς ἔχειν RP</note>

<verse>1 Thessalonians 1:10</verse>
<note>10 ἐκ WH Treg NA28 ] ἀπὸ RP</note>

<verse>1 Thessalonians 2:3</verse>
<note>2:3 οὐδὲ WH Treg NA28 ] οὔτε RP</note>

<verse>1 Thessalonians 2:4</verse>
<note>4 θεῷ WH Treg NA28 ] τῷ θεῷ RP</note>

<verse>1 Thessalonians 2:5</verse>
<note>5 ἐν Treg NA28 RP ] – WH</note>

<verse>1 Thessalonians 2:7</verse>
<note>7 ἤπιοι Treg NIV RP ] νήπιοι WH NA28 </note>
<note>• ἐὰν WH Treg NA28 ] ἂν RP</note>

<verse>1 Thessalonians 2:8</verse>
<note>8 ἐγενήθητε WH Treg NA28 ] γεγένησθε RP</note>

<verse>1 Thessalonians 2:9</verse>
<note>9 νυκτὸς WH Treg NA28 ] + γάρ RP</note>

<verse>1 Thessalonians 2:12</verse>
<note>12 περιπατεῖν WH Treg NA28 ] περιπατῆσαι RP</note>

<verse>1 Thessalonians 2:13</verse>
<note>13 Καὶ WH Treg NA28 ] – RP </note>
<note>• ἀληθῶς ἐστὶν WH ] ἐστιν ἀληθῶς Treg NA28 RP</note>

<verse>1 Thessalonians 2:15</verse>
<note>15 τοὺς WH Treg NA28 ] + ἰδίους RP</note>

<verse>1 Thessalonians 2:16</verse>
<note>16 ὀργὴ WH Treg RP NA28 ] + τοῦ θεοῦ NIV</note>

<verse>1 Thessalonians 2:18</verse>
<note>18 διότι WH Treg NA28 ] διό RP</note>

<verse>1 Thessalonians 3:2</verse>
<note>3:2 συνεργὸν NA28 ] διάκονον WH Treg RP </note>
<note>• θεοῦ WH Treg NA28 ] + καὶ συνεργὸν ἡμῶν RP </note>
<note>• ὑπὲρ WH Treg NA28 ] ὑμᾶς περὶ RP</note>

<verse>1 Thessalonians 3:7</verse>
<note>7 ἀνάγκῃ καὶ θλίψει WH Treg NA28 ] θλίψει καὶ ἀνάγκῃ RP</note>

<verse>1 Thessalonians 3:11</verse>
<note>11 Ἰησοῦς WH Treg NA28 ] + Χριστός RP</note>

<verse>1 Thessalonians 3:13</verse>
<note>13 Ἰησοῦ WH Treg NA28 ] + Χριστοῦ RP </note>
<note>• αὐτοῦ WH Treg NIV RP ] + ἀμήν NA28</note>

<verse>1 Thessalonians 4:1</verse>
<note>4:1 οὖν Treg NA28 RP ] – WH </note>
<note>• ἵνα WH Treg NA28 ] – RP </note>
<note>• καθὼς καὶ περιπατεῖτε WH Treg NA28 ] – RP</note>

<verse>1 Thessalonians 4:6</verse>
<note>6 κύριος WH Treg NA28 ] ὁ κύριος RP</note>

<verse>1 Thessalonians 4:8</verse>
<note>8 καὶ NA28 RP ] – WH Treg </note>
<note>• διδόντα WH Treg NA28 ] δόντα RP</note>

<verse>1 Thessalonians 4:11</verse>
<note>11 ταῖς WH Treg NIV ] + ἰδίαις RP NA28</note>

<verse>1 Thessalonians 4:13</verse>
<note>13 κοιμωμένων WH Treg NA28 ] κεκοιμημένων RP</note>

<verse>1 Thessalonians 5:2</verse>
<note>5:2 ὅτι WH Treg NA28 ] + ἡ RP</note>

<verse>1 Thessalonians 5:3</verse>
<note>3 ὅταν WH Treg NA28 ] + γὰρ RP</note>

<verse>1 Thessalonians 5:4</verse>
<note>4 κλέπτης Treg NA28 RP ] κλέπτας WH</note>

<verse>1 Thessalonians 5:5</verse>
<note>5 γὰρ WH Treg NA28 ] – RP</note>

<verse>1 Thessalonians 5:6</verse>
<note>6 ὡς WH Treg NA28 ] + καὶ RP</note>

<verse>1 Thessalonians 5:10</verse>
<note>10 περὶ WH Treg ] ὑπὲρ NA28 RP</note>

<verse>1 Thessalonians 5:13</verse>
<note>13 ὑπερεκπερισσοῦ WH NA28 RP ] ὑπερεκπερισσῶς Treg </note>
<note>• ἑαυτοῖς WH NA28 RP ] αὐτοῖς Treg</note>

<verse>1 Thessalonians 5:15</verse>
<note>15 διώκετε WH Treg ] + καὶ NA28 RP</note>

<verse>1 Thessalonians 5:25</verse>
<note>25 προσεύχεσθε Treg RP ] + καὶ WH NA28</note>

<verse>1 Thessalonians 5:27</verse>
<note>27 ἐνορκίζω WH Treg NA28 ] Ὁρκίζω RP </note>
<note>• τοῖς WH Treg NA28 ] + ἁγίοις RP</note>

<verse>1 Thessalonians 5:28</verse>
<note>28 ὑμῶν WH Treg NA28 ] + Ἀμήν RP</note>
</book>
