<book>
<book-name>ΠΡΟΣ ΚΟΡΙΝΘΙΟΥΣ Β</book-name>

<verse>2 Corinthians 1:1</verse>
<note>1:1 Χριστοῦ Ἰησοῦ WH Treg NA28 ] Ἰησοῦ Χριστοῦ RP</note>

<verse>2 Corinthians 1:6</verse>
<note>6 εἴτε παρακαλούμεθα, ὑπὲρ τῆς ὑμῶν παρακλήσεως WH NA28 ] – Treg RP</note>

<verse>2 Corinthians 1:7</verse>
<note>7 ὑμῶν WH NA28 ] + εἴτε παρακαλούμεθα, ὑπὲρ τῆς ὑμῶν παρακλήσεως καὶ σωτηρίας Treg RP </note>
<note>• ὡς WH Treg NA28 ] ὥσπερ RP</note>

<verse>2 Corinthians 1:8</verse>
<note>8 ὑπὲρ WH NA28 RP ] περὶ Treg </note>
<note>• γενομένης WH Treg NA28 ] + ἡμῖν RP </note>
<note>• ὑπὲρ δύναμιν ἐβαρήθημεν WH Treg NA28 ] ἐβαρήθημεν ὑπὲρ δύναμιν RP</note>

<verse>2 Corinthians 1:10</verse>
<note>10 ῥύσεται WH Treg NA28 ] ῥύεται RP</note>

<verse>2 Corinthians 1:11</verse>
<note>11 ἡμῶν WH Treg NA28 ] ὑμῶν RP</note>

<verse>2 Corinthians 1:12</verse>
<note>12 ἁγιότητι WH Treg NIV ] ἁπλότητι RP NA28 </note>
<note>• τοῦ WH Treg NA28 ] – RP </note>
<note>• οὐκ Treg NIV RP ] καὶ οὐκ WH NA28</note>

<verse>2 Corinthians 1:13</verse>
<note>13 ὅτι WH Treg NA28 ] + καὶ RP</note>

<verse>2 Corinthians 1:14</verse>
<note>14 ἡμῶν WH NA28 ] – Treg NIV RP</note>

<verse>2 Corinthians 1:15</verse>
<note>15 πρότερον πρὸς ὑμᾶς ἐλθεῖν WH Treg NA28 ] ἐλθεῖν πρὸς ὑμᾶς τὸ πρότερον RP </note>
<note>• χάριν Treg NA28 RP ] χαρὰν WH </note>
<note>• σχῆτε WH Treg NA28 ] ἔχῆτε RP</note>

<verse>2 Corinthians 1:17</verse>
<note>17 βουλόμενος WH Treg NA28 ] βουλευόμενος RP</note>

<verse>2 Corinthians 1:18</verse>
<note>18 ἔστιν WH Treg NA28 ] ἐγένετο RP</note>

<verse>2 Corinthians 1:19</verse>
<note>19 τοῦ θεοῦ γὰρ WH Treg NA28 ] γὰρ τοῦ θεοῦ RP </note>
<note>• Ἰησοῦς Χριστὸς Treg NA28 RP ] Χριστὸς Ἰησοῦς WH</note>

<verse>2 Corinthians 1:20</verse>
<note>20 διὸ WH Treg NA28 ] – RP </note>
<note>• διʼ αὐτοῦ WH Treg NA28 ] ἐν αὐτῷ RP</note>

<verse>2 Corinthians 2:1</verse>
<note>2:1 γὰρ WH NA28 ] δὲ Treg RP</note>

<verse>2 Corinthians 2:2</verse>
<note>2 τίς WH Treg NA28 ] + ἐστιν RP</note>

<verse>2 Corinthians 2:3</verse>
<note>3 ἔγραψα WH Treg NA28 ] + ὑμῖν RP </note>
<note>• σχῶ WH Treg NA28 ] ἔχω RP</note>

<verse>2 Corinthians 2:7</verse>
<note>7 μᾶλλον Treg NA28 RP ] – WH</note>

<verse>2 Corinthians 2:10</verse>
<note>10 ὃ κεχάρισμαι, εἴ τι WH Treg NA28 ] εἴ τι κεχάρισμαι ᾧ RP</note>

<verse>2 Corinthians 2:16</verse>
<note>16 ⸀ἐκ WH Treg NA28 ] – RP </note>
<note>• ⸁ἐκ WH Treg NA28 ] – RP</note>

<verse>2 Corinthians 2:17</verse>
<note>17 πολλοὶ WH Treg NA28 ] λοιποί RP </note>
<note>• κατέναντι WH Treg NA28 ] κατενώπιον τοῦ RP</note>

<verse>2 Corinthians 3:1</verse>
<note>3:1 συνιστάνειν WH NA28 RP ] συνιστᾶν Treg </note>
<note>• ἢ WH Treg NA28 ] Εἰ RP </note>
<note>• ὑμῶν WH Treg NA28 ] + συστατικῶν RP</note>

<verse>2 Corinthians 3:5</verse>
<note>5 ἀφʼ ἑαυτῶν ἱκανοί ἐσμεν WH Treg NA28 ] ἱκανοί ἐσμεν ἀφʼ ἑαυτῶν RP </note>
<note>• αὑτῶν WH ] αὐτῶν Treg; ἑαυτῶν NA28 RP</note>

<verse>2 Corinthians 3:7</verse>
<note>7 γράμμασιν WH NA28 RP ] γράμματι Treg </note>
<note>• ἐντετυπωμένη WH Treg NA28 ] + ἐν RP</note>

<verse>2 Corinthians 3:9</verse>
<note>9 τῇ διακονίᾳ Treg NA28 ] ἡ διακονία WH RP </note>
<note>• δικαιοσύνης WH Treg NA28 ] + ἐν RP</note>

<verse>2 Corinthians 3:10</verse>
<note>10 εἵνεκεν WH Treg NA28 ] ἕνεκεν RP</note>

<verse>2 Corinthians 3:13</verse>
<note>13 αὐτοῦ WH Treg NA28 ] ἑαυτοῦ RP</note>

<verse>2 Corinthians 3:14</verse>
<note>14 ἡμέρας WH Treg NA28 ] – RP </note>
<note>• ὅτι WH Treg NA28 ] ὅ τι RP</note>

<verse>2 Corinthians 3:15</verse>
<note>15 ἂν ἀναγινώσκηται WH Treg NA28 ] ἀναγινώσκεται RP</note>

<verse>2 Corinthians 3:16</verse>
<note>16 δὲ ἐὰν WH NA28 ] δὲ ἂν Treg RP</note>

<verse>2 Corinthians 3:17</verse>
<note>17 κυρίου WH Treg NA28 ] + ἐκεῖ RP</note>

<verse>2 Corinthians 4:1</verse>
<note>4:1 ἐγκακοῦμεν WH Treg NA28 ] ἐκκακοῦμεν RP</note>

<verse>2 Corinthians 4:2</verse>
<note>2 συνιστάνοντες WH NA28 ] συνιστάντες Treg; συνιστῶντες RP</note>

<verse>2 Corinthians 4:4</verse>
<note>4 αὐγάσαι WH Treg NA28 ] + αὐτοῖς RP</note>

<verse>2 Corinthians 4:5</verse>
<note>5 Χριστὸν Ἰησοῦν WH Treg RP ] Ἰησοῦν Χριστὸν NA28</note>

<verse>2 Corinthians 4:6</verse>
<note>6 λάμψει WH Treg NA28 ] λάμψαι RP </note>
<note>• Χριστοῦ WH Treg NIV ] Ἰησοῦ Χριστοῦ RP NA28</note>

<verse>2 Corinthians 4:10</verse>
<note>10 τοῦ WH Treg NA28 ] + κυρίου RP</note>

<verse>2 Corinthians 4:12</verse>
<note>12 ὁ WH Treg NA28 ] + μὲν RP</note>

<verse>2 Corinthians 4:14</verse>
<note>14 τὸν Holmes WHmarg ] + κύριον WH Treg NA28 RP </note>
<note>• σὺν WH Treg NA28 ] διὰ RP</note>

<verse>2 Corinthians 4:16</verse>
<note>16 ἐγκακοῦμεν WH Treg NA28 ] ἐκκακοῦμεν RP </note>
<note>• ἔσω ἡμῶν WH Treg NA28 ] ἔσωθεν RP</note>

<verse>2 Corinthians 4:17</verse>
<note>17 ἡμῶν Treg NA28 RP ] – WH</note>

<verse>2 Corinthians 5:3</verse>
<note>5:3 εἴ γε WH NA28 RP ] εἴ περ Treg </note>
<note>• ἐνδυσάμενοι WH Treg NIV RP ] ἐκδυσάμενοι NA28</note>

<verse>2 Corinthians 5:5</verse>
<note>5 ὁ WH Treg NA28 ] + καὶ RP</note>

<verse>2 Corinthians 5:10</verse>
<note>10 φαῦλον WH Treg NA28 ] κακόν RP</note>

<verse>2 Corinthians 5:12</verse>
<note>12 οὐ WH Treg NA28 ] + γὰρ RP </note>
<note>• μὴ ἐν WH Treg NA28 ] οὐ RP</note>

<verse>2 Corinthians 5:14</verse>
<note>14 ὅτι WH Treg NA28 ] + εἰ RP</note>

<verse>2 Corinthians 5:16</verse>
<note>16 εἰ WH Treg NA28 ] + δὲ RP</note>

<verse>2 Corinthians 5:17</verse>
<note>17 καινά WH Treg NA28 ] + τὰ πάντα RP</note>

<verse>2 Corinthians 5:18</verse>
<note>18 διὰ WH Treg NA28 ] + Ἰησοῦ RP</note>

<verse>2 Corinthians 5:21</verse>
<note>21 τὸν WH Treg NA28 ] + γὰρ RP</note>

<verse>2 Corinthians 6:4</verse>
<note>6:4 συνιστάνοντες WH ] συνιστάντες NA28 Treg; συνιστῶντες RP</note>

<verse>2 Corinthians 6:14</verse>
<note>14 ἢ τίς WH Treg NA28 ] Τίς δὲ RP</note>

<verse>2 Corinthians 6:15</verse>
<note>15 Χριστοῦ WH Treg NA28 ] Χριστῷ RP</note>

<verse>2 Corinthians 6:16</verse>
<note>16 ἡμεῖς γὰρ ναὸς θεοῦ ἐσμεν WH Treg NA28 ] Ὑμεῖς γὰρ ναὸς θεοῦ ἐστε RP </note>
<note>• μου WH Treg NA28 ] μοι RP</note>

<verse>2 Corinthians 7:3</verse>
<note>7:3 πρὸς κατάκρισιν οὐ WH Treg NA28 ] Οὐ πρὸς κατάκρισιν RP</note>

<verse>2 Corinthians 7:5</verse>
<note>5 ἔσχηκεν WH NA28 RP ] ἔσχεν Treg</note>

<verse>2 Corinthians 7:8</verse>
<note>8 βλέπω WH Treg ] βλέπων WHapp; βλέπω γὰρ NA28 RP</note>

<verse>2 Corinthians 7:10</verse>
<note>10 ἐργάζεται WH Treg NA28 ] κατεργάζεται RP</note>

<verse>2 Corinthians 7:11</verse>
<note>11 λυπηθῆναι WH Treg NA28 ] + ὑμᾶς RP </note>
<note>• εἶναι WH Treg NA28 ] + ἐν RP</note>

<verse>2 Corinthians 7:12</verse>
<note>12 ⸀ἕνεκεν WH Treg NA28 ] εἵνεκεν RP </note>
<note>• οὐδὲ Treg NA28 RP ] ἀλλʼ οὐδὲ WH </note>
<note>• ⸁ἕνεκεν WH Treg NA28 ] εἵνεκεν RP </note>
<note>• ⸀1 ἕνεκεν WH Treg NA28 ] εἵνεκεν RP </note>

<verse>2 Corinthians 7:13</verse>
<note>13 ἡμῶν WH Treg NA28 ] ὑμῶν RP</note>

<verse>2 Corinthians 7:14</verse>
<note>14 ἡ Treg NA28 RP ] – WH</note>

<verse>2 Corinthians 8:2</verse>
<note>8:2 τὸ πλοῦτος WH Treg NA28 ] τὸν πλοῦτον RP</note>

<verse>2 Corinthians 8:3</verse>
<note>3 παρὰ WH Treg NA28 ] ὑπὲρ RP</note>

<verse>2 Corinthians 8:7</verse>
<note>7 ἡμῶν ἐν ὑμῖν WH NA28 ] ὑμῶν ἐν ἡμῖν Treg NIV RP</note>

<verse>2 Corinthians 8:12</verse>
<note>12 ἔχῃ WH Treg NA28 ] + τις RP</note>

<verse>2 Corinthians 8:13</verse>
<note>13 ὑμῖν WH Treg NA28 ] + δὲ RP</note>

<verse>2 Corinthians 8:16</verse>
<note>16 διδόντι WH Treg RP ] δόντι NA28</note>

<verse>2 Corinthians 8:19</verse>
<note>19 σὺν NA28 RP ] ἐν WH Treg </note>
<note>• αὐτοῦ NA28 RP ] – WH Treg</note>

<verse>2 Corinthians 8:21</verse>
<note>21 προνοοῦμεν γὰρ WH Treg NA28 ] προνοούμενοι RP</note>

<verse>2 Corinthians 8:24</verse>
<note>24 ἐνδεικνύμενοι Treg NA28 ] ἐνδείξασθε WH RP</note>

<verse>2 Corinthians 9:2</verse>
<note>9:2 τὸ WH Treg NA28 ] ὁ ἐξ RP</note>

<verse>2 Corinthians 9:4</verse>
<note>4 λέγωμεν WH Treg RP ] λέγω NA28 </note>
<note>• ταύτῃ WH Treg NA28 ] + τῆς καυχήσεως RP</note>

<verse>2 Corinthians 9:5</verse>
<note>5 εἰς WH NA28 RP ] πρὸς Treg </note>
<note>• προεπηγγελμένην WH Treg NA28 ] προκατηγγελμένην RP</note>

<verse>2 Corinthians 9:7</verse>
<note>7 προῄρηται WH Treg NA28 ] προαιρεῖται RP</note>

<verse>2 Corinthians 9:8</verse>
<note>8 δυνατεῖ WH Treg NA28 ] Δυνατὸς RP</note>

<verse>2 Corinthians 9:10</verse>
<note>10 σπόρον Treg NA28 ] σπέρμα WH RP </note>
<note>• χορηγήσει WH Treg NA28 ] χορηγήσαι RP </note>
<note>• πληθυνεῖ WH Treg NA28 ] πληθύναι RP </note>
<note>• αὐξήσει WH Treg NA28 ] αὐξήσαι RP </note>

<verse>2 Corinthians 9:15</verse>
<note>15 χάρις WH Treg NA28 ] + δὲ RP</note>

<verse>2 Corinthians 10:7</verse>
<note>10:7 ἐφʼ WH Treg NA28 ] ἀφʼ RP </note>
<note>• ἡμεῖς WH Treg NA28 ] + Χριστοῦ RP</note>

<verse>2 Corinthians 10:8</verse>
<note>8 τε WH NA28 RP ] – Treg </note>
<note>• γὰρ WH Treg NA28 ] + καὶ RP </note>
<note>• κύριος WH Treg NA28 ] + ἡμῖν RP</note>

<verse>2 Corinthians 10:10</verse>
<note>10 ἐπιστολαὶ μέν WH Treg NA28 ] μέν ἐπιστολαὶ RP</note>

<verse>2 Corinthians 10:13</verse>
<note>13 οὐκ WH Treg NA28 ] οὐχὶ RP</note>

<verse>2 Corinthians 10:18</verse>
<note>18 συνιστάνων WH Treg NA28 ] συνιστῶν RP</note>

<verse>2 Corinthians 11:1</verse>
<note>11:1 τι WH Treg NA28 ] – RP </note>
<note>• ἀφροσύνης WH Treg NA28 ] τῇ ἀφροσύνῃ RP</note>

<verse>2 Corinthians 11:3</verse>
<note>3 ἐξηπάτησεν Εὕαν WH Treg NA28 ] Εὕαν ἐξηπάτησεν RP </note>
<note>• φθαρῇ WH Treg NA28 ] οὕτως φθαρῇ RP </note>
<note>• καὶ τῆς ἁγνότητος WH Treg NA28 ] – RP</note>

<verse>2 Corinthians 11:4</verse>
<note>4 ἀνέχεσθε WH NA28 ] ἠνείχεσθε RP; ἀνείχεσθε Treg</note>

<verse>2 Corinthians 11:6</verse>
<note>6 φανερώσαντες WH Treg NA28 ] φανερωθέντες RP</note>

<verse>2 Corinthians 11:9</verse>
<note>9 ἐμαυτὸν ὑμῖν WH Treg NA28 ] ὑμῖν ἐμαυτὸν RP</note>

<verse>2 Corinthians 11:14</verse>
<note>14 θαῦμα WH Treg NA28 ] θαυμαστόν RP</note>

<verse>2 Corinthians 11:17</verse>
<note>17 κατὰ κύριον λαλῶ WH Treg NA28 ] λαλῶ κατὰ κύριον RP</note>

<verse>2 Corinthians 11:18</verse>
<note>18 κατὰ Treg NA28 ] + τὴν WH RP</note>

<verse>2 Corinthians 11:20</verse>
<note>20 εἰς πρόσωπον ὑμᾶς WH Treg NA28 ] ὑμᾶς εἰς πρόσωπον RP</note>

<verse>2 Corinthians 11:21</verse>
<note>21 ἠσθενήκαμεν WH Treg NA28 ] ἠσθενήσαμεν RP</note>

<verse>2 Corinthians 11:23</verse>
<note>23 φυλακαῖς περισσοτέρως, ἐν πληγαῖς ὑπερβαλλόντως WH Treg NA28 ] πληγαῖς ὑπερβαλλόντως, ἐν φυλακαῖς περισσοτέρως RP</note>

<verse>2 Corinthians 11:27</verse>
<note>27 κόπῳ WH Treg NA28 ] ἐν κόπῳ RP</note>

<verse>2 Corinthians 11:28</verse>
<note>28 ἐπίστασίς WH Treg NA28 ] ἐπισύστασίς RP </note>
<note>• μοι WH Treg NA28 ] μου RP</note>

<verse>2 Corinthians 11:31</verse>
<note>31 Ἰησοῦ WH Treg NA28 ] + Χριστοῦ RP</note>

<verse>2 Corinthians 11:32</verse>
<note>32 πόλιν Δαμασκηνῶν WH Treg NA28 ] Δαμασκηνῶν πόλιν RP </note>
<note>• με WH Treg NA28 ] + θέλων RP</note>

<verse>2 Corinthians 12:1</verse>
<note>12:1 δεῖ WH Treg NA28 ] δὴ RP </note>
<note>• συμφέρον μέν WH Treg NA28 ] συμφέρει μοι RP </note>
<note>• δὲ WH Treg NA28 ] γὰρ RP</note>

<verse>2 Corinthians 12:3</verse>
<note>3 χωρὶς WH Treg NA28 ] ἐκτὸς RP</note>

<verse>2 Corinthians 12:5</verse>
<note>5 ἀσθενείαις WH Treg NA28 ] + μου RP</note>

<verse>2 Corinthians 12:6</verse>
<note>6 τι NA28 RP ] – WH Treg</note>

<verse>2 Corinthians 12:7</verse>
<note>7 διὸ WH Treg NA28 ] – RP </note>
<note>• Σατανᾶ WH Treg NA28 ] Σατᾶν RP </note>
<note>• ἵνα μὴ ὑπεραίρωμαι WH NA28 RP ] – Treg</note>

<verse>2 Corinthians 12:9</verse>
<note>9 δύναμις WH Treg NA28 ] + μου RP </note>
<note>• τελεῖται WH Treg NA28 ] τελειοῦται RP </note>
<note>• μου Treg NA28 RP ] – WH</note>

<verse>2 Corinthians 12:10</verse>
<note>10 καὶ WH NA28 ] ἐν Treg RP</note>

<verse>2 Corinthians 12:11</verse>
<note>11 ἄφρων WH Treg NA28 ] + καυχώμενος RP</note>

<verse>2 Corinthians 12:12</verse>
<note>12 ὑπομονῇ WH Treg NA28 ] + ἐν RP </note>
<note>• τε WH NA28 ] – Treg RP</note>

<verse>2 Corinthians 12:13</verse>
<note>13 ἡσσώθητε WH Treg NA28 ] ἡττήθητε RP</note>

<verse>2 Corinthians 12:14</verse>
<note>14 τοῦτο WH Treg NA28 ] – RP </note>
<note>• καταναρκήσω WH Treg NA28 ] + ὑμῶν RP</note>

<verse>2 Corinthians 12:15</verse>
<note>15 εἰ WH Treg NA28 ] + καὶ RP </note>
<note>• ἀγαπῶν Treg NA28 RP ] ἀγαπῶ WH </note>

<verse>2 Corinthians 12:19</verse>
<note>19 Πάλαι WH Treg NA28 ] Πάλιν RP </note>
<note>• κατέναντι WH Treg NA28 ] Κατενώπιον τοῦ RP</note>

<verse>2 Corinthians 12:20</verse>
<note>20 ἔρις WH NA28 ] ἔρεις Treg RP </note>
<note>• ζῆλος WH Treg NA28 ] ζῆλοι RP</note>

<verse>2 Corinthians 12:21</verse>
<note>21 ἐλθόντος μου WH Treg NA28 ] ἐλθόντα με RP </note>
<note>• ταπεινώσῃ WH NA28 ] ταπεινώσει Treg RP </note>
<note>• με WH Treg NA28 ] – RP</note>

<verse>2 Corinthians 13:2</verse>
<note>13:2 νῦν WH Treg NA28 ] + γράφω RP</note>

<verse>2 Corinthians 13:4</verse>
<note>4 γὰρ WH Treg NA28 ] + εἰ RP </note>
<note>• ζήσομεν WH Treg NA28 ] ζησόμεθα RP</note>

<verse>2 Corinthians 13:5</verse>
<note>5 Ἰησοῦς Χριστὸς WH RP NA28 ] Χριστὸς Ἰησοῦς Treg NIV </note>
<note>• ὑμῖν WH Treg NA28 ] + ἐστίν RP</note>

<verse>2 Corinthians 13:7</verse>
<note>7 εὐχόμεθα WH Treg NA28 ] Εὐχόμαι RP</note>

<verse>2 Corinthians 13:9</verse>
<note>9 τοῦτο WH Treg NA28 ] + δὲ RP</note>

<verse>2 Corinthians 13:10</verse>
<note>10 ὁ κύριος ἔδωκέν μοι WH Treg NA28 ] ἔδωκέν μοι ὁ κύριος RP</note>

<verse>2 Corinthians 13:13</verse>
<note>13 ὑμῶν WH Treg NA28 ] + Ἀμήν RP</note>
</book>
