<book>
<book-name>ΙΩΑΝΝΟΥ Γ</book-name>

<verse>3 John 1:4</verse>
<note>4 χαράν Treg NA28 RP ] χάριν WH </note>
<note>• τῇ WH Treg NA27 ] – NA28 RP</note>

<verse>3 John 1:5</verse>
<note>5 τοῦτο WH Treg NA28 ] εἰς τοὺς RP</note>

<verse>3 John 1:7</verse>
<note>7 ἐθνικῶν WH Treg NA28 ] ἐθνῶν RP</note>

<verse>3 John 1:8</verse>
<note>8 ὑπολαμβάνειν WH Treg NA28 ] ἀπολαμβάνειν RP</note>

<verse>3 John 1:9</verse>
<note>9 τι WH Treg NA28 ] – RP</note>

<verse>3 John 1:12</verse>
<note>12 οἶδας WH Treg NA28 ] οἴδατε RP</note>

<verse>3 John 1:13</verse>
<note>13 γράψαι σοι WH Treg NA28 ] γράφειν RP </note>
<note>• γράφειν WH Treg NA28 ] γράψαι RP</note>

<verse>3 John 1:14</verse>
<note>14 σε ἰδεῖν WH Treg NA28 ] ἰδεῖν σε RP</note>
</book>
