<book>
<book-name>ΠΡΟΣ ΕΦΕΣΙΟΥΣ</book-name>

<verse>Ephesians 1:1</verse>
<note>1:1 Χριστοῦ Ἰησοῦ WH Treg NA28 ] Ἰησοῦ Χριστοῦ RP </note>
<note>• ἐν Ἐφέσῳ WH Treg NA28 RP ] – WHapp</note>

<verse>Ephesians 1:6</verse>
<note>6 ἧς WH Treg NA28 ] ἐν ᾗ RP</note>

<verse>Ephesians 1:7</verse>
<note>7 τὸ πλοῦτος WH Treg NA28 ] τὸν πλοῦτον RP</note>

<verse>Ephesians 1:14</verse>
<note>14 ὅ WH NA28 ] ὅς Treg RP</note>

<verse>Ephesians 1:15</verse>
<note>15 ἀγάπην τὴν Treg NA28 RP ] – WH</note>

<verse>Ephesians 1:16</verse>
<note>16 μνείαν WH Treg NA28 ] + ὑμῶν RP</note>

<verse>Ephesians 1:18</verse>
<note>18 τίς WH Treg NA28 ] καὶ τίς RP</note>

<verse>Ephesians 1:20</verse>
<note>20 ἐνήργηκεν WH ] ἐνήργησεν Treg NA28 RP </note>
<note>• ἐκ WH Treg NA28 ] + τῶν RP </note>
<note>• καθίσας WH Treg NA28 ] ἐκάθισεν RP</note>

<verse>Ephesians 2:1</verse>
<note>2:1 ὑμῶν WH Treg NA28 ] – RP</note>

<verse>Ephesians 2:3</verse>
<note>3 ἤμεθα WH Treg NA28 ] ἦμεν RP</note>

<verse>Ephesians 2:7</verse>
<note>7 τὸ ὑπερβάλλον πλοῦτος WH Treg NA28 ] τὸν ὑπερβάλλοντα πλοῦτον RP</note>

<verse>Ephesians 2:8</verse>
<note>8 διὰ WH Treg NA28 ] + τῆς RP</note>

<verse>Ephesians 2:11</verse>
<note>11 ποτὲ ὑμεῖς WH Treg NA28 ] ὑμεῖς ποτὲ RP</note>

<verse>Ephesians 2:12</verse>
<note>12 ἦτε WH Treg NA28 ] + ἐν RP</note>

<verse>Ephesians 2:13</verse>
<note>13 ἐγενήθητε ἐγγὺς WH Treg NA28 ] ἐγγὺς ἐγενήθητε RP</note>

<verse>Ephesians 2:15</verse>
<note>15 αὑτῷ WH ] αὐτῷ Treg NA28; ἑαυτῷ NIV RP</note>

<verse>Ephesians 2:17</verse>
<note>17 εἰρήνην WH Treg NA28 ] – RP</note>

<verse>Ephesians 2:19</verse>
<note>19 ἐστὲ WH Treg NA28 ] – RP</note>

<verse>Ephesians 2:20</verse>
<note>20 Χριστοῦ Ἰησοῦ WH Treg NA28 ] Ἰησοῦ Χριστοῦ RP</note>

<verse>Ephesians 2:21</verse>
<note>21 πᾶσα WH Treg RP NA28 ] + ἡ NIV</note>

<verse>Ephesians 3:3</verse>
<note>3:3 κατὰ Holmes WHmarg  ] ὅτι κατὰ WH Treg NA28 RP </note>
<note>• ἐγνωρίσθη WH Treg NA28 ] ἐγνώρισέν RP</note>

<verse>Ephesians 3:6</verse>
<note>6 ἐν Χριστῷ Ἰησοῦ WH Treg NA28 ] αὐτοῦ ἐν τῷ Χριστῷ RP </note>

<verse>Ephesians 3:7</verse>
<note>7 ἐγενήθην WH Treg NA28 ] ἐγενόμην RP </note>
<note>• τῆς δοθείσης WH Treg NA28 ] τὴν δοθεῖσάν RP</note>

<verse>Ephesians 3:8</verse>
<note>8 τοῖς WH Treg NA28 ] ἐν τοῖς RP </note>
<note>• τὸ ἀνεξιχνίαστον πλοῦτος WH Treg NA28 ] τὸν ἀνεξιχνίαστον πλοῦτον RP</note>

<verse>Ephesians 3:9</verse>
<note>9 πάντας Treg NA28 RP ] – WH </note>
<note>• κτίσαντι WH Treg NA28 ] + διὰ Ἰησοῦ Χριστοῦ RP</note>

<verse>Ephesians 3:11</verse>
<note>11 τῷ WH Treg NA28 ] – RP</note>

<verse>Ephesians 3:12</verse>
<note>12 καὶ WH Treg NA28 ] + τὴν RP</note>

<verse>Ephesians 3:13</verse>
<note>13 ἐγκακεῖν WH Treg NA28 ] ἐκκακεῖν RP</note>

<verse>Ephesians 3:14</verse>
<note>14 πατέρα WH Treg NA28 ] + τοῦ κυρίου ἡμῶν Ἰησοῦ Χριστοῦ RP</note>

<verse>Ephesians 3:16</verse>
<note>16 δῷ WH Treg NA28 ] δῴη RP </note>
<note>• τὸ πλοῦτος WH Treg NA28 ] τὸν πλοῦτον RP</note>

<verse>Ephesians 3:18</verse>
<note>18 ὕψος καὶ βάθος WH Treg NA28 ] βάθος καὶ ὕψος RP</note>

<verse>Ephesians 3:21</verse>
<note>21 καὶ WH Treg NA28 ] – RP</note>

<verse>Ephesians 4:6</verse>
<note>4:6 πᾶσιν WH Treg NA28 ] + ἡμῖν RP</note>

<verse>Ephesians 4:7</verse>
<note>7 ἡ WH NA28 RP ] – Treg</note>

<verse>Ephesians 4:8</verse>
<note>8 ἔδωκεν NA28 ] καὶ ἔδωκεν WH Treg RP</note>

<verse>Ephesians 4:9</verse>
<note>9 κατέβη WH Treg NA28 ] + πρῶτον RP</note>

<verse>Ephesians 4:15</verse>
<note>15 Χριστός WH Treg NA28 ] ὁ Χριστός RP</note>

<verse>Ephesians 4:17</verse>
<note>17 τὰ WH Treg NA28 ] + λοιπὰ RP</note>

<verse>Ephesians 4:18</verse>
<note>18 ἐσκοτωμένοι WH Treg NA28 ] ἐσκοτισμένοι RP</note>

<verse>Ephesians 4:26</verse>
<note>26 ἐπὶ WH Treg ] + τῷ NA28 RP</note>

<verse>Ephesians 4:28</verse>
<note>28 ταῖς ἰδίαις χερσὶν τὸ ἀγαθόν Treg NA28 ] ταῖς χερσὶν τὸ ἀγαθόν WH; τὸ ἀγαθόν ταῖς χερσὶν RP</note>

<verse>Ephesians 4:32</verse>
<note>32 γίνεσθε Holmes WHmarg ] + δὲ WH Treg NA28 RP </note>
<note>• ὑμῖν WH Treg NA28 ] ἡμῖν RP</note>

<verse>Ephesians 5:2</verse>
<note>5:2 ἡμᾶς RP NA28 ] ὑμᾶς WH Treg </note>
<note>• ἡμῶν RP NA28 Treg ] ὑμῶν WH</note>

<verse>Ephesians 5:3</verse>
<note>3 ἀκαθαρσία πᾶσα WH Treg NA28 ] πᾶσα ἀκαθαρσία RP</note>

<verse>Ephesians 5:4</verse>
<note>4 ἃ οὐκ ἀνῆκεν WH Treg NA28 ] τὰ οὐκ ἀνήκοντα RP</note>

<verse>Ephesians 5:5</verse>
<note>5 ἴστε WH Treg NA28 ] ἔστε RP </note>
<note>• ὅ WH Treg NA28 ] ὅς RP</note>

<verse>Ephesians 5:9</verse>
<note>9 φωτὸς WH Treg NA28 ] πνεύματος RP</note>

<verse>Ephesians 5:15</verse>
<note>15 ἀκριβῶς πῶς WH NA28 ] πῶς ἀκριβῶς Treg RP</note>

<verse>Ephesians 5:17</verse>
<note>17 συνίετε WH Treg NA28 ] συνιέντες RP</note>

<verse>Ephesians 5:19</verse>
<note>19 ἑαυτοῖς WH Treg RP ] + ἐν NA28 </note>
<note>• ψάλλοντες WH NA28 ] + ἐν Treg RP</note>

<verse>Ephesians 5:22</verse>
<note>22 ἀνδράσιν WH NA28 ] + ὑποτασσέσθωσαν Treg; + ὑποτάσσεσθε RP</note>

<verse>Ephesians 5:23</verse>
<note>23 αὐτὸς WH Treg NA28 ] καὶ αὐτὸς ἐστιν RP</note>

<verse>Ephesians 5:24</verse>
<note>24 ὡς WH Treg NA28 ] ὡσπερ RP </note>
<note>• τοῖς WH Treg NA28 ] + ἰδίοις RP</note>

<verse>Ephesians 5:25</verse>
<note>25 γυναῖκας WH Treg NA28 ] + ἑαυτῶν RP</note>

<verse>Ephesians 5:27</verse>
<note>27 αὐτὸς WH Treg NA28 ] αὐτὴν RP</note>

<verse>Ephesians 5:28</verse>
<note>28 καὶ WH Treg NA28 ] – RP</note>

<verse>Ephesians 5:29</verse>
<note>29 Χριστὸς WH Treg NA28 ] κύριος RP</note>

<verse>Ephesians 5:30</verse>
<note>30 αὐτοῦ WH Treg NA28 ] + ἐκ τῆς σαρκός αὐτοῦ καί ἐκ τῶν ὀστέων αὐτοῦ RP</note>

<verse>Ephesians 5:31</verse>
<note>31 τὸν WH NA28 RP ] – Treg </note>
<note>• πατέρα WH Treg NA28 ] + αὐτοῦ RP </note>
<note>• τὴν WH NA28 RP ] – Treg </note>
<note>• τῇ γυναικὶ Treg ] πρὸς τὴν γυναῖκα WH NA28 RP</note>

<verse>Ephesians 6:5</verse>
<note>6:5 κατὰ σάρκα κυρίοις WH Treg NA28 ] κυρίοις κατὰ σάρκα RP</note>

<verse>Ephesians 6:6</verse>
<note>6 δοῦλοι WH Treg NA28 ] + τοῦ RP</note>

<verse>Ephesians 6:8</verse>
<note>8 ἕκαστος ὃ ἂν Treg ] ἕκαστος ἐάν τι WH NA28; ὃ ἐάν τι ἕκαστος RP </note>
<note>• κομίσεται WH Treg NA28 ] κομιεῖται RP </note>
<note>• παρὰ WH Treg NA28 ] + τοῦ RP</note>

<verse>Ephesians 6:9</verse>
<note>9 αὐτῶν καὶ ὑμῶν WH Treg NA28 ] ὑμῶν αὐτῶν RP</note>

<verse>Ephesians 6:10</verse>
<note>10 Τοῦ λοιποῦ WH Treg NA28 ] Τὸ λοιπόν ἀδελφοί μου RP</note>

<verse>Ephesians 6:12</verse>
<note>12 σκότους WH Treg NA28 ] + τοῦ αἰῶνος RP</note>

<verse>Ephesians 6:16</verse>
<note>16 ἐν WH Treg NA28 ] ἐπὶ RP </note>
<note>• πονηροῦ Holmes WHmarg Tregmarg ] + τὰ WH Treg NA28 RP</note>

<verse>Ephesians 6:17</verse>
<note>17 δέξασθε WH Treg NA28 ] δέξασθαι RP</note>

<verse>Ephesians 6:18</verse>
<note>18 αὐτὸ WH Treg NA28 ] + τοῦτο RP</note>

<verse>Ephesians 6:21</verse>
<note>21 εἰδῆτε καὶ ὑμεῖς WH NA28 RP ] καὶ ὑμεῖς εἰδῆτε Treg </note>
<note>• γνωρίσει ὑμῖν WH Treg NA28 ] ὑμῖν γνωρίσει RP</note>

<verse>Ephesians 6:24</verse>
<note>24 ἀφθαρσίᾳ WH Treg NA28 ] + Ἀμήν RP</note>
</book>
