<book>
<book-name>ΠΡΟΣ ΓΑΛΑΤΑΣ</book-name>

<verse>Galatians 1:3</verse>
<note>1:3 καὶ κυρίου ἡμῶν Treg RP ] ἡμῶν καὶ κυρίου WH NA28</note>

<verse>Galatians 1:4</verse>
<note>4 ὑπὲρ WH NA28 ] περὶ Treg RP </note>
<note>• αἰῶνος τοῦ ἐνεστῶτος WH Treg NA28 ] ἐνεστῶτος αἰῶνος RP</note>

<verse>Galatians 1:8</verse>
<note>8 εὐαγγελίζηται Treg NA28 RP ] εὐαγγελίσηται WH </note>
<note>• ὑμῖν WH Treg RP NA28 ] – NIV</note>

<verse>Galatians 1:10</verse>
<note>10 εἰ WH Treg NA28 ] + γὰρ RP</note>

<verse>Galatians 1:11</verse>
<note>11 γὰρ WH Treg NA28 ] δὲ RP</note>

<verse>Galatians 1:12</verse>
<note>12 οὔτε WH NA28 RP ] οὐδὲ Treg</note>

<verse>Galatians 1:15</verse>
<note>15 εὐδόκησεν Holmes WHmarg ] + ὁ θεὸς WH Treg NA28 RP</note>

<verse>Galatians 1:18</verse>
<note>18 ἔτη τρία Treg NA28 RP ] τρία ἔτη WH </note>
<note>• Κηφᾶν WH Treg NA28 ] Πέτρον RP</note>

<verse>Galatians 2:4</verse>
<note>2:4 καταδουλώσουσιν WH Treg NA28 ] καταδουλώσωνται RP</note>

<verse>Galatians 2:6</verse>
<note>6 θεὸς Treg RP ] ὁ θεὸς WH NA28</note>

<verse>Galatians 2:9</verse>
<note>9 ἡμεῖς WH Treg NA28 ] + μὲν RP</note>

<verse>Galatians 2:11</verse>
<note>11 Κηφᾶς WH Treg NA28 ] Πέτρος RP</note>

<verse>Galatians 2:12</verse>
<note>12 ἦλθον WH NA28 RP ] ἦλθεν Treg</note>

<verse>Galatians 2:13</verse>
<note>13 καὶ WH Treg RP NA28 ] – NIV</note>

<verse>Galatians 2:14</verse>
<note>14 Κηφᾷ WH Treg NA28 ] Πέτρῳ RP </note>
<note>• καὶ … Ἰουδαϊκῶς ζῇς WH Treg NA28 ] ζῇς καὶ … Ἰουδαϊκῶς RP </note>
<note>• οὐκ WH Treg RP ] οὐχὶ NA28 </note>
<note>• πῶς WH Treg NA28 ] τί RP</note>

<verse>Galatians 2:16</verse>
<note>16 δὲ WH Treg NA28 ] – RP </note>
<note>• Ἰησοῦ Χριστοῦ NA28 RP ] Χριστοῦ Ἰησοῦ WH Treg </note>
<note>• ὅτι ἐξ ἔργων νόμου οὐ δικαιωθήσεται WH Treg NA28 ] διότι οὐ δικαιωθήσεται ἐξ ἔργων νόμου RP</note>

<verse>Galatians 2:18</verse>
<note>18 συνιστάνω WH Treg NA28 ] συνίστημι RP</note>

<verse>Galatians 2:20</verse>
<note>20 υἱοῦ τοῦ θεοῦ WH NA28 RP ] θεοῦ καὶ Χριστοῦ Treg</note>

<verse>Galatians 3:1</verse>
<note>3:1 ἐβάσκανεν WH Treg NA28 ] + τῇ ἀληθείᾳ μὴ πείθεσθαι RP </note>
<note>• προεγράφη WH Treg NA28 ] + ἐν ὑμῖν RP</note>

<verse>Galatians 3:7</verse>
<note>7 υἱοί εἰσιν WH Treg NA28 ] εἰσιν υἱοὶ RP</note>

<verse>Galatians 3:10</verse>
<note>10 ὅτι WH Treg NA28 ] – RP </note>
<note>• ἐμμένει WH Treg NA28 ] + ἐν RP</note>

<verse>Galatians 3:12</verse>
<note>12 αὐτὰ WH Treg NA28 ] + ἄνθρωπος RP</note>

<verse>Galatians 3:13</verse>
<note>13 ὅτι γέγραπται WH Treg NA28 ] γέγραπται γάρ RP</note>

<verse>Galatians 3:14</verse>
<note>14 Χριστῷ Ἰησοῦ NA28 RP ] Ἰησοῦ Χριστῷ WH Treg</note>

<verse>Galatians 3:17</verse>
<note>17 θεοῦ WH Treg NA28 ] + εἰς Χριστὸν RP </note>
<note>• τετρακόσια καὶ τριάκοντα ἔτη WH Treg NA28 ] ἔτη τετρακόσια καὶ τριάκοντα RP</note>

<verse>Galatians 3:19</verse>
<note>19 οὗ Treg NA28 RP ] ἂν WH</note>

<verse>Galatians 3:21</verse>
<note>21 ἐκ νόμου ἂν Treg NA28 ] ἐν νόμῳ ἂν WH; ἂν ἐκ νόμου RP</note>

<verse>Galatians 3:23</verse>
<note>23 συγκλειόμενοι WH Treg NA28 ] συγκεκλεισμένοι RP</note>

<verse>Galatians 3:28</verse>
<note>28 πάντες WH NA28 RP ] ἅπαντες Treg</note>

<verse>Galatians 3:29</verse>
<note>29 κατʼ WH Treg NA28 ] καὶ κατʼ RP</note>

<verse>Galatians 4:3</verse>
<note>4:3 ἤμεθα WH NA28 ] ἦμεν Treg RP</note>

<verse>Galatians 4:6</verse>
<note>6 ἡμῶν WH Treg NA28 ] ὑμῶν RP</note>

<verse>Galatians 4:7</verse>
<note>7 διὰ θεοῦ WH Treg NA28 ] θεοῦ διὰ Χριστοῦ RP</note>

<verse>Galatians 4:8</verse>
<note>8 φύσει μὴ WH Treg NA28 ] μὴ φύσει RP</note>

<verse>Galatians 4:9</verse>
<note>9 δουλεύειν NA28 RP ] δουλεῦσαι WH Treg</note>

<verse>Galatians 4:14</verse>
<note>14 ὑμῶν WH Treg NA28 ] μου τὸν RP</note>

<verse>Galatians 4:15</verse>
<note>15 ποῦ WH Treg NA28 ] Τίς RP </note>
<note>• οὖν WH Treg NA28 ] + ἦν RP </note>
<note>• ἐξορύξαντες WH Treg NA28 ] + ἂν RP</note>

<verse>Galatians 4:18</verse>
<note>18 δὲ WH Treg NA28 ] + τὸ RP</note>

<verse>Galatians 4:19</verse>
<note>19 τέκνα Treg NA28 ] τεκνία WH RP </note>
<note>• μέχρις WH Treg NA28 ] ἄχρι RP</note>

<verse>Galatians 4:23</verse>
<note>23 διʼ WH Treg NA28 ] διὰ τῆς RP</note>

<verse>Galatians 4:25</verse>
<note>25 δὲ WH NA28 ] γὰρ RP Treg </note>
<note>• γὰρ WH Treg NA28 ] δὲ RP</note>

<verse>Galatians 4:26</verse>
<note>26 μήτηρ WH Treg NA28 ] + πάντων RP</note>

<verse>Galatians 4:28</verse>
<note>28 ὑμεῖς δέ … τέκνα ἐστέ Treg NA28 ] ἡμεῖς δὲ … τέκνα ἐσμέν WH RP</note>

<verse>Galatians 4:30</verse>
<note>30 κληρονομήσει WH Treg NA28 ] κληρονομήσῃ RP</note>

<verse>Galatians 4:31</verse>
<note>31 διό WH Treg NA28 ] Ἄρα RP</note>

<verse>Galatians 5:1</verse>
<note>5:1 ἡμᾶς Χριστὸς ἠλευθέρωσεν στήκετε οὖν WH Treg NA28 ] οὖν ᾗ Χριστὸς ἡμᾶς ἠλευθέρωσεν στήκετε RP</note>

<verse>Galatians 5:4</verse>
<note>4 ἀπὸ WH Treg NA28 ] + τοῦ RP</note>

<verse>Galatians 5:7</verse>
<note>7 τῇ NA28 RP ] – WH Treg</note>

<verse>Galatians 5:10</verse>
<note>10 ἐὰν WH Treg NA28 ] ἂν RP</note>

<verse>Galatians 5:14</verse>
<note>14 πεπλήρωται WH Treg NA28 ] πληροῦται RP </note>
<note>• σεαυτόν WH Treg NA28 ] ἑαυτόν RP</note>

<verse>Galatians 5:17</verse>
<note>17 γὰρ WH Treg NA28 ] δὲ RP </note>
<note>• ἀλλήλοις ἀντίκειται WH Treg NA28 ] ἀντίκειται ἀλλήλοις RP </note>
<note>• ἐὰν WH Treg NA28 ] ἂν RP</note>

<verse>Galatians 5:19</verse>
<note>19 ἐστιν WH Treg NA28 ] + μοιχεία RP</note>

<verse>Galatians 5:20</verse>
<note>20 ἔρις ζῆλος WH Treg NA28 ] ἔρεις ζῆλοι RP</note>

<verse>Galatians 5:21</verse>
<note>21 φθόνοι WH NA28 ] + φόνοι Treg RP </note>
<note>• καθὼς WH Treg NA28 ] + καὶ RP</note>

<verse>Galatians 5:24</verse>
<note>24 Χριστοῦ RP ] + Ἰησοῦ WH Treg NA28</note>

<verse>Galatians 6:2</verse>
<note>6:2 ἀναπληρώσετε Treg NA28 ] ἀναπληρώσατε WH RP</note>

<verse>Galatians 6:3</verse>
<note>3 φρεναπατᾷ ἑαυτόν WH Treg NA28 ] ἑαυτόν φρεναπατᾷ RP</note>

<verse>Galatians 6:7</verse>
<note>7 ἐὰν WH NA28 RP ] ἂν Treg</note>

<verse>Galatians 6:9</verse>
<note>9 ἐγκακῶμεν WH Treg NA28 ] ἐκκακῶμεν RP</note>

<verse>Galatians 6:10</verse>
<note>10 ἔχομεν Treg NA28 RP ] ἔχωμεν WH</note>

<verse>Galatians 6:12</verse>
<note>12 ἵνα WH Treg NA28 ] + μὴ RP </note>
<note>• Χριστοῦ NA28 Treg RP ] + Ἰησοῦ WH </note>
<note>• μὴ WH Treg NA28 ] – RP</note>

<verse>Galatians 6:13</verse>
<note>13 περιτεμνόμενοι WH Treg NA28 ] περιτετμημένοι RP</note>

<verse>Galatians 6:14</verse>
<note>14 κἀγὼ WH Treg NA28 ] + τῷ RP</note>

<verse>Galatians 6:15</verse>
<note>15 οὔτε γὰρ WH Treg NA28 ] ἐν γὰρ Χριστῷ Ἰησοῦ οὔτε RP </note>
<note>• ἐστιν WH Treg NA28 ] ἰσχύει RP</note>

<verse>Galatians 6:17</verse>
<note>17 τοῦ WH Treg NA28 ] + κυρίου RP</note>
</book>
