<book>
<book-name>ΠΡΟΣ ΕΒΡΑΙΟΥΣ</book-name>

<verse>Hebrews 1:2</verse>
<note>1:2 ἐποίησεν τοὺς αἰῶνας WH Treg NA28 ] τοὺς αἰῶνας ἐποίησεν RP</note>

<verse>Hebrews 1:3</verse>
<note>3 διʼ αὑτοῦ Holmes ] αὐτοῦ WH Treg NA28; αὐτοῦ διʼ ἑαυτοῦ RP </note>
<note>• τῶν ἁμαρτιῶν ποιησάμενος WH Treg NA28 ] ποιησάμενος τῶν ἁμαρτιῶν ἡμῶν RP</note>

<verse>Hebrews 1:8</verse>
<note>8 καὶ ἡ ῥάβδος τῆς εὐθύτητος WH Treg NA28 ] ῥάβδος εὐθύτητος ἡ RP </note>
<note>• σου Treg NA28 RP ] αὐτοῦ WH</note>

<verse>Hebrews 1:12</verse>
<note>12 ὡς ἱμάτιον WH Treg NA28 ] – RP</note>

<verse>Hebrews 2:1</verse>
<note>2:1 προσέχειν ἡμᾶς WH Treg NA28 ] ἡμᾶς προσέχειν RP</note>

<verse>Hebrews 2:7</verse>
<note>7 αὐτόν NA28 RP ] + καὶ κατέστησας αὐτὸν ἐπὶ τὰ ἔργα τῶν χειρῶν σου WH Treg</note>

<verse>Hebrews 2:8</verse>
<note>8 τῷ γὰρ WH Treg NA28 ]  γὰρ τῷ RP </note>
<note>• ὑποτάξαι Holmes WHmarg ] + αὐτῷ WH Treg NA28 RP</note>

<verse>Hebrews 2:9</verse>
<note>9 χωρὶς Holmes ] χάριτι WH Treg NA28 RP</note>

<verse>Hebrews 2:14</verse>
<note>14 αἵματος καὶ σαρκός WH Treg NA28 ]  σαρκός καὶ αἵματος RP</note>

<verse>Hebrews 3:1</verse>
<note>3:1 Ἰησοῦν WH Treg NA28 ] + Χριστόν RP</note>

<verse>Hebrews 3:2</verse>
<note>2 ἐν Holmes WHmarg ] + ὅλῳ WH Treg NA28 RP</note>

<verse>Hebrews 3:3</verse>
<note>3 οὗτος δόξης WH Treg NA28 ] δόξης οὗτος RP</note>

<verse>Hebrews 3:4</verse>
<note>4 δὲ WH Treg NA28 ] + τὰ RP</note>

<verse>Hebrews 3:6</verse>
<note>6 ὃς Holmes ] οὗ WH Treg NA28 RP </note>
<note>• ἐὰν WH Treg ] ἐάνπερ NA28 RP </note>
<note>• ἐλπίδος NA28 ] + μέχρι τέλους βεβαίαν WH Treg RP</note>

<verse>Hebrews 3:9</verse>
<note>9 ἐπείρασαν WH Treg NA28 ] + με RP </note>
<note>• ἐν δοκιμασίᾳ WH Treg NA28 ] ἐδοκιμασάν με RP</note>

<verse>Hebrews 3:10</verse>
<note>10 ταύτῃ WH Treg NA28 ] ἐκείνῃ RP</note>

<verse>Hebrews 3:13</verse>
<note>13 τις ἐξ ὑμῶν WH Treg NA28 ] ἐξ ὑμῶν τις RP</note>

<verse>Hebrews 3:14</verse>
<note>14 τοῦ Χριστοῦ γεγόναμεν WH Treg NA28 ] γεγόναμεν τοῦ Χριστοῦ RP</note>

<verse>Hebrews 4:2</verse>
<note>4:2 συγκεκερασμένους WH Treg RP NA28 ] συγκεκερασμένος NIV</note>

<verse>Hebrews 4:3</verse>
<note>3 εἰς Holmes WHmarg ] + τὴν WH Treg NA28 RP</note>

<verse>Hebrews 4:7</verse>
<note>7 προείρηται WH Treg NA28 ] εἴρηται RP</note>

<verse>Hebrews 4:12</verse>
<note>12 καὶ WH Treg NA28 ] τε καὶ RP</note>

<verse>Hebrews 4:15</verse>
<note>15 πεπειρασμένον WH Treg NA28 ] πεπειραμένον RP</note>

<verse>Hebrews 5:3</verse>
<note>5:3 διʼ αὐτὴν WH Treg NA28 ] διὰ ταύτην RP</note>
<note>• αὑτοῦ Holmes ] ἑαυτοῦ WH Treg RP; αὐτοῦ NA28 </note>
<note>• περὶ WH Treg NA28 ] ὑπὲρ RP</note>

<verse>Hebrews 5:4</verse>
<note>4 καθώσπερ WH Treg NA28 ] καθάπερ RP</note>

<verse>Hebrews 5:9</verse>
<note>9 πᾶσιν τοῖς ὑπακούουσιν αὐτῷ WH Treg NA28 ] τοῖς ὑπακούουσιν αὐτῷ πᾶσιν RP</note>

<verse>Hebrews 5:12</verse>
<note>12 τινὰ WH NA28 ] τίνα Treg RP </note>
<note>• οὐ WH ] καὶ οὐ Treg NA28 RP</note>

<verse>Hebrews 6:2</verse>
<note>6:2 διδαχὴν WH ] διδαχῆς Treg NA28 RP </note>
<note>• τε Treg NA28 RP ] – WH</note>

<verse>Hebrews 6:3</verse>
<note>3 ποιήσομεν WH Treg NA28 ] ποιήσωμεν RP</note>

<verse>Hebrews 6:7</verse>
<note>7 ἐρχόμενον πολλάκις WH Treg NA28 ] πολλάκις ἐρχόμενον RP</note>

<verse>Hebrews 6:10</verse>
<note>10 καὶ WH Treg NA28 ] + τοῦ κόπου RP</note>

<verse>Hebrews 6:14</verse>
<note>14 Εἰ WH Treg NA28 ] Ἦ RP</note>

<verse>Hebrews 6:16</verse>
<note>16 ἄνθρωποι WH Treg NA28 ] + μὲν RP</note>

<verse>Hebrews 6:18</verse>
<note>18 θεόν WH Treg RP ] τὸν θεόν NA28</note>

<verse>Hebrews 6:19</verse>
<note>19 ἀσφαλῆ WH NA28 RP ] ἀσφαλήν Treg</note>

<verse>Hebrews 7:1</verse>
<note>7:1 ὁ WH NA28 RP ] ὃς Treg</note>

<verse>Hebrews 7:4</verse>
<note>4 ᾧ WH Treg ] + καὶ NA28 RP</note>

<verse>Hebrews 7:6</verse>
<note>6 Ἀβραάμ WH Treg NA28 ] τὸν Ἀβραάμ RP</note>

<verse>Hebrews 7:10</verse>
<note>10 Μελχισέδεκ WH Treg NA28 ] ὁ Μελχισέδεκ RP</note>

<verse>Hebrews 7:11</verse>
<note>11 αὐτῆς WH Treg NA28 ] αὐτῇ RP </note>
<note>• νενομοθέτηται WH Treg NA28 ] νενομοθέτητο RP</note>

<verse>Hebrews 7:14</verse>
<note>14 περὶ ἱερέων οὐδὲν WH Treg NA28 ] οὐδὲν περὶ ἱερωσύνης RP</note>

<verse>Hebrews 7:16</verse>
<note>16 σαρκίνης WH Treg NA28 ] σαρκικῆς RP</note>

<verse>Hebrews 7:17</verse>
<note>17 μαρτυρεῖται WH Treg NA28 ] μαρτυρεῖ RP</note>

<verse>Hebrews 7:21</verse>
<note>21 αἰῶνα WH Treg NA28 ] + κατὰ τὴν τάξιν Μελχισεδέκ RP</note>

<verse>Hebrews 7:22</verse>
<note>22 τοσοῦτο WH Treg NA28 ] τοσοῦτον RP </note>
<note>• κρείττονος Treg RP ] καὶ κρείττονος WH NA28</note>

<verse>Hebrews 7:26</verse>
<note>26 καὶ WH Treg NA28 ] – RP</note>

<verse>Hebrews 8:2</verse>
<note>8:2 οὐκ WH Treg NA28 ] καὶ οὐκ RP</note>

<verse>Hebrews 8:4</verse>
<note>4 οὖν WH Treg NA28 ] γὰρ RP </note>
<note>• ὄντων WH Treg NA28 ] + τῶν ἱερέων RP </note>
<note>• νόμον WH Treg NA28 ] τὸν νόμον RP</note>

<verse>Hebrews 8:6</verse>
<note>6 νυνὶ Treg NA28 RP ] νῦν WH</note>

<verse>Hebrews 8:8</verse>
<note>8 αὐτοὺς WH NA28 ] αὐτοῖς RP Treg</note>

<verse>Hebrews 8:11</verse>
<note>11 μικροῦ WH Treg NA28 ] + αὐτῶν RP</note>

<verse>Hebrews 8:12</verse>
<note>12 αὐτῶν WH Treg NA28 ] + καὶ τῶν ἀνομιῶν αὐτῶν RP</note>

<verse>Hebrews 9:1</verse>
<note>9:1 οὖν Holmes WHmarg ] + καὶ WH Treg NA28 RP</note>

<verse>Hebrews 9:3</verse>
<note>3 Ἅγια Ἁγίων WH NA28 RP ] τὰ ἅγια τῶν ἁγίων Treg</note>

<verse>Hebrews 9:9</verse>
<note>9 ἣν WH Treg NA28 ] ὃν RP</note>

<verse>Hebrews 9:10</verse>
<note>10 δικαιώματα WH NA28 ] καὶ δικαιώματα Treg; καὶ δικαιώμασιν RP</note>

<verse>Hebrews 9:11</verse>
<note>11 γενομένων WH NA28 ] μελλόντων Treg RP</note>

<verse>Hebrews 9:13</verse>
<note>13 τράγων καὶ ταύρων WH Treg NA28 ] ταύρων καὶ τράγων RP</note>

<verse>Hebrews 9:14</verse>
<note>14 ἡμῶν WH NA28 ] ὑμῶν Treg RP</note>

<verse>Hebrews 9:17</verse>
<note>17 μήποτε Treg NA28 RP ] μὴ τότε WH</note>

<verse>Hebrews 9:19</verse>
<note>19 τὸν WH Treg NA28 ] – RP </note>
<note>• μόσχων NIV ] + καὶ τῶν τράγων WH Treg NA28; καὶ τράγων RP</note>

<verse>Hebrews 9:24</verse>
<note>24 εἰσῆλθεν ἅγια WH Treg NA28 ] ἅγια εἰσῆλθεν ὁ RP</note>

<verse>Hebrews 9:26</verse>
<note>26 νυνὶ WH Treg NA28 ] νῦν RP </note>
<note>• ἁμαρτίας NIV RP ] τῆς ἁμαρτίας WH Treg NA28</note>

<verse>Hebrews 10:1</verse>
<note>10:1 δύναται NA28 ] δύνανται WH Treg RP</note>

<verse>Hebrews 10:2</verse>
<note>2 κεκαθαρισμένους WH Treg NA28 ] κεκαθαρμένους RP</note>

<verse>Hebrews 10:8</verse>
<note>8 Θυσίας καὶ προσφορὰς WH Treg NA28 ] Θυσίαν καὶ προσφορὰν RP </note>
<note>• νόμον WH Treg NA28 ] τόν νόμον RP</note>

<verse>Hebrews 10:9</verse>
<note>9 ποιῆσαι WH Treg NA28 ] + ὁ θεός RP</note>

<verse>Hebrews 10:10</verse>
<note>10 ἐσμὲν WH Treg NA28 ] + οἱ RP</note>

<verse>Hebrews 10:12</verse>
<note>12 οὗτος WH Treg NA28 ] αὐτὸς RP</note>

<verse>Hebrews 10:15</verse>
<note>15 εἰρηκέναι WH Treg NA28 ] προειρηκέναι RP</note>

<verse>Hebrews 10:16</verse>
<note>16 τὴν διάνοιαν WH Treg NA28 ] τῶν διανοιῶν RP</note>

<verse>Hebrews 10:17</verse>
<note>17 καὶ WH Treg RP NA28 ] ὕστερον λέγει καὶ NIV </note>
<note>• μνησθήσομαι WH Treg NA28 ] μνησθῶ RP</note>

<verse>Hebrews 10:30</verse>
<note>30 ἀνταποδώσω WH Treg NA28 ] + λέγει κύριος RP </note>
<note>• Κρινεῖ κύριος WH Treg NA28 ] κύριος κρινεῖ RP</note>

<verse>Hebrews 10:34</verse>
<note>34 δεσμίοις WH Treg NA28 ] δεσμοῖς μου RP </note>
<note>• ἑαυτοὺς WH Treg NA28 ] ἑαυτοῖς RP </note>
<note>• ὕπαρξιν WH Treg NA28 ] + ἐν οὐρανοῖς RP</note>

<verse>Hebrews 10:35</verse>
<note>35 μεγάλην μισθαποδοσίαν WH Treg NA28 ] μισθαποδοσίαν μεγάλην RP</note>

<verse>Hebrews 10:38</verse>
<note>38 μου WH Treg NA28 ] – RP</note>

<verse>Hebrews 11:3</verse>
<note>11:3 τὸ βλεπόμενον WH Treg NA28 ] τά βλεπόμενα RP</note>

<verse>Hebrews 11:4</verse>
<note>4 τοῦ θεοῦ WH NA28 RP ] τῷ θεῷ Treg </note>
<note>• λαλεῖ WH Treg NA28 ] λαλεῖται RP</note>

<verse>Hebrews 11:5</verse>
<note>5 μεταθέσεως WH Treg NA28 ] + αὐτοῦ RP</note>

<verse>Hebrews 11:8</verse>
<note>8 Πίστει WH NA28 RP ] + ὁ Treg </note>
<note>• τόπον WH Treg NA28 ] τὸν τόπον RP</note>

<verse>Hebrews 11:11</verse>
<note>11 αὐτῇ Σάρρᾳ Holmes WHmarg ] αὐτὴ Σάρρα WH Treg RP; αὐτὴ Σάρρα στεῖρα NA28 </note>
<note>• ἡλικίας WH Treg NA28 ] + ἔτεκεν RP</note>

<verse>Hebrews 11:13</verse>
<note>13 λαβόντες NA28 RP ] κομισάμενοι WH Treg</note>

<verse>Hebrews 11:15</verse>
<note>15 μνημονεύουσιν Treg ] ἐμνημόνευον WH NA28 RP </note>
<note>• ἐξέβησαν WH Treg NA28 ] ἐξῆλθον RP</note>

<verse>Hebrews 11:20</verse>
<note>20 καὶ WH Treg NA28 ] – RP</note>

<verse>Hebrews 11:29</verse>
<note>29 γῆς WH Treg NA28 ] – RP</note>

<verse>Hebrews 11:30</verse>
<note>30 ἔπεσαν WH Treg NA28 ] ἔπεσεν RP</note>

<verse>Hebrews 11:32</verse>
<note>32 με γὰρ WH Treg NA28 ] γὰρ με RP </note>
<note>• Σαμψών WH Treg NA28 ] τε καὶ Σαμψών καὶ RP</note>

<verse>Hebrews 11:34</verse>
<note>34 μαχαίρης WH Treg NA28 ] μαχαίρας RP </note>
<note>• ἐδυναμώθησαν WH Treg NA28 ] ἐνεδυναμώθησαν RP</note>

<verse>Hebrews 11:37</verse>
<note>37 ἐπρίσθησαν Treg NA28 ] ἐπειράσθησαν ἐπρίσθησαν WH; ἐπρίσθησαν ἐπειράσθησαν RP </note>
<note>• μαχαίρης WH Treg NA28 ] μαχαίρας RP</note>

<verse>Hebrews 11:38</verse>
<note>38 ἐπὶ WH Treg NA28 ] ἐν RP </note>

<verse>Hebrews 11:39</verse>
<note>39 καὶ Holmes ] + οὗτοι WH Treg NA28 RP</note>

<verse>Hebrews 12:3</verse>
<note>12:3 ἑαυτοὺς WH ] ἑαυτὸν NA28 Treg; ἀυτὸν RP</note>

<verse>Hebrews 12:7</verse>
<note>7 γὰρ WH Treg NA28 ] + ἐστιν RP</note>

<verse>Hebrews 12:8</verse>
<note>8 καὶ οὐχ υἱοί ἐστε WH Treg NA28 ] ἐστε καὶ οὐχ υἱοί RP</note>

<verse>Hebrews 12:9</verse>
<note>9 πολὺ WH Treg ] πολὺ δὲ NA28; πολλῷ RP</note>

<verse>Hebrews 12:11</verse>
<note>11 δὲ Treg NA28 RP ] μὲν WH</note>

<verse>Hebrews 12:13</verse>
<note>13 ποιεῖτε WH Treg NA28 ] ποιήσατε RP</note>

<verse>Hebrews 12:15</verse>
<note>15 διʼ αὐτῆς WH NA28 ] διὰ ταύτης Treg RP </note>
<note>• πολλοί NA28 RP ] οἱ πολλοί WH Treg</note>

<verse>Hebrews 12:16</verse>
<note>16 ἑαυτοῦ WH Treg NA28 ] αὐτοῦ RP</note>

<verse>Hebrews 12:18</verse>
<note>18 ψηλαφωμένῳ WH Treg NA28 ] + ὄρει RP </note>
<note>• ζόφῳ WH Treg NA28 ] σκότῳ RP</note>

<verse>Hebrews 12:19</verse>
<note>19 μὴ Treg NA28 RP ] – WH</note>

<verse>Hebrews 12:23</verse>
<note>23 ἀπογεγραμμένων ἐν οὐρανοῖς WH Treg NA28 ] ἐν οὐρανοῖς ἀπογεγραμμένων RP</note>

<verse>Hebrews 12:25</verse>
<note>25 ἐξέφυγον WH Treg NA28 ] ἔφυγον RP </note>
<note>• ἐπὶ γῆς παραιτησάμενοι τὸν WH Treg NA28 ] τὸν ἐπὶ γῆς παραιτησάμενοι RP </note>
<note>• πολὺ WH Treg NA28 ] πολλῷ RP</note>

<verse>Hebrews 12:26</verse>
<note>26 σείσω WH Treg NA28 ] σείω RP</note>

<verse>Hebrews 12:27</verse>
<note>27 τῶν σαλευομένων Holmes WHmarg ] τὴν τῶν σαλευομένων WH Treg NA28;  τῶν σαλευομένων τὴν RP</note>

<verse>Hebrews 12:28</verse>
<note>28 λατρεύωμεν WH Treg NA28 ] λατρεύομεν RP </note>
<note>• εὐλαβείας καὶ δέους WH Treg NA28 ] αἰδοῦς καὶ εὐλαβείας RP</note>

<verse>Hebrews 13:4</verse>
<note>13:4 γὰρ WH Treg NA28 ] δὲ RP</note>

<verse>Hebrews 13:5</verse>
<note>5 ἐγκαταλίπω WH Treg NA28 ] ἐγκαταλείπω RP</note>

<verse>Hebrews 13:6</verse>
<note>6 οὐ WH ] καὶ οὐ Treg NA28 RP</note>

<verse>Hebrews 13:9</verse>
<note>9 περιπατοῦντες WH Treg NA28 ] περιπατήσαντες RP</note>

<verse>Hebrews 13:15</verse>
<note>15 οὖν Treg NA28 RP ] – WH</note>

<verse>Hebrews 13:18</verse>
<note>18 πειθόμεθα WH Treg NA28 ] πεποίθαμεν RP</note>

<verse>Hebrews 13:21</verse>
<note>21 παντὶ WH NA28 ] + ἔργῳ Treg RP </note>
<note>• ἡμῖν WH NA28 ] ὑμῖν Treg RP </note>
<note>• αἰῶνας Holmes ] + τῶν αἰώνων WH Treg NA28 RP</note>

<verse>Hebrews 13:23</verse>
<note>23 ἡμῶν WH Treg NA28 ] – RP</note>

<verse>Hebrews 13:25</verse>
<note>25 ὑμῶν WH NA28 ] + ἀμήν Treg RP</note>
</book>
