<book>
<book-name>ΙΑΚΩΒΟΥ</book-name>

<verse>James 1:5</verse>
<note>1:5 μὴ WH Treg NA28 ] οὐκ RP</note>

<verse>James 1:12</verse>
<note>12 ἐπηγγείλατο WH Treg NA28 ] + ὁ κύριος RP</note>

<verse>James 1:19</verse>
<note>19 Ἴστε WH Treg NA28 ] Ὥστε RP </note>
<note>• δὲ WH Treg NA28 ] – RP</note>

<verse>James 1:20</verse>
<note>20 οὐκ ἐργάζεται WH Treg NA27 ] οὐ κατεργάζεται NA28 RP</note>

<verse>James 1:22</verse>
<note>22 ἀκροαταὶ μόνον WH Treg ] μόνον ἀκροαταὶ NA28 RP</note>

<verse>James 1:25</verse>
<note>25 οὐκ WH Treg NA28 ] οὗτος οὐκ RP</note>

<verse>James 1:26</verse>
<note>26 εἶναι WH Treg NA28 ] + ἐν ὑμῖν RP </note>
<note>• αὐτοῦ Treg NA28 RP ] ἑαυτοῦ WH </note>
<note>• αὐτοῦ Treg NA28 RP ] ἑαυτοῦ WH</note>

<verse>James 1:27</verse>
<note>27 τῷ WH Treg NA28 ] – RP</note>

<verse>James 2:2</verse>
<note>2:2 εἰς WH Treg NA28 ] + τὴν RP</note>

<verse>James 2:3</verse>
<note>3 ἐπιβλέψητε δὲ WH NA28 ] καὶ ἐπιβλέψητε Treg RP </note>
<note>• εἴπητε WH Treg NA28 ] + αὐτῷ RP </note>
<note>• ἢ κάθου ἐκεῖ WH NA28 ] ἐκεῖ ἢ κάθου Treg NA27; ἐκεῖ ἢ κάθου ὧδε RP</note>

<verse>James 2:4</verse>
<note>4 οὐ WH Treg NA27 ] καὶ οὐ NA28 RP</note>

<verse>James 2:5</verse>
<note>5 τῷ κόσμῳ WH Treg NA28 ] τοῦ κόσμου RP</note>

<verse>James 2:10</verse>
<note>10 τηρήσῃ πταίσῃ WH Treg NA28 ] τηρήσει πταίσει RP</note>

<verse>James 2:11</verse>
<note>11 μοιχεύσῃς WH Treg NA28 ] μοιχεύσεις RP </note>
<note>• φονεύσῃς WH Treg NA28 ] φονεύσεις RP </note>
<note>• μοιχεύεις φονεύεις WH Treg NA28 ] μοιχεύσεις φονεύσεις RP</note>

<verse>James 2:13</verse>
<note>13 ἔλεος WH Treg NA28 ] ἔλεον RP</note>

<verse>James 2:14</verse>
<note>14 Τί WH ] + τὸ Treg NA28 RP</note>

<verse>James 2:15</verse>
<note>15 ἐὰν WH Treg NA28 ] + δὲ RP </note>
<note>• λειπόμενοι WH Treg NA27 ] + ὦσιν NA28 RP</note>

<verse>James 2:16</verse>
<note>16 τί WH ] + τὸ Treg NA28 RP</note>

<verse>James 2:17</verse>
<note>17 ἔχῃ ἔργα WH Treg NA28 ] ἔργα ἔχῃ RP</note>

<verse>James 2:18</verse>
<note>18 χωρὶς WH Treg NA28 ] ἐκ RP </note>
<note>• ἔργων WH Treg NA28 ] + σου RP </note>
<note>• σοι δείξω WH Treg NA28 ] δείξω σοι RP </note>
<note>• πίστιν WH Treg NA28 ] + μου RP</note>

<verse>James 2:19</verse>
<note>19 εἷς ἐστιν ὁ θεός Treg NA28 ] εἷς θεός ἐστιν WH; ὁ θεὸς εἷς ἐστιν RP</note>

<verse>James 2:20</verse>
<note>20 ἀργή WH Treg NA28 ] νεκρά RP</note>

<verse>James 2:24</verse>
<note>24 ὁρᾶτε WH Treg NA28 ] + τοίνυν RP</note>

<verse>James 2:26</verse>
<note>26 γὰρ Treg NA28 RP ] – WH </note>
<note>• χωρὶς WH NA28 ] + τῶν Treg RP</note>

<verse>James 3:3</verse>
<note>3:3 εἰ δὲ WH Treg NA28 ] Ἴδε RP </note>
<note>• εἰς WH Treg NA28 ] πρὸς RP</note>

<verse>James 3:4</verse>
<note>4 ἀνέμων σκληρῶν WH Treg NA28 ] σκληρῶν ἀνέμων RP </note>
<note>• ἡ … βούλεται WH Treg NA28 ] ἂν ἡ … βούληται RP</note>

<verse>James 3:5</verse>
<note>5 μεγάλα αὐχεῖ WH Treg NA28 ] μεγαλαυχεῖ RP </note>
<note>• ἡλίκον WH Treg NA28 ] ὀλίγον RP</note>

<verse>James 3:6</verse>
<note>6 ἀδικίας WH Treg NA28 ] + οὕτως RP</note>

<verse>James 3:8</verse>
<note>8 δαμάσαι δύναται ἀνθρώπων WH Treg NA28 ] δύναται ἀνθρώπων δαμάσαι RP </note>
<note>• ἀκατάστατον WH Treg NA28 ] ἀκατάσχετον RP</note>

<verse>James 3:9</verse>
<note>9 κύριον WH Treg NA28 ] θεὸν RP</note>

<verse>James 3:12</verse>
<note>12 οὔτε ἁλυκὸν WH Treg NA28 ] Οὕτως οὐδεμια πηγὴ ἁλυκὸν καὶ RP</note>

<verse>James 3:17</verse>
<note>17 ἀδιάκριτος WH Treg NA28 ] + καὶ RP</note>

<verse>James 3:18</verse>
<note>18 δὲ WH Treg NA28 ] + τῆς RP</note>

<verse>James 4:1</verse>
<note>4:1 πόθεν WH Treg NA28 ] – RP</note>

<verse>James 4:4</verse>
<note>4 μοιχαλίδες WH Treg NA28 ] Μοιχοὶ καὶ μοιχαλίδες RP </note>
<note>• ἐὰν WH NA28 ] ἂν Treg RP</note>

<verse>James 4:5</verse>
<note>5 κατῴκισεν WH Treg NA28 ] κατῴκησεν RP</note>

<verse>James 4:8</verse>
<note>8 ἐγγιεῖ Treg NA28 RP ] ἐγγίσει WH</note>

<verse>James 4:9</verse>
<note>9 μετατραπήτω WH NA28 ] μεταστραφήτω Treg RP</note>

<verse>James 4:10</verse>
<note>10 κυρίου WH Treg NA27 ] τοῦ κυρίου NA28 RP</note>

<verse>James 4:11</verse>
<note>11 ἢ WH Treg NA28 ] καὶ RP</note>

<verse>James 4:12</verse>
<note>12 ἐστιν WH ] + ὁ Treg NA28 RP </note>
<note>• καὶ κριτής WH Treg NA28 ] – RP </note>
<note>• ὁ κρίνων WH Treg NA28 ] ὃς κρίνεις RP </note>
<note>• πλησίον WH Treg NA28 ] ἕτερον RP</note>

<verse>James 4:13</verse>
<note>13 ἢ WH Treg NA28 ] καὶ RP </note>
<note>• πορευσόμεθα WH Treg NA28 ] πορευσώμεθα RP </note>
<note>• ποιήσομεν WH NA28 ] ποιήσωμεν Treg RP </note>
<note>• ἐνιαυτὸν WH Treg NA28 ] + ἕνα RP </note>
<note>• ἐμπορευσόμεθα WH Treg NA28 ] ἐμπορευσώμεθα RP </note>
<note>• κερδήσομεν WH Treg NA28 ] κερδήσωμεν RP</note>

<verse>James 4:14</verse>
<note>14 τὸ Treg NA28 RP ] – WH </note>
<note>• ποία WH NA28 ] + γὰρ Treg RP </note>
<note>• ἐστε WH Treg NA28 ] ἔσται RP </note>
<note>• ἡ Treg NA28 RP ] – WH </note>
<note>• ἔπειτα WH Treg NA28 ] + δὲ RP</note>

<verse>James 4:15</verse>
<note>15 θελήσῃ Treg NA28 RP ] θέλῃ WH </note>
<note>• ζήσομεν WH Treg NA28 ] ζήσωμεν RP </note>
<note>• ποιήσομεν WH Treg NA28 ] ποιήσωμεν RP</note>

<verse>James 5:4</verse>
<note>5:4 ἀφυστερημένος WH Treg ] ἀπεστερημένος NA28 RP </note>
<note>• εἰσεληλύθασιν NA28 RP ] εἰσελήλυθαν WH Treg</note>

<verse>James 5:5</verse>
<note>5 ὑμῶν WH Treg NA28 ] + ὡς RP</note>

<verse>James 5:7</verse>
<note>7 αὐτῷ WH Treg NA28 ] αὐτόν RP </note>
<note>• λάβῃ WH Treg NA28 ] + ὑετὸν RP</note>

<verse>James 5:9</verse>
<note>9 ἀδελφοί κατʼ ἀλλήλων WH Treg NA28 ] κατʼ ἀλλήλων ἀδελφοί RP</note>

<verse>James 5:10</verse>
<note>10 ἀδελφοί WH Treg NA28 ] + μου RP </note>
<note>• ἐν WH Treg NA28 ] – RP</note>

<verse>James 5:11</verse>
<note>11 ὑπομείναντας WH Treg NA28 ] ὑπομένοντας RP </note>
<note>• εἴδετε WH Treg NA28 ] ἴδετε RP </note>
<note>• ὁ κύριος WH Treg NA28 ] – RP</note>

<verse>James 5:12</verse>
<note>12 ὑπὸ κρίσιν WH Treg NA28 ] εἴς ὑπὸκρίσιν RP</note>

<verse>James 5:14</verse>
<note>14 αὐτὸν Treg NA28 RP ] – WH</note>

<verse>James 5:16</verse>
<note>16 οὖν WH Treg NA28 ] – RP </note>
<note>• τὰς ἁμαρτίας WH Treg NA28 ] τὰ παραπτώματα RP </note>
<note>• εὔχεσθε Treg NA28 RP ] προσεύχεσθε WH</note>

<verse>James 5:18</verse>
<note>18 ὑετὸν ἔδωκεν WH NA28 RP ] ἔδωκεν ὑετὸν Treg</note>

<verse>James 5:19</verse>
<note>19 μου WH Treg NA28 ] – RP</note>

<verse>James 5:20</verse>
<note>20 γινωσκέτω Treg NA28 RP ] γινώσκετε WH </note>
<note>• αὐτοῦ WH NA28 ] – Treg RP</note>
</book>
