<book>
<book-name>ΚΑΤΑ ΜΑΘΘΑΙΟΝ</book-name>

<verse>Matthew 1:5</verse>
<note>1:5 Βόες … Βόες WH NA28 ] Βοὸς … Βοὸς Treg; Βοὸζ … Βοὸζ RP </note>
<note>• Ἰωβὴδ … Ἰωβὴδ WH Treg NA28 ] Ὠβὴδ … Ὠβὴδ RP</note>

<verse>Matthew 1:6</verse>
<note>6 δὲ WH Treg NA28 ] + ὁ βασιλεὺς RP</note>

<verse>Matthew 1:7</verse>
<note>7–8 Ἀσάφ Ἀσὰφ WH Treg NA28 ] Ἀσά Ἀσὰ NIV RP</note>

<verse>Matthew 1:10</verse>
<note>10 Ἀμώς Ἀμὼς WH Treg NA28 ] Ἀμών Ἀμὼν NIV RP</note>

<verse>Matthew 1:18</verse>
<note>18 Ἰησοῦ WH NA28 RP ] – Treg </note>
<note>• γένεσις WH Treg NA28 ] γέννησις RP </note>
<note>• μνηστευθείσης WH Treg NA28 ] + γὰρ RP</note>

<verse>Matthew 1:19</verse>
<note>19 δειγματίσαι WH Treg NA28 ] παραδειγματίσαι RP</note>

<verse>Matthew 1:20</verse>
<note>20 Μαρίαν WH NA28 ] Μαριὰμ Treg RP</note>

<verse>Matthew 1:22</verse>
<note>22 ὑπὸ WH Treg NA28 ] + τοῦ RP</note>

<verse>Matthew 1:24</verse>
<note>24 ἐγερθεὶς WH Treg NA28 ] Διεγερθεὶς RP</note>

<verse>Matthew 1:25</verse>
<note>25 υἱόν WH Treg NA28 ] τὸν υἱὸν αὐτῆς τὸν πρωτότοκον RP</note>

<verse>Matthew 2:3</verse>
<note>2:3 ὁ βασιλεὺς Ἡρῴδης WH Treg NA28 ] Ἡρῴδης ὁ βασιλεὺς RP</note>

<verse>Matthew 2:8</verse>
<note>8 ἐξετάσατε ἀκριβῶς WH Treg NA28 ] ἀκριβῶς ἐξετάσατε RP</note>

<verse>Matthew 2:9</verse>
<note>9 ἐστάθη WH Treg NA28 ] ἔστη RP</note>

<verse>Matthew 2:13</verse>
<note>13 φαίνεται κατʼ ὄναρ WH NA28 RP ] κατʼ ὄναρ φαίνεται Treg</note>

<verse>Matthew 2:15</verse>
<note>15 ὑπὸ WH Treg NA28 ] + τοῦ RP</note>

<verse>Matthew 2:17</verse>
<note>17 διὰ WH Treg NA28 ] ὑπὸ RP</note>

<verse>Matthew 2:18</verse>
<note>18 ἠκούσθη WH Treg NA28 ] + θρῆνος καὶ RP</note>

<verse>Matthew 2:19</verse>
<note>19 φαίνεται κατʼ ὄναρ WH Treg NA28 ] κατʼ ὄναρ φαίνεται RP</note>

<verse>Matthew 2:21</verse>
<note>21 εἰσῆλθεν WH Treg NA28 ] ἦλθεν RP</note>

<verse>Matthew 2:22</verse>
<note>22 βασιλεύει WH NA28 ] + ἐπὶ RP Treg </note>
<note>• τοῦ πατρὸς αὐτοῦ Ἡρῴδου WH Treg NA28 ] Ἡρῴδου τοῦ πατρὸς αὐτοῦ RP</note>

<verse>Matthew 3:2</verse>
<note>3:2 καὶ Treg NA28 RP ] – WH</note>

<verse>Matthew 3:3</verse>
<note>3 διὰ WH Treg NA28 ] ὑπὸ RP</note>

<verse>Matthew 3:4</verse>
<note>4 ἦν αὐτοῦ WH Treg NA28 ] αὐτοῦ ἦν RP</note>

<verse>Matthew 3:6</verse>
<note>6 ποταμῷ WH Treg NA28 ] – RP</note>

<verse>Matthew 3:7</verse>
<note>7 αὐτοῦ Treg NA28 RP ] – WH</note>

<verse>Matthew 3:10</verse>
<note>10 δὲ WH Treg NA28 ] + καὶ RP</note>

<verse>Matthew 3:11</verse>
<note>11 ὑμᾶς βαπτίζω WH Treg NA28 ] βαπτίζω ὑμᾶς RP </note>
<note>• καὶ πυρί WH Treg NA28 ] – RP</note>

<verse>Matthew 3:12</verse>
<note>12 ἀποθήκην WH NA28 RP ] + αὐτοῦ Treg</note>

<verse>Matthew 3:14</verse>
<note>14 Ἰωάννης Treg NA28 RP ] – WH</note>

<verse>Matthew 3:15</verse>
<note>15 πρὸς αὐτόν Treg NA28 RP ] αὐτῷ WH</note>

<verse>Matthew 3:16</verse>
<note>16 βαπτισθεὶς δὲ WH Treg NA28 ] Καὶ βαπτισθεὶς RP </note>
<note>• εὐθὺς ἀνέβη WH Treg NA28 ] ἀνέβη εὐθὺς RP </note>
<note>• ἠνεῴχθησαν WH NIV ] + αὐτῷ Treg RP NA28 </note>
<note>• πνεῦμα WH ] τὸ πνεῦμα τοῦ Treg NA28 RP </note>
<note>•  περιστερὰν WH ] + καὶ Treg NA28 RP</note>

<verse>Matthew 4:3</verse>
<note>4:3 ὁ πειράζων εἶπεν αὐτῷ WH Treg NA28 ] αὐτῷ ὁ πειράζων εἶπεν RP</note>

<verse>Matthew 4:4</verse>
<note>4 ὁ WH Treg NA28 ] – RP </note>
<note>• ἐπὶ WH NA28 RP ] ἐν Treg</note>

<verse>Matthew 4:5</verse>
<note>5 ἔστησεν WH Treg NA28 ] ἵστησιν RP</note>

<verse>Matthew 4:9</verse>
<note>9 εἶπεν WH Treg NA28 ] λέγει RP </note>
<note>• σοι πάντα WH Treg NA28 ] πάντα σοι RP</note>

<verse>Matthew 4:10</verse>
<note>10 Ὕπαγε WH Treg NA28 ] + ὀπίσω μου NIV RP</note>

<verse>Matthew 4:12</verse>
<note>12 δὲ WH Treg NA28 ] + ὁ Ἰησοῦς RP</note>

<verse>Matthew 4:16</verse>
<note>16 σκοτίᾳ WH Treg ] σκότει NA28 RP </note>
<note>• φῶς εἶδεν WH Treg NA28 ] εἶδεν φῶς RP</note>

<verse>Matthew 4:23</verse>
<note>23 ἐν ὅλῃ τῇ Γαλιλαίᾳ WH NA28 ] ὁ Ἰησοῦς ἐν ὅλῃ τῇ Γαλιλαίᾳ Treg; ὅλην τὴν Γαλιλαίαν ὁ Ἰησοῦς RP</note>

<verse>Matthew 4:24</verse>
<note>24 συνεχομένους WH Treg ] + καὶ NA28 RP</note>

<verse>Matthew 5:11</verse>
<note>5:11 πονηρὸν WH Treg NA28 ] + ῥῆμα RP</note>

<verse>Matthew 5:13</verse>
<note>13 βληθὲν ἔξω WH Treg NA28 ] βληθῆναι ἔξω καὶ RP</note>

<verse>Matthew 5:20</verse>
<note>20 ὑμῶν ἡ δικαιοσύνη WH NA28 ] ἡ δικαιοσύνη ὑμῶν Treg RP</note>

<verse>Matthew 5:22</verse>
<note>22 αὐτοῦ WH NA28 ] + εἰκῆ Treg RP</note>

<verse>Matthew 5:25</verse>
<note>25 μετʼ αὐτοῦ ἐν τῇ ὁδῷ WH Treg NA28 ] ἐν τῇ ὁδῷ μετʼ αὐτοῦ RP </note>
<note>• κριτὴς WH NA28 ] + σε παραδῷ Treg RP</note>

<verse>Matthew 5:30</verse>
<note>30 εἰς γέενναν ἀπέλθῃ WH Treg NA28 ] βληθῇ εἰς γέενναν RP</note>

<verse>Matthew 5:31</verse>
<note>31 δέ WH Treg NA28 ] + ὅτι RP</note>

<verse>Matthew 5:32</verse>
<note>32 πᾶς ὁ ἀπολύων WH Treg NA28 ] ὃς ἂν ἀπολύσῃ RP </note>
<note>• μοιχευθῆναι WH Treg NA28 ] μοιχᾶσθαι RP</note>

<verse>Matthew 5:36</verse>
<note>36 ποιῆσαι ἢ μέλαιναν WH Treg NA28 ] ἢ μέλαιναν ποιῆσαι RP</note>

<verse>Matthew 5:39</verse>
<note>39 ῥαπίζει WH Treg NA28 ] ῥαπίσει RP </note>
<note>• εἰς WH Treg NA28 ] ἐπί RP </note>
<note>• σιαγόνα NIV RP ] + σου WH Treg NA28</note>

<verse>Matthew 5:42</verse>
<note>42 δός WH Treg NA28 ] δίδου RP</note>

<verse>Matthew 5:44</verse>
<note>44 ὑμῶν WH Treg NA28 ] + εὐλογεῖτε τοὺς καταρωμένους ὑμᾶς καλῶς ποιεῖτε τοῖς μισοῦσιν ὑμᾶς RP </note>
<note>• τῶν WH Treg NA28 ] + ἐπηρεαζόντων ὑμᾶς καὶ RP</note>

<verse>Matthew 5:45</verse>
<note>45 ἐν WH Treg NA28 ] + τοῖς RP</note>

<verse>Matthew 5:46</verse>
<note>46 τὸ αὐτὸ WH NA28 RP ] οὕτως Treg</note>

<verse>Matthew 5:47</verse>
<note>47 ἀδελφοὺς WH Treg NA28 ] φίλους RP </note>
<note>• ἐθνικοὶ WH Treg NA28 ] τελῶναι RP </note>
<note>• τὸ αὐτὸ WH Treg NA28 ] οὕτως RP</note>

<verse>Matthew 5:48</verse>
<note>48 ὡς WH Treg NA28 ] ὥσπερ RP </note>
<note>• οὐράνιος WH Treg NA28 ] ἐν τοῖς οὐρανοῖς RP</note>

<verse>Matthew 6:1</verse>
<note>6:1 δὲ WH NA28 ] – Treg NIV RP </note>
<note>• δικαιοσύνην WH Treg NA28 ] ἐλεημοσύνην RP</note>

<verse>Matthew 6:4</verse>
<note>4 κρυπτῷ WH Treg NA28 ] + αὑτὸς RP </note>
<note>• σοι WH Treg NA28 ] + ἐν τῷ φανερῷ RP</note>

<verse>Matthew 6:5</verse>
<note>5 προσεύχησθε, οὐκ ἔσεσθε ὡς WH Treg NA28 ] προσεύχῃ οὐκ ἔσῃ ὥσπερ RP </note>
<note>• ὅπως WH Treg NA28 ] + ἂν RP </note>
<note>• ὑμῖν WH Treg NA28 ] + ὅτι RP</note>

<verse>Matthew 6:6</verse>
<note>6 σοι WH Treg NA28 ] + ἐν τῷ φανερῷ RP</note>

<verse>Matthew 6:8</verse>
<note>8 ὁ Treg NA28 RP ] + θεὸς ὁ WH</note>

<verse>Matthew 6:10</verse>
<note>10 ἐπὶ WH Treg NA28 ] + τῆς RP</note>

<verse>Matthew 6:12</verse>
<note>12 ἀφήκαμεν WH Treg NA28 ] ἀφίεμεν RP</note>

<verse>Matthew 6:13</verse>
<note>13 πονηροῦ WH Treg NA28 ] + Ὅτι σοῦ ἐστιν ἡ βασιλεία καὶ ἡ δύναμις καὶ ἡ δόξα εἰς τοῦς αἰῶνας Ἀμήν RP</note>

<verse>Matthew 6:15</verse>
<note>15 ἀνθρώποις NA28 ] + τὰ παραπτώματα αὐτῶν WH Treg NIV RP</note>

<verse>Matthew 6:16</verse>
<note>16 ὡς WH Treg NA28 ] ὥσπερ RP </note>
<note>• ὑμῖν WH Treg NA28 ] + ὅτι RP</note>

<verse>Matthew 6:18</verse>
<note>18 ⸀κρυφαίῳ WH Treg NA28 ] κρυπτῷ RP </note>
<note>• ⸁κρυφαίῳ WH Treg NA28 ] κρυπτῷ RP</note>

<verse>Matthew 6:21</verse>
<note>21 ⸀σου WH Treg NA28 ] ὑμῶν RP </note>
<note>• ⸁σου WH Treg NA28 ] ὑμῶν RP</note>

<verse>Matthew 6:22</verse>
<note>22 ᾖ ὁ ὀφθαλμός σου ἁπλοῦς WH NA28 ] ὁ ὀφθαλμός σου ἁπλοῦς ᾖ Treg RP</note>

<verse>Matthew 6:25</verse>
<note>25 φάγητε Holmes WHmarg ] + ἢ τί πίητε WH Treg NA28; + καὶ τί πίητε RP</note>

<verse>Matthew 6:28</verse>
<note>28 αὐξάνουσιν· οὐ κοπιῶσιν οὐδὲ νήθουσιν WH NA28 ] αὐξάνουσιν· οὐ κοπιοῦσιν οὐδὲ νήθουσιν Treg; αὐξάνει οὐ κοπιᾷ οὐδὲ νήθει RP</note>

<verse>Matthew 6:32</verse>
<note>32 ἐπιζητοῦσιν WH Treg NA28 ] ἐπιζητεῖ RP</note>

<verse>Matthew 6:33</verse>
<note>33 βασιλείαν WH ] + τοῦ θεοῦ Treg NA28 RP</note>

<verse>Matthew 6:34</verse>
<note>34 αὑτῆς WH ] ἑαυτῆς Treg NA28; τὰ ἑαυτῆς RP</note>

<verse>Matthew 7:4</verse>
<note>7:4 ἐκ WH Treg NA28 ] ἀπὸ RP</note>

<verse>Matthew 7:5</verse>
<note>5 ἐκ τοῦ ὀφθαλμοῦ σοῦ τὴν δοκόν WH Treg NA28 ] τὴν δοκὸν ἐκ τοῦ ὀφθαλμοῦ σου RP</note>

<verse>Matthew 7:6</verse>
<note>6 καταπατήσουσιν WH Treg NA28 ] καταπατήσωσιν RP</note>

<verse>Matthew 7:8</verse>
<note>8 ἀνοιγήσεται WH NA28 RP ] ἀνοίγεται Treg</note>

<verse>Matthew 7:9</verse>
<note>9 ἐστιν NA28 RP ] – WH Treg </note>
<note>• αἰτήσει WH Treg NA28 ] ἐὰν αἰτήσῃ NIV RP</note>

<verse>Matthew 7:10</verse>
<note>10 ἢ WH Treg NA28 ] – RP </note>
<note>• ἰχθὺν αἰτήσει WH Treg NA28 ] ἐὰν ἰχθὺν αἰτήσῃ RP</note>

<verse>Matthew 7:12</verse>
<note>12 ἐὰν WH NA28 ] ἂν Treg RP</note>

<verse>Matthew 7:13</verse>
<note>13 ἡ πύλη Treg NA28 RP ] – WH</note>

<verse>Matthew 7:14</verse>
<note>14 ὅτι WH ] ὅτι δὲ NIV; τί Treg RP NA28</note>

<verse>Matthew 7:15</verse>
<note>15 Προσέχετε WH NA28 ] + δὲ Treg RP</note>

<verse>Matthew 7:16</verse>
<note>16 σταφυλὰς WH Treg NA28 ] σταφυλήν RP</note>

<verse>Matthew 7:18</verse>
<note>18 ποιεῖν Treg NA28 RP ] ἐνεγκεῖν WH</note>

<verse>Matthew 7:21</verse>
<note>21 τοῖς WH Treg NA28 ] – RP</note>

<verse>Matthew 7:24</verse>
<note>24 ὁμοιωθήσεται WH Treg NA28 ] ὁμοιώσω αὐτὸν RP </note>
<note>• αὐτοῦ τὴν οἰκίαν WH Treg NA28 ] τὴν οἰκίαν αὐτοῦ RP</note>

<verse>Matthew 7:26</verse>
<note>26 αὐτοῦ τὴν οἰκίαν WH Treg NA28 ] τὴν οἰκίαν αὐτοῦ RP</note>

<verse>Matthew 7:28</verse>
<note>28 ἐτέλεσεν WH Treg NA28 ] συνετέλεσεν RP</note>

<verse>Matthew 7:29</verse>
<note>29 αὐτῶν WH Treg NA28 ] – RP</note>

<verse>Matthew 8:1</verse>
<note>8:1 Καταβάντος δὲ αὐτοῦ WH Treg NA28 ] Καταβάντι δὲ αὐτῷ RP</note>

<verse>Matthew 8:2</verse>
<note>2 προσελθὼν WH Treg NA28 ] ἐλθὼν RP</note>

<verse>Matthew 8:3</verse>
<note>3 αὐτοῦ WH Treg NA28 ] + ὁ Ἰησοῦς RP</note>

<verse>Matthew 8:5</verse>
<note>5 Εἰσελθόντος δὲ αὐτοῦ WH Treg NA28 ] Εἰσελθόντι δὲ αὐτῷ RP</note>

<verse>Matthew 8:7</verse>
<note>7 καὶ Treg NA28 RP ] – WH </note>
<note>• αὐτῷ WH NA28 ] + ὁ Ἰησοῦς Treg RP</note>

<verse>Matthew 8:8</verse>
<note>8 καὶ ἀποκριθεὶς NA28 RP ] ἀποκριθεὶς δὲ WH Treg</note>

<verse>Matthew 8:9</verse>
<note>9 ἐξουσίαν Treg NA28 RP ] + τασσόμενος WH</note>

<verse>Matthew 8:10</verse>
<note>10 παρʼ οὐδενὶ τοσαύτην πίστιν ἐν τῷ Ἰσραὴλ WH Treg NA28 ] οὐδὲ ἐν τῷ Ἰσραὴλ τοσαύτην πίστιν RP</note>

<verse>Matthew 8:13</verse>
<note>13 ὡς WH NA28 ] καὶ ὡς Treg RP </note>
<note>• παῖς WH Treg ] + αὐτοῦ NA28 RP</note>

<verse>Matthew 8:18</verse>
<note>18 πολλοὺς ὄχλους Treg RP ] ὄχλον WH NA28</note>

<verse>Matthew 8:21</verse>
<note>21 μαθητῶν WH Treg ] + αὐτοῦ NA28 RP</note>

<verse>Matthew 8:22</verse>
<note>22 λέγει WH Treg NA28 ] εἶπεν RP</note>

<verse>Matthew 8:23</verse>
<note>23 εἰς WH Treg ] + τὸ NA28 RP</note>

<verse>Matthew 8:25</verse>
<note>25 προσελθόντες WH Treg NA28 ] + οἱ μαθηταὶ RP </note>
<note>• σῶσον WH Treg NA28 ] + ἡμᾶς NIV RP</note>

<verse>Matthew 8:27</verse>
<note>27 αὐτῷ ὑπακούουσιν WH Treg NA28 ] ὑπακούουσιν αὐτῷ RP</note>

<verse>Matthew 8:28</verse>
<note>28 ἐλθόντος αὐτοῦ WH Treg NA28 ] ἐλθόντι αὐτῷ RP </note>
<note>• Γαδαρηνῶν WH Treg NA28 ] Γεργεσηνῶν RP</note>

<verse>Matthew 8:29</verse>
<note>29 σοί WH Treg NA28 ] + Ἰησοῦ RP</note>

<verse>Matthew 8:31</verse>
<note>31 ἀπόστειλον ἡμᾶς WH Treg NA28 ] ἐπίτρεψον ἡμῖν ἀπελθεῖν RP</note>

<verse>Matthew 8:32</verse>
<note>32 τοὺς χοίρους WH Treg NA28 ] τὴν ἀγέλην τῶν χοίρων RP </note>
<note>• ἀγέλη WH Treg NA28 ] + τῶν χοίρων RP</note>

<verse>Matthew 8:34</verse>
<note>34 ὑπάντησιν WH Treg NA28 ] συνάντησιν RP</note>

<verse>Matthew 9:1</verse>
<note>9:1 ἐμβὰς WH Treg RP NA28 ] + ὁ Ἰησοῦς NIV </note>
<note>• εἰς WH Treg NA28 ] + τὸ RP</note>

<verse>Matthew 9:2</verse>
<note>2 ἀφίενταί WH Treg NA28 ] ἀφέωνταί RP </note>
<note>• σου αἱ ἁμαρτίαι WH Treg NA28 ] σοι αἱ ἁμαρτίαι σου RP</note>

<verse>Matthew 9:4</verse>
<note>4 εἰδὼς WH Treg NIV ] ἰδὼν RP NA28 </note>
<note>• Ἱνατί WH Treg NA28 ] + ὑμεῖς RP</note>

<verse>Matthew 9:5</verse>
<note>5 Ἀφίενταί WH Treg NA28 ] Ἀφέωνταί RP </note>
<note>• Ἔγειρε WH Treg NA28 ] Ἔγειραι RP</note>

<verse>Matthew 9:6</verse>
<note>6 Ἐγερθεὶς NA28 RP ] Ἔγειρε WH Treg</note>

<verse>Matthew 9:8</verse>
<note>8 ἐφοβήθησαν WH Treg NA28 ] ἐθαύμασαν RP</note>

<verse>Matthew 9:10</verse>
<note>10 καὶ WH Treg RP NA28 ] – NIV</note>

<verse>Matthew 9:11</verse>
<note>11 ἔλεγον WH Treg NA28 ] εἶπον RP</note>

<verse>Matthew 9:12</verse>
<note>12 δὲ WH NA28 ] + Ἰησοῦς Treg RP </note>
<note>• εἶπεν WH Treg NA28 ] + αὐτοῖς RP</note>

<verse>Matthew 9:13</verse>
<note>13 ἁμαρτωλούς WH Treg NA28 ] + εἰς μετάνοιαν RP</note>

<verse>Matthew 9:14</verse>
<note>14 πολλά Treg RP NA28 ] – WH NIV</note>

<verse>Matthew 9:17</verse>
<note>17 ἀπόλλυνται WH Treg NA28 ] ἀπολοῦνται RP</note>

<verse>Matthew 9:18</verse>
<note>18 ἐλθὼν Treg NA28 RP ] προσελθὼν WH</note>

<verse>Matthew 9:19</verse>
<note>19 ἠκολούθει WH Treg ] ἠκολούθησεν NA28 RP</note>

<verse>Matthew 9:22</verse>
<note>22 στραφεὶς WH Treg NA28 ] ἐπιστραφεὶς RP</note>

<verse>Matthew 9:24</verse>
<note>24 ἔλεγεν WH Treg NA28 ] λέγει αὐτοῖς RP</note>

<verse>Matthew 9:27</verse>
<note>27 αὐτῷ Treg NA28 RP ] – WH </note>
<note>• υἱὲ WH RP ] υἱὸς Treg NA28</note>

<verse>Matthew 9:30</verse>
<note>30 ἐνεβριμήθη WH Treg NA28 ] ἐνεβριμήσατο RP</note>

<verse>Matthew 9:32</verse>
<note>32 ἄνθρωπον Treg NA28 RP ] – WH</note>

<verse>Matthew 9:35</verse>
<note>35 μαλακίαν WH Treg NA28 ] + ἐν τῷ λαῷ RP</note>

<verse>Matthew 9:36</verse>
<note>36 ὡσεὶ WH NA28 RP ] ὡς Treg</note>

<verse>Matthew 10:2</verse>
<note>10:2 αὐτοῦ Treg RP ] + καὶ WH NA28</note>

<verse>Matthew 10:3</verse>
<note>3 Θαδδαῖος WH Treg NA28 ] Λεββαῖος ὁ ἐπικληθεὶς Θαδδαῖος RP</note>

<verse>Matthew 10:4</verse>
<note>4 Καναναῖος WH Treg NA28 ] Κανανίτης RP </note>
<note>• ὁ WH NA28 ] – Treg RP</note>

<verse>Matthew 10:8</verse>
<note>8 νεκροὺς ἐγείρετε WH Treg NA28 ] – RP</note>

<verse>Matthew 10:10</verse>
<note>10 ῥάβδον WH Treg NA28 ] ῥάβδους RP </note>
<note>• αὐτοῦ WH Treg NA28 ] + ἐστιν RP</note>

<verse>Matthew 10:13</verse>
<note>13 πρὸς Treg NA28 RP ] ἐφʼ WH</note>

<verse>Matthew 10:14</verse>
<note>14 ἂν WH Treg NA28 ] ἐὰν RP </note>
<note>• ἔξω WH Treg NA28 ] – RP</note>

<verse>Matthew 10:19</verse>
<note>19 παραδῶσιν WH Treg NA28 ] παραδιδῶσιν RP </note>
<note>• λαλήσητε WH Treg NA28 ] λαλήσετε RP</note>

<verse>Matthew 10:23</verse>
<note>23 ἑτέραν WH Treg NA28 ] ἄλλην RP </note>
<note>• τοῦ WH RP NA28 ] – Treg NIV </note>
<note>• ἂν Treg NA28 RP ] – WH</note>

<verse>Matthew 10:25</verse>
<note>25 ἐπεκάλεσαν WH Treg NA28 ] ἐκάλεσαν RP</note>

<verse>Matthew 10:28</verse>
<note>28 ⸀φοβεῖσθε Treg NA28 RP ] φοβηθῆτε WH </note>
<note>• ⸁φοβεῖσθε WH NA28 ] φοβήθητε Treg RP </note>
<note>• ⸀καὶ WH Treg NA28 ] + τὴν RP </note>
<note>• ⸁καὶ WH Treg NA28 ] + τὸ RP</note>

<verse>Matthew 10:31</verse>
<note>31 φοβεῖσθε WH Treg NA28 ] φοβηθῆτε RP</note>

<verse>Matthew 10:32</verse>
<note>32 ἐν NIV RP ] + τοῖς WH Treg NA28</note>

<verse>Matthew 10:33</verse>
<note>33 δʼ ἂν NA28 RP ] δὲ WH Treg </note>
<note>• κἀγὼ αὐτὸν WH Treg NA28 ] αὐτὸν κἀγὼ RP </note>
<note>• ἐν NIV RP ] + τοῖς WH Treg NA28</note>

<verse>Matthew 10:42</verse>
<note>42 ἂν WH Treg NA28 ] ἐὰν RP</note>

<verse>Matthew 11:2</verse>
<note>11:2 διὰ WH Treg NA28 ] δύο RP</note>

<verse>Matthew 11:5</verse>
<note>5 καὶ WH Treg NA28 ] – RP</note>

<verse>Matthew 11:6</verse>
<note>6 ἐὰν NA28 RP ] ἂν WH Treg</note>

<verse>Matthew 11:8</verse>
<note>8 μαλακοῖς WH Treg NA28 ] + ἱματίοις RP </note>
<note>• βασιλέων WH Treg NA28 ] βασιλείων RP </note>
<note>• εἰσίν Treg NA28 RP ] – WH</note>

<verse>Matthew 11:9</verse>
<note>9 ; προφήτην ἰδεῖν WH ] ἰδεῖν; προφήτην Treg NA28 RP</note>

<verse>Matthew 11:10</verse>
<note>10 οὗτός WH NA28 ] + γάρ Treg RP</note>

<verse>Matthew 11:15</verse>
<note>15 ὦτα WH NA28 ] + ἀκούειν Treg RP</note>

<verse>Matthew 11:16</verse>
<note>16 καθημένοις ἐν ταῖς ἀγοραῖς ἃ προσφωνοῦντα τοῖς ἑτέροις WH Treg NA28 ] ἐν ἀγοραῖς καθημένοις καὶ προσφωνοῦσιν τοῖς ἑταίροις αὐτῶν RP</note>

<verse>Matthew 11:17</verse>
<note>17 λέγουσιν WH Treg NA28 ] καὶ λέγουσιν RP </note>
<note>•  ἐθρηνήσαμεν WH Treg NA28 ] + ὑμῖν RP</note>

<verse>Matthew 11:19</verse>
<note>19 ἔργων WH Treg NA28 ] τέκνων RP</note>

<verse>Matthew 11:20</verse>
<note>20 ἤρξατο WH Treg RP NA28 ] + ὁ Ἰησοῦς NIV</note>

<verse>Matthew 11:23</verse>
<note>23 μὴ ἕως οὐρανοῦ ὑψωθήσῃ WH Treg NA28 ] ἡ ἕως τοῦ οὐρανοῦ ὑψωθεῖσα RP </note>
<note>• καταβήσῃ WH Treg NA28 ] καταβιβασθήσῃ RP </note>
<note>• ἐγενήθησαν WH Treg NA28 ] ἐγένοντο RP </note>
<note>• ἔμεινεν WH Treg NA28 ] ἔμειναν RP</note>

<verse>Matthew 11:25</verse>
<note>25 ἔκρυψας WH Treg NA28 ] ἀπέκρυψας RP</note>

<verse>Matthew 11:26</verse>
<note>26 εὐδοκία ἐγένετο WH NA28 ] ἐγένετο εὐδοκία Treg RP</note>

<verse>Matthew 12:3</verse>
<note>12:3 ἐπείνασεν WH Treg NA28 ] + αὐτὸς RP</note>

<verse>Matthew 12:4</verse>
<note>4 ἔφαγον, ὃ WH NA28 ] ἔφαγεν, ὃ Treg; ἔφαγεν οὓς RP</note>

<verse>Matthew 12:10</verse>
<note>10 ἄνθρωπος WH Treg NA28 ] + ἦν τὴν RP </note>
<note>• θεραπεύειν WH Treg RP ] θεραπεῦσαι NA28</note>

<verse>Matthew 12:11</verse>
<note>11 ἔσται WH NA28 RP ] – Treg</note>

<verse>Matthew 12:13</verse>
<note>13 σου τὴν χεῖρα WH Treg NA28 ] τὴν χεῖρά σου RP</note>

<verse>Matthew 12:14</verse>
<note>14 ἐξελθόντες δὲ οἱ Φαρισαῖοι … αὐτοῦ WH Treg NA28 ] Οἱ δὲ Φαρισαῖοι … αὐτοῦ ἐξελθόντες RP</note>

<verse>Matthew 12:15</verse>
<note>15 αὐτῷ WH NIV ] + ὄχλοι Treg RP NA28</note>

<verse>Matthew 12:17</verse>
<note>17 ἵνα WH Treg NA28 ] ὅπως RP</note>

<verse>Matthew 12:18</verse>
<note>18 εἰς ὃν NA28 RP ] ὃν WH; ἐν ᾧ Treg</note>

<verse>Matthew 12:22</verse>
<note>22 προσηνέχθη αὐτῷ δαιμονιζόμενος τυφλὸς καὶ κωφός Treg RP NA28 ] προσήνεγκαν αὐτῷ δαιμονιζόμενον τυφλὸν καὶ κωφόν WH NIV </note>
<note>• κωφὸν WH Treg NA28 ] τυφλὸν καὶ κωφὸν καὶ RP</note>

<verse>Matthew 12:25</verse>
<note>25 δὲ WH Treg NA28 ] + ὁ Ἰησοῦς RP</note>

<verse>Matthew 12:27</verse>
<note>27 κριταὶ ἔσονται ὑμῶν WH Treg NA28 ] ὑμῶν ἔσονται κριταί RP</note>

<verse>Matthew 12:29</verse>
<note>29 ἁρπάσαι WH Treg NA28 ] διαρπάσαι RP </note>
<note>• διαρπάσει WH Treg RP NA28 ] διαρπάσῃ NIV</note>

<verse>Matthew 12:31</verse>
<note>31 ἀφεθήσεται WH Treg NA28 ] + τοῖς ἀνθρώποις RP</note>

<verse>Matthew 12:32</verse>
<note>32 τούτῳ τῷ WH Treg NA28 ] τῷ νῦν RP</note>

<verse>Matthew 12:36</verse>
<note>36 λαλήσουσιν WH Treg NA28 ] ἐὰν λαλήσωσιν RP</note>

<verse>Matthew 12:38</verse>
<note>38 αὐτῷ WH Treg NA28 ] – RP</note>

<verse>Matthew 12:44</verse>
<note>44 Εἰς τὸν οἶκόν μου ἐπιστρέψω WH Treg NA28 ] Ἐπιστρέψω εἰς τὸν οἶκόν μου RP </note>
<note>• εὑρίσκει WH Treg RP NA28 ] + τὸν οἶκόν NIV </note>
<note>• σχολάζοντα Treg NA28 RP ] + καὶ WH</note>

<verse>Matthew 12:46</verse>
<note>46 δὲ RP ] – WH Treg NA28</note>

<verse>Matthew 12:47</verse>
<note>47 εἶπεν … λαλῆσαι Treg NA28 RP ] – WH</note>

<verse>Matthew 12:48</verse>
<note>48 λέγοντι WH Treg NA28 ] εἰπόντι RP</note>

<verse>Matthew 13:1</verse>
<note>13:1 Ἐν WH Treg NA28 ] + δὲ RP </note>
<note>• τῆς WH Treg NA28 ] ἀπὸ τῆς RP</note>

<verse>Matthew 13:2</verse>
<note>2 εἰς WH Treg NA28 ] + τὸ RP</note>

<verse>Matthew 13:4</verse>
<note>4 ἐλθόντα τὰ πετεινὰ WH NA28 ] ἦλθεν τὰ πετεινὰ καὶ RP; ἦλθον τὰ πετεινὰ καὶ Treg</note>

<verse>Matthew 13:7</verse>
<note>7 ἔπνιξαν NA28 ] ἀπέπνιξαν WH Treg RP</note>

<verse>Matthew 13:9</verse>
<note>9 ὦτα WH NA28 ] + ἀκούειν Treg RP</note>

<verse>Matthew 13:11</verse>
<note>11 αὐτοῖς Treg RP NA28 ] – WH NIV</note>

<verse>Matthew 13:16</verse>
<note>16 ἀκούουσιν WH Treg NA28 ] ἀκούει RP</note>

<verse>Matthew 13:18</verse>
<note>18 σπείραντος WH Treg NA28 ] σπείροντος RP</note>

<verse>Matthew 13:22</verse>
<note>22 τούτου RP ] – WH Treg NA28</note>

<verse>Matthew 13:23</verse>
<note>23 καλὴν γῆν WH Treg NA28 ] γῆν τὴν καλὴν RP </note>
<note>• συνιείς WH Treg NA28 ] συνιών RP</note>

<verse>Matthew 13:24</verse>
<note>24 σπείραντι WH Treg NA28 ] σπείροντι RP</note>

<verse>Matthew 13:25</verse>
<note>25 ἐπέσπειρεν WH Treg NA28 ] ἔσπειρεν RP</note>

<verse>Matthew 13:27</verse>
<note>27 ἔσπειρας WH NA28 RP ] ἔσπειρες Treg</note>

<verse>Matthew 13:28</verse>
<note>28 δοῦλοι αὐτῷ λέγουσιν Treg ] αὐτῷ λέγουσιν WH; δοῦλοι λέγουσιν αὐτῷ NA28; δοῦλοι εἶπον αὐτῷ RP </note>
<note>• συλλέξωμεν WH Treg NA28 ] συλλέξομεν RP</note>

<verse>Matthew 13:29</verse>
<note>29 φησιν WH Treg NA28 ] ἔφη RP</note>

<verse>Matthew 13:30</verse>
<note>30 μέχρι RP ] ἕως WH Treg NA28 </note>
<note>• συναγάγετε NA28 RP ] συνάγετε WH Treg</note>

<verse>Matthew 13:33</verse>
<note>33 ἐνέκρυψεν WH Treg NA28 ] ἔκρυψεν RP</note>

<verse>Matthew 13:34</verse>
<note>34 οὐδὲν WH Treg NA28 ] οὐκ RP</note>

<verse>Matthew 13:35</verse>
<note>35 καταβολῆς WH Treg ] + κόσμου NA28 RP</note>

<verse>Matthew 13:36</verse>
<note>36 οἰκίαν WH Treg NA28 ] + ὁ Ἰησοῦς RP </note>
<note>• Διασάφησον WH Treg NA28 ] Φράσον RP</note>

<verse>Matthew 13:37</verse>
<note>37 εἶπεν WH Treg NA28 ] + αὐτοῖς RP</note>

<verse>Matthew 13:39</verse>
<note>39 αἰῶνός WH Treg NA28 ] τοῦ αἰῶνός RP</note>

<verse>Matthew 13:40</verse>
<note>40 καίεται Treg RP ] κατακαίεται WH NA28 </note>
<note>• αἰῶνος WH Treg NA28 ] + τούτου RP</note>

<verse>Matthew 13:43</verse>
<note>43 ὦτα WH NA28 ] + ἀκούειν Treg RP</note>

<verse>Matthew 13:44</verse>
<note>44 Ὁμοία WH Treg NA28 ] Πάλιν ὁμοία RP </note>
<note>• πωλεῖ πάντα ὅσα ἔχει Treg NA28 ] πωλεῖ ὅσα ἔχει WH; πάντα ὅσα ἔχει πωλεῖ RP</note>

<verse>Matthew 13:45</verse>
<note>45 ἀνθρώπῳ Treg NA28 RP ] – WH</note>

<verse>Matthew 13:46</verse>
<note>46 εὑρὼν δὲ WH Treg NA28 ] ὃς εὑρὼν RP</note>

<verse>Matthew 13:48</verse>
<note>48 ἄγγη WH Treg NA28 ] ἀγγεῖα RP</note>

<verse>Matthew 13:51</verse>
<note>51 Συνήκατε WH Treg NA28 ] Λέγει αὐτοῖς ὁ Ἰησοῦς Συνήκατε NIV RP </note>
<note>• Ναί WH Treg NA28 ] + κύριε RP</note>

<verse>Matthew 13:52</verse>
<note>52 τῇ βασιλείᾳ WH Treg NA28 ] εἰς τὴν βασιλείαν RP</note>

<verse>Matthew 13:55</verse>
<note>55 οὐχ WH Treg NA28 ] Οὐχί RP </note>
<note>• Ἰωσὴφ WH Treg NA28 ] Ἰωσῆς RP</note>

<verse>Matthew 13:57</verse>
<note>57 πατρίδι WH Treg NA28 ] + αὐτοῦ RP</note>

<verse>Matthew 14:3</verse>
<note>14:3 αὐτὸν Treg NA28 RP ] – WH </note>
<note>• ἐν φυλακῇ ἀπέθετο WH NA28 ] ἐν τῇ φυλακῇ ἀπέθετο Treg; ἔθετο ἐν φυλακῇ RP</note>

<verse>Matthew 14:4</verse>
<note>4 αὐτῷ ὁ Ἰωάννης RP ] ὁ Ἰωάννης αὐτῷ WH NA28; ὁ Ἰωάννης Treg</note>

<verse>Matthew 14:6</verse>
<note>6 γενεσίοις δὲ γενομένοις WH Treg NA28 ] Γενεσίων δὲ ἀγομένων RP</note>

<verse>Matthew 14:7</verse>
<note>7 ἐὰν WH NA28 RP ] ἂν Treg</note>

<verse>Matthew 14:9</verse>
<note>9 λυπηθεὶς ὁ βασιλεὺς διὰ WH Treg NA28 ] ἐλυπήθη ὁ βασιλεύς διὰ δὲ RP</note>

<verse>Matthew 14:10</verse>
<note>10 τὸν NA28 RP ] – WH Treg</note>

<verse>Matthew 14:12</verse>
<note>12 πτῶμα WH Treg NA28 ] σῶμα RP </note>
<note>• αὐτόν WH Treg NA28 ] αὐτό NIV RP</note>

<verse>Matthew 14:13</verse>
<note>13 Ἀκούσας δὲ WH Treg NA28 ] Καὶ ἀκούσας RP</note>

<verse>Matthew 14:14</verse>
<note>14 ἐξελθὼν WH Treg NA28 ] + ὁ Ἰησοῦς RP</note>

<verse>Matthew 14:15</verse>
<note>15 μαθηταὶ WH Treg NA28 ] + αὐτοῦ RP</note>

<verse>Matthew 14:18</verse>
<note>18 ὧδε αὐτούς WH Treg NA28 ] αὐτοὺς ὧδε RP</note>

<verse>Matthew 14:19</verse>
<note>19 τοῦ χόρτου WH Treg NA28 ] τοὺς χόρτους RP</note>

<verse>Matthew 14:22</verse>
<note>22 ἠνάγκασεν WH Treg NA28 ] + ὁ Ἰησοῦς RP </note>
<note>• εἰς WH Treg ] + τὸ NA28 RP</note>

<verse>Matthew 14:24</verse>
<note>24 σταδίους πολλοὺς ἀπὸ τῆς γῆς ἀπεῖχεν WH Treg NA28 ] μέσον τῆς θαλάσσης ἦν RP</note>

<verse>Matthew 14:25</verse>
<note>25 ἦλθεν WH Treg NA28 ] ἀπῆλθεν NIV RP </note>
<note>• αὐτοὺς WH Treg NA28 ] + ὁ Ἰησοῦς RP </note>
<note>• τὴν θάλασσαν WH Treg NA28 ] τῆς θαλάσσης RP</note>

<verse>Matthew 14:26</verse>
<note>26 οἱ δὲ μαθηταὶ ἰδόντες αὐτὸν WH NA28 ] καὶ ἰδόντες αὐτὸν οἱ μαθηταὶ Treg RP </note>
<note>• τῆς θαλάσσης WH Treg NA28 ] τὴν θάλασσαν RP</note>

<verse>Matthew 14:27</verse>
<note>27 εὐθὺς WH Treg NA28 ] Εὐθέως RP </note>
<note>• αὐτοῖς ὁ Ἰησοῦς Treg RP ] ὁ Ἰησοῦς αὐτοῖς WH NA28</note>

<verse>Matthew 14:28</verse>
<note>28 αὐτῷ ὁ Πέτρος εἶπεν Treg NA28 RP ] ὁ Πέτρος εἶπεν αὐτῷ WH </note>
<note>• ἐλθεῖν πρὸς σὲ WH Treg NA28 ] πρός σε ἐλθεῖν RP</note>

<verse>Matthew 14:29</verse>
<note>29 πλοίου WH Treg ] + ὁ NA28 RP</note>
<note>• καὶ ἦλθεν WH NA28 ] ἐλθεῖν Treg RP</note>

<verse>Matthew 14:30</verse>
<note>30 ἰσχυρὸν Treg RP NA28 ] – WH NIV</note>

<verse>Matthew 14:32</verse>
<note>32 ἀναβάντων WH Treg NA28 ] ἐμβάντων RP</note>

<verse>Matthew 14:33</verse>
<note>33 πλοίῳ WH NA28 ] + ἐλθόντες Treg RP</note>

<verse>Matthew 14:34</verse>
<note>34 ἐπὶ τὴν γῆν εἰς WH Treg NA28 ] εἰς τὴν γῆν RP</note>

<verse>Matthew 15:1</verse>
<note>15:1 Ἰησοῦ WH Treg NA28 ] + οἱ RP </note>
<note>• Φαρισαῖοι καὶ γραμματεῖς WH Treg NA28 ] γραμματεῖς καὶ Φαρισαῖοι RP</note>

<verse>Matthew 15:2</verse>
<note>2 αὐτῶν Treg NA28 RP ] – WH</note>

<verse>Matthew 15:4</verse>
<note>4 εἶπεν WH Treg NA28 ] ἐνετείλατο λέγων RP</note>

<verse>Matthew 15:6</verse>
<note>6 οὐ WH Treg NA28 ] καὶ οὐ RP </note>
<note>• τιμήσει WH Treg NA28 ] τιμήσῃ RP </note>
<note>• αὐτοῦ WH NA28 ] + ἢ τὴν μητέρα αὐτοῦ Treg RP </note>
<note>• τὸν λόγον WH Treg NA28 ] τὴν ἐντολὴν RP</note>

<verse>Matthew 15:8</verse>
<note>8 Ὁ λαὸς οὗτος WH Treg NA28 ] Ἐγγίζει μοι ὁ λαὸς οὗτος τῷ στόματι αὐτῶν καὶ RP</note>

<verse>Matthew 15:12</verse>
<note>12 μαθηταὶ WH NA28 ] + αὐτοῦ Treg RP </note>
<note>• λέγουσιν WH Treg NA28 ] εἶπον RP</note>

<verse>Matthew 15:14</verse>
<note>14 τυφλοί εἰσιν ὁδηγοὶ τυφλῶν Treg NA28 ] τυφλοί εἰσιν ὁδηγοί WH NIV; ὁδηγοί εἰσιν τυφλοὶ τυφλῶν RP</note>

<verse>Matthew 15:15</verse>
<note>15 ταύτην NA28 RP ] – WH Treg</note>

<verse>Matthew 15:16</verse>
<note>16 δὲ WH Treg NA28 ] + Ἰησοῦς RP</note>

<verse>Matthew 15:17</verse>
<note>17 οὐ WH Treg NA28 ] Οὔπω RP</note>

<verse>Matthew 15:22</verse>
<note>22 ἔκραζεν WH Treg NA28 ] ἐκραύγασεν αὐτῷ RP </note>
<note>• υἱὸς WH Treg NA28 ] υἱὲ RP</note>

<verse>Matthew 15:23</verse>
<note>23 ἠρώτουν WH Treg NA28 ] ἠρώτων RP</note>

<verse>Matthew 15:25</verse>
<note>25 προσεκύνει WH Treg NA28 ] προσεκύνησεν RP</note>

<verse>Matthew 15:30</verse>
<note>30 κωφούς, τυφλούς, χωλούς, κυλλούς Holmes ] χωλούς, κυλλούς, τυφλούς, κωφούς WH; χωλούς, τυφλούς, κωφούς, κυλλούς Treg RP; χωλούς, τυφλούς, κυλλούς, κωφούς NA28 </note>
<note>• αὐτοῦ WH Treg NA28 ] τοῦ Ἰησοῦ RP</note>

<verse>Matthew 15:31</verse>
<note>31 τὸν ὄχλον WH NA28 ] τοὺς ὄχλους Treg RP </note>
<note>• κυλλοὺς ὑγιεῖς Treg NA28 RP ] – WH </note>
<note>• καὶ WH Treg NA28 ] – RP</note>

<verse>Matthew 15:33</verse>
<note>33 μαθηταί WH NA28 ] + αὐτοῦ Treg RP</note>

<verse>Matthew 15:35</verse>
<note>35 παραγγείλας WH Treg NA28 ] ἐκέλευσεν RP </note>
<note>• τῷ ὄχλῳ WH Treg NA28 ] τοῖς ὄχλοις RP</note>

<verse>Matthew 15:36</verse>
<note>36 ἔλαβεν WH Treg NA28 ] καὶ λαβὼν RP </note>
<note>• καὶ WH Treg NA28 ] – RP </note>
<note>• ἐδίδου WH Treg NA28 ] ἔδωκεν RP </note>
<note>• μαθηταῖς WH NA28 ] + αὐτοῦ Treg RP </note>
<note>• τοῖς ὄχλοις WH Treg NA28 ] τῷ ὄχλῷ RP</note>

<verse>Matthew 15:37</verse>
<note>37 τὸ … κλασμάτων ἦραν WH Treg NA28 ] ἦραν τὸ … κλασμάτων RP</note>

<verse>Matthew 15:39</verse>
<note>39 Μαγαδάν WH Treg NA28 ] Μαγδαλά RP</note>

<verse>Matthew 16:2</verse>
<note>16:2–3 Ὀψίας γενομένης … οὐ δύνασθε Treg NA28 RP ] ⟦WH⟧ </note>
<note>• τὸ Treg NA28 ⟦WH⟧ ] Ὑποκριταί τὸ RP</note>

<verse>Matthew 16:4</verse>
<note>4 Ἰωνᾶ WH Treg NA28 ] + τοῦ προφήτου RP</note>

<verse>Matthew 16:5</verse>
<note>5 μαθηταὶ WH Treg NA28 ] + αὐτοῦ RP</note>

<verse>Matthew 16:8</verse>
<note>8 εἶπεν WH Treg NA28 ] + αὐτοῖς RP </note>
<note>• ἐλάβετε Treg RP ] ἔχετε WH NA28</note>

<verse>Matthew 16:11</verse>
<note>11 ἄρτων WH Treg NA28 ] ἄρτου RP </note>
<note>• προσέχετε δὲ WH Treg NA28 ] προσέχειν RP</note>

<verse>Matthew 16:12</verse>
<note>12 τῶν ἄρτων WH Treg NA28 ] τοῦ ἄρτου RP</note>

<verse>Matthew 16:13</verse>
<note>13 Τίνα WH Treg NA28 ] + με RP</note>

<verse>Matthew 16:17</verse>
<note>17 ἀποκριθεὶς δὲ WH Treg NA28 ] Καὶ ἀποκριθεὶς RP</note>

<verse>Matthew 16:19</verse>
<note>19 δώσω WH NA28 ] καὶ δώσω Treg RP </note>
<note>• κλεῖδας WH Treg NA28 ] κλεῖς RP </note>
<note>• ⸀ἐὰν WH NA28 RP ] ἂν Treg </note>
<note>• ⸁ἐὰν WH NA28 RP ] ἂν Treg</note>

<verse>Matthew 16:20</verse>
<note>20 διεστείλατο Treg RP NA28 ] ἐπετίμησεν WH NIV </note>
<note>• μαθηταῖς WH Treg NA28 ] + αὐτοῦ RP </note>
<note>• ἐστιν WH Treg NA28 ] + Ἰησοῦς RP</note>

<verse>Matthew 16:21</verse>
<note>21 ὁ Ἰησοῦς Treg NA28 RP ] Ἰησοῦς Χριστὸς WH </note>
<note>• εἰς Ἱεροσόλυμα ἀπελθεῖν WH Treg NA28 ] ἀπελθεῖν εἰς Ἱεροσόλυμα RP</note>

<verse>Matthew 16:23</verse>
<note>23 εἶ ἐμοῦ WH Treg NA28 ] μου εἶ RP</note>

<verse>Matthew 16:25</verse>
<note>25 ἐὰν WH Treg NA28 ] ἂν RP</note>

<verse>Matthew 16:26</verse>
<note>26 ὠφεληθήσεται WH Treg NA28 ] ὠφελεῖται RP</note>

<verse>Matthew 16:28</verse>
<note>28 ὅτι WH NA28 ] – Treg RP </note>
<note>• τῶν ὧδε ἑστώτων WH Treg NA28 ] ὧδε ἑστῶτες RP</note>

<verse>Matthew 17:2</verse>
<note>17:2 ἐγένετο WH Treg NA28 ] ἐγένοντο RP</note>

<verse>Matthew 17:3</verse>
<note>3 ὤφθη WH Treg NA28 ] ὤφθησαν RP </note>
<note>• συλλαλοῦντες μετʼ αὐτοῦ WH Treg NA28 ] μετʼ αὐτοῦ συλλαλοῦντες RP</note>

<verse>Matthew 17:4</verse>
<note>4 ποιήσω WH NA28 ] ποιήσωμεν Treg RP </note>
<note>• Ἠλίᾳ μίαν WH Treg NA28 ] μίαν Ἠλίᾳ RP</note>

<verse>Matthew 17:5</verse>
<note>5 ἀκούετε αὐτοῦ WH Treg NA28 ] αὐτοῦ ἀκούετε RP</note>

<verse>Matthew 17:7</verse>
<note>7 προσῆλθεν ὁ Ἰησοῦς καὶ ἁψάμενος αὐτῶν WH NA28 ] προσῆλθεν ὁ Ἰησοῦς καὶ ἥψατο αὐτῶν Treg; προσελθὼν ὁ Ἰησοῦς ἥψατο αὐτῶν καὶ RP</note>

<verse>Matthew 17:8</verse>
<note>8 αὐτὸν WH NA28 ] τὸν Treg RP</note>

<verse>Matthew 17:9</verse>
<note>9 ἐγερθῇ WH Treg NA28 ] ἀναστῇ RP</note>

<verse>Matthew 17:10</verse>
<note>10 μαθηταὶ WH Treg NA28 ] + αὐτοῦ RP</note>

<verse>Matthew 17:11</verse>
<note>11 δὲ WH Treg NA28 ] + Ἰησοῦς RP </note>
<note>• εἶπεν WH Treg NA28 ] + αὐτοῖς RP </note>
<note>• ἔρχεται WH Treg NA28 ] + πρῶτον RP</note>

<verse>Matthew 17:14</verse>
<note>14 ἐλθόντων WH Treg NA28 ] + αὐτῶν RP</note>

<verse>Matthew 17:15</verse>
<note>15 πάσχει NA28 RP ] ἔχει WH Treg</note>

<verse>Matthew 17:17</verse>
<note>17 μεθʼ ὑμῶν ἔσομαι WH Treg NA28 ] ἔσομαι μεθʼ ὑμῶν RP</note>

<verse>Matthew 17:20</verse>
<note>20 λέγει WH Treg NA28 ] Ἰησοῦς εἶπεν RP </note>
<note>• ὀλιγοπιστίαν WH Treg NA28 ] ἀπιστίαν RP </note>
<note>• Μετάβα ἔνθεν WH Treg NA28 ] Μετάβηθι ἔντεῦθεν RP </note>
<note>• ὑμῖν WH NA28 ] + 21 Τοῦτο δὲ τὸ γένος οὐκ ἐκπορεύεται εἰ μὴ ἐν προσευχῇ καὶ νηστείᾳ. Treg RP</note>

<verse>Matthew 17:22</verse>
<note>22 Συστρεφομένων WH Treg NA28 ] Ἀναστρεφομένων RP</note>

<verse>Matthew 17:25</verse>
<note>25 ἐλθόντα WH Treg NA28 ] ὅτε εἰσῆλθεν RP</note>

<verse>Matthew 17:26</verse>
<note>26 εἰπόντος δέ WH Treg NA28 ] Λέγει αὐτῷ ὁ Πέτρος RP</note>

<verse>Matthew 17:27</verse>
<note>27 εἰς WH Treg NA28 ] + τὴν NIV RP </note>
<note>• ἀναβάντα WH Treg NA28 ] ἀναβαίνοντα RP</note>

<verse>Matthew 18:2</verse>
<note>18:2 προσκαλεσάμενος WH Treg NA28 ] + ὁ Ἰησοῦς RP</note>

<verse>Matthew 18:5</verse>
<note>5 ἐὰν WH NA28 RP ] ἂν Treg </note>
<note>• ἓν παιδίον τοιοῦτο WH NA28 ] ἓν παιδίον τοιοῦτον Treg; παιδίον τοιοῦτον ἓν RP</note>

<verse>Matthew 18:6</verse>
<note>6 εἰς RP ] περὶ WH Treg NA28</note>

<verse>Matthew 18:7</verse>
<note>7 γὰρ WH Treg NA28 ] + ἐστιν RP </note>
<note>• ἀνθρώπῳ WH Treg NA28 ] + ἐκείνῳ RP</note>

<verse>Matthew 18:8</verse>
<note>8 αὐτὸν WH Treg NA28 ] αὐτὰ RP </note>
<note>• κυλλὸν ἢ χωλόν WH NA28 ] χωλὸν ἢ κυλλόν Treg RP</note>

<verse>Matthew 18:10</verse>
<note>10 οὐρανοῖς WH Treg NA28 ] + 11 Ἦλθεν γὰρ ὁ υἱὸς τοῦ ἀνθρώπου σῶσαι τὸ ἀπολωλός. RP</note>

<verse>Matthew 18:12</verse>
<note>12 ἀφήσει WH Treg NA28 ] ἀφεὶς RP </note>
<note>• καὶ WH Treg NA28 ] – RP</note>

<verse>Matthew 18:14</verse>
<note>14 ἔμπροσθεν WH Treg RP NA28 ] – NIV </note>
<note>• ὑμῶν NA28 RP ] μου WH Treg </note>
<note>• ἓν WH Treg NA28 ] εἷς RP</note>

<verse>Matthew 18:15</verse>
<note>15 εἰς σὲ Treg NA28 RP ] – WH </note>
<note>• ὕπαγε WH Treg NA28 ] + καὶ RP</note>

<verse>Matthew 18:18</verse>
<note>18 ἐὰν WH NA28 RP ] ἂν Treg </note>
<note>• ⸀ἐν WH NA28 ] + τῷ Treg RP </note>
<note>• ⸁ἐν WH NA28 ] + τῷ Treg RP</note>

<verse>Matthew 18:19</verse>
<note>19 ἀμὴν WH Treg RP NA28 ] – NIV </note>
<note>• συμφωνήσωσιν ἐξ ὑμῶν WH Treg NA28 ] ὑμῶν συμφωνήσωσιν RP</note>

<verse>Matthew 18:21</verse>
<note>21 αὐτῷ ὁ Πέτρος εἶπεν RP ] ὁ Πέτρος εἶπεν αὐτῷ WH Treg NA28</note>

<verse>Matthew 18:24</verse>
<note>24 προσηνέχθη NA28 RP ] προσήχθη WH Treg </note>
<note>•  αὐτῷ εἷς Treg NA28 RP ] εἷς αὐτῷ WH</note>

<verse>Matthew 18:25</verse>
<note>25 κύριος WH Treg NA28 ] + αὐτοῦ RP </note>
<note>• γυναῖκα WH NA28 ] + αὐτοῦ Treg RP </note>
<note>• ἔχει WH Treg NA28 ] εἶχεν RP</note>

<verse>Matthew 18:26</verse>
<note>26 Μακροθύμησον WH Treg NA28 ] Κύριε Μακροθύμησον RP </note>
<note>• ἐμοί WH NA28 RP ] ἐμέ Treg </note>
<note>• ἀποδώσω σοι WH Treg NA28 ] σοι ἀποδώσω RP</note>

<verse>Matthew 18:28</verse>
<note>28 Ἀπόδος WH Treg NA28 ] + μοι RP</note>

<verse>Matthew 18:29</verse>
<note>29 αὐτοῦ WH Treg NA28 ] + εἰς τοὺς πόδας αὐτοῦ RP </note>
<note>• ἐμοί WH NA28 RP ] ἐμέ Treg</note>

<verse>Matthew 18:30</verse>
<note>30 οὗ RP ] – WH Treg NA28</note>

<verse>Matthew 18:31</verse>
<note>31 οὖν WH Treg NA28 ] δὲ RP</note>

<verse>Matthew 18:34</verse>
<note>34 ὀφειλόμενον WH Treg NA28 ] + αὐτῷ RP</note>

<verse>Matthew 18:35</verse>
<note>35 οὐράνιος WH Treg NA28 ] ἐπουράνιος RP </note>
<note>• ὑμῶν WH Treg NA28 ] + τὰ παραπτώματα αὐτῶν RP</note>

<verse>Matthew 19:3</verse>
<note>19:3 αὐτῷ WH Treg NA28 ] + οἱ RP </note>
<note>• λέγοντες WH Treg NA28 ] + αὐτῷ RP </note>
<note>• ἀνθρώπῳ Treg NA28 RP ] – WH</note>

<verse>Matthew 19:4</verse>
<note>4 εἶπεν WH Treg NA28 ] + αὐτοῖς RP </note>
<note>• κτίσας WH Treg NA28 ] ποιήσας RP</note>

<verse>Matthew 19:5</verse>
<note>5 Ἕνεκα WH Treg NA28 ] Ἕνεκεν RP </note>
<note>• κολληθήσεται WH Treg NA28 ] προσκολληθήσεται RP</note>

<verse>Matthew 19:7</verse>
<note>7 αὐτήν NA28 RP ] – WH Treg</note>

<verse>Matthew 19:9</verse>
<note>9 ὅτι WH NA28 RP ] – Treg </note>
<note>• καὶ ὁ ἀπολελυμένην γαμήσας μοιχᾶται Treg RP ] – WH NA28</note>

<verse>Matthew 19:10</verse>
<note>10 μαθηταί WH NIV ] + αὐτοῦ Treg RP NA28</note>

<verse>Matthew 19:11</verse>
<note>11 τοῦτον Treg NA28 RP ] – WH</note>

<verse>Matthew 19:13</verse>
<note>13 προσηνέχθησαν WH Treg NA28 ] προσηνέχθη RP</note>

<verse>Matthew 19:15</verse>
<note>15 τὰς χεῖρας αὐτοῖς WH Treg NA28 ] αὐτοῖς τὰς χεῖρας RP</note>

<verse>Matthew 19:16</verse>
<note>16 αὐτῷ εἶπεν WH Treg NA28 ] εἶπεν αὐτῷ RP </note>
<note>• Διδάσκαλε WH Treg NA28 ] + ἀγαθέ RP </note>
<note>• σχῶ WH Treg NA28 ] ἔχω RP</note>

<verse>Matthew 19:17</verse>
<note>17 ἐρωτᾷς περὶ τοῦ ἀγαθοῦ; εἷς ἐστιν ὁ ἀγαθός WH Treg NA28 ] λέγεις ἀγαθόν; Οὐδεὶς ἀγαθός εἰ μὴ εἷς ὁ θεός RP </note>
<note>• εἰς τὴν ζωὴν εἰσελθεῖν WH Treg NA28 ] εἰσελθεῖν εἰς τὴν ζωήν RP </note>
<note>• τήρησον NA28 RP ] τήρει WH Treg</note>

<verse>Matthew 19:18</verse>
<note>18 εἶπεν Treg NA28 RP ] ἔφη WH</note>

<verse>Matthew 19:20</verse>
<note>20 Πάντα ταῦτα NA28 RP ] Ταῦτα πάντα WH Treg </note>
<note>• ἐφύλαξα WH Treg NA28 ] ἐφυλαξάμην ἐκ νεότητός μου RP</note>

<verse>Matthew 19:21</verse>
<note>21 δὸς RP ] + τοῖς WH Treg NA28 </note>
<note>• οὐρανοῖς WH Treg NA28 ] οὐρανῷ RP</note>

<verse>Matthew 19:22</verse>
<note>22 λόγον Treg NA28 RP ] + τοῦτον WH</note>

<verse>Matthew 19:23</verse>
<note>23 πλούσιος δυσκόλως WH Treg NA28 ] δυσκόλως πλούσιος RP</note>

<verse>Matthew 19:24</verse>
<note>24 τρυπήματος Treg NA28 RP ] τρήματος WH </note>
<note>• εἰσελθεῖν WH Treg ] διελθεῖν NA28 RP </note>
<note>• εἰς τὴν βασιλείαν τοῦ θεοῦ WH ] εἰσελθεῖν εἰς … τοῦ θεοῦ NA28; εἰς … τοῦ θεοῦ εἰσελθεῖν RP; εἰσελθεῖν εἰς τὴν βασιλείαν τῶν οὐρανῶν Treg</note>

<verse>Matthew 19:25</verse>
<note>25 μαθηταὶ WH Treg NA28 ] + αὐτοῦ RP</note>

<verse>Matthew 19:28</verse>
<note>28 καθήσεσθε WH NA28 ] καθίσεσθε Treg RP </note>
<note>• ὑμεῖς WH NA28 RP ] αὐτοὶ Treg</note>

<verse>Matthew 19:29</verse>
<note>29 ὅστις WH Treg NA28 ] ὅς RP </note>
<note>• οἰκίας ἢ WH NA28 RP ] – Treg </note>
<note>• γυναῖκα ἢ RP ] – WH Treg NA28 </note>
<note>• ἀγροὺς WH NA28 RP ] + ἢ οἰκίας Treg </note>
<note>• ὀνόματός μου Treg NA28 RP ] ἐμοῦ ὀνόματος WH </note>
<note>• ἑκατονταπλασίονα NA28 RP ] πολλαπλασίονα WH Treg</note>

<verse>Matthew 20:2</verse>
<note>20:2 συμφωνήσας δὲ WH Treg NA28 ] Καὶ συμφωνήσας RP</note>

<verse>Matthew 20:5</verse>
<note>5 πάλιν NIV RP ] + δὲ WH Treg NA28</note>

<verse>Matthew 20:6</verse>
<note>6 ἑνδεκάτην WH Treg NA28 ] + ὥραν RP </note>
<note>• ἑστῶτας WH Treg NA28 ] + ἀργούς RP</note>

<verse>Matthew 20:7</verse>
<note>7 ἀμπελῶνα WH Treg NA28 ] + καὶ ὃ ἐὰν ᾖ δίκαιον λήψεσθε RP</note>

<verse>Matthew 20:8</verse>
<note>8 αὐτοῖς Treg NA28 RP ] – WH</note>

<verse>Matthew 20:9</verse>
<note>9 καὶ ἐλθόντες Treg NA28 RP ] ἐλθόντες δὲ WH</note>

<verse>Matthew 20:10</verse>
<note>10 καὶ ἐλθόντες WH Treg NA28 ] Ἐλθόντες δὲ RP </note>
<note>• πλεῖον WH Treg NA28 ] πλεῖονα RP </note>
<note>• τὸ ἀνὰ δηνάριον καὶ αὐτοί WH Treg NA28 ] καὶ αὐτοὶ ἀνὰ δηνάριον RP</note>

<verse>Matthew 20:12</verse>
<note>12 λέγοντες WH Treg NA28 ] + ὅτι RP </note>
<note>• αὐτοὺς ἡμῖν WH ] ἡμῖν αὐτοὺς Treg NA28 RP</note>

<verse>Matthew 20:13</verse>
<note>13 ἑνὶ αὐτῶν εἶπεν WH NA28 ] εἶπεν ἑνὶ αὐτῶν Treg RP</note>

<verse>Matthew 20:15</verse>
<note>15 οὐκ WH Treg NIV ] Ἢ οὐκ RP NA28 </note>
<note>• ὃ θέλω ποιῆσαι WH Treg NA28 ] ποιῆσαι ὃ θέλω RP </note>
<note>• ἢ WH Treg NA28 ] Εἰ RP</note>

<verse>Matthew 20:16</verse>
<note>16 ἔσχατοι WH NA28 ] + πολλοὶ γὰρ εἰσιν κλητοί ὀλίγοι δὲ ἐκλεκτοί Treg RP</note>

<verse>Matthew 20:17</verse>
<note>17 Καὶ ἀναβαίνων ὁ Treg NA28 RP ] Μέλλων δὲ ἀναβαίνειν WH </note>
<note>• μαθητὰς WH NA28 RP ] – Treg </note>
<note>• καὶ ἐν τῇ ὁδῷ WH Treg NA28 ] ἐν τῇ ὁδῷ καὶ RP; καὶ NIV</note>

<verse>Matthew 20:19</verse>
<note>19 ἐγερθήσεται WH Treg NA28 ] ἀναστήσεται RP</note>

<verse>Matthew 20:20</verse>
<note>20 παρʼ RP ] ἀπʼ WH Treg NA28</note>

<verse>Matthew 20:21</verse>
<note>21 σου Treg NA28 RP ] – WH</note>

<verse>Matthew 20:22</verse>
<note>22 πίνειν WH Treg NA28 ] + ἢ τὸ βάπτισμα ὃ ἐγὼ βαπτίζομαι βαπτισθῆναι RP</note>

<verse>Matthew 20:23</verse>
<note>23 λέγει WH Treg NA28 ] Καὶ λέγει RP </note>
<note>• πίεσθε WH Treg NA28 ] + καὶ τὸ βάπτισμα ὃ ἐγὼ βαπτίζομαι βαπτισθήσεσθε RP </note>
<note>• εὐωνύμων WH Treg NA28 ] + μου RP </note>
<note>• ἐμὸν WH Treg NIV RP ] + τοῦτο WHmarg NA28</note>

<verse>Matthew 20:26</verse>
<note>26 ἔσται NA28 ] δέ ἔσται RP; ἐστὶν WH Treg </note>
<note>• ἂν WH Treg ] ἐὰν NA28 RP</note>

<verse>Matthew 20:27</verse>
<note>27 ἂν WH Treg NA28 ] ἐὰν RP </note>
<note>• ἔσται WH Treg NA28 ] ἔστω RP</note>

<verse>Matthew 20:30</verse>
<note>30 Κύριε ἐλέησον ἡμᾶς WH Treg NIV ] Ἐλέησον ἡμᾶς κύριε RP NA28 </note>
<note>• υἱὸς WH Treg RP NA28 ] υἱὲ NIV</note>

<verse>Matthew 20:31</verse>
<note>31 ἔκραξαν WH Treg NA28 ] ἔκραζον RP </note>
<note>• Κύριε ἐλέησον ἡμᾶς WH Treg NIV ] Ἐλέησον ἡμᾶς κύριε RP NA28 </note>
<note>• υἱὸς WH Treg RP NA28 ] υἱὲ NIV</note>

<verse>Matthew 20:33</verse>
<note>33 ἀνοιγῶσιν οἱ ὀφθαλμοὶ ἡμῶν WH Treg NA28 ] ἀνοιχθῶσιν ἡμῶν οἱ ὀφθαλμοί RP</note>

<verse>Matthew 20:34</verse>
<note>34 ὀμμάτων WH Treg NA28 ] ὀφθαλμῶν RP </note>
<note>• ἀνέβλεψαν WH Treg NA28 ] + αὐτῶν οἱ ὀφθαλμοί RP</note>

<verse>Matthew 21:1</verse>
<note>21:1 εἰς WH Treg NA28 ] πρὸς RP </note>
<note>• Ἰησοῦς WH NA28 ] ὁ Ἰησοῦς Treg RP</note>

<verse>Matthew 21:2</verse>
<note>2 Πορεύεσθε WH Treg NA28 ] Πορεύθητε RP </note>
<note>• κατέναντι WH Treg NA28 ] ἀπέναντι RP </note>
<note>• εὐθέως Treg NA28 RP ] εὐθὺς WH </note>
<note>• ἀγάγετέ WH NA28 RP ] ἄγετέ Treg</note>

<verse>Matthew 21:3</verse>
<note>3 εὐθὺς WH Treg NA28 ] εὐθέως RP </note>
<note>• ἀποστελεῖ WH Treg NA28 ] ἀποστέλλει RP</note>

<verse>Matthew 21:4</verse>
<note>4 δὲ WH Treg NA28 ] + ὅλον RP</note>

<verse>Matthew 21:5</verse>
<note>5 ἐπὶ WH Treg NA28 ] – RP</note>

<verse>Matthew 21:6</verse>
<note>6 συνέταξεν WH Treg NA28 ] προσέταξεν RP</note>

<verse>Matthew 21:7</verse>
<note>7 ἐπʼ WH Treg NA28 ] ἐπάνω RP </note>
<note>• ἱμάτια WH Treg NA28 ] + αὐτῶν RP</note>

<verse>Matthew 21:9</verse>
<note>9 αὐτὸν WH Treg NA28 ] – RP</note>

<verse>Matthew 21:11</verse>
<note>11 ὁ προφήτης Ἰησοῦς WH Treg NA28 ] Ἰησοῦς ὁ προφήτης RP</note>

<verse>Matthew 21:12</verse>
<note>12 Ἰησοῦς WH Treg NA28 ] ὁ Ἰησοῦς RP </note>
<note>• ἱερόν WH Treg NA28 ] + τοῦ θεοῦ RP</note>

<verse>Matthew 21:13</verse>
<note>13 ποιεῖτε WH Treg NA28 ] ἐποιήσατε RP</note>

<verse>Matthew 21:14</verse>
<note>14 τυφλοὶ καὶ χωλοὶ WH Treg NA28 ] χωλοὶ καὶ τυφλοὶ RP</note>

<verse>Matthew 21:15</verse>
<note>15 τοὺς WH Treg NA28 ] – RP</note>

<verse>Matthew 21:18</verse>
<note>18 Πρωῒ WH Treg NA28 ] Πρωῒας RP </note>
<note>• ἐπανάγων Treg NA28 RP ] ἐπαναγαγὼν WH</note>

<verse>Matthew 21:19</verse>
<note>19 Μηκέτι Treg NA28 RP ] Οὐ μηκέτι WH</note>

<verse>Matthew 21:22</verse>
<note>22 ἂν WH NA28 ] ἐὰν Treg RP</note>

<verse>Matthew 21:23</verse>
<note>23 ἐλθόντος αὐτοῦ WH Treg NA28 ] ἐλθόντι αὐτῷ RP</note>

<verse>Matthew 21:25</verse>
<note>25 τὸ WH Treg NA28 ] – RP </note>
<note>• ἐν WH Treg NA28 ] παρʼ RP</note>

<verse>Matthew 21:26</verse>
<note>26 ὡς προφήτην ἔχουσιν τὸν Ἰωάννην WH Treg NA28 ] ἔχουσιν τὸν Ἰωάννην ὡς προφήτην RP</note>

<verse>Matthew 21:28</verse>
<note>28 προσελθὼν WH ] καὶ προσελθὼν Treg NA28 RP </note>
<note>• ἀμπελῶνι WH Treg NA28 ] + μου RP</note>

<verse>Matthew 21:29</verse>
<note>29 Οὐ θέλω ὕστερον δὲ μεταμεληθεὶς Treg NA28 RP ] Ἐγώ κύριε καὶ οὐκ WH</note>

<verse>Matthew 21:30</verse>
<note>30 προσελθὼν δὲ WH Treg NA28 ] Καὶ προσελθὼν RP </note>
<note>• δευτέρῳ WH Treg RP ] ἑτέρῳ NA28 </note>
<note>• Ἐγώ κύριε καὶ οὐκ Treg NA28 RP ] Οὐ θέλω ὕστερον μεταμεληθεὶς WH</note>

<verse>Matthew 21:31</verse>
<note>31 λέγουσιν WH Treg NA28 ] + αὐτῷ RP </note>
<note>• πρῶτος NA28 RP ] ὕστερος WH Treg</note>

<verse>Matthew 21:32</verse>
<note>32 Ἰωάννης πρὸς ὑμᾶς WH Treg NA28 ] πρὸς ὑμᾶς Ἰωάννης RP </note>
<note>• οὐδὲ WH Treg NA28 ] οὐ RP</note>

<verse>Matthew 21:33</verse>
<note>33 Ἄνθρωπος WH Treg NA28 ] + τις RP</note>

<verse>Matthew 21:38</verse>
<note>38 σχῶμεν WH Treg NA28 ] κατάσχωμεν RP</note>

<verse>Matthew 21:44</verse>
<note>44 Καὶ … αὐτόν. WH Treg NA28 RP ] – WHmarg</note>

<verse>Matthew 21:46</verse>
<note>46 ἐπεὶ εἰς WH Treg NA28 ] ἐπειδὴ ὡς RP</note>

<verse>Matthew 22:1</verse>
<note>22:1 ἐν παραβολαῖς αὐτοῖς WH Treg NA28 ] αὐτοῖς ἐν παραβολαῖς RP</note>

<verse>Matthew 22:4</verse>
<note>4 ἡτοίμακα WH Treg NA28 ] ἡτοίμασα RP</note>

<verse>Matthew 22:5</verse>
<note>5 ⸀ὃς WH Treg NA28 ] ὁ RP </note>
<note>• ⸁ὃς WH Treg NA28 ] ὁ RP </note>
<note>• ἐπὶ WH Treg NA28 ] εἰς RP</note>

<verse>Matthew 22:7</verse>
<note>7 ὁ δὲ βασιλεὺς WH Treg NA28 ] Καὶ ἀκούσας ὁ βασιλεὺς ἐκεῖνος RP</note>

<verse>Matthew 22:9</verse>
<note>9 ἐὰν WH Treg NA28 ] ἂν RP</note>

<verse>Matthew 22:10</verse>
<note>10 οὓς WH NA28 ] ὅσους Treg RP </note>
<note>• γάμος Treg NA28 RP ] νυμφὼν WH</note>

<verse>Matthew 22:13</verse>
<note>13 ὁ βασιλεὺς εἶπεν WH Treg NA28 ] εἶπεν ὁ βασιλεὺς RP </note>
<note>• ἐκβάλετε αὐτὸν WH Treg NA28 ] ἄρατε αὐτὸν καὶ ἐκβάλετε RP</note>

<verse>Matthew 22:16</verse>
<note>16 λέγοντες NA28 RP ] λέγοντας WH Treg</note>

<verse>Matthew 22:21</verse>
<note>21 αὐτῷ Treg NA28 RP ] – WH</note>

<verse>Matthew 22:23</verse>
<note>23 λέγοντες WH Treg NA28 ] οἱ λέγοντες RP</note>

<verse>Matthew 22:25</verse>
<note>25 γήμας WH Treg NA28 ] γαμήσας RP</note>

<verse>Matthew 22:27</verse>
<note>27 ἡ WH NA28 ] καὶ ἡ Treg RP</note>

<verse>Matthew 22:28</verse>
<note>28 ἀναστάσει οὖν WH Treg NA28 ] οὖν ἀναστάσει RP</note>

<verse>Matthew 22:30</verse>
<note>30 γαμίζονται WH Treg NA28 ] ἐκγαμίζονται RP </note>
<note>• θεοῦ Holmes ] τοῦ θεοῦ RP; – WH Treg NA28 </note>
<note>• τῷ WH Treg NA28 ] – RP</note>

<verse>Matthew 22:32</verse>
<note>32 ὁ θεὸς WH Treg NA28 ] ὁ θεὸς θεὸς RP; θεὸς WHmarg</note>

<verse>Matthew 22:35</verse>
<note>35 αὐτόν WH Treg NA28 ] + καὶ λέγων RP</note>

<verse>Matthew 22:37</verse>
<note>37 δὲ WH Treg NA28 ] + Ἰησοῦς RP </note>
<note>• ⸀τῇ Treg NA28 ] – WH RP </note>
<note>• ⸁τῇ WH Treg NA28 ] – RP</note>

<verse>Matthew 22:38</verse>
<note>38 ἡ μεγάλη καὶ πρώτη WH Treg NA28 ] πρώτη καὶ μεγάλη RP</note>

<verse>Matthew 22:39</verse>
<note>39 δὲ Treg NA28 RP ] – WH </note>
<note>• αὐτῇ Treg NA28 RP ] αὕτη WH</note>

<verse>Matthew 22:40</verse>
<note>40 κρέμαται καὶ οἱ προφῆται WH Treg NA28 ] καὶ οἱ προφῆται κρέμανται RP</note>

<verse>Matthew 22:43</verse>
<note>43 καλεῖ αὐτὸν κύριον WH Treg NA28 ] κύριον αὐτὸν καλεῖ RP</note>

<verse>Matthew 22:44</verse>
<note>44 Εἶπεν WH Treg NA28 ] + ὁ RP </note>
<note>• ὑποκάτω WH Treg NA28 ] ὑποπόδιον RP</note>

<verse>Matthew 22:46</verse>
<note>46 ἀποκριθῆναι αὐτῷ WH Treg NA28 ] αὐτῷ ἀποκριθῆναι RP</note>

<verse>Matthew 23:3</verse>
<note>23:3 ἐὰν WH NA28 RP ] ἂν Treg </note>
<note>• ποιήσατε καὶ τηρεῖτε WH Treg NA28 ] τηρεῖν τηρεῖτε καὶ ποιεῖτε RP</note>

<verse>Matthew 23:4</verse>
<note>4 δὲ WH Treg NA28 ] γὰρ RP </note>
<note>• βαρέα WH NIV ] + καὶ δυσβάστακτα Treg RP NA28 </note>
<note>• αὐτοὶ δὲ τῷ WH Treg NA28 ] τῷ δὲ RP</note>

<verse>Matthew 23:5</verse>
<note>5 γὰρ WH Treg NA28 ] δὲ RP </note>
<note>• κράσπεδα WH Treg NA28 ] + τῶν ἱματίων αὐτῶν NIV RP</note>

<verse>Matthew 23:6</verse>
<note>6 δὲ WH Treg NA28 ] τε RP</note>

<verse>Matthew 23:7</verse>
<note>7 Ῥαββί WH Treg NA28 ] + Ῥαββί RP</note>

<verse>Matthew 23:8</verse>
<note>8 διδάσκαλος WH Treg NA28 ] καθηγητής ὁ χριστός RP</note>

<verse>Matthew 23:9</verse>
<note>9 ὑμῶν ὁ πατὴρ WH Treg NA28 ] ὁ πατὴρ ὑμῶν RP </note>
<note>• οὐράνιος WH Treg NA28 ] ἐν τοῖς οὐρανοῖς RP</note>

<verse>Matthew 23:10</verse>
<note>10 ὅτι καθηγητὴς ὑμῶν ἐστιν εἷς WH Treg NA28 ] εἷς γὰρ ὑμῶν ἐστιν ὁ καθηγητής RP</note>

<verse>Matthew 23:12</verse>
<note>12 ὑψωθήσεται WH Treg NA28 ] + 13 Οὐαὶ δέ ὑμῖν, γραμματεῖς καὶ Φαρισαῖοι, ὑποκριταί, ὅτι κατεσθίετε τὰς οἰκίας τῶν χηρῶν, καὶ προφάσει μακρὰ προσευχόμενοι· διὰ τοῦτο λήψεσθε περισσότερον κρίμα (and re-number SBL v. 13 as 14) RP</note>

<verse>Matthew 23:13</verse>
<note>13 δὲ WH Treg NA28 ] – RP </note>
<note>• εἰσελθεῖν WH Treg NA28 RP ] + 14 Οὐαὶ ὑμῖν, γραμματεῖς καὶ Φαρισαῖοι ὑποκριταί, ὅτι κατεσθίετε τὰς οἰκίας τῶν χηρῶν καὶ προφάσει μακρὰ προσευχόμενοι· διὰ τοῦτο λήψεσθε περισσότερον κρίμα TR</note>

<verse>Matthew 23:17</verse>
<note>17 ἁγιάσας WH Treg NA28 ] ἁγιάζων RP</note>

<verse>Matthew 23:18</verse>
<note>18 ἂν WH Treg NA28 ] ἐὰν RP</note>

<verse>Matthew 23:19</verse>
<note>19 τυφλοί WH Treg NA28 ] Μωροὶ καὶ τυφλοί RP</note>

<verse>Matthew 23:21</verse>
<note>21 κατοικοῦντι WH NA28 ] κατοικήσαντι Treg RP</note>

<verse>Matthew 23:23</verse>
<note>23 τὸ ἔλεος WH Treg NA28 ] τὸν ἔλεον RP </note>
<note>• ταῦτα NIV RP ] + δὲ WH Treg NA28 </note>
<note>• ἀφιέναι WH NA28 RP ] ἀφεῖναι Treg</note>

<verse>Matthew 23:24</verse>
<note>24 οἱ Treg NA28 RP ] – WH</note>

<verse>Matthew 23:25</verse>
<note>25 ἀκρασίας WH Treg NA28 ] ἀδικίας RP</note>

<verse>Matthew 23:26</verse>
<note>26 καὶ τῆς παροψίδος WH Treg NIV RP ] – WHmarg NA28 </note>
<note>• αὐτοῦ WH Treg NA28 ] αὐτῶν RP</note>

<verse>Matthew 23:27</verse>
<note>27 παρομοιάζετε WH NA28 RP ] ὁμοιάζετε Treg</note>

<verse>Matthew 23:28</verse>
<note>28 ἐστε μεστοὶ WH Treg NA28 ] μεστοί ἐστε RP</note>

<verse>Matthew 23:30</verse>
<note>30 ⸀ἤμεθα WH Treg NA28 ] ἦμεν RP </note>
<note>• ⸁ἤμεθα WH Treg NA28 ] ἦμεν RP </note>
<note>• αὐτῶν κοινωνοὶ WH Treg NA28 ] κοινωνοὶ αὐτῶν RP</note>

<verse>Matthew 23:34</verse>
<note>34 ἐξ WH Treg NA28 ] καὶ ἐξ RP</note>

<verse>Matthew 23:36</verse>
<note>36 ἥξει WH Treg NA28 ]  ὅτι ἥξει RP </note>
<note>• ταῦτα πάντα WH NA28 ] πάντα ταῦτα Treg RP</note>

<verse>Matthew 23:37</verse>
<note>37 ἀποκτείνουσα WH Treg NA28 ] ἀποκτένουσα RP </note>
<note>• ὄρνις ἐπισυνάγει WH Treg NA28 ] ἐπισυνάγει ὄρνις RP </note>
<note>• αὐτῆς WH Treg NA28 ] ἑαυτῆς RP</note>

<verse>Matthew 23:38</verse>
<note>38 ἔρημος Treg NA28 RP ] – WH</note>

<verse>Matthew 24:1</verse>
<note>24:1 ἀπὸ τοῦ ἱεροῦ ἐπορεύετο WH Treg NA28 ] ἐπορεύετο ἀπὸ τοῦ ἱεροῦ RP</note>

<verse>Matthew 24:2</verse>
<note>2 ἀποκριθεὶς WH Treg NA28 ] Ἰησοῦς RP </note>
<note>• ταῦτα πάντα WH Treg NA28 ] πάντα ταῦτα RP</note>

<verse>Matthew 24:3</verse>
<note>3 καὶ WH Treg NA28 ] + τῆς RP</note>

<verse>Matthew 24:6</verse>
<note>6 γὰρ WH Treg NA28 ] + πάντα RP</note>

<verse>Matthew 24:7</verse>
<note>7 λιμοὶ WH Treg NA28 ] + καὶ λοιμοὶ RP</note>

<verse>Matthew 24:15</verse>
<note>15 ἑστὸς WH Treg NA28 ] ἑστὼς RP</note>

<verse>Matthew 24:16</verse>
<note>16 ἐπὶ RP ] εἰς WH Treg NA28</note>

<verse>Matthew 24:17</verse>
<note>17 καταβάτω WH Treg NA28 ] καταβαινέτω RP</note>

<verse>Matthew 24:18</verse>
<note>18 τὸ ἱμάτιον WH Treg NA28 ] τὰ ἱμάτια RP</note>

<verse>Matthew 24:24</verse>
<note>24 πλανῆσαι NA28 RP ] πλανᾶσθαι WH Treg</note>

<verse>Matthew 24:27</verse>
<note>27 ἔσται WH Treg NA28 ] + καὶ RP</note>

<verse>Matthew 24:28</verse>
<note>28 ὅπου WH Treg NA28 ] + γὰρ RP</note>

<verse>Matthew 24:30</verse>
<note>30 τῷ RP ] – WH Treg NA28</note>

<verse>Matthew 24:31</verse>
<note>31 σάλπιγγος WH NA28 ] + φωνῆς Treg RP </note>
<note>• τῶν WH Treg NA28 ] – RP</note>

<verse>Matthew 24:33</verse>
<note>33 πάντα ταῦτα WH NA28 ] ταῦτα πάντα Treg RP</note>

<verse>Matthew 24:34</verse>
<note>34 ὅτι WH Treg NA28 ] – RP</note>

<verse>Matthew 24:35</verse>
<note>35 παρελεύσεται WH Treg NA28 ] παρελεύσονται RP</note>

<verse>Matthew 24:36</verse>
<note>36 οὐδὲ ὁ υἱός WH NA28 ] – Treg RP </note>
<note>• πατὴρ WH Treg NA28 ] + μου RP</note>

<verse>Matthew 24:37</verse>
<note>37 γὰρ WH Treg NA28 ] δὲ RP </note>
<note>• ἔσται WH Treg NA28 ] + καὶ RP</note>

<verse>Matthew 24:38</verse>
<note>38 ὡς WH Treg NA28 ] Ὥσπερ RP </note>
<note>• ἡμέραις NIV RP ] + ἐκείναις WH Treg NA28 </note>
<note>• γαμίζοντες WH NA28 ] ἐκγαμίζοντες Treg RP</note>

<verse>Matthew 24:39</verse>
<note>39 καὶ RP NA28 ] – WH Treg NIV</note>

<verse>Matthew 24:40</verse>
<note>40 δύο ἔσονται Treg NA28 RP ] ἔσονται δύο WH </note>
<note>• ⸀εἷς WH Treg NA28 ] ὁ εἷς RP </note>
<note>• ⸁εἷς WH Treg NA28 ] ὁ εἷς RP</note>

<verse>Matthew 24:41</verse>
<note>41 μύλῳ WH Treg NA28 ] μύλωνι RP</note>

<verse>Matthew 24:42</verse>
<note>42 ἡμέρᾳ WH Treg NA28 ] ὥρᾳ RP</note>

<verse>Matthew 24:44</verse>
<note>44 οὐ δοκεῖτε ὥρᾳ WH Treg NA28 ] ὥρᾳ οὐ δοκεῖτε RP</note>

<verse>Matthew 24:45</verse>
<note>45 κύριος WH Treg NA28 ] + αὐτοῦ RP </note>
<note>• οἰκετείας WH Treg NA28 ] θεραπείας RP </note>
<note>• δοῦναι WH Treg NA28 ] διδόναι RP</note>

<verse>Matthew 24:46</verse>
<note>46 οὕτως ποιοῦντα WH Treg NA28 ] ποιοῦντα οὕτως RP</note>

<verse>Matthew 24:48</verse>
<note>48 μου ὁ κύριος WH Treg NA28 ] ὁ κύριός μου ἐλθεῖν RP</note>

<verse>Matthew 24:49</verse>
<note>49 αὐτοῦ ἐσθίῃ δὲ καὶ πίνῃ WH Treg NA28 ] ἐσθίειν δὲ καὶ πίνειν RP</note>

<verse>Matthew 25:1</verse>
<note>25:1 ἑαυτῶν WH Treg NA28 ] ἀυτῶν RP </note>
<note>• ὑπάντησιν WH Treg NA28 ] ἀπάντησιν RP</note>

<verse>Matthew 25:2</verse>
<note>2 ἐξ αὐτῶν ἦσαν WH Treg NA28 ] ἦσαν ἐξ αὐτῶν RP </note>
<note>• μωραὶ καὶ πέντε φρόνιμοι WH Treg NA28 ] φρόνιμοι καὶ αἱ πέντε μωραί RP</note>

<verse>Matthew 25:3</verse>
<note>3 αἱ γὰρ WH Treg NA28 ] Αἵτινες RP</note>

<verse>Matthew 25:4</verse>
<note>4 ἀγγείοις WH Treg NA28 ] + αὐτῶν RP </note>
<note>• ἑαυτῶν WH NA28 ] αὐτῶν Treg RP</note>

<verse>Matthew 25:6</verse>
<note>6 νυμφίος WH Treg NA28 ] + ἔρχεται RP </note>
<note>• αὐτοῦ Treg NA28 RP ] – WH</note>

<verse>Matthew 25:7</verse>
<note>7 ἑαυτῶν WH Treg NA28 ] ἀυτῶν RP</note>

<verse>Matthew 25:9</verse>
<note>9 οὐ μὴ WH Treg NA28 ] οὐκ RP </note>
<note>• πορεύεσθε WH Treg NA28 ] + δὲ RP</note>

<verse>Matthew 25:13</verse>
<note>13 ὥραν WH Treg NA28 ] + ἐν ᾗ ὁ υἱὸς τοῦ ἀνθρώπου ἔρχεται RP</note>

<verse>Matthew 25:16</verse>
<note>16 πορευθεὶς WH NA28 ] + δὲ Treg RP </note>
<note>• ἐκέρδησεν WH Treg NA28 ] ἐποίησεν RP </note>
<note>• πέντε WH Treg NA28 ] + τάλαντα RP</note>

<verse>Matthew 25:17</verse>
<note>17 ὡσαύτως WH NA28 ] + καὶ Treg RP </note>
<note>• ἐκέρδησεν WH Treg NA28 ] + καὶ αὐτὸς RP</note>

<verse>Matthew 25:18</verse>
<note>18 γῆν WH Treg NA28 ] ἐν τῇ γῇ RP </note>
<note>• ἔκρυψεν WH Treg NA28 ] ἀπέκρυψεν RP</note>

<verse>Matthew 25:19</verse>
<note>19 πολὺν χρόνον WH Treg NA28 ] χρόνον πολὺν RP </note>
<note>• λόγον μετʼ αὐτῶν WH Treg NA28 ] μετʼ αὐτῶν λόγον RP</note>

<verse>Matthew 25:20</verse>
<note>20 ἐκέρδησα WH Treg NA28 ] + ἐπʼ αὐτοῖς RP</note>

<verse>Matthew 25:21</verse>
<note>21 ἔφη WH Treg NA28 ] + δὲ RP</note>

<verse>Matthew 25:22</verse>
<note>22 δὲ Treg NA28 RP ] – WH </note>
<note>• τάλαντα WH Treg NA28 ] + λαβὼν RP </note>
<note>• ἐκέρδησα WH Treg NA28 ] + ἐπʼ αὐτοῖς RP</note>

<verse>Matthew 25:27</verse>
<note>27 σε οὖν WH Treg NA28 ] οὖν σε RP </note>
<note>• τὰ ἀργύριά WH NA28 ] τὸ ἀργύριόν Treg RP</note>

<verse>Matthew 25:29</verse>
<note>29 τοῦ δὲ WH Treg NA28 ] ἀπὸ δὲ τοῦ RP</note>

<verse>Matthew 25:31</verse>
<note>31 οἱ WH Treg NA28 ] + ἅγιοι RP</note>

<verse>Matthew 25:32</verse>
<note>32 συναχθήσονται WH Treg NA28 ] συναχθήσεται RP</note>

<verse>Matthew 25:39</verse>
<note>39 ἀσθενοῦντα WH Treg NA28 ] ἀσθενῆ RP</note>

<verse>Matthew 25:41</verse>
<note>41 οἱ Treg NA28 RP ] – WH</note>

<verse>Matthew 25:42</verse>
<note>42 ἐδίψησα Treg NA28 RP ] καὶ ἐδίψησα WH</note>

<verse>Matthew 26:3</verse>
<note>26:3 ἀρχιερεῖς WH Treg NA28 ] + καὶ οἱ γραμματεῖς RP</note>

<verse>Matthew 26:7</verse>
<note>7 ἔχουσα ἀλάβαστρον μύρου WH Treg NA28 ] ἀλάβαστρον μύρου ἔχουσα RP </note>
<note>• τῆς κεφαλῆς WH Treg NA28 ] τὴν κεφαλὴν RP</note>

<verse>Matthew 26:8</verse>
<note>8 μαθηταὶ WH Treg NA28 ] + αὐτοῦ RP</note>

<verse>Matthew 26:9</verse>
<note>9 τοῦτο WH Treg NA28 ] + τὸ μύρον NIV RP</note>

<verse>Matthew 26:17</verse>
<note>17 λέγοντες WH Treg NA28 ] αὐτῷ RP </note>
<note>• ἑτοιμάσωμέν WH Treg NA28 ] ἑτοιμάσομέν RP</note>

<verse>Matthew 26:20</verse>
<note>20 μαθητῶν WH ] – Treg NA28 RP</note>

<verse>Matthew 26:22</verse>
<note>22 εἷς ἕκαστος WH Treg NA28 ] ἕκαστος αὐτῶν RP</note>

<verse>Matthew 26:23</verse>
<note>23 τὴν χεῖρα ἐν τῷ τρυβλίῳ WH Treg NA28 ] ἐν τῷ τρυβλίῳ τὴν χεῖρα RP</note>

<verse>Matthew 26:26</verse>
<note>26 ἄρτον WH Treg NA28 ] τὸν ἄρτον RP </note>
<note>• εὐλογήσας WH Treg NA28 ] εὐχαριστήσας RP </note>
<note>• δοὺς τοῖς μαθηταῖς WH Treg NA28 ] ἐδίδου τοῖς μαθηταῖς καὶ RP</note>

<verse>Matthew 26:27</verse>
<note>27 λαβὼν WH Treg NA28 ] + τὸ RP</note>

<verse>Matthew 26:28</verse>
<note>28 μου WH Treg NA28 ] + τὸ RP </note>
<note>• τῆς WH NA28 ] + καινῆς Treg RP</note>

<verse>Matthew 26:29</verse>
<note>29 ὑμῖν WH Treg NA28 ] + ὅτι RP</note>

<verse>Matthew 26:31</verse>
<note>31 διασκορπισθήσονται WH Treg NA28 ] διασκορπισθήσεται RP</note>

<verse>Matthew 26:33</verse>
<note>33 ἐγὼ WH Treg NA28 ] + δὲ RP</note>

<verse>Matthew 26:35</verse>
<note>35 ἀπαρνήσομαι WH Treg NA28 ] ἀπαρνήσωμαι RP </note>
<note>• ὁμοίως WH Treg NA28 ] + δὲ RP</note>

<verse>Matthew 26:36</verse>
<note>36 ἐκεῖ προσεύξωμαι WH Treg NA28 ] προσεύξωμαι ἐκεῖ RP</note>

<verse>Matthew 26:38</verse>
<note>38 αὐτοῖς WH Treg NA28 ] + ὁ Ἰησοῦς RP</note>

<verse>Matthew 26:39</verse>
<note>39 προελθὼν WH NA28 ] προσελθὼν Treg RP</note>

<verse>Matthew 26:42</verse>
<note>42 τοῦτο WH Treg NA28 ] + τὸ ποτήριον RP </note>
<note>• παρελθεῖν WH Treg NA28 ] + ἀπʼ ἐμοῦ RP</note>

<verse>Matthew 26:43</verse>
<note>43 πάλιν εὗρεν αὐτοὺς WH Treg NA28 ] εὑρίσκει αὐτοὺς πάλιν RP</note>

<verse>Matthew 26:44</verse>
<note>44 πάλιν ἀπελθὼν WH Treg NA28 ] ἀπελθὼν πάλιν RP </note>
<note>• πάλιν WH NA28 ] – Treg RP</note>

<verse>Matthew 26:45</verse>
<note>45 μαθητὰς WH Treg NA28 ] + αὐτοῦ RP </note>
<note>• τὸ Treg NA28 RP ] – WH</note>

<verse>Matthew 26:50</verse>
<note>50 ὃ WH Treg NA28 ] ᾧ RP</note>

<verse>Matthew 26:52</verse>
<note>52 τὴν μάχαιράν σου WH Treg NA28 ] σου τὴν μάχαιραν RP </note>
<note>• ἀπολοῦνται WH Treg NA28 ] ἀποθανοῦνται RP</note>

<verse>Matthew 26:53</verse>
<note>53 δύναμαι WH Treg NA28 ] + ἄρτι RP </note>
<note>• ἄρτι πλείω WH Treg NA28 ] πλείους ἢ RP</note>

<verse>Matthew 26:55</verse>
<note>55 ἡμέραν WH NA28 ] + πρὸς ὑμᾶς Treg RP </note>
<note>• ἐν τῷ ἱερῷ ἐκαθεζόμην διδάσκων WH Treg NA28 ] ἐκαθεζόμην διδάσκων ἐν τῷ ἱερῷ RP</note>

<verse>Matthew 26:59</verse>
<note>59 καὶ WH Treg NA28 ] + οἱ πρεσβύτεροι καὶ RP </note>
<note>• αὐτὸν θανατώσωσιν WH NA28 ] αὐτὸν θανατώσουσιν Treg; θανατώσωσιν αὐτόν RP</note>

<verse>Matthew 26:60</verse>
<note>60–61 πολλῶν προσελθόντων ψευδομαρτύρων. ὕστερον δὲ προσελθόντες δύο WH Treg NA28 ] καὶ πολλῶν ψευδομαρτύρων προσελθόντων, οὐχ εὗρον. Ὕστερον δὲ προσελθόντες δύο ψευδομάρτυρες RP </note>
<note>• οἰκοδομῆσαι WH Treg NA28 ] + αὐτόν RP</note>

<verse>Matthew 26:63</verse>
<note>63 καὶ WH Treg NA28 ] + ἀποκριθεὶς RP</note>

<verse>Matthew 26:65</verse>
<note>65 λέγων WH Treg NA28 ] + ὅτι RP </note>
<note>• βλασφημίαν WH Treg NA28 ] + αὐτοῦ RP</note>

<verse>Matthew 26:69</verse>
<note>69 ἐκάθητο ἔξω WH Treg NA28 ] ἔξω ἐκάθητο RP</note>

<verse>Matthew 26:70</verse>
<note>70 ἔμπροσθεν WH Treg NA28 ] + αὐτῶν RP</note>

<verse>Matthew 26:71</verse>
<note>71 δὲ WH Treg NA28 ] + αὐτὸν RP </note>
<note>• τοῖς WH Treg NA28 ] αὐτοῖς RP </note>
<note>• Οὗτος WH NA28 ] Καὶ οὗτος Treg RP</note>

<verse>Matthew 26:74</verse>
<note>74 εὐθέως NA28 RP ] εὐθὺς WH Treg</note>

<verse>Matthew 26:75</verse>
<note>75 ῥήματος WH Treg NA28 ] + τοῦ RP </note>
<note>• εἰρηκότος WH Treg NA28 ] + αὐτῷ RP</note>

<verse>Matthew 27:2</verse>
<note>27:2 παρέδωκαν WH Treg NA28 ] + αὐτὸν Ποντίῳ RP</note>

<verse>Matthew 27:3</verse>
<note>3 παραδιδοὺς Treg NA28 RP ] παραδοὺς WH </note>
<note>• ἔστρεψεν WH Treg NA28 ] ἀπέστρεψεν RP </note>
<note>• καὶ WH Treg NA28 ] + τοῖς RP</note>

<verse>Matthew 27:4</verse>
<note>4 ἀθῷον Treg NA28 RP ] δίκαιον WH </note>
<note>• ὄψῃ WH Treg NA28 ] ὄψει RP</note>

<verse>Matthew 27:5</verse>
<note>5 εἰς τὸν ναὸν WH Treg NA28 ] ἐν τῷ ναῷ RP</note>

<verse>Matthew 27:11</verse>
<note>11 ἐστάθη WH Treg NA28 ] ἔστη RP </note>
<note>• ἔφη WH NA28 ] + αὐτῷ Treg RP</note>

<verse>Matthew 27:12</verse>
<note>12 καὶ WH NA28 ] + τῶν Treg RP</note>

<verse>Matthew 27:16</verse>
<note>16 Ἰησοῦν NA28 ] – WH Treg NIV RP</note>

<verse>Matthew 27:17</verse>
<note>17 Ἰησοῦν τὸν NA28 ] τὸν WH; – Treg NIV RP</note>

<verse>Matthew 27:21</verse>
<note>21 Τὸν WH Treg NA28 ] – RP</note>

<verse>Matthew 27:22</verse>
<note>22 λέγουσιν WH Treg NA28 ] + αὐτῷ RP</note>

<verse>Matthew 27:23</verse>
<note>23 δὲ WH Treg NA28 ] + ἡγεμὼν RP</note>

<verse>Matthew 27:24</verse>
<note>24 ἀπέναντι NA28 RP ] κατέναντι WH Treg </note>
<note>• αἵματος WH NA28 ] + τοῦ δικαίου Treg RP</note>

<verse>Matthew 27:28</verse>
<note>28 χλαμύδα κοκκίνην περιέθηκαν αὐτῷ WH Treg NA28 ] περιέθηκαν αὐτῷ χλαμύδα κοκκίνην RP</note>

<verse>Matthew 27:29</verse>
<note>29 τῆς κεφαλῆς WH Treg NA28 ] τὴν κεφαλὴν RP </note>
<note>• ἐν τῇ δεξιᾷ WH Treg NA28 ] ἐπὶ τὴν δεξιὰν RP </note>
<note>• ἐνέπαιξαν WH NA28 ] ἐνέπαιζον Treg RP </note>
<note>• βασιλεῦ WH Treg NA28 ] ὁ βασιλεὺς RP</note>

<verse>Matthew 27:33</verse>
<note>33 Κρανίου Τόπος λεγόμενος WH Treg NA28 ] λεγόμενος Κρανίου Τόπος RP</note>

<verse>Matthew 27:34</verse>
<note>34 οἶνον WH Treg NA28 ] ὄξος RP </note>
<note>• ἠθέλησεν WH Treg NA28 ] ἤθελεν RP</note>

<verse>Matthew 27:40</verse>
<note>40 κατάβηθι WH Treg NIV RP ] καὶ κατάβηθι NA28</note>

<verse>Matthew 27:41</verse>
<note>41 καὶ WH NA28 ] δὲ καὶ Treg RP </note>
<note>• πρεσβυτέρων WH Treg NA28 ] + καὶ Φαρισαίων RP</note>

<verse>Matthew 27:42</verse>
<note>42 βασιλεὺς WH Treg NA28 ] Εἰ βασιλεὺς RP </note>
<note>• αὐτόν WH Treg NA28 ] αὐτῷ RP</note>

<verse>Matthew 27:43</verse>
<note>43 νῦν WH NA28 ] + αὐτόν Treg RP</note>

<verse>Matthew 27:44</verse>
<note>44 σὺν WH Treg NA28 ] – RP</note>

<verse>Matthew 27:46</verse>
<note>46 ἀνεβόησεν NA28 RP ] ἐβόησεν WH Treg </note>
<note>• Ἠλὶ ἠλὶ Treg RP NA28 ] Ἐλωῒ ἐλωῒ WH NIV</note>

<verse>Matthew 27:47</verse>
<note>47 ἑστηκότων WH Treg NA28 ] ἑστώτων RP</note>

<verse>Matthew 27:49</verse>
<note>49 ἔλεγον NA28 RP ] εἶπαν WH Treg </note>
<note>• αὐτόν Treg NA28 RP ] + ⟦ἄλλος δὲ λαβὼν λόγχην ἔνυξεν αὐτοῦ τὴν πλευράν, καὶ ἐξῆλθεν ὕδωρ καὶ αἷμα⟧ WH</note>

<verse>Matthew 27:51</verse>
<note>51 ἀπʼ ἄνωθεν ἕως κάτω εἰς δύο WH Treg NA28 ] εἰς δύο ἀπὸ ἄνωθεν ἕως κάτω RP</note>

<verse>Matthew 27:52</verse>
<note>52 ἠγέρθησαν WH Treg NA28 ] ἠγέρθη RP</note>

<verse>Matthew 27:54</verse>
<note>54 γενόμενα NA28 RP ] γινόμενα WH Treg </note>
<note>• θεοῦ υἱὸς WH NA28 RP ] υἱὸς θεοῦ Treg</note>

<verse>Matthew 27:56</verse>
<note>56 Ἰωσὴφ WH NA28 ] Ἰωσῆ Treg NIV RP</note>

<verse>Matthew 27:57</verse>
<note>57 ἐμαθητεύθη WH Treg NA28 ] ἐμαθήτευσεν RP</note>

<verse>Matthew 27:58</verse>
<note>58 ἀποδοθῆναι WH NA28 ] + τὸ σῶμα Treg RP</note>

<verse>Matthew 27:59</verse>
<note>59 αὐτὸ RP ] + ἐν WH Treg NA28</note>

<verse>Matthew 27:61</verse>
<note>61 Μαριὰμ WH NA28 ] Μαρία Treg RP</note>

<verse>Matthew 27:64</verse>
<note>64 αὐτοῦ Treg NA28 ] – WH; αὐτοῦ νυκτὸς RP</note>

<verse>Matthew 27:65</verse>
<note>65 ἔφη WH Treg NA28 ] + δὲ RP</note>

<verse>Matthew 28:1</verse>
<note>28:1 Μαριὰμ NA28 ] Μαρία WH Treg RP</note>

<verse>Matthew 28:2</verse>
<note>2 καὶ WH Treg NA28 ] – RP </note>
<note>• λίθον WH Treg NA28 ] + ἀπὸ τῆς θύρας RP</note>

<verse>Matthew 28:3</verse>
<note>3 ὡς WH Treg NA28 ] ὡσεὶ RP</note>

<verse>Matthew 28:4</verse>
<note>4 ὡς WH Treg NA28 ] ὡσεὶ RP</note>

<verse>Matthew 28:6</verse>
<note>6 ἔκειτο WH NA28 ] + ὁ κύριος Treg RP</note>

<verse>Matthew 28:8</verse>
<note>8 ἀπελθοῦσαι WH Treg NA28 ] ἐξελθοῦσαι RP</note>

<verse>Matthew 28:9</verse>
<note>9 καὶ WH Treg NA28 ] Ὡς δὲ ἐπορεύοντο ἀπαγγεῖλαι τοῖς μαθηταῖς αὐτοῦ καὶ RP </note>
<note>• ἰδοὺ WH NA28 RP ] + ὁ Treg </note>
<note>• ὑπήντησεν WH Treg NA28 ] ἀπήντησεν RP</note>

<verse>Matthew 28:14</verse>
<note>14 ἐπὶ WH NA28 RP ] ὑπὸ Treg </note>
<note>• αὐτὸν Treg NA28 RP ] – WH</note>

<verse>Matthew 28:15</verse>
<note>15 τὰ Treg NA28 RP ] – WH </note>
<note>• ἡμέρας WH Treg NA28 ] – RP</note>

<verse>Matthew 28:17</verse>
<note>17 προσεκύνησαν WH Treg NA28 ] + αὐτῷ RP</note>

<verse>Matthew 28:18</verse>
<note>18 τῆς WH Treg NA28 ] – NIV RP </note>

<verse>Matthew 28:19</verse>
<note>19 οὖν WH Treg NA28 ] – RP </note>
<note>• βαπτίζοντες WH NA28 RP ] βαπτίσαντες Treg</note>

<verse>Matthew 28:20</verse>
<note>20 αἰῶνος WH Treg NA28 ] + Ἀμήν RP</note>
</book>
