<book>
<book-name>ΑΠΟΚΑΛΥΨΙΣ ΙΩΑΝΝΟΥ</book-name>

<verse>Revelation 1:4</verse>
<note>1:4 ἀπὸ WH Treg NA28 ] + θεοῦ RP</note>

<verse>Revelation 1:5</verse>
<note>5 λύσαντι WH Treg NA28 ] λούσαντι RP </note>
<note>• ἐκ WH Treg NA28 ] ἀπὸ RP</note>

<verse>Revelation 1:6</verse>
<note>6 τῶν αἰώνων Treg NA28 RP ] – WH</note>

<verse>Revelation 1:9</verse>
<note>9 συγκοινωνὸς WH Treg NA28 ] κοινωνὸς RP </note>
<note>• ἐν WH Treg NA28 ] + Χριστῷ RP </note>
<note>• καὶ WH Treg NA28 ] + διὰ RP </note>
<note>• Ἰησοῦ WH Treg NA28 ] + Χριστοῦ RP</note>

<verse>Revelation 1:10</verse>
<note>10 ὀπίσω μου φωνὴν WH Treg NA28 ] φωνὴν ὀπίσω μου RP</note>

<verse>Revelation 1:12</verse>
<note>12 Καὶ WH Treg NA28 ] + ἐκεῖ RP</note>

<verse>Revelation 1:13</verse>
<note>13 τῶν WH NA28 ] + ἑπτὰ Treg RP </note>
<note>• υἱὸν WH NA28 ] υἱῷ Treg RP</note>

<verse>Revelation 1:15</verse>
<note>15 πεπυρωμένης WH Treg NA28 ] πεπυρωμένοι RP</note>

<verse>Revelation 1:16</verse>
<note>16 χειρὶ αὐτοῦ WH Treg NA28 ] αὐτοῦ χειρὶ RP</note>

<verse>Revelation 1:18</verse>
<note>18 αἰώνων WH Treg NA28 ] + ἀμήν RP</note>

<verse>Revelation 1:19</verse>
<note>19 γίνεσθαι WH Treg RP ] γενέσθαι NA28</note>

<verse>Revelation 1:20</verse>
<note>20 οὓς WH Treg NA28 ] ὧν RP</note>

<verse>Revelation 2:1</verse>
<note>2:1 τῆς Treg NA28 RP ] τῷ WH</note>

<verse>Revelation 2:2</verse>
<note>2 κόπον WH Treg NA28 ] + σου RP </note>
<note>• ἀποστόλους WH Treg NA28 ] + εἶναι RP</note>

<verse>Revelation 2:3</verse>
<note>3 οὐ κεκοπίακες WH Treg NA28 ] οὐκ ἐκοπίασας RP</note>

<verse>Revelation 2:5</verse>
<note>5 πέπτωκας Treg NA28 RP ] πέπτωκες WH </note>
<note>• σοι WH Treg NA28 ] + ταχύ RP</note>

<verse>Revelation 2:7</verse>
<note>7 θεοῦ WH Treg NA28 ] + μου RP</note>

<verse>Revelation 2:8</verse>
<note>8 τῆς Treg NA28 RP ] τῷ WH</note>

<verse>Revelation 2:9</verse>
<note>9 σου WH Treg NA28 ] + τὰ ἔργα καὶ RP</note>

<verse>Revelation 2:10</verse>
<note>10 μηδὲν NA28 RP ] μὴ WH Treg </note>
<note>• πάσχειν WH Treg NA28 ] παθεῖν RP </note>
<note>• ἰδοὺ WH Treg NA28 ] + δή RP </note>
<note>• βάλλειν WH Treg NA28 ] βαλεῖν RP </note>
<note>• ἕξετε Treg NA28 RP ] ἔχητε WH</note>

<verse>Revelation 2:13</verse>
<note>13 Οἶδα WH Treg NA28 ] + τὰ ἔργα σου καὶ RP </note>
<note>• καὶ WH Treg NA28 ] – RP </note>
<note>• ἡμέραις WH Treg NA28 ] + ἐν αἷς RP </note>
<note>• μου WH Treg NA28 ] – RP</note>

<verse>Revelation 2:14</verse>
<note>14 ἐδίδασκεν τῷ WH Treg NA28 ] ἐδίδαξεν τὸν RP </note>
<note>• φαγεῖν WH Treg NA28 ] καὶ φαγεῖν RP</note>

<verse>Revelation 2:15</verse>
<note>15 διδαχὴν WH ] + τῶν Treg NA28 RP</note>

<verse>Revelation 2:17</verse>
<note>17 αὐτῷ WH Treg NA28 ] + φαγεῖν RP</note>

<verse>Revelation 2:18</verse>
<note>18 τῆς Treg NA28 RP ] τῷ WH</note>

<verse>Revelation 2:19</verse>
<note>19 ἀγάπην καὶ τὴν πίστιν WH NA28 RP ] πίστιν καὶ τὴν ἀγάπην Treg</note>

<verse>Revelation 2:20</verse>
<note>20 γυναῖκα WH Treg NA28 ] + σοῦ RP </note>
<note>• λέγουσα WH Treg NA28 ] λέγει RP</note>

<verse>Revelation 2:22</verse>
<note>22 μετανοήσωσιν Treg NA28 RP ] μετανοήσουσιν WH</note>

<verse>Revelation 2:27</verse>
<note>27 συντρίβεται WH Treg NA28 ] συντριβήσεται RP</note>

<verse>Revelation 3:2</verse>
<note>3:2 ἔμελλον ἀποθανεῖν WH Treg NA28 ] ἔμελλες ἀποβάλλειν RP </note>
<note>• τὰ Treg NA28 RP ] – WH</note>

<verse>Revelation 3:3</verse>
<note>3 ἥξω WH Treg NA28 ] + ἐπί σε RP </note>
<note>• γνῷς WH NA28 RP ] γνώσῃ Treg</note>

<verse>Revelation 3:4</verse>
<note>4 ἔχεις ὀλίγα WH Treg NA28 ] ὀλίγα ἔχεις RP</note>

<verse>Revelation 3:5</verse>
<note>5 οὕτως WH Treg NA28 ] οὗτος RP</note>

<verse>Revelation 3:7</verse>
<note>7 Δαυίδ WH Treg NA28 ] τοῦ Δαυίδ RP </note>
<note>• καὶ κλείων WH Treg NA28 ] αὐτήν εἴ μὴ ὁ ἀνοίγων RP </note>
<note>• ἀνοίγει WH Treg NA28 ] ἀνοίξει RP</note>

<verse>Revelation 3:9</verse>
<note>9 διδῶ WH Treg NA28 ] δίδωμι RP </note>
<note>• ἥξουσιν καὶ προσκυνήσουσιν WH Treg NA28 ] ἥξωσιν καὶ προσκυνήσωσιν RP </note>
<note>• ἐγὼ WH Treg NA28 ] – RP</note>

<verse>Revelation 3:12</verse>
<note>12 καταβαίνουσα WH Treg NA28 ] καταβαίνει RP</note>

<verse>Revelation 3:14</verse>
<note>14 καὶ Treg NA28 RP ] + ὁ WH</note>

<verse>Revelation 3:16</verse>
<note>16 οὔτε WH Treg NA28 ] οὐ RP</note>

<verse>Revelation 3:17</verse>
<note>17 ὅτι WH Treg NA28 ] – RP </note>
<note>• οὐδὲν WH Treg NA28 ] οὐδενὸς RP </note>
<note>• καὶ WH Treg NA28 ] + ὁ RP</note>

<verse>Revelation 3:18</verse>
<note>18 παρʼ ἐμοῦ χρυσίον WH Treg NA28 ] χρυσίον παρʼ ἐμοῦ RP </note>
<note>• ἐγχρῖσαι WH Treg NA28 ] ἵνα ἐγχρίσῃ RP</note>

<verse>Revelation 3:19</verse>
<note>19 ζήλευε WH Treg NA28 ] ζήλωσον RP</note>

<verse>Revelation 3:20</verse>
<note>20 καὶ NA28 RP ] – WH Treg</note>

<verse>Revelation 4:2</verse>
<note>4:2 εὐθέως WH Treg NA28 ] Καὶ εὐθέως RP</note>

<verse>Revelation 4:3</verse>
<note>3 καὶ ὁ καθήμενος WH Treg NA28 ] – RP </note>
<note>• ὅμοιος ὁράσει σμαραγδίνῳ WH Treg NA28 ] ὁμοίως ὅρασις σμαραγδίνων RP</note>

<verse>Revelation 4:4</verse>
<note>4 θρόνοι WH Treg RP ] θρόνους NA28 </note>
<note>• θρόνους WH Treg NA28 ] + τοὺς RP </note>
<note>• ἐν Treg NA28 RP ] – WH</note>

<verse>Revelation 4:5</verse>
<note>5 ἅ WH NA28 ] αἵ Treg; αὐτοῦ αἵ RP </note>
<note>• τὰ WH Treg NA28 ] – RP</note>

<verse>Revelation 4:7</verse>
<note>7 ἔχων WH Treg NA28 ] ἔχον RP </note>
<note>• τὸ πρόσωπον ὡς WH Treg NA28 ] πρόσωπον RP</note>

<verse>Revelation 4:8</verse>
<note>8 καθʼ ἓν WH NA28 RP ] ἕκαστον Treg </note>
<note>• αὐτῶν WH Treg NA28 ] – RP </note>
<note>• ἔχων WH Treg NA28 ] ἔχον RP</note>

<verse>Revelation 4:9</verse>
<note>9 δώσουσιν WH Treg NA28 ] δῶσιν RP </note>
<note>• τῷ θρόνῳ Treg NA28 ] τοῦ θρόνου WH RP</note>

<verse>Revelation 4:11</verse>
<note>11 ἡμῶν WH Treg NA28 ] + ὁ ἅγιος RP </note>
<note>• τὰ WH Treg NA28 ] – RP</note>

<verse>Revelation 5:1</verse>
<note>5:1 ὄπισθεν WH Treg NA28 ] ἔξωθεν RP</note>

<verse>Revelation 5:2</verse>
<note>2 ἄξιος WH Treg NA28 ] + ἐστιν RP</note>

<verse>Revelation 5:3</verse>
<note>3 οὐρανῷ WH Treg NA28 ] + ἄνω RP </note>
<note>• οὐδὲ ἐπὶ τῆς γῆς οὐδὲ WH Treg NA28 ] οὔτε ἐπὶ τῆς γῆς οὔτε RP</note>

<verse>Revelation 5:4</verse>
<note>4 ἐγὼ WH Treg RP ] – NA28</note>

<verse>Revelation 5:5</verse>
<note>5 ἀνοῖξαι WH Treg NA28 ] ὁ ἀνοίγων RP</note>

<verse>Revelation 5:6</verse>
<note>6 ἑστηκὸς WH NA28 RP ] ἑστηκὼς Treg </note>
<note>• ἔχων WH Treg NA28 ] ἔχον RP </note>
<note>• οἵ WH Treg NA28 ] ἃ RP </note>
<note>• ἀπεσταλμένοι WH Treg NA28 ] ἀποστελλόμενα RP</note>

<verse>Revelation 5:8</verse>
<note>8 αἱ WH Treg NA28 ] – RP</note>

<verse>Revelation 5:9</verse>
<note>9 θεῷ WH NA28 ] + ἡμᾶς Treg RP</note>

<verse>Revelation 5:10</verse>
<note>10 βασιλείαν WH Treg NA28 ] βασιλεῖς RP </note>
<note>• βασιλεύουσιν WH Treg ] βασιλεύσουσιν NA28 RP</note>

<verse>Revelation 5:11</verse>
<note>11 ἤκουσα WH Treg NA28 ] + ὡς RP</note>

<verse>Revelation 5:12</verse>
<note>12 καὶ WH Treg NA28 ] + τὸν RP</note>

<verse>Revelation 5:13</verse>
<note>13 θαλάσσης Treg NA28 ] + ἐστίν WH RP </note>
<note>• πάντα WH Treg NA28 ] πάντας RP </note>
<note>• τῷ θρόνῳ NA28 ] τοῦ θρόνου WH Treg RP </note>
<note>• αἰώνων WH Treg NA28 ] + Ἀμήν RP</note>

<verse>Revelation 5:14</verse>
<note>14 ἔλεγον WH Treg NA28 ] λέγοντα τὸ RP</note>

<verse>Revelation 6:1</verse>
<note>6:1 ὅτε WH Treg NA28 ] ὅτι RP </note>
<note>• Ἔρχου WH Treg NA28 ] + καὶ ἴδε RP</note>

<verse>Revelation 6:2</verse>
<note>2 εἶδον καὶ WH Treg NA28 ] – RP</note>

<verse>Revelation 6:3</verse>
<note>3 σφραγῖδα τὴν δευτέραν WH Treg NA28 ] δευτέραν σφραγῖδα RP</note>

<verse>Revelation 6:4</verse>
<note>4 καὶ WH Treg NA28 ] – RP </note>
<note>• σφάξουσιν WH Treg NA28 ] σφάξωσιν RP</note>

<verse>Revelation 6:5</verse>
<note>5 εἶδον WH Treg NA28 ] ἴδε RP</note>

<verse>Revelation 6:6</verse>
<note>6 ὡς WH Treg NA28 ] – RP </note>
<note>• κριθῶν WH Treg NA28 ] κριθῆς RP</note>

<verse>Revelation 6:7</verse>
<note>7 φωνὴν WH Treg NA28 ] – RP </note>
<note>• Ἔρχου WH Treg NA28 ] + καὶ ἴδε RP</note>

<verse>Revelation 6:8</verse>
<note>8 εἶδον καὶ WH Treg NA28 ] – RP </note>
<note>• μετʼ αὐτοῦ WH Treg NA28 ] αὐτῷ RP </note>
<note>• αὐτοῖς WH Treg NA28 ] αὐτῷ RP</note>

<verse>Revelation 6:9</verse>
<note>9 μαρτυρίαν WH Treg NA28 ] + τοῦ ἀρνίου RP</note>

<verse>Revelation 6:11</verse>
<note>11 ἀναπαύσονται WH Treg NA28 ] ἀναπαύσωνται RP </note>
<note>• μικρόν WH Treg NA28 ] – RP </note>
<note>• πληρωθῶσιν WH NA28 ] πληρώσωσιν Treg RP</note>
<note>• αὐτῶν WH Treg NA28 ] + καὶ RP </note>
<note>• ἀποκτέννεσθαι WH Treg NA28 ] ἀποκτένεσθαι RP</note>

<verse>Revelation 6:12</verse>
<note>12 ἐγένετο μέλας WH Treg NA28 ] μέλας ἐγένετο RP</note>

<verse>Revelation 6:13</verse>
<note>13 βάλλει WH Treg NA28 ] βαλοῦσα RP </note>

<verse>Revelation 6:17</verse>
<note>17 αὐτῶν WH Treg NA28 ] αὐτοῦ RP</note>

<verse>Revelation 7:1</verse>
<note>7:1 Μετὰ WH NA28 ] Καὶ μετὰ Treg RP </note>
<note>• πᾶν WH NA28 ] τι Treg RP</note>

<verse>Revelation 7:3</verse>
<note>3 ἄχρι WH Treg NA28 ] + οὗ RP</note>

<verse>Revelation 7:4</verse>
<note>4 ἑκατὸν WH Treg NA28 ] + καὶ RP </note>
<note>• ἐσφραγισμένοι WH Treg NA28 ] ἐσφραγισμένων RP</note>

<verse>Revelation 7:5</verse>
<note>5 ἐσφραγισμένοι WH Treg NA28 ] ἐσφραγισμέναι RP</note>

<verse>Revelation 7:8</verse>
<note>8 ἐσφραγισμένοι WH Treg NA28 ] ἐσφραγισμέναι RP</note>

<verse>Revelation 7:9</verse>
<note>9 αὐτὸν WH Treg NA28 ] – RP </note>
<note>• ἑστῶτες WH Treg NA28 ] ἑστώτας RP </note>
<note>• φοίνικες WH Treg NA28 ] φοίνικας RP</note>

<verse>Revelation 7:14</verse>
<note>14 εἴρηκα WH Treg NA28 ] εἶπον RP </note>
<note>• αὐτὰς WH Treg NA28 ] – RP</note>

<verse>Revelation 7:15</verse>
<note>15 τοῦ θρόνου WH Treg NA28 ] τῷ θρόνῳ RP</note>

<verse>Revelation 7:16</verse>
<note>16 οὐδὲ WH Treg NA28 ] οὐδʼ οὐ RP</note>

<verse>Revelation 7:17</verse>
<note>17 ποιμανεῖ WH Treg NA28 ] ποιμαίνει RP </note>
<note>• ὁδηγήσει WH Treg NA28 ] ὁδηγεῖ RP</note>

<verse>Revelation 8:1</verse>
<note>8:1 ὅταν WH Treg NA28 ] ὅτε RP</note>

<verse>Revelation 8:3</verse>
<note>3 δώσει WH Treg NA28 ] δώσῃ RP</note>

<verse>Revelation 8:6</verse>
<note>6 αὑτοὺς WH ] αὐτοὺς Treg NA28; ἑαυτοὺς RP</note>

<verse>Revelation 8:8</verse>
<note>8 πυρὶ WH Treg NA28 ] – RP</note>

<verse>Revelation 8:9</verse>
<note>9 τῶν WH Treg NA28 ] – RP </note>
<note>• διεφθάρησαν WH Treg NA28 ] διεφθάρη RP</note>

<verse>Revelation 8:11</verse>
<note>11 ὁ WH NA28 RP ] – Treg</note>

<verse>Revelation 8:12</verse>
<note>12 ἡ ἡμέρα μὴ φάνῃ τὸ τρίτον αὐτῆς WH Treg NA28 ] τὸ τρίτον αὐτῆς ἡ ἡμέρα μὴ φάνῃ RP</note>

<verse>Revelation 8:13</verse>
<note>13 τοὺς κατοικοῦντας WH Treg NA28 ] τοῖς κατοικοῦσιν RP</note>

<verse>Revelation 9:2</verse>
<note>9:2 μεγάλης WH Treg NA28 ] καιομένης RP </note>
<note>• ἐσκοτώθη WH NA28 ] ἐσκοτίσθη Treg RP</note>

<verse>Revelation 9:4</verse>
<note>4 ἀδικήσουσιν WH NA28 ] ἀδικήσωσιν Treg RP </note>
<note>• μετώπων WH Treg NA28 ] + αὐτῶν RP</note>

<verse>Revelation 9:5</verse>
<note>5 αὐτοῖς Treg NA28 ] αὐταῖς WH RP </note>
<note>• βασανισθήσονται WH Treg NA28 ] βασανισθῶσιν RP</note>

<verse>Revelation 9:6</verse>
<note>6 φεύγει WH Treg NA28 ] φεύξεται RP </note>
<note>• ὁ θάνατος ἀπʼ αὐτῶν WH Treg NA28 ] ἀπʼ αὐτῶν ὁ θάνατος RP</note>

<verse>Revelation 9:7</verse>
<note>7 ὅμοιοι χρυσῷ WH Treg NA28 ] χρυσοῖ RP</note>

<verse>Revelation 9:10</verse>
<note>10 ἡ ἐξουσία αὐτῶν WH Treg NA28 ] ἐξουσίαν ἔχουσιν τοῦ RP</note>

<verse>Revelation 9:11</verse>
<note>11 ἔχουσιν ἐπʼ αὐτῶν βασιλέα τὸν WH Treg NA28 ] Ἔχουσαι βασιλέα ἐπʼ αὐτῶν RP </note>
<note>• καὶ ἐν WH Treg NA28 ] ἐν δὲ RP</note>

<verse>Revelation 9:13</verse>
<note>13 τῶν WH Treg NIV ] + τεσσάρων RP NA28</note>

<verse>Revelation 9:14</verse>
<note>14 λέγοντα WH Treg NA28 ] λέγουσαν RP</note>

<verse>Revelation 9:15</verse>
<note>15 καὶ WH Treg NA28 ] + εἰς τὴν RP</note>

<verse>Revelation 9:16</verse>
<note>16 ἱππικοῦ WH Treg NA28 ] ἵππου RP </note>
<note>• δισμυριάδες WH NA28 ] δύο μυριάδες Treg; μυριάδες RP</note>

<verse>Revelation 9:18</verse>
<note>18 ἐκ WH Treg NA28 ] ἀπὸ RP</note>

<verse>Revelation 9:19</verse>
<note>19 ὄφεσιν WH Treg NA28 ] ὄφεων RP</note>

<verse>Revelation 9:20</verse>
<note>20 οὐδὲ NA28 ] οὐ WH RP; οὔτε Treg </note>
<note>• προσκυνήσουσιν WH Treg NA28 ] προσκυνήσωσιν RP </note>
<note>• δύνανται WH Treg NA28 ] δύναται RP</note>

<verse>Revelation 9:21</verse>
<note>21 φαρμάκων WH NA28 ] φαρμακειῶν Treg RP</note>

<verse>Revelation 10:1</verse>
<note>10:1 ἄλλον WH Treg NA28 ] – RP </note>
<note>• τὴν κεφαλὴν WH Treg ] τῆς κεφαλῆς NA28 RP</note>

<verse>Revelation 10:2</verse>
<note>2 βιβλαρίδιον WH Treg NA28 ] βιβλίον RP</note>

<verse>Revelation 10:6</verse>
<note>6 ὤμοσεν RP ] + ἐν WH Treg NA28</note>

<verse>Revelation 10:7</verse>
<note>7 ἑαυτοῦ δούλους WH Treg NA28 ] δούλους αὐτοῦ RP</note>

<verse>Revelation 10:8</verse>
<note>8 λαλοῦσαν WH Treg NA28 ] λαλοῦσα RP </note>
<note>• λέγουσαν WH Treg NA28 ] λέγουσα RP </note>
<note>• βιβλίον WH Treg NA28 ] βιβλιδάριον RP</note>

<verse>Revelation 10:9</verse>
<note>9 ἀπῆλθα WH NA28 ] ἀπῆλθον Treg RP </note>
<note>• βιβλαρίδιον WH Treg NA28 ] βιβλιδάριον RP</note>

<verse>Revelation 10:10</verse>
<note>10 βιβλαρίδιον WH Treg NA28 ] βιβλίον RP</note>

<verse>Revelation 10:11</verse>
<note>11 καὶ WH Treg NA28 ] + ἐπὶ RP</note>

<verse>Revelation 11:1</verse>
<note>11:1 Ἔγειρε WH Treg NA28 ] Ἔγειραι RP</note>

<verse>Revelation 11:2</verse>
<note>2 ἔξωθεν WH Treg NA28 ] ἔξω RP </note>
<note>• τεσσεράκοντα Treg ] + καὶ WH NA28 RP</note>

<verse>Revelation 11:3</verse>
<note>3 περιβεβλημένοι NA28 RP ] περιβεβλημένους WH Treg</note>

<verse>Revelation 11:4</verse>
<note>4 ἑστῶτες WH Treg NA28 ] ἑστῶσαι RP</note>

<verse>Revelation 11:5</verse>
<note>5 θελήσῃ αὐτοὺς WH NA28 ] αὐτοὺς θελήσῃ Treg; θέλει αὐτοὺς RP</note>

<verse>Revelation 11:6</verse>
<note>6 τὴν ἐξουσίαν κλεῖσαι τὸν οὐρανόν WH Treg NA28 ] τὸν οὐρανόν ἐξουσίαν κλεῖσαι RP </note>
<note>• ἐν πάσῃ πληγῇ ὁσάκις ἐὰν θελήσωσιν WH Treg NA28 ] ὁσάκις ἐὰν θελήσωσιν ἐν πάσῃ πληγῇ RP</note>

<verse>Revelation 11:9</verse>
<note>9 καὶ WH Treg NA28 ] – RP </note>
<note>• ἀφίουσιν WH Treg NA28 ] ἀφήσουσιν RP</note>

<verse>Revelation 11:10</verse>
<note>10 εὐφραίνονται WH Treg NA28 ] εὐφρανθήσονται RP </note>
<note>• πέμψουσιν WH Treg NA28 ] δώσουσιν RP</note>

<verse>Revelation 11:11</verse>
<note>11 ἐν αὐτοῖς WH Treg NA28 ] εἰς αὐτούς RP </note>
<note>• ἐπέπεσεν WH Treg NA28 ] ἔπεσεν RP</note>

<verse>Revelation 11:12</verse>
<note>12 ἤκουσαν WH Treg NA28 ] ἤκουσα RP </note>
<note>• φωνῆς μεγάλης WH Treg NA28 ] φωνὴν μεγάλην RP </note>
<note>• λεγούσης WH Treg NA28 ] λέγουσαν RP </note>
<note>• Ἀνάβατε WH Treg NA28 ] Ἀνάβητε RP</note>

<verse>Revelation 11:13</verse>
<note>13 ὥρᾳ WH Treg NA28 ] ἡμέρᾳ RP</note>

<verse>Revelation 11:14</verse>
<note>14 ἰδοὺ ἡ οὐαὶ ἡ τρίτη WH Treg NA28 ] ἡ οὐαὶ ἡ τρίτη ἰδοὺ RP</note>

<verse>Revelation 11:15</verse>
<note>15 λέγοντες WH NA28 ] λέγουσαι Treg RP</note>

<verse>Revelation 11:16</verse>
<note>16 θεοῦ καθήμενοι WH NA28 ] θεοῦ οἳ κάθηνται Treg; θρόνου τοῦ θεοῦ καθήμενοι RP</note>

<verse>Revelation 11:18</verse>
<note>18 τοὺς μικροὺς καὶ τοὺς μεγάλους WH Treg NA28 ] τοῖς μικροῖς καὶ τοῖς μεγάλοις RP</note>

<verse>Revelation 11:19</verse>
<note>19 ὁ WH Treg NA28 ] – RP </note>
<note>• αὐτοῦ WH Treg NA28 ] τοῦ κυρίου RP </note>
<note>• καὶ σεισμὸς WH Treg NA28 ] – RP</note>

<verse>Revelation 12:2</verse>
<note>12:2 καὶ κράζει WH NA28 ] κράζει Treg; ἔκραζεν RP</note>

<verse>Revelation 12:3</verse>
<note>3 μέγας πυρρός WH NA28 ] πυρρὸς μέγας Treg RP</note>

<verse>Revelation 12:5</verse>
<note>5 ἄρσεν WH Treg NA28 ] ἄρρενα RP</note>

<verse>Revelation 12:6</verse>
<note>6 ἀπὸ WH Treg NA28 ] ὑπὸ RP </note>
<note>• τρέφωσιν WH NA28 ] τρέφουσιν Treg; ἐκτρέφωσιν RP</note>

<verse>Revelation 12:7</verse>
<note>7 τοῦ WH Treg NA28 ] – RP</note>

<verse>Revelation 12:8</verse>
<note>8 ἴσχυσεν WH NA28 RP ] ἴσχυσαν Treg </note>
<note>• αὐτῶν WH Treg NA28 ] αὐτῷ RP</note>

<verse>Revelation 12:9</verse>
<note>9 ὁ WH Treg NA28 ] – RP</note>

<verse>Revelation 12:10</verse>
<note>10 κατήγωρ WH NA28 ] κατήγορος Treg RP </note>
<note>• αὐτοὺς WH NA28 ] αὐτῶν Treg RP</note>

<verse>Revelation 12:12</verse>
<note>12 οἱ NA28 ] – WH Treg RP </note>
<note>• τὴν γῆν καὶ τὴν θάλασσαν WH Treg NA28 ] τῇ γῇ καὶ τῇ θαλάσσῃ RP </note>

<verse>Revelation 12:14</verse>
<note>14 αἱ WH Treg NA28 ] – RP </note>
<note>• ὅπου τρέφεται WH Treg NA28 ] ὅπως τρέφηται RP</note>

<verse>Revelation 12:18</verse>
<note>18 ἐστάθη WH Treg NA28 ] ἐστάθην RP</note>

<verse>Revelation 13:1</verse>
<note>13:1 ὀνόματα WH Treg RP NA28 ] ὄνομα NIV</note>

<verse>Revelation 13:3</verse>
<note>3 ὡς WH Treg NA28 ] ὡσεὶ RP </note>
<note>• ἐθαυμάσθη WH Treg NA28 ] ἐθαύμασεν RP </note>
<note>• ὅλη ἡ γῆ WH NA28 RP ] ἐν ὅλῃ τῇ γῇ Treg</note>

<verse>Revelation 13:4</verse>
<note>4 ὅτι ἔδωκεν WH Treg NA28 ] τῷ δεδωκότι RP </note>
<note>• δύναται WH Treg NA28 ] δύνατος RP</note>

<verse>Revelation 13:5</verse>
<note>5 βλασφημίας WH Treg NA28 ] βλασφημίαν RP </note>
<note>• ἐξουσία WH Treg NA28 ] + πόλεμον RP </note>
<note>• τεσσεράκοντα Treg RP ] + καὶ WH NA28</note>

<verse>Revelation 13:6</verse>
<note>6 βλασφημίας WH Treg NA28 ] βλασφημίαν RP</note>

<verse>Revelation 13:8</verse>
<note>8 αὐτὸν WH Treg NA28 ] αὐτῷ RP </note>
<note>• οὗ WH Treg NA28 ] ὧν RP </note>
<note>• αὐτοῦ WH Treg NA28 ] – RP</note>

<verse>Revelation 13:10</verse>
<note>10 εἰς αἰχμαλωσίαν, εἰς αἰχμαλωσίαν WH NA28 ] εἰς αἰχμαλωσίαν Treg; ἔχει αἰχμαλωσίαν RP </note>
<note>• ἀποκτανθῆναι NA28 ] ἀποκτενεῖ δεῖ WH Treg RP</note>

<verse>Revelation 13:12</verse>
<note>12 ποιεῖ WH Treg NA28 ] ἐποίει RP </note>
<note>• προσκυνήσουσιν WH Treg NA28 ] προσκυνήσωσιν RP</note>

<verse>Revelation 13:13</verse>
<note>13 ἵνα καὶ πῦρ ποιῇ WH Treg NA28 ] καὶ πῦρ ἵνα RP </note>
<note>• καταβαίνειν εἰς WH Treg NA28 ] καταβαίνῃ ἐπὶ RP</note>

<verse>Revelation 13:14</verse>
<note>14 τοὺς WH Treg NA28 ] + ἐμοὺς τοὺς RP </note>
<note>• ὃς ἔχει WH Treg NA28 ] ὃ εἶχεν RP </note>
<note>• τῆς μαχαίρης καὶ ἔζησεν WH Treg NA28 ] καὶ ἔζησεν ἀπὸ τῆς μαχαίρης RP</note>

<verse>Revelation 13:15</verse>
<note>15 αὐτῷ Treg NA28 RP ] αὐτῇ WH </note>
<note>• δοῦναι πνεῦμα WH Treg NA28 ] πνεῦμα δοῦναι RP </note>
<note>• ἵνα WH Treg NA28 ] – RP</note>

<verse>Revelation 13:16</verse>
<note>16 δῶσιν WH Treg NA28 ] δώσωσιν RP </note>
<note>• χάραγμα WH Treg NA28 ] χαράγματα RP</note>

<verse>Revelation 13:17</verse>
<note>17 δύνηται WH Treg NA28 ] δύναται RP </note>

<verse>Revelation 13:18</verse>
<note>18 αὐτοῦ WH NA28 ] + ἐστὶν Treg RP </note>
<note>• ἑξακόσιοι ἑξήκοντα ἕξ WH NA28 ] ἑξακόσια ἑξήκοντα ἕξ RP; χξϛʹ Treg</note>

<verse>Revelation 14:1</verse>
<note>14:1 ἑστὸς WH Treg NA28 ] ἑστηκὸς RP </note>
<note>• αὐτοῦ WH Treg NA28 ] + ἀριθμός RP</note>

<verse>Revelation 14:3</verse>
<note>3 ὡς WH Treg NA28 ] – NIV RP</note>

<verse>Revelation 14:4</verse>
<note>4 ⸀οὗτοι WH Treg NA28 ] + εἰσιν RP </note>
<note>• ὑπάγῃ NA28 RP ] ὑπάγει WH Treg </note>
<note>• ⸁οὗτοι WH Treg NA28 ] + ὑπὸ Ἰησοῦ RP</note>

<verse>Revelation 14:5</verse>
<note>5 ἐν … αὐτῶν οὐχ εὑρέθη WH Treg NA28 ] οὐχ εὑρέθη ἐν … αὐτῶν RP </note>
<note>• ἄμωμοί WH NA28 ] + γάρ Treg RP</note>

<verse>Revelation 14:6</verse>
<note>6 ἄλλον WH Treg NA28 ] – RP </note>
<note>• ἐπὶ WH Treg NA28 ] – RP</note>

<verse>Revelation 14:7</verse>
<note>7 θεὸν WH Treg NA28 ] κύριον RP </note>
<note>• τῷ ποιήσαντι WH Treg NA28 ] αὐτὸν τὸν ποιήσαντα RP</note>
<note>• καὶ WH Treg NA28 ] + τὴν RP</note>

<verse>Revelation 14:8</verse>
<note>8 δεύτερος ἄγγελος WH Treg RP ] ἄγγελος δεύτερος NA28 </note>
<note>• ἔπεσεν WH Treg NA28 ] – RP </note>
<note>• ἣ WH Treg NA28 ] – RP</note>

<verse>Revelation 14:10</verse>
<note>10 ἀγγέλων ἁγίων WH Treg NA28 ] τῶν ἁγίων ἀγγέλων RP</note>

<verse>Revelation 14:13</verse>
<note>13 ναί, λέγει WH Treg NA28 ] λέγει Ναί RP </note>
<note>• ἀναπαήσονται WH Treg NA28 ] ἀναπαύσωνται RP </note>
<note>• γὰρ WH Treg NA28 ] δὲ RP</note>

<verse>Revelation 14:14</verse>
<note>14 υἱὸν WH NA28 ] υἱῷ Treg RP</note>

<verse>Revelation 14:16</verse>
<note>16 τῆς νεφέλης WH Treg NA28 ] τὴν νεφέλην RP</note>

<verse>Revelation 14:18</verse>
<note>18 ἄγγελος Holmes WHmarg ] + ἐξῆλθεν WH Treg NA28 RP </note>
<note>• ὁ WH NA28 ] – Treg RP </note>
<note>• φωνῇ WH Treg NA28 ] κραυγῇ RP</note>

<verse>Revelation 15:3</verse>
<note>15:3 αἰώνων WH NIV ] ἐθνῶν Treg RP NA28</note>

<verse>Revelation 15:4</verse>
<note>4 φοβηθῇ WH Treg NA28 ] + σε RP </note>
<note>• δοξάσει WH Treg NA28 ] δοξάσῃ RP </note>
<note>• ὅσιος WH Treg NA28 ] ἅγιος RP</note>

<verse>Revelation 15:6</verse>
<note>6 ἐνδεδυμένοι WH Treg NA28 ] οἳ ἦσαν ἐνδεδυμένοι RP </note>
<note>• λίνον NA28 RP ] λίθον WH Treg</note>

<verse>Revelation 16:1</verse>
<note>16:1 μεγάλης φωνῆς WH NA28 ] φωνῆς μεγάλης Treg RP </note>
<note>• ἐκχέετε WH NA28 ] ἐκχέατε Treg RP</note>

<verse>Revelation 16:3</verse>
<note>3 δεύτερος WH Treg NA28 ] + ἄγγελος RP </note>
<note>• ζωῆς WH Treg NA28 ] ζῶσα RP </note>
<note>• τὰ WH Treg NA28 ] – RP</note>

<verse>Revelation 16:4</verse>
<note>4 καὶ WH Treg NA28 ] + εἰς RP</note>

<verse>Revelation 16:5</verse>
<note>5 ὁ WH NA28 RP ] – Treg</note>

<verse>Revelation 16:6</verse>
<note>6 δέδωκας WH Treg NA28 ] ἔδωκας RP</note>

<verse>Revelation 16:8</verse>
<note>8 τέταρτος WH Treg NA28 ] + ἄγγελος RP </note>
<note>• τοὺς ἀνθρώπους ἐν πυρί WH Treg NA28 ] ἐν πυρί τοὺς ἀνθρώπους RP</note>

<verse>Revelation 16:9</verse>
<note>9 ἐβλασφήμησαν WH Treg NA28 ] + οἱ ἄνθρωποι RP </note>
<note>• τὴν WH Treg NA28 ] – RP</note>

<verse>Revelation 16:12</verse>
<note>12 τὸν WH Treg NA28 ] – RP</note>

<verse>Revelation 16:13</verse>
<note>13 τρία ἀκάθαρτα WH Treg NA28 ] ἀκάθαρτα τρία RP</note>

<verse>Revelation 16:14</verse>
<note>14 ἡμέρας WH Treg NA28 ] + ἐκείνης RP</note>

<verse>Revelation 16:17</verse>
<note>17 ἐκ WH Treg NA28 ] ἀπὸ RP </note>
<note>• ναοῦ WH Treg NA28 ] + τοῦ οὐρανοῦ RP</note>

<verse>Revelation 16:18</verse>
<note>18 φωναὶ καὶ βρονταί WH Treg NA28 ] βρονταί καὶ φωναὶ RP </note>
<note>• ἐγένετο WH Treg NA28 ] – RP </note>
<note>• ἄνθρωποι ἐγένοντο WH ] οἱ ἄνθρωποι ἐγένοντο RP; ἄνθρωπος ἐγένετο Treg NA28</note>

<verse>Revelation 17:1</verse>
<note>17:1 ὑδάτων WH Treg NA28 ] τῶν ὑδάτων τῶν RP</note>

<verse>Revelation 17:3</verse>
<note>3 γέμοντα WH NA28 ] γέμον τὰ Treg; γέμον RP </note>
<note>• ἔχων WH NA28 ] ἔχον Treg RP</note>

<verse>Revelation 17:4</verse>
<note>4 καὶ WH Treg NA28 ] – RP </note>
<note>• χρυσίῳ WH NA28 RP ] χρυσῷ Treg</note>

<verse>Revelation 17:6</verse>
<note>6 καὶ WH Treg NA28 ] – RP</note>

<verse>Revelation 17:8</verse>
<note>8 ὑπάγει WH NA28 ] ὑπάγειν Treg RP </note>
<note>• θαυμασθήσονται WH NA28 ] θαυμάσονται Treg RP </note>
<note>• τὸ ὄνομα WH Treg NA28 ] τὰ ὀνόματα RP </note>
<note>• τὸ θηρίον ὅτι ἦν WH Treg NA28 ] ὅτι ἦν τὸ θηρίον RP</note>

<verse>Revelation 17:9</verse>
<note>9 ἑπτά εἰσιν WH Treg NA28 ] εἰσιν ἑπτὰ RP</note>

<verse>Revelation 17:10</verse>
<note>10 αὐτὸν δεῖ WH Treg NA28 ] δεῖ αὐτὸν RP</note>

<verse>Revelation 17:11</verse>
<note>11 αὐτὸς WH NA28 RP ] οὗτος Treg</note>

<verse>Revelation 17:13</verse>
<note>13 γνώμην ἔχουσιν WH Treg NA28 ] ἔχουσιν γνώμην RP </note>
<note>• καὶ WH Treg NA28 ] + τὴν RP</note>

<verse>Revelation 17:16</verse>
<note>16 γυμνήν WH Treg NA28 ] + ποιήσουσιν αὐτήν RP</note>

<verse>Revelation 17:17</verse>
<note>17 μίαν γνώμην WH Treg NA28 ] γνώμην μίαν RP </note>
<note>• τελεσθήσονται WH Treg NA28 ] τελεσθῶσιν RP</note>

<verse>Revelation 18:2</verse>
<note>18:2 ἐν WH Treg NA28 ] – RP </note>
<note>• ἔπεσεν WH NA28 ] – Treg RP </note>
<note>• δαιμονίων WH Treg NA28 ] δαιμόνων RP </note>
<note>• καὶ φυλακὴ παντὸς θηρίου ἀκαθάρτου NA28 ] – WH Treg NIV RP</note>

<verse>Revelation 18:3</verse>
<note>3 πέπτωκαν WH Treg RP ] πέπωκαν NA28</note>

<verse>Revelation 18:4</verse>
<note>4 Ἐξέλθατε WH Treg NA28 ] Ἔξελθε RP </note>
<note>• ὁ λαός μου, ἐξ αὐτῆς WH NA28 ] ἐξ αὐτῆς ὁ λαός μου Treg RP</note>

<verse>Revelation 18:6</verse>
<note>6 διπλώσατε WH Treg NA28 ] + αὐτῇ RP </note>
<note>• τὰ WH Treg NA28 ] – RP</note>

<verse>Revelation 18:11</verse>
<note>11 κλαίουσιν καὶ πενθοῦσιν WH Treg NA28 ] κλαύσουσιν καὶ πενθήσουσιν RP </note>
<note>• αὐτήν WH Treg NA28 ] αὐτῇ RP</note>

<verse>Revelation 18:12</verse>
<note>12 μαργαριτῶν WH Treg NA28 ] μαργαρίτου RP </note>
<note>• πορφύρας WH Treg NA28 ] πορφυροῦ RP</note>

<verse>Revelation 18:13</verse>
<note>13 καὶ ἄμωμον WH Treg NA28 ] – RP </note>
<note>• κτήνη καὶ πρόβατα WH Treg NA28 ] πρόβατα καὶ κτήνη RP</note>

<verse>Revelation 18:14</verse>
<note>14 σου τῆς … ψυχῆς WH Treg NA28 ] τῆς … ψυχῆς σου RP </note>
<note>• οὐκέτι WH NA28 RP ] – Treg </note>
<note>• οὐ μὴ αὐτὰ εὑρήσουσιν WH Treg NA28 ] αὐτὰ οὐ μὴ εὕρῃς RP</note>

<verse>Revelation 18:16</verse>
<note>16 λέγοντες WH Treg NA28 ] καὶ λέγοντες RP </note>
<note>• κεχρυσωμένη Treg RP ] + ἐν WH NA28 </note>
<note>• μαργαρίτῃ WH Treg NA28 ] μαργαρίταις RP</note>

<verse>Revelation 18:18</verse>
<note>18 ἔκραξαν WH ] ἔκραζον Treg NA28 RP</note>

<verse>Revelation 18:19</verse>
<note>19 ἔκραξαν WH ] ἔκραζον Treg NA28 RP </note>
<note>• πενθοῦντες WH Treg NA28 ] + καὶ RP</note>

<verse>Revelation 18:21</verse>
<note>21 μύλινον WH NA28 ] μύλον Treg RP</note>

<verse>Revelation 18:24</verse>
<note>24 αἷμα WH Treg NA28 ] αἵματα RP</note>

<verse>Revelation 19:1</verse>
<note>19:1 δόξα καὶ ἡ δύναμις WH Treg NA28 ] δύναμις καὶ ἡ δόξα RP</note>

<verse>Revelation 19:2</verse>
<note>2 ἔφθειρεν WH Treg NA28 ] διέφθειρεν RP</note>

<verse>Revelation 19:3</verse>
<note>3 εἴρηκαν WH Treg NA28 ] εἴρηκεν RP</note>

<verse>Revelation 19:4</verse>
<note>4 τῷ θρόνῳ WH Treg NA28 ] τοῦ θρόνου RP</note>

<verse>Revelation 19:5</verse>
<note>5 τῷ θεῷ WH Treg NA28 ] τὸν θεὸν RP </note>
<note>• καὶ Treg NA28 RP ] – WH</note>

<verse>Revelation 19:6</verse>
<note>6 λεγόντων WH Treg NA28 ] λέγοντες RP </note>
<note>• θεός Holmes WHmarg ] + ἡμῶν WH Treg NA28 RP</note>

<verse>Revelation 19:7</verse>
<note>7 ἀγαλλιῶμεν WH Treg NA28 ] ἀγαλλιώμεθα RP </note>
<note>• δώσομεν WH ] δώσωμεν NA28; δῶμεν Treg RP</note>

<verse>Revelation 19:8</verse>
<note>8 λαμπρὸν WH Treg NA28 ] + καὶ RP</note>

<verse>Revelation 19:10</verse>
<note>10 μαρτυρία WH Treg NA28 ] + τοῦ RP</note>

<verse>Revelation 19:11</verse>
<note>11 πιστὸς καλούμενος WH Treg ] καλούμενος πιστὸς NA28 RP</note>

<verse>Revelation 19:12</verse>
<note>12 αὐτοῦ WH Treg RP ] + ὡς NA28 </note>
<note>• ἔχων WH Treg NA28 ] + ὀνόματα γεγραμμένα καὶ RP</note>

<verse>Revelation 19:13</verse>
<note>13 βεβαμμένον Treg NA28 RP ] ῤεραντισμένον WH </note>
<note>• κέκληται WH Treg NA28 ] καλεῖται RP</note>

<verse>Revelation 19:14</verse>
<note>14 τὰ WH NA28 RP ] – Treg</note>

<verse>Revelation 19:15</verse>
<note>15 ῥομφαία WH Treg NA28 ] + δίστομος RP</note>

<verse>Revelation 19:17</verse>
<note>17 ἕνα WH Treg NA28 ] – RP </note>
<note>• ἔκραξεν Treg RP ] + ἐν WH NA28</note>

<verse>Revelation 19:18</verse>
<note>18 αὐτῶν NA28 RP ] αὐτούς WH Treg </note>
<note>• καὶ WH Treg NA28 ] τε καὶ RP</note>

<verse>Revelation 19:19</verse>
<note>19 τὸν WH Treg NA28 ] – RP</note>

<verse>Revelation 19:20</verse>
<note>20 μετʼ αὐτοῦ ὁ WH Treg NA28 ] ὁ μετʼ αὐτοῦ RP </note>
<note>• τῆς καιομένης WH Treg NA28 ] τὴν καιομένην RP</note>

<verse>Revelation 20:2</verse>
<note>20:2 ὁ ὄφις ὁ ἀρχαῖος WH Treg NA28 ] τὸν ὄφιν τὸν ἀρχαῖον RP </note>
<note>• Σατανᾶς WH Treg NA28 ] + ὁ πλανῶν τὴν οἰκουμένην ὅλην RP</note>

<verse>Revelation 20:3</verse>
<note>3 πλανήσῃ WH Treg NA28 ] πλανᾷ RP </note>
<note>• μετὰ WH Treg NA28 ] καὶ μετὰ RP </note>
<note>• λυθῆναι αὐτὸν WH NA28 ] αὐτὸν λυθῆναι Treg RP</note>

<verse>Revelation 20:4</verse>
<note>4 χίλια WH Treg NA28 ] τὰ χίλια RP</note>

<verse>Revelation 20:5</verse>
<note>5 οἱ WH NA28 ] Καί οἱ Treg RP</note>

<verse>Revelation 20:6</verse>
<note>6 χίλια RP ] τὰ χίλια WH Treg NA28</note>

<verse>Revelation 20:8</verse>
<note>8 καὶ WH NA28 ] + τὸν Treg RP </note>
<note>• αὐτῶν WH Treg NA28 ] – RP</note>

<verse>Revelation 20:9</verse>
<note>9 ἐκύκλευσαν WH NA28 ] ἐκύκλωσαν Treg RP </note>
<note>• ἐκ τοῦ οὐρανοῦ WH NA28 ] ἀπὸ τοῦ θεοῦ ἐκ τοῦ οὐρανοῦ Treg; ἐκ τοῦ οὐρανοῦ ἀπὸ τοῦ θεοῦ RP</note>

<verse>Revelation 20:11</verse>
<note>11 ἐπʼ αὐτοῦ WH ] ἐπʼ αὐτόν NA28 RP; ἐπάνω αὐτοῦ Treg </note>
<note>• τοῦ WH Treg NA28 ] – RP</note>

<verse>Revelation 20:14</verse>
<note>14 θάνατος ὁ δεύτερός WH NA28 RP ] δεύτερός θάνατος Treg</note>

<verse>Revelation 20:15</verse>
<note>15 τῇ βίβλῳ WH Treg NA28 ] τῷ βιβλίῳ RP</note>

<verse>Revelation 21:3</verse>
<note>21:3 θρόνου WH NA28 ] οὐρανοῦ Treg RP </note>
<note>• λαοὶ WH Treg NA28 ] λαὸς RP </note>
<note>• μετʼ αὐτῶν ἔσται WH Treg ] ἔσται μετʼ αὐτῶν RP; μετʼ αὐτῶν ἔσται αὐτῶν θεός NA28</note>

<verse>Revelation 21:4</verse>
<note>4 ἐκ WH Treg NA28 ] ἀπὸ RP </note>
<note>• ἔτι. WH ] ἔτι, ὅτι Treg NA28 RP</note>

<verse>Revelation 21:5</verse>
<note>5 καινὰ ποιῶ πάντα WH Treg NA28 ] πάντα καινὰ ποιῶ RP </note>
<note>• λέγει WH NA28 ] + μοι Treg RP </note>
<note>• πιστοὶ καὶ ἀληθινοί WH Treg NA28 ] ἀληθινοὶ καὶ πιστοί RP</note>

<verse>Revelation 21:6</verse>
<note>6 Γέγοναν, ἐγὼ WH ] Γέγοναν ἐγώ εἰμι Treg NA28; Γέγονα RP</note>

<verse>Revelation 21:8</verse>
<note>8 ἀπίστοις WH Treg NA28 ] + καὶ ἁμαρτωλοῖς RP </note>

<verse>Revelation 21:9</verse>
<note>9 τῶν γεμόντων WH Treg NA28 ] γεμούσας RP </note>
<note>• νύμφην τὴν γυναῖκα WH Treg NA28 ] γυναῖκα τὴν νύμφην RP</note>

<verse>Revelation 21:10</verse>
<note>10 πόλιν WH Treg NA28 ] + τὴν μεγάλην RP</note>

<verse>Revelation 21:12</verse>
<note>12 τοῖς πυλῶσιν WH NA28 RP ] τοὺς πυλῶνας Treg </note>
<note>• ἐστιν WH ] + τὰ ὀνόματα Treg NA28; + ὀνόματα RP </note>
<note>• φυλῶν WH Treg NA28 ] + τῶν RP</note>

<verse>Revelation 21:13</verse>
<note>13 ἀνατολῆς WH Treg NA28 ] ἀνατολῶν RP</note>

<verse>Revelation 21:14</verse>
<note>14 ἔχων WH Treg NA28 ] ἔχον RP</note>

<verse>Revelation 21:16</verse>
<note>16 ὅσον WH Treg RP ] + καὶ NA28 </note>
<note>• σταδίους Treg RP ] σταδίων WH NA28 </note>
<note>• χιλιάδων WH Treg NA28 ] + δώδεκα RP</note>

<verse>Revelation 21:18</verse>
<note>18 καὶ WH NA28 ] + ἦν Treg RP</note>

<verse>Revelation 21:19</verse>
<note>19 οἱ WH NA28 RP ] καὶ οἱ Treg </note>

<verse>Revelation 21:24</verse>
<note>24 τὴν δόξαν αὐτῶν WH Treg NA28 ] αὐτῷ δόξαν καὶ τιμὴν τῶν ἐθνῶν RP</note>

<verse>Revelation 21:27</verse>
<note>27 ποιῶν Holmes WHmarg ] ὁ ποιῶν WH Treg NA28; ποιοῦν RP</note>

<verse>Revelation 22:1</verse>
<note>22:1 ποταμὸν WH Treg NA28 ] + καθαρὸν RP </note>

<verse>Revelation 22:2</verse>
<note>2 ἀποδιδοῦν WH NA28 ] ἀποδιδοὺς Treg RP</note>

<verse>Revelation 22:5</verse>
<note>5 ἔτι WH Treg NA28 ] ἐκει RP </note>
<note>• οὐκ ἔχουσιν χρείαν WH Treg NA28 ] χρείαν οὐκ ἔχουσιν RP </note>
<note>• φωτὸς WH Treg NA28 ] – RP </note>
<note>• φῶς WH ] φωτὸς Treg NA28 RP </note>
<note>• ἐπʼ WH Treg NA28 ] – RP</note>

<verse>Revelation 22:6</verse>
<note>6 εἶπέν WH Treg NA28 ] λέγει RP </note>
<note>• ὁ WH Treg NA28 ] – RP</note>

<verse>Revelation 22:11</verse>
<note>11 ῥυπαρευθήτω RP ] ῥυπανθήτω WH Treg NA28</note>

<verse>Revelation 22:12</verse>
<note>12 ἐστὶν WH Treg NA28 ] ἔσται RP</note>

<verse>Revelation 22:13</verse>
<note>13 ἡ WH NA28 RP ] – Treg </note>
<note>• τὸ WH NA28 RP ] – Treg</note>

<verse>Revelation 22:14</verse>
<note>14 πλύνοντες τὰς στολὰς αὐτῶν WH Treg NA28 ] ποιοῦντες τὰς ἐντολὰς αὐτοῦ RP</note>

<verse>Revelation 22:18</verse>
<note>18 ἐπιθήσει WH Treg NA28 ] ἐπιθήσαι RP</note>

<verse>Revelation 22:19</verse>
<note>19 ἀφελεῖ WH Treg NA28 ] ἀφέλοι RP</note>

<verse>Revelation 22:20</verse>
<note>20 ἔρχου WH Treg NA28 ] Ναί ἔρχου RP</note>

<verse>Revelation 22:21</verse>
<note>21 Ἰησοῦ Treg NA28 ] + Χριστοῦ WH RP </note>
<note>• πάντων NA28 ] τῶν ἁγίων WH Treg; τῶν ἁγίων. ἀμήν NIV; πάντων τῶν ἁγίων. Ἀμήν RP</note>
</book>
