<book>
<book-name>ΠΡΟΣ ΤΙΤΟΝ</book-name>

<verse>Titus 1:4</verse>
<note>1:4 καὶ WH Treg NA28 ] ἔλεος RP </note>
<note>• Χριστοῦ Ἰησοῦ WH Treg NA28 ] κυρίου Ἰησοῦ χριστοῦ RP</note>

<verse>Titus 1:5</verse>
<note>5 ἀπέλιπόν Treg NA28 ] ἀπέλειπόν WH; κατέλιπόν RP</note>

<verse>Titus 1:10</verse>
<note>10 καὶ RP NA28 ] – WH Treg NIV </note>
<note>• τῆς WH Treg NA28 ] – RP</note>

<verse>Titus 1:15</verse>
<note>15 πάντα WH Treg NA28 ] + μὲν RP</note>

<verse>Titus 2:3</verse>
<note>2:3 μηδὲ WH Treg ] μὴ NA28 RP</note>

<verse>Titus 2:4</verse>
<note>4 σωφρονίζωσι WH NA28 RP ] σωφρονίζουσιν Treg</note>

<verse>Titus 2:5</verse>
<note>5 οἰκουργούς WH Treg NA28 ] οἰκουρούς RP</note>

<verse>Titus 2:7</verse>
<note>7 ἀφθορίαν WH Treg NA28 ] ἀδιαφθορίαν RP </note>
<note>• σεμνότητα WH Treg NA28 ] + ἀφθαρσίαν RP</note>

<verse>Titus 2:8</verse>
<note>8 λέγειν περὶ ἡμῶν WH Treg NA28 ] περὶ ἡμῶν λέγειν RP</note>

<verse>Titus 2:10</verse>
<note>10 πᾶσαν πίστιν WH Treg NA28 ] πίστιν πᾶσαν RP </note>
<note>• τὴν WH Treg NA28 ] – RP</note>

<verse>Titus 2:11</verse>
<note>11 θεοῦ WH Treg NA28 ] + ἡ RP</note>

<verse>Titus 2:13</verse>
<note>13 Ἰησοῦ Χριστοῦ NA28 RP ] Χριστοῦ Ἰησοῦ WH Treg</note>

<verse>Titus 3:1</verse>
<note>3:1 ἀρχαῖς WH Treg NA28 ] + καὶ RP</note>

<verse>Titus 3:5</verse>
<note>5 ἃ WH Treg NA28 ] ὧν RP </note>
<note>• τὸ αὐτοῦ ἔλεος WH Treg NA28 ] τὸν αὐτοῦ ἔλεον RP</note>

<verse>Titus 3:7</verse>
<note>7 γενηθῶμεν WH Treg NA28 ] γενώμεθα RP</note>

<verse>Titus 3:8</verse>
<note>8 ἐστιν WH Treg NA28 ] + τὰ RP</note>

<verse>Titus 3:9</verse>
<note>9 ἔρεις Treg NA28 RP ] ἔριν WH</note>

<verse>Titus 3:13</verse>
<note>13 Ἀπολλῶν WH NA28 ] Ἀπολλὼ Treg RP</note>

<verse>Titus 3:15</verse>
<note>15 ὑμῶν WH Treg NA28 ] + Ἀμήν RP</note>
</book>
