<?xml version="1.0" encoding="utf-8"?>
<!DOCTYPE TEI [
<!-- entities used in individual transcriptions will be defined here -->
]>
<?xml-model href="TEI-NTMSS.rng" type="application/xml" 
schematypens="http://relaxng.org/ns/structure/1.0"?>
<TEI xml:id="Byz" xmlns="http://www.tei-c.org/ns/1.0">
    <teiHeader>
        <fileDesc>
            <titleStmt>
                <title>The New Testament in the Original Greek: The Byzantine Textform</title>
                <title type="collection" level="s" xml:lang="en">The New Testament</title>
				<title type="work" level="m" xml:lang="en" n="23">First John</title>
				<title type="short" level="m" xml:lang="en" n="23">1JO</title>                
                <respStmt>
                    <resp>Created by</resp><name>Maurice A. Robinson and William Pierpont</name>
                </respStmt>
            </titleStmt> 
        <editionStmt>
            <edition n="2018">Last updated (XML version) <date>31.5.2023</date></edition>
        </editionStmt>
        <publicationStmt>
            <availability><p>This file is in the Public Domain</p></availability>
        </publicationStmt>
        <sourceDesc>
            <msDesc>
            <msIdentifier>
                <country>United States of America</country>
                <msName xml:lang="en">The New Testament in the Original Greek: The Byzantine Textform</msName>
                <altIdentifier type="Byz"></altIdentifier>
            </msIdentifier>
            </msDesc>
        </sourceDesc>
        </fileDesc>
        <encodingDesc n="1.5">
            <editorialDecl>
                <p>The initial transcription file was a set of plain text files, later converted to XML. Further information about the procedures followed may be found in the electronic edition at <ptr target="https://github.com/byztxt/byzantine-majority-text/"/></p>
                <p>The XML specifications used were version 1.5 of the IGNTP Guidelines available at <ptr target="http://epapers.bham.ac.uk/1892/"/></p>
            </editorialDecl> 
            <variantEncoding method="parallel-segmentation" location="internal"/>
        </encodingDesc>
    </teiHeader>
    <text xml:lang="grc">
        <body>
			<div type="book" n="B23">
				<div type="chapter" n="B23K1">
					<ab n="B23K1V1">
						<w>ο</w>
						<w>ην</w>
						<w>απ</w>
						<w>αρχης</w>
						<w>ο</w>
						<w>ακηκοαμεν</w>
						<w>ο</w>
						<w>εωρακαμεν</w>
						<w>τοις</w>
						<w>οφθαλμοις</w>
						<w>ημων</w>
						<w>ο</w>
						<w>εθεασαμεθα</w>
						<w>και</w>
						<w>αι</w>
						<w>χειρες</w>
						<w>ημων</w>
						<w>εψηλαφησαν</w>
						<w>περι</w>
						<w>του</w>
						<w>λογου</w>
						<w>της</w>
						<w>ζωης</w>
					</ab>
					<ab n="B23K1V2">
						<w>και</w>
						<w>η</w>
						<w>ζωη</w>
						<w>εφανερωθη</w>
						<w>και</w>
						<w>εωρακαμεν</w>
						<w>και</w>
						<w>μαρτυρουμεν</w>
						<w>και</w>
						<w>απαγγελλομεν</w>
						<w>υμιν</w>
						<w>την</w>
						<w>ζωην</w>
						<w>την</w>
						<w>αιωνιον</w>
						<w>ητις</w>
						<w>ην</w>
						<w>προς</w>
						<w>τον</w>
						<w>πατερα</w>
						<w>και</w>
						<w>εφανερωθη</w>
						<w>ημιν</w>
					</ab>
					<ab n="B23K1V3">
						<w>ο</w>
						<w>εωρακαμεν</w>
						<w>και</w>
						<w>ακηκοαμεν</w>
						<w>απαγγελλομεν</w>
						<w>υμιν</w>
						<w>ινα</w>
						<w>και</w>
						<w>υμεις</w>
						<w>κοινωνιαν</w>
						<w>εχητε</w>
						<w>μεθ</w>
						<w>ημων</w>
						<w>και</w>
						<w>η</w>
						<w>κοινωνια</w>
						<w>δε</w>
						<w>η</w>
						<w>ημετερα</w>
						<w>μετα</w>
						<w>του</w>
						<w>πατρος</w>
						<w>και</w>
						<w>μετα</w>
						<w>του</w>
						<w>υιου</w>
						<w>αυτου</w>
						<w>ιησου</w>
						<w>χριστου</w>
					</ab>
					<ab n="B23K1V4">
						<w>και</w>
						<w>ταυτα</w>
						<w>γραφομεν</w>
						<w>υμιν</w>
						<w>ινα</w>
						<w>η</w>
						<w>χαρα</w>
						<w>ημων</w>
						<w>η</w>
						<w>πεπληρωμενη</w>
					</ab>
					<ab n="B23K1V5">
						<w>και</w>
						<w>εστιν</w>
						<w>αυτη</w>
						<w>η</w>
						<w>αγγελια</w>
						<w>ην</w>
						<w>ακηκοαμεν</w>
						<w>απ</w>
						<w>αυτου</w>
						<w>και</w>
						<w>αναγγελλομεν</w>
						<w>υμιν</w>
						<w>οτι</w>
						<w>ο</w>
						<w>θεος</w>
						<w>φως</w>
						<w>εστιν</w>
						<w>και</w>
						<w>σκοτια</w>
						<w>εν</w>
						<w>αυτω</w>
						<w>ουκ</w>
						<w>εστιν</w>
						<w>ουδεμια</w>
					</ab>
					<ab n="B23K1V6">
						<w>εαν</w>
						<w>ειπωμεν</w>
						<w>οτι</w>
						<w>κοινωνιαν</w>
						<w>εχομεν</w>
						<w>μετ</w>
						<w>αυτου</w>
						<w>και</w>
						<w>εν</w>
						<w>τω</w>
						<w>σκοτει</w>
						<w>περιπατωμεν</w>
						<w>ψευδομεθα</w>
						<w>και</w>
						<w>ου</w>
						<w>ποιουμεν</w>
						<w>την</w>
						<w>αληθειαν</w>
					</ab>
					<ab n="B23K1V7">
						<w>εαν</w>
						<w>δε</w>
						<w>εν</w>
						<w>τω</w>
						<w>φωτι</w>
						<w>περιπατωμεν</w>
						<w>ως</w>
						<w>αυτος</w>
						<w>εστιν</w>
						<w>εν</w>
						<w>τω</w>
						<w>φωτι</w>
						<w>κοινωνιαν</w>
						<w>εχομεν</w>
						<w>μετ</w>
						<w>αλληλων</w>
						<w>και</w>
						<w>το</w>
						<w>αιμα</w>
						<w>ιησου</w>
						<w>χριστου</w>
						<w>του</w>
						<w>υιου</w>
						<w>αυτου</w>
						<w>καθαριζει</w>
						<w>ημας</w>
						<w>απο</w>
						<w>πασης</w>
						<w>αμαρτιας</w>
					</ab>
					<ab n="B23K1V8">
						<w>εαν</w>
						<w>ειπωμεν</w>
						<w>οτι</w>
						<w>αμαρτιαν</w>
						<w>ουκ</w>
						<w>εχομεν</w>
						<w>εαυτους</w>
						<w>πλανωμεν</w>
						<w>και</w>
						<w>η</w>
						<w>αληθεια</w>
						<w>ουκ</w>
						<w>εστιν</w>
						<w>εν</w>
						<w>ημιν</w>
					</ab>
					<ab n="B23K1V9">
						<w>εαν</w>
						<w>ομολογωμεν</w>
						<w>τας</w>
						<w>αμαρτιας</w>
						<w>ημων</w>
						<w>πιστος</w>
						<w>εστιν</w>
						<w>και</w>
						<w>δικαιος</w>
						<w>ινα</w>
						<w>αφη</w>
						<w>ημιν</w>
						<w>τας</w>
						<w>αμαρτιας</w>
						<w>και</w>
						<w>καθαριση</w>
						<w>ημας</w>
						<w>απο</w>
						<w>πασης</w>
						<w>αδικιας</w>
					</ab>
					<ab n="B23K1V10">
						<w>εαν</w>
						<w>ειπωμεν</w>
						<w>οτι</w>
						<w>ουχ</w>
						<w>ημαρτηκαμεν</w>
						<w>ψευστην</w>
						<w>ποιουμεν</w>
						<w>αυτον</w>
						<w>και</w>
						<w>ο</w>
						<w>λογος</w>
						<w>αυτου</w>
						<w>ουκ</w>
						<w>εστιν</w>
						<w>εν</w>
						<w>ημιν</w>
					</ab>
				</div>
				<div type="chapter" n="B23K2">
					<ab n="B23K2V1">
						<w>τεκνια</w>
						<w>μου</w>
						<w>ταυτα</w>
						<w>γραφω</w>
						<w>υμιν</w>
						<w>ινα</w>
						<w>μη</w>
						<w>αμαρτητε</w>
						<w>και</w>
						<w>εαν</w>
						<w>τις</w>
						<w>αμαρτη</w>
						<w>παρακλητον</w>
						<w>εχομεν</w>
						<w>προς</w>
						<w>τον</w>
						<w>πατερα</w>
						<w>ιησουν</w>
						<w>χριστον</w>
						<w>δικαιον</w>
					</ab>
					<ab n="B23K2V2">
						<w>και</w>
						<w>αυτος</w>
						<w>ιλασμος</w>
						<w>εστιν</w>
						<w>περι</w>
						<w>των</w>
						<w>αμαρτιων</w>
						<w>ημων</w>
						<w>ου</w>
						<w>περι</w>
						<w>των</w>
						<w>ημετερων</w>
						<w>δε</w>
						<w>μονον</w>
						<w>αλλα</w>
						<w>και</w>
						<w>περι</w>
						<w>ολου</w>
						<w>του</w>
						<w>κοσμου</w>
					</ab>
					<ab n="B23K2V3">
						<w>και</w>
						<w>εν</w>
						<w>τουτω</w>
						<w>γινωσκομεν</w>
						<w>οτι</w>
						<w>εγνωκαμεν</w>
						<w>αυτον</w>
						<w>εαν</w>
						<w>τας</w>
						<w>εντολας</w>
						<w>αυτου</w>
						<w>τηρωμεν</w>
					</ab>
					<ab n="B23K2V4">
						<w>ο</w>
						<w>λεγων</w>
						<w>εγνωκα</w>
						<w>αυτον</w>
						<w>και</w>
						<w>τας</w>
						<w>εντολας</w>
						<w>αυτου</w>
						<w>μη</w>
						<w>τηρων</w>
						<w>ψευστης</w>
						<w>εστιν</w>
						<w>και</w>
						<w>εν</w>
						<w>τουτω</w>
						<w>η</w>
						<w>αληθεια</w>
						<w>ουκ</w>
						<w>εστιν</w>
					</ab>
					<ab n="B23K2V5">
						<w>ος</w>
						<w>δ</w>
						<w>αν</w>
						<w>τηρη</w>
						<w>αυτου</w>
						<w>τον</w>
						<w>λογον</w>
						<w>αληθως</w>
						<w>εν</w>
						<w>τουτω</w>
						<w>η</w>
						<w>αγαπη</w>
						<w>του</w>
						<w>θεου</w>
						<w>τετελειωται</w>
						<w>εν</w>
						<w>τουτω</w>
						<w>γινωσκομεν</w>
						<w>οτι</w>
						<w>εν</w>
						<w>αυτω</w>
						<w>εσμεν</w>
					</ab>
					<ab n="B23K2V6">
						<w>ο</w>
						<w>λεγων</w>
						<w>εν</w>
						<w>αυτω</w>
						<w>μενειν</w>
						<w>οφειλει</w>
						<w>καθως</w>
						<w>εκεινος</w>
						<w>περιεπατησεν</w>
						<w>και</w>
						<w>αυτος</w>
						<w>ουτως</w>
						<w>περιπατειν</w>
					</ab>
					<ab n="B23K2V7">
						<w>αδελφοι</w>
						<w>ουκ</w>
						<w>εντολην</w>
						<w>καινην</w>
						<w>γραφω</w>
						<w>υμιν</w>
						<w>αλλ</w>
						<w>εντολην</w>
						<w>παλαιαν</w>
						<w>ην</w>
						<w>ειχετε</w>
						<w>απ</w>
						<w>αρχης</w>
						<w>η</w>
						<w>εντολη</w>
						<w>η</w>
						<w>παλαια</w>
						<w>εστιν</w>
						<w>ο</w>
						<w>λογος</w>
						<w>ον</w>
						<w>ηκουσατε</w>
						<w>απ</w>
						<w>αρχης</w>
					</ab>
					<ab n="B23K2V8">
						<w>παλιν</w>
						<w>εντολην</w>
						<w>καινην</w>
						<w>γραφω</w>
						<w>υμιν</w>
						<w>ο</w>
						<w>εστιν</w>
						<w>αληθες</w>
						<w>εν</w>
						<w>αυτω</w>
						<w>και</w>
						<w>εν</w>
						<w>υμιν</w>
						<w>οτι</w>
						<w>η</w>
						<w>σκοτια</w>
						<w>παραγεται</w>
						<w>και</w>
						<w>το</w>
						<w>φως</w>
						<w>το</w>
						<w>αληθινον</w>
						<w>ηδη</w>
						<w>φαινει</w>
					</ab>
					<ab n="B23K2V9">
						<w>ο</w>
						<w>λεγων</w>
						<w>εν</w>
						<w>τω</w>
						<w>φωτι</w>
						<w>ειναι</w>
						<w>και</w>
						<w>τον</w>
						<w>αδελφον</w>
						<w>αυτου</w>
						<w>μισων</w>
						<w>εν</w>
						<w>τη</w>
						<w>σκοτια</w>
						<w>εστιν</w>
						<w>εως</w>
						<w>αρτι</w>
					</ab>
					<ab n="B23K2V10">
						<w>ο</w>
						<w>αγαπων</w>
						<w>τον</w>
						<w>αδελφον</w>
						<w>αυτου</w>
						<w>εν</w>
						<w>τω</w>
						<w>φωτι</w>
						<w>μενει</w>
						<w>και</w>
						<w>σκανδαλον</w>
						<w>εν</w>
						<w>αυτω</w>
						<w>ουκ</w>
						<w>εστιν</w>
					</ab>
					<ab n="B23K2V11">
						<w>ο</w>
						<w>δε</w>
						<w>μισων</w>
						<w>τον</w>
						<w>αδελφον</w>
						<w>αυτου</w>
						<w>εν</w>
						<w>τη</w>
						<w>σκοτια</w>
						<w>εστιν</w>
						<w>και</w>
						<w>εν</w>
						<w>τη</w>
						<w>σκοτια</w>
						<w>περιπατει</w>
						<w>και</w>
						<w>ουκ</w>
						<w>οιδεν</w>
						<w>που</w>
						<w>υπαγει</w>
						<w>οτι</w>
						<w>η</w>
						<w>σκοτια</w>
						<w>ετυφλωσεν</w>
						<w>τους</w>
						<w>οφθαλμους</w>
						<w>αυτου</w>
					</ab>
					<ab n="B23K2V12">
						<w>γραφω</w>
						<w>υμιν</w>
						<w>τεκνια</w>
						<w>οτι</w>
						<w>αφεωνται</w>
						<w>υμιν</w>
						<w>αι</w>
						<w>αμαρτιαι</w>
						<w>δια</w>
						<w>το</w>
						<w>ονομα</w>
						<w>αυτου</w>
					</ab>
					<ab n="B23K2V13">
						<w>γραφω</w>
						<w>υμιν</w>
						<w>πατερες</w>
						<w>οτι</w>
						<w>εγνωκατε</w>
						<w>τον</w>
						<w>απ</w>
						<w>αρχης</w>
						<w>γραφω</w>
						<w>υμιν</w>
						<w>νεανισκοι</w>
						<w>οτι</w>
						<w>νενικηκατε</w>
						<w>τον</w>
						<w>πονηρον</w>
						<w>γραφω</w>
						<w>υμιν</w>
						<w>παιδια</w>
						<w>οτι</w>
						<w>εγνωκατε</w>
						<w>τον</w>
						<w>πατερα</w>
					</ab>
					<ab n="B23K2V14">
						<w>εγραψα</w>
						<w>υμιν</w>
						<w>πατερες</w>
						<w>οτι</w>
						<w>εγνωκατε</w>
						<w>τον</w>
						<w>απ</w>
						<w>αρχης</w>
						<w>εγραψα</w>
						<w>υμιν</w>
						<w>νεανισκοι</w>
						<w>οτι</w>
						<w>ισχυροι</w>
						<w>εστε</w>
						<w>και</w>
						<w>ο</w>
						<w>λογος</w>
						<w>του</w>
						<w>θεου</w>
						<w>εν</w>
						<w>υμιν</w>
						<w>μενει</w>
						<w>και</w>
						<w>νενικηκατε</w>
						<w>τον</w>
						<w>πονηρον</w>
					</ab>
					<ab n="B23K2V15">
						<w>μη</w>
						<w>αγαπατε</w>
						<w>τον</w>
						<w>κοσμον</w>
						<w>μηδε</w>
						<w>τα</w>
						<w>εν</w>
						<w>τω</w>
						<w>κοσμω</w>
						<w>εαν</w>
						<w>τις</w>
						<w>αγαπα</w>
						<w>τον</w>
						<w>κοσμον</w>
						<w>ουκ</w>
						<w>εστιν</w>
						<w>η</w>
						<w>αγαπη</w>
						<w>του</w>
						<w>πατρος</w>
						<w>εν</w>
						<w>αυτω</w>
					</ab>
					<ab n="B23K2V16">
						<w>οτι</w>
						<w>παν</w>
						<w>το</w>
						<w>εν</w>
						<w>τω</w>
						<w>κοσμω</w>
						<w>η</w>
						<w>επιθυμια</w>
						<w>της</w>
						<w>σαρκος</w>
						<w>και</w>
						<w>η</w>
						<w>επιθυμια</w>
						<w>των</w>
						<w>οφθαλμων</w>
						<w>και</w>
						<w>η</w>
						<w>αλαζονεια</w>
						<w>του</w>
						<w>βιου</w>
						<w>ουκ</w>
						<w>εστιν</w>
						<w>εκ</w>
						<w>του</w>
						<w>πατρος</w>
						<w>αλλ</w>
						<w>εκ</w>
						<w>του</w>
						<w>κοσμου</w>
						<w>εστιν</w>
					</ab>
					<ab n="B23K2V17">
						<w>και</w>
						<w>ο</w>
						<w>κοσμος</w>
						<w>παραγεται</w>
						<w>και</w>
						<w>η</w>
						<w>επιθυμια</w>
						<w>αυτου</w>
						<w>ο</w>
						<w>δε</w>
						<w>ποιων</w>
						<w>το</w>
						<w>θελημα</w>
						<w>του</w>
						<w>θεου</w>
						<w>μενει</w>
						<w>εις</w>
						<w>τον</w>
						<w>αιωνα</w>
					</ab>
					<ab n="B23K2V18">
						<w>παιδια</w>
						<w>εσχατη</w>
						<w>ωρα</w>
						<w>εστιν</w>
						<w>και</w>
						<w>καθως</w>
						<w>ηκουσατε</w>
						<w>οτι</w>
						<w>ο</w>
						<w>αντιχριστος</w>
						<w>ερχεται</w>
						<w>και</w>
						<w>νυν</w>
						<w>αντιχριστοι</w>
						<w>πολλοι</w>
						<w>γεγονασιν</w>
						<w>οθεν</w>
						<w>γινωσκομεν</w>
						<w>οτι</w>
						<w>εσχατη</w>
						<w>ωρα</w>
						<w>εστιν</w>
					</ab>
					<ab n="B23K2V19">
						<w>εξ</w>
						<w>ημων</w>
						<w>εξηλθον</w>
						<w>αλλ</w>
						<w>ουκ</w>
						<w>ησαν</w>
						<w>εξ</w>
						<w>ημων</w>
						<w>ει</w>
						<w>γαρ</w>
						<w>ησαν</w>
						<w>εξ</w>
						<w>ημων</w>
						<w>μεμενηκεισαν</w>
						<w>αν</w>
						<w>μεθ</w>
						<w>ημων</w>
						<w>αλλ</w>
						<w>ινα</w>
						<w>φανερωθωσιν</w>
						<w>οτι</w>
						<w>ουκ</w>
						<w>εισιν</w>
						<w>παντες</w>
						<w>εξ</w>
						<w>ημων</w>
					</ab>
					<ab n="B23K2V20">
						<w>και</w>
						<w>υμεις</w>
						<w>χρισμα</w>
						<w>εχετε</w>
						<w>απο</w>
						<w>του</w>
						<w>αγιου</w>
						<w>και</w>
						<w>οιδατε</w>
						<w>παντα</w>
					</ab>
					<ab n="B23K2V21">
						<w>ουκ</w>
						<w>εγραψα</w>
						<w>υμιν</w>
						<w>οτι</w>
						<w>ουκ</w>
						<w>οιδατε</w>
						<w>την</w>
						<w>αληθειαν</w>
						<w>αλλ</w>
						<w>οτι</w>
						<w>οιδατε</w>
						<w>αυτην</w>
						<w>και</w>
						<w>οτι</w>
						<w>παν</w>
						<w>ψευδος</w>
						<w>εκ</w>
						<w>της</w>
						<w>αληθειας</w>
						<w>ουκ</w>
						<w>εστιν</w>
					</ab>
					<ab n="B23K2V22">
						<w>τις</w>
						<w>εστιν</w>
						<w>ο</w>
						<w>ψευστης</w>
						<w>ει</w>
						<w>μη</w>
						<w>ο</w>
						<w>αρνουμενος</w>
						<w>οτι</w>
						<w>ιησους</w>
						<w>ουκ</w>
						<w>εστιν</w>
						<w>ο</w>
						<w>χριστος</w>
						<w>ουτος</w>
						<w>εστιν</w>
						<w>ο</w>
						<w>αντιχριστος</w>
						<w>ο</w>
						<w>αρνουμενος</w>
						<w>τον</w>
						<w>πατερα</w>
						<w>και</w>
						<w>τον</w>
						<w>υιον</w>
					</ab>
					<ab n="B23K2V23">
						<w>πας</w>
						<w>ο</w>
						<w>αρνουμενος</w>
						<w>τον</w>
						<w>υιον</w>
						<w>ουδε</w>
						<w>τον</w>
						<w>πατερα</w>
						<w>εχει</w>
					</ab>
					<ab n="B23K2V24">
						<w>υμεις</w>
						<w>ουν</w>
						<w>ο</w>
						<w>ηκουσατε</w>
						<w>απ</w>
						<w>αρχης</w>
						<w>εν</w>
						<w>υμιν</w>
						<w>μενετω</w>
						<w>εαν</w>
						<w>εν</w>
						<w>υμιν</w>
						<w>μεινη</w>
						<w>ο</w>
						<w>απ</w>
						<w>αρχης</w>
						<w>ηκουσατε</w>
						<w>και</w>
						<w>υμεις</w>
						<w>εν</w>
						<w>τω</w>
						<w>υιω</w>
						<w>και</w>
						<w>εν</w>
						<w>τω</w>
						<w>πατρι</w>
						<w>μενειτε</w>
					</ab>
					<ab n="B23K2V25">
						<w>και</w>
						<w>αυτη</w>
						<w>εστιν</w>
						<w>η</w>
						<w>επαγγελια</w>
						<w>ην</w>
						<w>αυτος</w>
						<w>επηγγειλατο</w>
						<w>ημιν</w>
						<w>την</w>
						<w>ζωην</w>
						<w>την</w>
						<w>αιωνιον</w>
					</ab>
					<ab n="B23K2V26">
						<w>ταυτα</w>
						<w>εγραψα</w>
						<w>υμιν</w>
						<w>περι</w>
						<w>των</w>
						<w>πλανωντων</w>
						<w>υμας</w>
					</ab>
					<ab n="B23K2V27">
						<w>και</w>
						<w>υμεις</w>
						<w>το</w>
						<w>χρισμα</w>
						<w>ο</w>
						<w>ελαβετε</w>
						<w>απ</w>
						<w>αυτου</w>
						<w>εν</w>
						<w>υμιν</w>
						<w>μενει</w>
						<w>και</w>
						<w>ου</w>
						<w>χρειαν</w>
						<w>εχετε</w>
						<w>ινα</w>
						<w>τις</w>
						<w>διδασκη</w>
						<w>υμας</w>
						<w>αλλ</w>
						<w>ως</w>
						<w>το</w>
						<w>αυτο</w>
						<w>χρισμα</w>
						<w>διδασκει</w>
						<w>υμας</w>
						<w>περι</w>
						<w>παντων</w>
						<w>και</w>
						<w>αληθες</w>
						<w>εστιν</w>
						<w>και</w>
						<w>ουκ</w>
						<w>εστιν</w>
						<w>ψευδος</w>
						<w>και</w>
						<w>καθως</w>
						<w>εδιδαξεν</w>
						<w>υμας</w>
						<w>μενειτε</w>
						<w>εν</w>
						<w>αυτω</w>
					</ab>
					<ab n="B23K2V28">
						<w>και</w>
						<w>νυν</w>
						<w>τεκνια</w>
						<w>μενετε</w>
						<w>εν</w>
						<w>αυτω</w>
						<w>ινα</w>
						<w>οταν</w>
						<w>φανερωθη</w>
						<w>εχωμεν</w>
						<w>παρρησιαν</w>
						<w>και</w>
						<w>μη</w>
						<w>αισχυνθωμεν</w>
						<w>απ</w>
						<w>αυτου</w>
						<w>εν</w>
						<w>τη</w>
						<w>παρουσια</w>
						<w>αυτου</w>
					</ab>
					<ab n="B23K2V29">
						<w>εαν</w>
						<w>ειδητε</w>
						<w>οτι</w>
						<w>δικαιος</w>
						<w>εστιν</w>
						<w>γινωσκετε</w>
						<w>οτι</w>
						<w>πας</w>
						<w>ο</w>
						<w>ποιων</w>
						<w>την</w>
						<w>δικαιοσυνην</w>
						<w>εξ</w>
						<w>αυτου</w>
						<w>γεγεννηται</w>
					</ab>
				</div>
				<div type="chapter" n="B23K3">
					<ab n="B23K3V1">
						<w>ιδετε</w>
						<w>ποταπην</w>
						<w>αγαπην</w>
						<w>δεδωκεν</w>
						<w>ημιν</w>
						<w>ο</w>
						<w>πατηρ</w>
						<w>ινα</w>
						<w>τεκνα</w>
						<w>θεου</w>
						<w>κληθωμεν</w>
						<w>δια</w>
						<w>τουτο</w>
						<w>ο</w>
						<w>κοσμος</w>
						<w>ου</w>
						<w>γινωσκει</w>
						<w>υμας</w>
						<w>οτι</w>
						<w>ουκ</w>
						<w>εγνω</w>
						<w>αυτον</w>
					</ab>
					<ab n="B23K3V2">
						<w>αγαπητοι</w>
						<w>νυν</w>
						<w>τεκνα</w>
						<w>θεου</w>
						<w>εσμεν</w>
						<w>και</w>
						<w>ουπω</w>
						<w>εφανερωθη</w>
						<w>τι</w>
						<w>εσομεθα</w>
						<w>οιδαμεν</w>
						<w>δε</w>
						<w>οτι</w>
						<w>εαν</w>
						<w>φανερωθη</w>
						<w>ομοιοι</w>
						<w>αυτω</w>
						<w>εσομεθα</w>
						<w>οτι</w>
						<w>οψομεθα</w>
						<w>αυτον</w>
						<w>καθως</w>
						<w>εστιν</w>
					</ab>
					<ab n="B23K3V3">
						<w>και</w>
						<w>πας</w>
						<w>ο</w>
						<w>εχων</w>
						<w>την</w>
						<w>ελπιδα</w>
						<w>ταυτην</w>
						<w>επ</w>
						<w>αυτω</w>
						<w>αγνιζει</w>
						<w>εαυτον</w>
						<w>καθως</w>
						<w>εκεινος</w>
						<w>αγνος</w>
						<w>εστιν</w>
					</ab>
					<ab n="B23K3V4">
						<w>πας</w>
						<w>ο</w>
						<w>ποιων</w>
						<w>την</w>
						<w>αμαρτιαν</w>
						<w>και</w>
						<w>την</w>
						<w>ανομιαν</w>
						<w>ποιει</w>
						<w>και</w>
						<w>η</w>
						<w>αμαρτια</w>
						<w>εστιν</w>
						<w>η</w>
						<w>ανομια</w>
					</ab>
					<ab n="B23K3V5">
						<w>και</w>
						<w>οιδατε</w>
						<w>οτι</w>
						<w>εκεινος</w>
						<w>εφανερωθη</w>
						<w>ινα</w>
						<w>τας</w>
						<w>αμαρτιας</w>
						<w>ημων</w>
						<w>αρη</w>
						<w>και</w>
						<w>αμαρτια</w>
						<w>εν</w>
						<w>αυτω</w>
						<w>ουκ</w>
						<w>εστιν</w>
					</ab>
					<ab n="B23K3V6">
						<w>πας</w>
						<w>ο</w>
						<w>εν</w>
						<w>αυτω</w>
						<w>μενων</w>
						<w>ουχ</w>
						<w>αμαρτανει</w>
						<w>πας</w>
						<w>ο</w>
						<w>αμαρτανων</w>
						<w>ουχ</w>
						<w>εωρακεν</w>
						<w>αυτον</w>
						<w>ουδε</w>
						<w>εγνωκεν</w>
						<w>αυτον</w>
					</ab>
					<ab n="B23K3V7">
						<w>τεκνια</w>
						<w>μηδεις</w>
						<w>πλανατω</w>
						<w>υμας</w>
						<w>ο</w>
						<w>ποιων</w>
						<w>την</w>
						<w>δικαιοσυνην</w>
						<w>δικαιος</w>
						<w>εστιν</w>
						<w>καθως</w>
						<w>εκεινος</w>
						<w>δικαιος</w>
						<w>εστιν</w>
					</ab>
					<ab n="B23K3V8">
						<w>ο</w>
						<w>ποιων</w>
						<w>την</w>
						<w>αμαρτιαν</w>
						<w>εκ</w>
						<w>του</w>
						<w>διαβολου</w>
						<w>εστιν</w>
						<w>οτι</w>
						<w>απ</w>
						<w>αρχης</w>
						<w>ο</w>
						<w>διαβολος</w>
						<w>αμαρτανει</w>
						<w>εις</w>
						<w>τουτο</w>
						<w>εφανερωθη</w>
						<w>ο</w>
						<w>υιος</w>
						<w>του</w>
						<w>θεου</w>
						<w>ινα</w>
						<w>λυση</w>
						<w>τα</w>
						<w>εργα</w>
						<w>του</w>
						<w>διαβολου</w>
					</ab>
					<ab n="B23K3V9">
						<w>πας</w>
						<w>ο</w>
						<w>γεγεννημενος</w>
						<w>εκ</w>
						<w>του</w>
						<w>θεου</w>
						<w>αμαρτιαν</w>
						<w>ου</w>
						<w>ποιει</w>
						<w>οτι</w>
						<w>σπερμα</w>
						<w>αυτου</w>
						<w>εν</w>
						<w>αυτω</w>
						<w>μενει</w>
						<w>και</w>
						<w>ου</w>
						<w>δυναται</w>
						<w>αμαρτανειν</w>
						<w>οτι</w>
						<w>εκ</w>
						<w>του</w>
						<w>θεου</w>
						<w>γεγεννηται</w>
					</ab>
					<ab n="B23K3V10">
						<w>εν</w>
						<w>τουτω</w>
						<w>φανερα</w>
						<w>εστιν</w>
						<w>τα</w>
						<w>τεκνα</w>
						<w>του</w>
						<w>θεου</w>
						<w>και</w>
						<w>τα</w>
						<w>τεκνα</w>
						<w>του</w>
						<w>διαβολου</w>
						<w>πας</w>
						<w>ο</w>
						<w>μη</w>
						<w>ποιων</w>
						<w>δικαιοσυνην</w>
						<w>ουκ</w>
						<w>εστιν</w>
						<w>εκ</w>
						<w>του</w>
						<w>θεου</w>
						<w>και</w>
						<w>ο</w>
						<w>μη</w>
						<w>αγαπων</w>
						<w>τον</w>
						<w>αδελφον</w>
						<w>αυτου</w>
					</ab>
					<ab n="B23K3V11">
						<w>οτι</w>
						<w>αυτη</w>
						<w>εστιν</w>
						<w>η</w>
						<w>αγγελια</w>
						<w>ην</w>
						<w>ηκουσατε</w>
						<w>απ</w>
						<w>αρχης</w>
						<w>ινα</w>
						<w>αγαπωμεν</w>
						<w>αλληλους</w>
					</ab>
					<ab n="B23K3V12">
						<w>ου</w>
						<w>καθως</w>
						<w>καιν</w>
						<w>εκ</w>
						<w>του</w>
						<w>πονηρου</w>
						<w>ην</w>
						<w>και</w>
						<w>εσφαξεν</w>
						<w>τον</w>
						<w>αδελφον</w>
						<w>αυτου</w>
						<w>και</w>
						<w>χαριν</w>
						<w>τινος</w>
						<w>εσφαξεν</w>
						<w>αυτον</w>
						<w>οτι</w>
						<w>τα</w>
						<w>εργα</w>
						<w>αυτου</w>
						<w>πονηρα</w>
						<w>ην</w>
						<w>τα</w>
						<w>δε</w>
						<w>του</w>
						<w>αδελφου</w>
						<w>αυτου</w>
						<w>δικαια</w>
					</ab>
					<ab n="B23K3V13">
						<w>μη</w>
						<w>θαυμαζετε</w>
						<w>αδελφοι</w>
						<w>μου</w>
						<w>ει</w>
						<w>μισει</w>
						<w>υμας</w>
						<w>ο</w>
						<w>κοσμος</w>
					</ab>
					<ab n="B23K3V14">
						<w>ημεις</w>
						<w>οιδαμεν</w>
						<w>οτι</w>
						<w>μεταβεβηκαμεν</w>
						<w>εκ</w>
						<w>του</w>
						<w>θανατου</w>
						<w>εις</w>
						<w>την</w>
						<w>ζωην</w>
						<w>οτι</w>
						<w>αγαπωμεν</w>
						<w>τους</w>
						<w>αδελφους</w>
						<w>ο</w>
						<w>μη</w>
						<w>αγαπων</w>
						<w>τον</w>
						<w>αδελφον</w>
						<w>μενει</w>
						<w>εν</w>
						<w>τω</w>
						<w>θανατω</w>
					</ab>
					<ab n="B23K3V15">
						<w>πας</w>
						<w>ο</w>
						<w>μισων</w>
						<w>τον</w>
						<w>αδελφον</w>
						<w>αυτου</w>
						<w>ανθρωποκτονος</w>
						<w>εστιν</w>
						<w>και</w>
						<w>οιδατε</w>
						<w>οτι</w>
						<w>πας</w>
						<w>ανθρωποκτονος</w>
						<w>ουκ</w>
						<w>εχει</w>
						<w>ζωην</w>
						<w>αιωνιον</w>
						<w>εν</w>
						<w>εαυτω</w>
						<w>μενουσαν</w>
					</ab>
					<ab n="B23K3V16">
						<w>εν</w>
						<w>τουτω</w>
						<w>εγνωκαμεν</w>
						<w>την</w>
						<w>αγαπην</w>
						<w>οτι</w>
						<w>εκεινος</w>
						<w>υπερ</w>
						<w>ημων</w>
						<w>την</w>
						<w>ψυχην</w>
						<w>αυτου</w>
						<w>εθηκεν</w>
						<w>και</w>
						<w>ημεις</w>
						<w>οφειλομεν</w>
						<w>υπερ</w>
						<w>των</w>
						<w>αδελφων</w>
						<w>τας</w>
						<w>ψυχας</w>
						<w>τιθεναι</w>
					</ab>
					<ab n="B23K3V17">
						<w>ος</w>
						<w>δ</w>
						<w>αν</w>
						<w>εχη</w>
						<w>τον</w>
						<w>βιον</w>
						<w>του</w>
						<w>κοσμου</w>
						<w>και</w>
						<w>θεωρη</w>
						<w>τον</w>
						<w>αδελφον</w>
						<w>αυτου</w>
						<w>χρειαν</w>
						<w>εχοντα</w>
						<w>και</w>
						<w>κλειση</w>
						<w>τα</w>
						<w>σπλαγχνα</w>
						<w>αυτου</w>
						<w>απ</w>
						<w>αυτου</w>
						<w>πως</w>
						<w>η</w>
						<w>αγαπη</w>
						<w>του</w>
						<w>θεου</w>
						<w>μενει</w>
						<w>εν</w>
						<w>αυτω</w>
					</ab>
					<ab n="B23K3V18">
						<w>τεκνια</w>
						<w>μου</w>
						<w>μη</w>
						<w>αγαπωμεν</w>
						<w>λογω</w>
						<w>μηδε</w>
						<w>τη</w>
						<w>γλωσση</w>
						<w>αλλ</w>
						<w>εν</w>
						<w>εργω</w>
						<w>και</w>
						<w>αληθεια</w>
					</ab>
					<ab n="B23K3V19">
						<w>και</w>
						<w>εν</w>
						<w>τουτω</w>
						<w>γινωσκομεν</w>
						<w>οτι</w>
						<w>εκ</w>
						<w>της</w>
						<w>αληθειας</w>
						<w>εσμεν</w>
						<w>και</w>
						<w>εμπροσθεν</w>
						<w>αυτου</w>
						<w>πεισομεν</w>
						<w>τας</w>
						<w>καρδιας</w>
						<w>ημων</w>
					</ab>
					<ab n="B23K3V20">
						<w>οτι</w>
						<w>εαν</w>
						<w>καταγινωσκη</w>
						<w>ημων</w>
						<w>η</w>
						<w>καρδια</w>
						<w>οτι</w>
						<w>μειζων</w>
						<w>εστιν</w>
						<w>ο</w>
						<w>θεος</w>
						<w>της</w>
						<w>καρδιας</w>
						<w>ημων</w>
						<w>και</w>
						<w>γινωσκει</w>
						<w>παντα</w>
					</ab>
					<ab n="B23K3V21">
						<w>αγαπητοι</w>
						<w>εαν</w>
						<w>η</w>
						<w>καρδια</w>
						<w>ημων</w>
						<w>μη</w>
						<w>καταγινωσκη</w>
						<w>ημων</w>
						<w>παρρησιαν</w>
						<w>εχομεν</w>
						<w>προς</w>
						<w>τον</w>
						<w>θεον</w>
					</ab>
					<ab n="B23K3V22">
						<w>και</w>
						<w>ο</w>
						<w>εαν</w>
						<w>αιτωμεν</w>
						<w>λαμβανομεν</w>
						<w>παρ</w>
						<w>αυτου</w>
						<w>οτι</w>
						<w>τας</w>
						<w>εντολας</w>
						<w>αυτου</w>
						<w>τηρουμεν</w>
						<w>και</w>
						<w>τα</w>
						<w>αρεστα</w>
						<w>ενωπιον</w>
						<w>αυτου</w>
						<w>ποιουμεν</w>
					</ab>
					<ab n="B23K3V23">
						<w>και</w>
						<w>αυτη</w>
						<w>εστιν</w>
						<w>η</w>
						<w>εντολη</w>
						<w>αυτου</w>
						<w>ινα</w>
						<w>πιστευσωμεν</w>
						<w>τω</w>
						<w>ονοματι</w>
						<w>του</w>
						<w>υιου</w>
						<w>αυτου</w>
						<w>ιησου</w>
						<w>χριστου</w>
						<w>και</w>
						<w>αγαπωμεν</w>
						<w>αλληλους</w>
						<w>καθως</w>
						<w>εδωκεν</w>
						<w>εντολην</w>
					</ab>
					<ab n="B23K3V24">
						<w>και</w>
						<w>ο</w>
						<w>τηρων</w>
						<w>τας</w>
						<w>εντολας</w>
						<w>αυτου</w>
						<w>εν</w>
						<w>αυτω</w>
						<w>μενει</w>
						<w>και</w>
						<w>αυτος</w>
						<w>εν</w>
						<w>αυτω</w>
						<w>και</w>
						<w>εν</w>
						<w>τουτω</w>
						<w>γινωσκομεν</w>
						<w>οτι</w>
						<w>μενει</w>
						<w>εν</w>
						<w>ημιν</w>
						<w>εκ</w>
						<w>του</w>
						<w>πνευματος</w>
						<w>ου</w>
						<w>ημιν</w>
						<w>εδωκεν</w>
					</ab>
				</div>
				<div type="chapter" n="B23K4">
					<ab n="B23K4V1">
						<w>αγαπητοι</w>
						<w>μη</w>
						<w>παντι</w>
						<w>πνευματι</w>
						<w>πιστευετε</w>
						<w>αλλα</w>
						<w>δοκιμαζετε</w>
						<w>τα</w>
						<w>πνευματα</w>
						<w>ει</w>
						<w>εκ</w>
						<w>του</w>
						<w>θεου</w>
						<w>εστιν</w>
						<w>οτι</w>
						<w>πολλοι</w>
						<w>ψευδοπροφηται</w>
						<w>εξεληλυθασιν</w>
						<w>εις</w>
						<w>τον</w>
						<w>κοσμον</w>
					</ab>
					<ab n="B23K4V2">
						<w>εν</w>
						<w>τουτω</w>
						<w>γινωσκεται</w>
						<w>το</w>
						<w>πνευμα</w>
						<w>του</w>
						<w>θεου</w>
						<w>παν</w>
						<w>πνευμα</w>
						<w>ο</w>
						<w>ομολογει</w>
						<w>ιησουν</w>
						<w>χριστον</w>
						<w>εν</w>
						<w>σαρκι</w>
						<w>εληλυθοτα</w>
						<w>εκ</w>
						<w>του</w>
						<w>θεου</w>
						<w>εστιν</w>
					</ab>
					<ab n="B23K4V3">
						<w>και</w>
						<w>παν</w>
						<w>πνευμα</w>
						<w>ο</w>
						<w>μη</w>
						<w>ομολογει</w>
						<w>ιησουν</w>
						<w>χριστον</w>
						<w>εν</w>
						<w>σαρκι</w>
						<w>εληλυθοτα</w>
						<w>εκ</w>
						<w>του</w>
						<w>θεου</w>
						<w>ουκ</w>
						<w>εστιν</w>
						<w>και</w>
						<w>τουτο</w>
						<w>εστιν</w>
						<w>το</w>
						<w>του</w>
						<w>αντιχριστου</w>
						<w>ο</w>
						<w>ακηκοατε</w>
						<w>οτι</w>
						<w>ερχεται</w>
						<w>και</w>
						<w>νυν</w>
						<w>εν</w>
						<w>τω</w>
						<w>κοσμω</w>
						<w>εστιν</w>
						<w>ηδη</w>
					</ab>
					<ab n="B23K4V4">
						<w>υμεις</w>
						<w>εκ</w>
						<w>του</w>
						<w>θεου</w>
						<w>εστε</w>
						<w>τεκνια</w>
						<w>και</w>
						<w>νενικηκατε</w>
						<w>αυτους</w>
						<w>οτι</w>
						<w>μειζων</w>
						<w>εστιν</w>
						<w>ο</w>
						<w>εν</w>
						<w>υμιν</w>
						<w>η</w>
						<w>ο</w>
						<w>εν</w>
						<w>τω</w>
						<w>κοσμω</w>
					</ab>
					<ab n="B23K4V5">
						<w>αυτοι</w>
						<w>εκ</w>
						<w>του</w>
						<w>κοσμου</w>
						<w>εισιν</w>
						<w>δια</w>
						<w>τουτο</w>
						<w>εκ</w>
						<w>του</w>
						<w>κοσμου</w>
						<w>λαλουσιν</w>
						<w>και</w>
						<w>ο</w>
						<w>κοσμος</w>
						<w>αυτων</w>
						<w>ακουει</w>
					</ab>
					<ab n="B23K4V6">
						<w>ημεις</w>
						<w>εκ</w>
						<w>του</w>
						<w>θεου</w>
						<w>εσμεν</w>
						<w>ο</w>
						<w>γινωσκων</w>
						<w>τον</w>
						<w>θεον</w>
						<w>ακουει</w>
						<w>ημων</w>
						<w>ος</w>
						<w>ουκ</w>
						<w>εστιν</w>
						<w>εκ</w>
						<w>του</w>
						<w>θεου</w>
						<w>ουκ</w>
						<w>ακουει</w>
						<w>ημων</w>
						<w>εκ</w>
						<w>τουτου</w>
						<w>γινωσκομεν</w>
						<w>το</w>
						<w>πνευμα</w>
						<w>της</w>
						<w>αληθειας</w>
						<w>και</w>
						<w>το</w>
						<w>πνευμα</w>
						<w>της</w>
						<w>πλανης</w>
					</ab>
					<ab n="B23K4V7">
						<w>αγαπητοι</w>
						<w>αγαπωμεν</w>
						<w>αλληλους</w>
						<w>οτι</w>
						<w>η</w>
						<w>αγαπη</w>
						<w>εκ</w>
						<w>του</w>
						<w>θεου</w>
						<w>εστιν</w>
						<w>και</w>
						<w>πας</w>
						<w>ο</w>
						<w>αγαπων</w>
						<w>εκ</w>
						<w>του</w>
						<w>θεου</w>
						<w>γεγεννηται</w>
						<w>και</w>
						<w>γινωσκει</w>
						<w>τον</w>
						<w>θεον</w>
					</ab>
					<ab n="B23K4V8">
						<w>ο</w>
						<w>μη</w>
						<w>αγαπων</w>
						<w>ουκ</w>
						<w>εγνω</w>
						<w>τον</w>
						<w>θεον</w>
						<w>οτι</w>
						<w>ο</w>
						<w>θεος</w>
						<w>αγαπη</w>
						<w>εστιν</w>
					</ab>
					<ab n="B23K4V9">
						<w>εν</w>
						<w>τουτω</w>
						<w>εφανερωθη</w>
						<w>η</w>
						<w>αγαπη</w>
						<w>του</w>
						<w>θεου</w>
						<w>εν</w>
						<w>ημιν</w>
						<w>οτι</w>
						<w>τον</w>
						<w>υιον</w>
						<w>αυτου</w>
						<w>τον</w>
						<w>μονογενη</w>
						<w>απεσταλκεν</w>
						<w>ο</w>
						<w>θεος</w>
						<w>εις</w>
						<w>τον</w>
						<w>κοσμον</w>
						<w>ινα</w>
						<w>ζησωμεν</w>
						<w>δι</w>
						<w>αυτου</w>
					</ab>
					<ab n="B23K4V10">
						<w>εν</w>
						<w>τουτω</w>
						<w>εστιν</w>
						<w>η</w>
						<w>αγαπη</w>
						<w>ουχ</w>
						<w>οτι</w>
						<w>ημεις</w>
						<w>ηγαπησαμεν</w>
						<w>τον</w>
						<w>θεον</w>
						<w>αλλ</w>
						<w>οτι</w>
						<w>αυτος</w>
						<w>ηγαπησεν</w>
						<w>ημας</w>
						<w>και</w>
						<w>απεστειλεν</w>
						<w>τον</w>
						<w>υιον</w>
						<w>αυτου</w>
						<w>ιλασμον</w>
						<w>περι</w>
						<w>των</w>
						<w>αμαρτιων</w>
						<w>ημων</w>
					</ab>
					<ab n="B23K4V11">
						<w>αγαπητοι</w>
						<w>ει</w>
						<w>ουτως</w>
						<w>ο</w>
						<w>θεος</w>
						<w>ηγαπησεν</w>
						<w>ημας</w>
						<w>και</w>
						<w>ημεις</w>
						<w>οφειλομεν</w>
						<w>αλληλους</w>
						<w>αγαπαν</w>
					</ab>
					<ab n="B23K4V12">
						<w>θεον</w>
						<w>ουδεις</w>
						<w>πωποτε</w>
						<w>τεθεαται</w>
						<w>εαν</w>
						<w>αγαπωμεν</w>
						<w>αλληλους</w>
						<w>ο</w>
						<w>θεος</w>
						<w>εν</w>
						<w>ημιν</w>
						<w>μενει</w>
						<w>και</w>
						<w>η</w>
						<w>αγαπη</w>
						<w>αυτου</w>
						<w>τετελειωμενη</w>
						<w>εστιν</w>
						<w>εν</w>
						<w>ημιν</w>
					</ab>
					<ab n="B23K4V13">
						<w>εν</w>
						<w>τουτω</w>
						<w>γινωσκομεν</w>
						<w>οτι</w>
						<w>εν</w>
						<w>αυτω</w>
						<w>μενομεν</w>
						<w>και</w>
						<w>αυτος</w>
						<w>εν</w>
						<w>ημιν</w>
						<w>οτι</w>
						<w>εκ</w>
						<w>του</w>
						<w>πνευματος</w>
						<w>αυτου</w>
						<w>δεδωκεν</w>
						<w>ημιν</w>
					</ab>
					<ab n="B23K4V14">
						<w>και</w>
						<w>ημεις</w>
						<w>τεθεαμεθα</w>
						<w>και</w>
						<w>μαρτυρουμεν</w>
						<w>οτι</w>
						<w>ο</w>
						<w>πατηρ</w>
						<w>απεσταλκεν</w>
						<w>τον</w>
						<w>υιον</w>
						<w>σωτηρα</w>
						<w>του</w>
						<w>κοσμου</w>
					</ab>
					<ab n="B23K4V15">
						<w>ος</w>
						<w>αν</w>
						<w>ομολογηση</w>
						<w>οτι</w>
						<w>ιησους</w>
						<w>εστιν</w>
						<w>ο</w>
						<w>υιος</w>
						<w>του</w>
						<w>θεου</w>
						<w>ο</w>
						<w>θεος</w>
						<w>εν</w>
						<w>αυτω</w>
						<w>μενει</w>
						<w>και</w>
						<w>αυτος</w>
						<w>εν</w>
						<w>τω</w>
						<w>θεω</w>
					</ab>
					<ab n="B23K4V16">
						<w>και</w>
						<w>ημεις</w>
						<w>εγνωκαμεν</w>
						<w>και</w>
						<w>πεπιστευκαμεν</w>
						<w>την</w>
						<w>αγαπην</w>
						<w>ην</w>
						<w>εχει</w>
						<w>ο</w>
						<w>θεος</w>
						<w>εν</w>
						<w>ημιν</w>
						<w>ο</w>
						<w>θεος</w>
						<w>αγαπη</w>
						<w>εστιν</w>
						<w>και</w>
						<w>ο</w>
						<w>μενων</w>
						<w>εν</w>
						<w>τη</w>
						<w>αγαπη</w>
						<w>εν</w>
						<w>τω</w>
						<w>θεω</w>
						<w>μενει</w>
						<w>και</w>
						<w>ο</w>
						<w>θεος</w>
						<w>εν</w>
						<w>αυτω</w>
						<w>μενει</w>
					</ab>
					<ab n="B23K4V17">
						<w>εν</w>
						<w>τουτω</w>
						<w>τετελειωται</w>
						<w>η</w>
						<w>αγαπη</w>
						<w>μεθ</w>
						<w>ημων</w>
						<w>ινα</w>
						<w>παρρησιαν</w>
						<w>εχωμεν</w>
						<w>εν</w>
						<w>τη</w>
						<w>ημερα</w>
						<w>της</w>
						<w>κρισεως</w>
						<w>οτι</w>
						<w>καθως</w>
						<w>εκεινος</w>
						<w>εστιν</w>
						<w>και</w>
						<w>ημεις</w>
						<w>εσμεν</w>
						<w>εν</w>
						<w>τω</w>
						<w>κοσμω</w>
						<w>τουτω</w>
					</ab>
					<ab n="B23K4V18">
						<w>φοβος</w>
						<w>ουκ</w>
						<w>εστιν</w>
						<w>εν</w>
						<w>τη</w>
						<w>αγαπη</w>
						<w>αλλ</w>
						<w>η</w>
						<w>τελεια</w>
						<w>αγαπη</w>
						<w>εξω</w>
						<w>βαλλει</w>
						<w>τον</w>
						<w>φοβον</w>
						<w>οτι</w>
						<w>ο</w>
						<w>φοβος</w>
						<w>κολασιν</w>
						<w>εχει</w>
						<w>ο</w>
						<w>δε</w>
						<w>φοβουμενος</w>
						<w>ου</w>
						<w>τετελειωται</w>
						<w>εν</w>
						<w>τη</w>
						<w>αγαπη</w>
					</ab>
					<ab n="B23K4V19">
						<w>ημεις</w>
						<w>αγαπωμεν</w>
						<w>αυτον</w>
						<w>οτι</w>
						<w>αυτος</w>
						<w>πρωτος</w>
						<w>ηγαπησεν</w>
						<w>ημας</w>
					</ab>
					<ab n="B23K4V20">
						<w>εαν</w>
						<w>τις</w>
						<w>ειπη</w>
						<w>οτι</w>
						<w>αγαπω</w>
						<w>τον</w>
						<w>θεον</w>
						<w>και</w>
						<w>τον</w>
						<w>αδελφον</w>
						<w>αυτου</w>
						<w>μιση</w>
						<w>ψευστης</w>
						<w>εστιν</w>
						<w>ο</w>
						<w>γαρ</w>
						<w>μη</w>
						<w>αγαπων</w>
						<w>τον</w>
						<w>αδελφον</w>
						<w>αυτου</w>
						<w>ον</w>
						<w>εωρακεν</w>
						<w>τον</w>
						<w>θεον</w>
						<w>ον</w>
						<w>ουχ</w>
						<w>εωρακεν</w>
						<w>πως</w>
						<w>δυναται</w>
						<w>αγαπαν</w>
					</ab>
					<ab n="B23K4V21">
						<w>και</w>
						<w>ταυτην</w>
						<w>την</w>
						<w>εντολην</w>
						<w>εχομεν</w>
						<w>απ</w>
						<w>αυτου</w>
						<w>ινα</w>
						<w>ο</w>
						<w>αγαπων</w>
						<w>τον</w>
						<w>θεον</w>
						<w>αγαπα</w>
						<w>και</w>
						<w>τον</w>
						<w>αδελφον</w>
						<w>αυτου</w>
					</ab>
				</div>
				<div type="chapter" n="B23K5">
					<ab n="B23K5V1">
						<w>πας</w>
						<w>ο</w>
						<w>πιστευων</w>
						<w>οτι</w>
						<w>ιησους</w>
						<w>εστιν</w>
						<w>ο</w>
						<w>χριστος</w>
						<w>εκ</w>
						<w>του</w>
						<w>θεου</w>
						<w>γεγεννηται</w>
						<w>και</w>
						<w>πας</w>
						<w>ο</w>
						<w>αγαπων</w>
						<w>τον</w>
						<w>γεννησαντα</w>
						<w>αγαπα</w>
						<w>και</w>
						<w>τον</w>
						<w>γεγεννημενον</w>
						<w>εξ</w>
						<w>αυτου</w>
					</ab>
					<ab n="B23K5V2">
						<w>εν</w>
						<w>τουτω</w>
						<w>γινωσκομεν</w>
						<w>οτι</w>
						<w>αγαπωμεν</w>
						<w>τα</w>
						<w>τεκνα</w>
						<w>του</w>
						<w>θεου</w>
						<w>οταν</w>
						<w>τον</w>
						<w>θεον</w>
						<w>αγαπωμεν</w>
						<w>και</w>
						<w>τας</w>
						<w>εντολας</w>
						<w>αυτου</w>
						<w>τηρωμεν</w>
					</ab>
					<ab n="B23K5V3">
						<w>αυτη</w>
						<w>γαρ</w>
						<w>εστιν</w>
						<w>η</w>
						<w>αγαπη</w>
						<w>του</w>
						<w>θεου</w>
						<w>ινα</w>
						<w>τας</w>
						<w>εντολας</w>
						<w>αυτου</w>
						<w>τηρωμεν</w>
						<w>και</w>
						<w>αι</w>
						<w>εντολαι</w>
						<w>αυτου</w>
						<w>βαρειαι</w>
						<w>ουκ</w>
						<w>εισιν</w>
					</ab>
					<ab n="B23K5V4">
						<w>οτι</w>
						<w>παν</w>
						<w>το</w>
						<w>γεγεννημενον</w>
						<w>εκ</w>
						<w>του</w>
						<w>θεου</w>
						<w>νικα</w>
						<w>τον</w>
						<w>κοσμον</w>
						<w>και</w>
						<w>αυτη</w>
						<w>εστιν</w>
						<w>η</w>
						<w>νικη</w>
						<w>η</w>
						<w>νικησασα</w>
						<w>τον</w>
						<w>κοσμον</w>
						<w>η</w>
						<w>πιστις</w>
						<w>ημων</w>
					</ab>
					<ab n="B23K5V5">
						<w>τις</w>
						<w>εστιν</w>
						<w>ο</w>
						<w>νικων</w>
						<w>τον</w>
						<w>κοσμον</w>
						<w>ει</w>
						<w>μη</w>
						<w>ο</w>
						<w>πιστευων</w>
						<w>οτι</w>
						<w>ιησους</w>
						<w>εστιν</w>
						<w>ο</w>
						<w>υιος</w>
						<w>του</w>
						<w>θεου</w>
					</ab>
					<ab n="B23K5V6">
						<w>ουτος</w>
						<w>εστιν</w>
						<w>ο</w>
						<w>ελθων</w>
						<w>δι</w>
						<w>υδατος</w>
						<w>και</w>
						<w>αιματος</w>
						<w>ιησους</w>
						<w>χριστος</w>
						<w>ουκ</w>
						<w>εν</w>
						<w>τω</w>
						<w>υδατι</w>
						<w>μονον</w>
						<w>αλλ</w>
						<w>εν</w>
						<w>τω</w>
						<w>υδατι</w>
						<w>και</w>
						<w>τω</w>
						<w>αιματι</w>
						<w>και</w>
						<w>το</w>
						<w>πνευμα</w>
						<w>εστιν</w>
						<w>το</w>
						<w>μαρτυρουν</w>
						<w>οτι</w>
						<w>το</w>
						<w>πνευμα</w>
						<w>εστιν</w>
						<w>η</w>
						<w>αληθεια</w>
					</ab>
					<ab n="B23K5V7">
						<w>οτι</w>
						<w>τρεις</w>
						<w>εισιν</w>
						<w>οι</w>
						<w>μαρτυρουντες</w>
					</ab>
					<ab n="B23K5V8">
						<w>το</w>
						<w>πνευμα</w>
						<w>και</w>
						<w>το</w>
						<w>υδωρ</w>
						<w>και</w>
						<w>το</w>
						<w>αιμα</w>
						<w>και</w>
						<w>οι</w>
						<w>τρεις</w>
						<w>εις</w>
						<w>το</w>
						<w>εν</w>
						<w>εισιν</w>
					</ab>
					<ab n="B23K5V9">
						<w>ει</w>
						<w>την</w>
						<w>μαρτυριαν</w>
						<w>των</w>
						<w>ανθρωπων</w>
						<w>λαμβανομεν</w>
						<w>η</w>
						<w>μαρτυρια</w>
						<w>του</w>
						<w>θεου</w>
						<w>μειζων</w>
						<w>εστιν</w>
						<w>οτι</w>
						<w>αυτη</w>
						<w>εστιν</w>
						<w>η</w>
						<w>μαρτυρια</w>
						<w>του</w>
						<w>θεου</w>
						<w>ην</w>
						<w>μεμαρτυρηκεν</w>
						<w>περι</w>
						<w>του</w>
						<w>υιου</w>
						<w>αυτου</w>
					</ab>
					<ab n="B23K5V10">
						<w>ο</w>
						<w>πιστευων</w>
						<w>εις</w>
						<w>τον</w>
						<w>υιον</w>
						<w>του</w>
						<w>θεου</w>
						<w>εχει</w>
						<w>την</w>
						<w>μαρτυριαν</w>
						<w>εν</w>
						<w>αυτω</w>
						<w>ο</w>
						<w>μη</w>
						<w>πιστευων</w>
						<w>τω</w>
						<w>θεω</w>
						<w>ψευστην</w>
						<w>πεποιηκεν</w>
						<w>αυτον</w>
						<w>οτι</w>
						<w>ου</w>
						<w>πεπιστευκεν</w>
						<w>εις</w>
						<w>την</w>
						<w>μαρτυριαν</w>
						<w>ην</w>
						<w>μεμαρτυρηκεν</w>
						<w>ο</w>
						<w>θεος</w>
						<w>περι</w>
						<w>του</w>
						<w>υιου</w>
						<w>αυτου</w>
					</ab>
					<ab n="B23K5V11">
						<w>και</w>
						<w>αυτη</w>
						<w>εστιν</w>
						<w>η</w>
						<w>μαρτυρια</w>
						<w>οτι</w>
						<w>ζωην</w>
						<w>αιωνιον</w>
						<w>εδωκεν</w>
						<w>ημιν</w>
						<w>ο</w>
						<w>θεος</w>
						<w>και</w>
						<w>αυτη</w>
						<w>η</w>
						<w>ζωη</w>
						<w>εν</w>
						<w>τω</w>
						<w>υιω</w>
						<w>αυτου</w>
						<w>εστιν</w>
					</ab>
					<ab n="B23K5V12">
						<w>ο</w>
						<w>εχων</w>
						<w>τον</w>
						<w>υιον</w>
						<w>εχει</w>
						<w>την</w>
						<w>ζωην</w>
						<w>ο</w>
						<w>μη</w>
						<w>εχων</w>
						<w>τον</w>
						<w>υιον</w>
						<w>του</w>
						<w>θεου</w>
						<w>την</w>
						<w>ζωην</w>
						<w>ουκ</w>
						<w>εχει</w>
					</ab>
					<ab n="B23K5V13">
						<w>ταυτα</w>
						<w>εγραψα</w>
						<w>υμιν</w>
						<w>τοις</w>
						<w>πιστευουσιν</w>
						<w>εις</w>
						<w>το</w>
						<w>ονομα</w>
						<w>του</w>
						<w>υιου</w>
						<w>του</w>
						<w>θεου</w>
						<w>ινα</w>
						<w>ειδητε</w>
						<w>οτι</w>
						<w>ζωην</w>
						<w>αιωνιον</w>
						<w>εχετε</w>
						<w>και</w>
						<w>ινα</w>
						<w>πιστευητε</w>
						<w>εις</w>
						<w>το</w>
						<w>ονομα</w>
						<w>του</w>
						<w>υιου</w>
						<w>του</w>
						<w>θεου</w>
					</ab>
					<ab n="B23K5V14">
						<w>και</w>
						<w>αυτη</w>
						<w>εστιν</w>
						<w>η</w>
						<w>παρρησια</w>
						<w>ην</w>
						<w>εχομεν</w>
						<w>προς</w>
						<w>αυτον</w>
						<w>οτι</w>
						<w>εαν</w>
						<w>τι</w>
						<w>αιτωμεθα</w>
						<w>κατα</w>
						<w>το</w>
						<w>θελημα</w>
						<w>αυτου</w>
						<w>ακουει</w>
						<w>ημων</w>
					</ab>
					<ab n="B23K5V15">
						<w>και</w>
						<w>εαν</w>
						<w>οιδαμεν</w>
						<w>οτι</w>
						<w>ακουει</w>
						<w>ημων</w>
						<w>ο</w>
						<w>εαν</w>
						<w>αιτωμεθα</w>
						<w>οιδαμεν</w>
						<w>οτι</w>
						<w>εχομεν</w>
						<w>τα</w>
						<w>αιτηματα</w>
						<w>α</w>
						<w>ητηκαμεν</w>
						<w>παρ</w>
						<w>αυτου</w>
					</ab>
					<ab n="B23K5V16">
						<w>εαν</w>
						<w>τις</w>
						<w>ιδη</w>
						<w>τον</w>
						<w>αδελφον</w>
						<w>αυτου</w>
						<w>αμαρτανοντα</w>
						<w>αμαρτιαν</w>
						<w>μη</w>
						<w>προς</w>
						<w>θανατον</w>
						<w>αιτησει</w>
						<w>και</w>
						<w>δωσει</w>
						<w>αυτω</w>
						<w>ζωην</w>
						<w>τοις</w>
						<w>αμαρτανουσιν</w>
						<w>μη</w>
						<w>προς</w>
						<w>θανατον</w>
						<w>εστιν</w>
						<w>αμαρτια</w>
						<w>προς</w>
						<w>θανατον</w>
						<w>ου</w>
						<w>περι</w>
						<w>εκεινης</w>
						<w>λεγω</w>
						<w>ινα</w>
						<w>ερωτηση</w>
					</ab>
					<ab n="B23K5V17">
						<w>πασα</w>
						<w>αδικια</w>
						<w>αμαρτια</w>
						<w>εστιν</w>
						<w>και</w>
						<w>εστιν</w>
						<w>αμαρτια</w>
						<w>ου</w>
						<w>προς</w>
						<w>θανατον</w>
					</ab>
					<ab n="B23K5V18">
						<w>οιδαμεν</w>
						<w>οτι</w>
						<w>πας</w>
						<w>ο</w>
						<w>γεγεννημενος</w>
						<w>εκ</w>
						<w>του</w>
						<w>θεου</w>
						<w>ουχ</w>
						<w>αμαρτανει</w>
						<w>αλλ</w>
						<w>ο</w>
						<w>γεννηθεις</w>
						<w>εκ</w>
						<w>του</w>
						<w>θεου</w>
						<w>τηρει</w>
						<w>εαυτον</w>
						<w>και</w>
						<w>ο</w>
						<w>πονηρος</w>
						<w>ουχ</w>
						<w>απτεται</w>
						<w>αυτου</w>
					</ab>
					<ab n="B23K5V19">
						<w>οιδαμεν</w>
						<w>οτι</w>
						<w>εκ</w>
						<w>του</w>
						<w>θεου</w>
						<w>εσμεν</w>
						<w>και</w>
						<w>ο</w>
						<w>κοσμος</w>
						<w>ολος</w>
						<w>εν</w>
						<w>τω</w>
						<w>πονηρω</w>
						<w>κειται</w>
					</ab>
					<ab n="B23K5V20">
						<w>οιδαμεν</w>
						<w>δε</w>
						<w>οτι</w>
						<w>ο</w>
						<w>υιος</w>
						<w>του</w>
						<w>θεου</w>
						<w>ηκει</w>
						<w>και</w>
						<w>δεδωκεν</w>
						<w>ημιν</w>
						<w>διανοιαν</w>
						<w>ινα</w>
						<w>γινωσκωμεν</w>
						<w>τον</w>
						<w>αληθινον</w>
						<w>και</w>
						<w>εσμεν</w>
						<w>εν</w>
						<w>τω</w>
						<w>αληθινω</w>
						<w>εν</w>
						<w>τω</w>
						<w>υιω</w>
						<w>αυτου</w>
						<w>ιησου</w>
						<w>χριστω</w>
						<w>ουτος</w>
						<w>εστιν</w>
						<w>ο</w>
						<w>αληθινος</w>
						<w>θεος</w>
						<w>και</w>
						<w>ζωη</w>
						<w>αιωνιος</w>
					</ab>
					<ab n="B23K5V21">
						<w>τεκνια</w>
						<w>φυλαξατε</w>
						<w>εαυτα</w>
						<w>απο</w>
						<w>των</w>
						<w>ειδωλων</w>
						<w>αμην</w>
					</ab>
				</div>
			</div>
		</body>
	</text>
</TEI>