<?xml version="1.0" encoding="utf-8"?>
<!DOCTYPE TEI [
<!-- entities used in individual transcriptions will be defined here -->
]>
<?xml-model href="TEI-NTMSS.rng" type="application/xml" 
schematypens="http://relaxng.org/ns/structure/1.0"?>
<TEI xml:id="Byz" xmlns="http://www.tei-c.org/ns/1.0">
    <teiHeader>
        <fileDesc>
            <titleStmt>
                <title>The New Testament in the Original Greek: The Byzantine Textform</title>
                <title type="collection" level="s" xml:lang="en">The New Testament</title>
				<title type="work" level="m" xml:lang="en" n="21">First Peter</title>
				<title type="short" level="m" xml:lang="en" n="21">1PE</title>                
                <respStmt>
                    <resp>Created by</resp><name>Maurice A. Robinson and William Pierpont</name>
                </respStmt>
            </titleStmt> 
        <editionStmt>
            <edition n="2018">Last updated (XML version) <date>31.5.2023</date></edition>
        </editionStmt>
        <publicationStmt>
            <availability><p>This file is in the Public Domain</p></availability>
        </publicationStmt>
        <sourceDesc>
            <msDesc>
            <msIdentifier>
                <country>United States of America</country>
                <msName xml:lang="en">The New Testament in the Original Greek: The Byzantine Textform</msName>
                <altIdentifier type="Byz"></altIdentifier>
            </msIdentifier>
            </msDesc>
        </sourceDesc>
        </fileDesc>
        <encodingDesc n="1.5">
            <editorialDecl>
                <p>The initial transcription file was a set of plain text files, later converted to XML. Further information about the procedures followed may be found in the electronic edition at <ptr target="https://github.com/byztxt/byzantine-majority-text/"/></p>
                <p>The XML specifications used were version 1.5 of the IGNTP Guidelines available at <ptr target="http://epapers.bham.ac.uk/1892/"/></p>
            </editorialDecl> 
            <variantEncoding method="parallel-segmentation" location="internal"/>
        </encodingDesc>
    </teiHeader>
    <text xml:lang="grc">
        <body>
			<div type="book" n="B21">
				<div type="chapter" n="B21K1">
					<ab n="B21K1V1">
						<w>πετρος</w>
						<w>αποστολος</w>
						<w>ιησου</w>
						<w>χριστου</w>
						<w>εκλεκτοις</w>
						<w>παρεπιδημοις</w>
						<w>διασπορας</w>
						<w>ποντου</w>
						<w>γαλατιας</w>
						<w>καππαδοκιας</w>
						<w>ασιας</w>
						<w>και</w>
						<w>βιθυνιας</w>
					</ab>
					<ab n="B21K1V2">
						<w>κατα</w>
						<w>προγνωσιν</w>
						<w>θεου</w>
						<w>πατρος</w>
						<w>εν</w>
						<w>αγιασμω</w>
						<w>πνευματος</w>
						<w>εις</w>
						<w>υπακοην</w>
						<w>και</w>
						<w>ραντισμον</w>
						<w>αιματος</w>
						<w>ιησου</w>
						<w>χριστου</w>
						<w>χαρις</w>
						<w>υμιν</w>
						<w>και</w>
						<w>ειρηνη</w>
						<w>πληθυνθειη</w>
					</ab>
					<ab n="B21K1V3">
						<w>ευλογητος</w>
						<w>ο</w>
						<w>θεος</w>
						<w>και</w>
						<w>πατηρ</w>
						<w>του</w>
						<w>κυριου</w>
						<w>ημων</w>
						<w>ιησου</w>
						<w>χριστου</w>
						<w>ο</w>
						<w>κατα</w>
						<w>το</w>
						<w>πολυ</w>
						<w>αυτου</w>
						<w>ελεος</w>
						<w>αναγεννησας</w>
						<w>ημας</w>
						<w>εις</w>
						<w>ελπιδα</w>
						<w>ζωσαν</w>
						<w>δι</w>
						<w>αναστασεως</w>
						<w>ιησου</w>
						<w>χριστου</w>
						<w>εκ</w>
						<w>νεκρων</w>
					</ab>
					<ab n="B21K1V4">
						<w>εις</w>
						<w>κληρονομιαν</w>
						<w>αφθαρτον</w>
						<w>και</w>
						<w>αμιαντον</w>
						<w>και</w>
						<w>αμαραντον</w>
						<w>τετηρημενην</w>
						<w>εν</w>
						<w>ουρανοις</w>
						<w>εις</w>
						<w>υμας</w>
					</ab>
					<ab n="B21K1V5">
						<w>τους</w>
						<w>εν</w>
						<w>δυναμει</w>
						<w>θεου</w>
						<w>φρουρουμενους</w>
						<w>δια</w>
						<w>πιστεως</w>
						<w>εις</w>
						<w>σωτηριαν</w>
						<w>ετοιμην</w>
						<w>αποκαλυφθηναι</w>
						<w>εν</w>
						<w>καιρω</w>
						<w>εσχατω</w>
					</ab>
					<ab n="B21K1V6">
						<w>εν</w>
						<w>ω</w>
						<w>αγαλλιασθε</w>
						<w>ολιγον</w>
						<w>αρτι</w>
						<w>ει</w>
						<w>δεον</w>
						<w>εστιν</w>
						<w>λυπηθεντες</w>
						<w>εν</w>
						<w>ποικιλοις</w>
						<w>πειρασμοις</w>
					</ab>
					<ab n="B21K1V7">
						<w>ινα</w>
						<w>το</w>
						<w>δοκιμιον</w>
						<w>υμων</w>
						<w>της</w>
						<w>πιστεως</w>
						<w>πολυ</w>
						<w>τιμιωτερον</w>
						<w>χρυσιου</w>
						<w>του</w>
						<w>απολλυμενου</w>
						<w>δια</w>
						<w>πυρος</w>
						<w>δε</w>
						<w>δοκιμαζομενου</w>
						<w>ευρεθη</w>
						<w>εις</w>
						<w>επαινον</w>
						<w>και</w>
						<w>τιμην</w>
						<w>και</w>
						<w>εις</w>
						<w>δοξαν</w>
						<w>εν</w>
						<w>αποκαλυψει</w>
						<w>ιησου</w>
						<w>χριστου</w>
					</ab>
					<ab n="B21K1V8">
						<w>ον</w>
						<w>ουκ</w>
						<w>ειδοτες</w>
						<w>αγαπατε</w>
						<w>εις</w>
						<w>ον</w>
						<w>αρτι</w>
						<w>μη</w>
						<w>ορωντες</w>
						<w>πιστευοντες</w>
						<w>δε</w>
						<w>αγαλλιασθε</w>
						<w>χαρα</w>
						<w>ανεκλαλητω</w>
						<w>και</w>
						<w>δεδοξασμενη</w>
					</ab>
					<ab n="B21K1V9">
						<w>κομιζομενοι</w>
						<w>το</w>
						<w>τελος</w>
						<w>της</w>
						<w>πιστεως</w>
						<w>υμων</w>
						<w>σωτηριαν</w>
						<w>ψυχων</w>
					</ab>
					<ab n="B21K1V10">
						<w>περι</w>
						<w>ης</w>
						<w>σωτηριας</w>
						<w>εξεζητησαν</w>
						<w>και</w>
						<w>εξηρευνησαν</w>
						<w>προφηται</w>
						<w>οι</w>
						<w>περι</w>
						<w>της</w>
						<w>εις</w>
						<w>υμας</w>
						<w>χαριτος</w>
						<w>προφητευσαντες</w>
					</ab>
					<ab n="B21K1V11">
						<w>ερευνωντες</w>
						<w>εις</w>
						<w>τινα</w>
						<w>η</w>
						<w>ποιον</w>
						<w>καιρον</w>
						<w>εδηλου</w>
						<w>το</w>
						<w>εν</w>
						<w>αυτοις</w>
						<w>πνευμα</w>
						<w>χριστου</w>
						<w>προμαρτυρομενον</w>
						<w>τα</w>
						<w>εις</w>
						<w>χριστον</w>
						<w>παθηματα</w>
						<w>και</w>
						<w>τας</w>
						<w>μετα</w>
						<w>ταυτα</w>
						<w>δοξας</w>
					</ab>
					<ab n="B21K1V12">
						<w>οις</w>
						<w>απεκαλυφθη</w>
						<w>οτι</w>
						<w>ουχ</w>
						<w>εαυτοις</w>
						<w>υμιν</w>
						<w>δε</w>
						<w>διηκονουν</w>
						<w>αυτα</w>
						<w>α</w>
						<w>νυν</w>
						<w>ανηγγελη</w>
						<w>υμιν</w>
						<w>δια</w>
						<w>των</w>
						<w>ευαγγελισαμενων</w>
						<w>υμας</w>
						<w>εν</w>
						<w>πνευματι</w>
						<w>αγιω</w>
						<w>αποσταλεντι</w>
						<w>απ</w>
						<w>ουρανου</w>
						<w>εις</w>
						<w>α</w>
						<w>επιθυμουσιν</w>
						<w>αγγελοι</w>
						<w>παρακυψαι</w>
					</ab>
					<ab n="B21K1V13">
						<w>διο</w>
						<w>αναζωσαμενοι</w>
						<w>τας</w>
						<w>οσφυας</w>
						<w>της</w>
						<w>διανοιας</w>
						<w>υμων</w>
						<w>νηφοντες</w>
						<w>τελειως</w>
						<w>ελπισατε</w>
						<w>επι</w>
						<w>την</w>
						<w>φερομενην</w>
						<w>υμιν</w>
						<w>χαριν</w>
						<w>εν</w>
						<w>αποκαλυψει</w>
						<w>ιησου</w>
						<w>χριστου</w>
					</ab>
					<ab n="B21K1V14">
						<w>ως</w>
						<w>τεκνα</w>
						<w>υπακοης</w>
						<w>μη</w>
						<w>συσχηματιζομενοι</w>
						<w>ταις</w>
						<w>προτερον</w>
						<w>εν</w>
						<w>τη</w>
						<w>αγνοια</w>
						<w>υμων</w>
						<w>επιθυμιαις</w>
					</ab>
					<ab n="B21K1V15">
						<w>αλλα</w>
						<w>κατα</w>
						<w>τον</w>
						<w>καλεσαντα</w>
						<w>υμας</w>
						<w>αγιον</w>
						<w>και</w>
						<w>αυτοι</w>
						<w>αγιοι</w>
						<w>εν</w>
						<w>παση</w>
						<w>αναστροφη</w>
						<w>γενηθητε</w>
					</ab>
					<ab n="B21K1V16">
						<w>διοτι</w>
						<w>γεγραπται</w>
						<w>αγιοι</w>
						<w>γινεσθε</w>
						<w>οτι</w>
						<w>εγω</w>
						<w>αγιος</w>
						<w>ειμι</w>
					</ab>
					<ab n="B21K1V17">
						<w>και</w>
						<w>ει</w>
						<w>πατερα</w>
						<w>επικαλεισθε</w>
						<w>τον</w>
						<w>απροσωποληπτως</w>
						<w>κρινοντα</w>
						<w>κατα</w>
						<w>το</w>
						<w>εκαστου</w>
						<w>εργον</w>
						<w>εν</w>
						<w>φοβω</w>
						<w>τον</w>
						<w>της</w>
						<w>παροικιας</w>
						<w>υμων</w>
						<w>χρονον</w>
						<w>αναστραφητε</w>
					</ab>
					<ab n="B21K1V18">
						<w>ειδοτες</w>
						<w>οτι</w>
						<w>ου</w>
						<w>φθαρτοις</w>
						<w>αργυριω</w>
						<w>η</w>
						<w>χρυσιω</w>
						<w>ελυτρωθητε</w>
						<w>εκ</w>
						<w>της</w>
						<w>ματαιας</w>
						<w>υμων</w>
						<w>αναστροφης</w>
						<w>πατροπαραδοτου</w>
					</ab>
					<ab n="B21K1V19">
						<w>αλλα</w>
						<w>τιμιω</w>
						<w>αιματι</w>
						<w>ως</w>
						<w>αμνου</w>
						<w>αμωμου</w>
						<w>και</w>
						<w>ασπιλου</w>
						<w>χριστου</w>
					</ab>
					<ab n="B21K1V20">
						<w>προεγνωσμενου</w>
						<w>μεν</w>
						<w>προ</w>
						<w>καταβολης</w>
						<w>κοσμου</w>
						<w>φανερωθεντος</w>
						<w>δε</w>
						<w>επ</w>
						<w>εσχατων</w>
						<w>των</w>
						<w>χρονων</w>
						<w>δι</w>
						<w>υμας</w>
					</ab>
					<ab n="B21K1V21">
						<w>τους</w>
						<w>δι</w>
						<w>αυτου</w>
						<w>πιστευοντας</w>
						<w>εις</w>
						<w>θεον</w>
						<w>τον</w>
						<w>εγειραντα</w>
						<w>αυτον</w>
						<w>εκ</w>
						<w>νεκρων</w>
						<w>και</w>
						<w>δοξαν</w>
						<w>αυτω</w>
						<w>δοντα</w>
						<w>ωστε</w>
						<w>την</w>
						<w>πιστιν</w>
						<w>υμων</w>
						<w>και</w>
						<w>ελπιδα</w>
						<w>ειναι</w>
						<w>εις</w>
						<w>θεον</w>
					</ab>
					<ab n="B21K1V22">
						<w>τας</w>
						<w>ψυχας</w>
						<w>υμων</w>
						<w>ηγνικοτες</w>
						<w>εν</w>
						<w>τη</w>
						<w>υπακοη</w>
						<w>της</w>
						<w>αληθειας</w>
						<w>δια</w>
						<w>πνευματος</w>
						<w>εις</w>
						<w>φιλαδελφιαν</w>
						<w>ανυποκριτον</w>
						<w>εκ</w>
						<w>καθαρας</w>
						<w>καρδιας</w>
						<w>αλληλους</w>
						<w>αγαπησατε</w>
						<w>εκτενως</w>
					</ab>
					<ab n="B21K1V23">
						<w>αναγεγεννημενοι</w>
						<w>ουκ</w>
						<w>εκ</w>
						<w>σπορας</w>
						<w>φθαρτης</w>
						<w>αλλα</w>
						<w>αφθαρτου</w>
						<w>δια</w>
						<w>λογου</w>
						<w>ζωντος</w>
						<w>θεου</w>
						<w>και</w>
						<w>μενοντος</w>
						<w>εις</w>
						<w>τον</w>
						<w>αιωνα</w>
					</ab>
					<ab n="B21K1V24">
						<w>διοτι</w>
						<w>πασα</w>
						<w>σαρξ</w>
						<w>ως</w>
						<w>χορτος</w>
						<w>και</w>
						<w>πασα</w>
						<w>δοξα</w>
						<w>ανθρωπου</w>
						<w>ως</w>
						<w>ανθος</w>
						<w>χορτου</w>
						<w>εξηρανθη</w>
						<w>ο</w>
						<w>χορτος</w>
						<w>και</w>
						<w>το</w>
						<w>ανθος</w>
						<w>αυτου</w>
						<w>εξεπεσεν</w>
					</ab>
					<ab n="B21K1V25">
						<w>το</w>
						<w>δε</w>
						<w>ρημα</w>
						<w>κυριου</w>
						<w>μενει</w>
						<w>εις</w>
						<w>τον</w>
						<w>αιωνα</w>
						<w>τουτο</w>
						<w>δε</w>
						<w>εστιν</w>
						<w>το</w>
						<w>ρημα</w>
						<w>το</w>
						<w>ευαγγελισθεν</w>
						<w>εις</w>
						<w>υμας</w>
					</ab>
				</div>
				<div type="chapter" n="B21K2">
					<ab n="B21K2V1">
						<w>αποθεμενοι</w>
						<w>ουν</w>
						<w>πασαν</w>
						<w>κακιαν</w>
						<w>και</w>
						<w>παντα</w>
						<w>δολον</w>
						<w>και</w>
						<w>υποκρισεις</w>
						<w>και</w>
						<w>φθονους</w>
						<w>και</w>
						<w>πασας</w>
						<w>καταλαλιας</w>
					</ab>
					<ab n="B21K2V2">
						<w>ως</w>
						<w>αρτιγεννητα</w>
						<w>βρεφη</w>
						<w>το</w>
						<w>λογικον</w>
						<w>αδολον</w>
						<w>γαλα</w>
						<w>επιποθησατε</w>
						<w>ινα</w>
						<w>εν</w>
						<w>αυτω</w>
						<w>αυξηθητε</w>
					</ab>
					<ab n="B21K2V3">
						<w>ειπερ</w>
						<w>εγευσασθε</w>
						<w>οτι</w>
						<w>χρηστος</w>
						<w>ο</w>
						<w>κυριος</w>
					</ab>
					<ab n="B21K2V4">
						<w>προς</w>
						<w>ον</w>
						<w>προσερχομενοι</w>
						<w>λιθον</w>
						<w>ζωντα</w>
						<w>υπο</w>
						<w>ανθρωπων</w>
						<w>μεν</w>
						<w>αποδεδοκιμασμενον</w>
						<w>παρα</w>
						<w>δε</w>
						<w>θεω</w>
						<w>εκλεκτον</w>
						<w>εντιμον</w>
					</ab>
					<ab n="B21K2V5">
						<w>και</w>
						<w>αυτοι</w>
						<w>ως</w>
						<w>λιθοι</w>
						<w>ζωντες</w>
						<w>οικοδομεισθε</w>
						<w>οικος</w>
						<w>πνευματικος</w>
						<w>ιερατευμα</w>
						<w>αγιον</w>
						<w>ανενεγκαι</w>
						<w>πνευματικας</w>
						<w>θυσιας</w>
						<w>ευπροσδεκτους</w>
						<w>τω</w>
						<w>θεω</w>
						<w>δια</w>
						<w>ιησου</w>
						<w>χριστου</w>
					</ab>
					<ab n="B21K2V6">
						<w>διοτι</w>
						<w>περιεχει</w>
						<w>εν</w>
						<w>τη</w>
						<w>γραφη</w>
						<w>ιδου</w>
						<w>τιθημι</w>
						<w>εν</w>
						<w>σιων</w>
						<w>λιθον</w>
						<w>ακρογωνιαιον</w>
						<w>εκλεκτον</w>
						<w>εντιμον</w>
						<w>και</w>
						<w>ο</w>
						<w>πιστευων</w>
						<w>επ</w>
						<w>αυτω</w>
						<w>ου</w>
						<w>μη</w>
						<w>καταισχυνθη</w>
					</ab>
					<ab n="B21K2V7">
						<w>υμιν</w>
						<w>ουν</w>
						<w>η</w>
						<w>τιμη</w>
						<w>τοις</w>
						<w>πιστευουσιν</w>
						<w>απειθουσιν</w>
						<w>δε</w>
						<w>λιθον</w>
						<w>ον</w>
						<w>απεδοκιμασαν</w>
						<w>οι</w>
						<w>οικοδομουντες</w>
						<w>ουτος</w>
						<w>εγενηθη</w>
						<w>εις</w>
						<w>κεφαλην</w>
						<w>γωνιας</w>
					</ab>
					<ab n="B21K2V8">
						<w>και</w>
						<w>λιθος</w>
						<w>προσκομματος</w>
						<w>και</w>
						<w>πετρα</w>
						<w>σκανδαλου</w>
						<w>οι</w>
						<w>προσκοπτουσιν</w>
						<w>τω</w>
						<w>λογω</w>
						<w>απειθουντες</w>
						<w>εις</w>
						<w>ο</w>
						<w>και</w>
						<w>ετεθησαν</w>
					</ab>
					<ab n="B21K2V9">
						<w>υμεις</w>
						<w>δε</w>
						<w>γενος</w>
						<w>εκλεκτον</w>
						<w>βασιλειον</w>
						<w>ιερατευμα</w>
						<w>εθνος</w>
						<w>αγιον</w>
						<w>λαος</w>
						<w>εις</w>
						<w>περιποιησιν</w>
						<w>οπως</w>
						<w>τας</w>
						<w>αρετας</w>
						<w>εξαγγειλητε</w>
						<w>του</w>
						<w>εκ</w>
						<w>σκοτους</w>
						<w>υμας</w>
						<w>καλεσαντος</w>
						<w>εις</w>
						<w>το</w>
						<w>θαυμαστον</w>
						<w>αυτου</w>
						<w>φως</w>
					</ab>
					<ab n="B21K2V10">
						<w>οι</w>
						<w>ποτε</w>
						<w>ου</w>
						<w>λαος</w>
						<w>νυν</w>
						<w>δε</w>
						<w>λαος</w>
						<w>θεου</w>
						<w>οι</w>
						<w>ουκ</w>
						<w>ηλεημενοι</w>
						<w>νυν</w>
						<w>δε</w>
						<w>ελεηθεντες</w>
					</ab>
					<ab n="B21K2V11">
						<w>αγαπητοι</w>
						<w>παρακαλω</w>
						<w>ως</w>
						<w>παροικους</w>
						<w>και</w>
						<w>παρεπιδημους</w>
						<w>απεχεσθαι</w>
						<w>των</w>
						<w>σαρκικων</w>
						<w>επιθυμιων</w>
						<w>αιτινες</w>
						<w>στρατευονται</w>
						<w>κατα</w>
						<w>της</w>
						<w>ψυχης</w>
					</ab>
					<ab n="B21K2V12">
						<w>την</w>
						<w>αναστροφην</w>
						<w>υμων</w>
						<w>εχοντες</w>
						<w>καλην</w>
						<w>εν</w>
						<w>τοις</w>
						<w>εθνεσιν</w>
						<w>ινα</w>
						<w>εν</w>
						<w>ω</w>
						<w>καταλαλουσιν</w>
						<w>υμων</w>
						<w>ως</w>
						<w>κακοποιων</w>
						<w>εκ</w>
						<w>των</w>
						<w>καλων</w>
						<w>εργων</w>
						<w>εποπτευσαντες</w>
						<w>δοξασωσιν</w>
						<w>τον</w>
						<w>θεον</w>
						<w>εν</w>
						<w>ημερα</w>
						<w>επισκοπης</w>
					</ab>
					<ab n="B21K2V13">
						<w>υποταγητε</w>
						<w>ουν</w>
						<w>παση</w>
						<w>ανθρωπινη</w>
						<w>κτισει</w>
						<w>δια</w>
						<w>τον</w>
						<w>κυριον</w>
						<w>ειτε</w>
						<w>βασιλει</w>
						<w>ως</w>
						<w>υπερεχοντι</w>
					</ab>
					<ab n="B21K2V14">
						<w>ειτε</w>
						<w>ηγεμοσιν</w>
						<w>ως</w>
						<w>δι</w>
						<w>αυτου</w>
						<w>πεμπομενοις</w>
						<w>εις</w>
						<w>εκδικησιν</w>
						<w>κακοποιων</w>
						<w>επαινον</w>
						<w>δε</w>
						<w>αγαθοποιων</w>
					</ab>
					<ab n="B21K2V15">
						<w>οτι</w>
						<w>ουτως</w>
						<w>εστιν</w>
						<w>το</w>
						<w>θελημα</w>
						<w>του</w>
						<w>θεου</w>
						<w>αγαθοποιουντας</w>
						<w>φιμουν</w>
						<w>την</w>
						<w>των</w>
						<w>αφρονων</w>
						<w>ανθρωπων</w>
						<w>αγνωσιαν</w>
					</ab>
					<ab n="B21K2V16">
						<w>ως</w>
						<w>ελευθεροι</w>
						<w>και</w>
						<w>μη</w>
						<w>ως</w>
						<w>επικαλυμμα</w>
						<w>εχοντες</w>
						<w>της</w>
						<w>κακιας</w>
						<w>την</w>
						<w>ελευθεριαν</w>
						<w>αλλ</w>
						<w>ως</w>
						<w>δουλοι</w>
						<w>θεου</w>
					</ab>
					<ab n="B21K2V17">
						<w>παντας</w>
						<w>τιμησατε</w>
						<w>την</w>
						<w>αδελφοτητα</w>
						<w>αγαπησατε</w>
						<w>τον</w>
						<w>θεον</w>
						<w>φοβεισθε</w>
						<w>τον</w>
						<w>βασιλεα</w>
						<w>τιματε</w>
					</ab>
					<ab n="B21K2V18">
						<w>οι</w>
						<w>οικεται</w>
						<w>υποτασσομενοι</w>
						<w>εν</w>
						<w>παντι</w>
						<w>φοβω</w>
						<w>τοις</w>
						<w>δεσποταις</w>
						<w>ου</w>
						<w>μονον</w>
						<w>τοις</w>
						<w>αγαθοις</w>
						<w>και</w>
						<w>επιεικεσιν</w>
						<w>αλλα</w>
						<w>και</w>
						<w>τοις</w>
						<w>σκολιοις</w>
					</ab>
					<ab n="B21K2V19">
						<w>τουτο</w>
						<w>γαρ</w>
						<w>χαρις</w>
						<w>ει</w>
						<w>δια</w>
						<w>συνειδησιν</w>
						<w>θεου</w>
						<w>υποφερει</w>
						<w>τις</w>
						<w>λυπας</w>
						<w>πασχων</w>
						<w>αδικως</w>
					</ab>
					<ab n="B21K2V20">
						<w>ποιον</w>
						<w>γαρ</w>
						<w>κλεος</w>
						<w>ει</w>
						<w>αμαρτανοντες</w>
						<w>και</w>
						<w>κολαφιζομενοι</w>
						<w>υπομενειτε</w>
						<w>αλλ</w>
						<w>ει</w>
						<w>αγαθοποιουντες</w>
						<w>και</w>
						<w>πασχοντες</w>
						<w>υπομενειτε</w>
						<w>τουτο</w>
						<w>χαρις</w>
						<w>παρα</w>
						<w>θεω</w>
					</ab>
					<ab n="B21K2V21">
						<w>εις</w>
						<w>τουτο</w>
						<w>γαρ</w>
						<w>εκληθητε</w>
						<w>οτι</w>
						<w>και</w>
						<w>χριστος</w>
						<w>επαθεν</w>
						<w>υπερ</w>
						<w>ημων</w>
						<w>υμιν</w>
						<w>υπολιμπανων</w>
						<w>υπογραμμον</w>
						<w>ινα</w>
						<w>επακολουθησητε</w>
						<w>τοις</w>
						<w>ιχνεσιν</w>
						<w>αυτου</w>
					</ab>
					<ab n="B21K2V22">
						<w>ος</w>
						<w>αμαρτιαν</w>
						<w>ουκ</w>
						<w>εποιησεν</w>
						<w>ουδε</w>
						<w>ευρεθη</w>
						<w>δολος</w>
						<w>εν</w>
						<w>τω</w>
						<w>στοματι</w>
						<w>αυτου</w>
					</ab>
					<ab n="B21K2V23">
						<w>ος</w>
						<w>λοιδορουμενος</w>
						<w>ουκ</w>
						<w>αντελοιδορει</w>
						<w>πασχων</w>
						<w>ουκ</w>
						<w>ηπειλει</w>
						<w>παρεδιδου</w>
						<w>δε</w>
						<w>τω</w>
						<w>κρινοντι</w>
						<w>δικαιως</w>
					</ab>
					<ab n="B21K2V24">
						<w>ος</w>
						<w>τας</w>
						<w>αμαρτιας</w>
						<w>ημων</w>
						<w>αυτος</w>
						<w>ανηνεγκεν</w>
						<w>εν</w>
						<w>τω</w>
						<w>σωματι</w>
						<w>αυτου</w>
						<w>επι</w>
						<w>το</w>
						<w>ξυλον</w>
						<w>ινα</w>
						<w>ταις</w>
						<w>αμαρτιαις</w>
						<w>απογενομενοι</w>
						<w>τη</w>
						<w>δικαιοσυνη</w>
						<w>ζησωμεν</w>
						<w>ου</w>
						<w>τω</w>
						<w>μωλωπι</w>
						<w>αυτου</w>
						<w>ιαθητε</w>
					</ab>
					<ab n="B21K2V25">
						<w>ητε</w>
						<w>γαρ</w>
						<w>ως</w>
						<w>προβατα</w>
						<w>πλανωμενα</w>
						<w>αλλ</w>
						<w>επεστραφητε</w>
						<w>νυν</w>
						<w>επι</w>
						<w>τον</w>
						<w>ποιμενα</w>
						<w>και</w>
						<w>επισκοπον</w>
						<w>των</w>
						<w>ψυχων</w>
						<w>υμων</w>
					</ab>
				</div>
				<div type="chapter" n="B21K3">
					<ab n="B21K3V1">
						<w>ομοιως</w>
						<w>αι</w>
						<w>γυναικες</w>
						<w>υποτασσομεναι</w>
						<w>τοις</w>
						<w>ιδιοις</w>
						<w>ανδρασιν</w>
						<w>ινα</w>
						<w>και</w>
						<w>ει</w>
						<w>τινες</w>
						<w>απειθουσιν</w>
						<w>τω</w>
						<w>λογω</w>
						<w>δια</w>
						<w>της</w>
						<w>των</w>
						<w>γυναικων</w>
						<w>αναστροφης</w>
						<w>ανευ</w>
						<w>λογου</w>
						<w>κερδηθησονται</w>
					</ab>
					<ab n="B21K3V2">
						<w>εποπτευσαντες</w>
						<w>την</w>
						<w>εν</w>
						<w>φοβω</w>
						<w>αγνην</w>
						<w>αναστροφην</w>
						<w>υμων</w>
					</ab>
					<ab n="B21K3V3">
						<w>ων</w>
						<w>εστω</w>
						<w>ουχ</w>
						<w>ο</w>
						<w>εξωθεν</w>
						<w>εμπλοκης</w>
						<w>τριχων</w>
						<w>και</w>
						<w>περιθεσεως</w>
						<w>χρυσιων</w>
						<w>η</w>
						<w>ενδυσεως</w>
						<w>ιματιων</w>
						<w>κοσμος</w>
					</ab>
					<ab n="B21K3V4">
						<w>αλλ</w>
						<w>ο</w>
						<w>κρυπτος</w>
						<w>της</w>
						<w>καρδιας</w>
						<w>ανθρωπος</w>
						<w>εν</w>
						<w>τω</w>
						<w>αφθαρτω</w>
						<w>του</w>
						<w>πραεος</w>
						<w>και</w>
						<w>ησυχιου</w>
						<w>πνευματος</w>
						<w>ο</w>
						<w>εστιν</w>
						<w>ενωπιον</w>
						<w>του</w>
						<w>θεου</w>
						<w>πολυτελες</w>
					</ab>
					<ab n="B21K3V5">
						<w>ουτως</w>
						<w>γαρ</w>
						<w>ποτε</w>
						<w>και</w>
						<w>αι</w>
						<w>αγιαι</w>
						<w>γυναικες</w>
						<w>αι</w>
						<w>ελπιζουσαι</w>
						<w>επι</w>
						<w>θεον</w>
						<w>εκοσμουν</w>
						<w>εαυτας</w>
						<w>υποτασσομεναι</w>
						<w>τοις</w>
						<w>ιδιοις</w>
						<w>ανδρασιν</w>
					</ab>
					<ab n="B21K3V6">
						<w>ως</w>
						<w>σαρρα</w>
						<w>υπηκουσεν</w>
						<w>τω</w>
						<w>αβρααμ</w>
						<w>κυριον</w>
						<w>αυτον</w>
						<w>καλουσα</w>
						<w>ης</w>
						<w>εγενηθητε</w>
						<w>τεκνα</w>
						<w>αγαθοποιουσαι</w>
						<w>και</w>
						<w>μη</w>
						<w>φοβουμεναι</w>
						<w>μηδεμιαν</w>
						<w>πτοησιν</w>
					</ab>
					<ab n="B21K3V7">
						<w>οι</w>
						<w>ανδρες</w>
						<w>ομοιως</w>
						<w>συνοικουντες</w>
						<w>κατα</w>
						<w>γνωσιν</w>
						<w>ως</w>
						<w>ασθενεστερω</w>
						<w>σκευει</w>
						<w>τω</w>
						<w>γυναικειω</w>
						<w>απονεμοντες</w>
						<w>τιμην</w>
						<w>ως</w>
						<w>και</w>
						<w>συγκληρονομοι</w>
						<w>χαριτος</w>
						<w>ζωης</w>
						<w>εις</w>
						<w>το</w>
						<w>μη</w>
						<w>εγκοπτεσθαι</w>
						<w>τας</w>
						<w>προσευχας</w>
						<w>υμων</w>
					</ab>
					<ab n="B21K3V8">
						<w>το</w>
						<w>δε</w>
						<w>τελος</w>
						<w>παντες</w>
						<w>ομοφρονες</w>
						<w>συμπαθεις</w>
						<w>φιλαδελφοι</w>
						<w>ευσπλαγχνοι</w>
						<w>φιλοφρονες</w>
					</ab>
					<ab n="B21K3V9">
						<w>μη</w>
						<w>αποδιδοντες</w>
						<w>κακον</w>
						<w>αντι</w>
						<w>κακου</w>
						<w>η</w>
						<w>λοιδοριαν</w>
						<w>αντι</w>
						<w>λοιδοριας</w>
						<w>τουναντιον</w>
						<w>δε</w>
						<w>ευλογουντες</w>
						<w>ειδοτες</w>
						<w>οτι</w>
						<w>εις</w>
						<w>τουτο</w>
						<w>εκληθητε</w>
						<w>ινα</w>
						<w>ευλογιαν</w>
						<w>κληρονομησητε</w>
					</ab>
					<ab n="B21K3V10">
						<w>ο</w>
						<w>γαρ</w>
						<w>θελων</w>
						<w>ζωην</w>
						<w>αγαπαν</w>
						<w>και</w>
						<w>ιδειν</w>
						<w>ημερας</w>
						<w>αγαθας</w>
						<w>παυσατω</w>
						<w>την</w>
						<w>γλωσσαν</w>
						<w>αυτου</w>
						<w>απο</w>
						<w>κακου</w>
						<w>και</w>
						<w>χειλη</w>
						<w>αυτου</w>
						<w>του</w>
						<w>μη</w>
						<w>λαλησαι</w>
						<w>δολον</w>
					</ab>
					<ab n="B21K3V11">
						<w>εκκλινατω</w>
						<w>απο</w>
						<w>κακου</w>
						<w>και</w>
						<w>ποιησατω</w>
						<w>αγαθον</w>
						<w>ζητησατω</w>
						<w>ειρηνην</w>
						<w>και</w>
						<w>διωξατω</w>
						<w>αυτην</w>
					</ab>
					<ab n="B21K3V12">
						<w>οτι</w>
						<w>οφθαλμοι</w>
						<w>κυριου</w>
						<w>επι</w>
						<w>δικαιους</w>
						<w>και</w>
						<w>ωτα</w>
						<w>αυτου</w>
						<w>εις</w>
						<w>δεησιν</w>
						<w>αυτων</w>
						<w>προσωπον</w>
						<w>δε</w>
						<w>κυριου</w>
						<w>επι</w>
						<w>ποιουντας</w>
						<w>κακα</w>
					</ab>
					<ab n="B21K3V13">
						<w>και</w>
						<w>τις</w>
						<w>ο</w>
						<w>κακωσων</w>
						<w>υμας</w>
						<w>εαν</w>
						<w>του</w>
						<w>αγαθου</w>
						<w>μιμηται</w>
						<w>γενησθε</w>
					</ab>
					<ab n="B21K3V14">
						<w>αλλ</w>
						<w>ει</w>
						<w>και</w>
						<w>πασχοιτε</w>
						<w>δια</w>
						<w>δικαιοσυνην</w>
						<w>μακαριοι</w>
						<w>τον</w>
						<w>δε</w>
						<w>φοβον</w>
						<w>αυτων</w>
						<w>μη</w>
						<w>φοβηθητε</w>
						<w>μηδε</w>
						<w>ταραχθητε</w>
					</ab>
					<ab n="B21K3V15">
						<w>κυριον</w>
						<w>δε</w>
						<w>τον</w>
						<w>θεον</w>
						<w>αγιασατε</w>
						<w>εν</w>
						<w>ταις</w>
						<w>καρδιαις</w>
						<w>υμων</w>
						<w>ετοιμοι</w>
						<w>δε</w>
						<w>αει</w>
						<w>προς</w>
						<w>απολογιαν</w>
						<w>παντι</w>
						<w>τω</w>
						<w>αιτουντι</w>
						<w>υμας</w>
						<w>λογον</w>
						<w>περι</w>
						<w>της</w>
						<w>εν</w>
						<w>υμιν</w>
						<w>ελπιδος</w>
						<w>μετα</w>
						<w>πραυτητος</w>
						<w>και</w>
						<w>φοβου</w>
					</ab>
					<ab n="B21K3V16">
						<w>συνειδησιν</w>
						<w>εχοντες</w>
						<w>αγαθην</w>
						<w>ινα</w>
						<w>εν</w>
						<w>ω</w>
						<w>καταλαλουσιν</w>
						<w>υμων</w>
						<w>ως</w>
						<w>κακοποιων</w>
						<w>καταισχυνθωσιν</w>
						<w>οι</w>
						<w>επηρεαζοντες</w>
						<w>υμων</w>
						<w>την</w>
						<w>αγαθην</w>
						<w>εν</w>
						<w>χριστω</w>
						<w>αναστροφην</w>
					</ab>
					<ab n="B21K3V17">
						<w>κρειττον</w>
						<w>γαρ</w>
						<w>αγαθοποιουντας</w>
						<w>ει</w>
						<w>θελοι</w>
						<w>το</w>
						<w>θελημα</w>
						<w>του</w>
						<w>θεου</w>
						<w>πασχειν</w>
						<w>η</w>
						<w>κακοποιουντας</w>
					</ab>
					<ab n="B21K3V18">
						<w>οτι</w>
						<w>και</w>
						<w>χριστος</w>
						<w>απαξ</w>
						<w>περι</w>
						<w>αμαρτιων</w>
						<w>επαθεν</w>
						<w>δικαιος</w>
						<w>υπερ</w>
						<w>αδικων</w>
						<w>ινα</w>
						<w>υμας</w>
						<w>προσαγαγη</w>
						<w>τω</w>
						<w>θεω</w>
						<w>θανατωθεις</w>
						<w>μεν</w>
						<w>σαρκι</w>
						<w>ζωοποιηθεις</w>
						<w>δε</w>
						<w>πνευματι</w>
					</ab>
					<ab n="B21K3V19">
						<w>εν</w>
						<w>ω</w>
						<w>και</w>
						<w>τοις</w>
						<w>εν</w>
						<w>φυλακη</w>
						<w>πνευμασιν</w>
						<w>πορευθεις</w>
						<w>εκηρυξεν</w>
					</ab>
					<ab n="B21K3V20">
						<w>απειθησασιν</w>
						<w>ποτε</w>
						<w>οτε</w>
						<w>απεξεδεχετο</w>
						<w>η</w>
						<w>του</w>
						<w>θεου</w>
						<w>μακροθυμια</w>
						<w>εν</w>
						<w>ημεραις</w>
						<w>νωε</w>
						<w>κατασκευαζομενης</w>
						<w>κιβωτου</w>
						<w>εις</w>
						<w>ην</w>
						<w>ολιγαι</w>
						<w>τουτ</w>
						<w>εστιν</w>
						<w>οκτω</w>
						<w>ψυχαι</w>
						<w>διεσωθησαν</w>
						<w>δι</w>
						<w>υδατος</w>
					</ab>
					<ab n="B21K3V21">
						<w>ο</w>
						<w>αντιτυπον</w>
						<w>νυν</w>
						<w>και</w>
						<w>ημας</w>
						<w>σωζει</w>
						<w>βαπτισμα</w>
						<w>ου</w>
						<w>σαρκος</w>
						<w>αποθεσις</w>
						<w>ρυπου</w>
						<w>αλλα</w>
						<w>συνειδησεως</w>
						<w>αγαθης</w>
						<w>επερωτημα</w>
						<w>εις</w>
						<w>θεον</w>
						<w>δι</w>
						<w>αναστασεως</w>
						<w>ιησου</w>
						<w>χριστου</w>
					</ab>
					<ab n="B21K3V22">
						<w>ος</w>
						<w>εστιν</w>
						<w>εν</w>
						<w>δεξια</w>
						<w>του</w>
						<w>θεου</w>
						<w>πορευθεις</w>
						<w>εις</w>
						<w>ουρανον</w>
						<w>υποταγεντων</w>
						<w>αυτω</w>
						<w>αγγελων</w>
						<w>και</w>
						<w>εξουσιων</w>
						<w>και</w>
						<w>δυναμεων</w>
					</ab>
				</div>
				<div type="chapter" n="B21K4">
					<ab n="B21K4V1">
						<w>χριστου</w>
						<w>ουν</w>
						<w>παθοντος</w>
						<w>υπερ</w>
						<w>ημων</w>
						<w>σαρκι</w>
						<w>και</w>
						<w>υμεις</w>
						<w>την</w>
						<w>αυτην</w>
						<w>εννοιαν</w>
						<w>οπλισασθε</w>
						<w>οτι</w>
						<w>ο</w>
						<w>παθων</w>
						<w>εν</w>
						<w>σαρκι</w>
						<w>πεπαυται</w>
						<w>αμαρτιας</w>
					</ab>
					<ab n="B21K4V2">
						<w>εις</w>
						<w>το</w>
						<w>μηκετι</w>
						<w>ανθρωπων</w>
						<w>επιθυμιαις</w>
						<w>αλλα</w>
						<w>θεληματι</w>
						<w>θεου</w>
						<w>τον</w>
						<w>επιλοιπον</w>
						<w>εν</w>
						<w>σαρκι</w>
						<w>βιωσαι</w>
						<w>χρονον</w>
					</ab>
					<ab n="B21K4V3">
						<w>αρκετος</w>
						<w>γαρ</w>
						<w>ημιν</w>
						<w>ο</w>
						<w>παρεληλυθως</w>
						<w>χρονος</w>
						<w>του</w>
						<w>βιου</w>
						<w>το</w>
						<w>θελημα</w>
						<w>των</w>
						<w>εθνων</w>
						<w>κατεργασασθαι</w>
						<w>πεπορευμενους</w>
						<w>εν</w>
						<w>ασελγειαις</w>
						<w>επιθυμιαις</w>
						<w>οινοφλυγιαις</w>
						<w>κωμοις</w>
						<w>ποτοις</w>
						<w>και</w>
						<w>αθεμιτοις</w>
						<w>ειδωλολατρειαις</w>
					</ab>
					<ab n="B21K4V4">
						<w>εν</w>
						<w>ω</w>
						<w>ξενιζονται</w>
						<w>μη</w>
						<w>συντρεχοντων</w>
						<w>υμων</w>
						<w>εις</w>
						<w>την</w>
						<w>αυτην</w>
						<w>της</w>
						<w>ασωτιας</w>
						<w>αναχυσιν</w>
						<w>βλασφημουντες</w>
					</ab>
					<ab n="B21K4V5">
						<w>οι</w>
						<w>αποδωσουσιν</w>
						<w>λογον</w>
						<w>τω</w>
						<w>ετοιμως</w>
						<w>εχοντι</w>
						<w>κριναι</w>
						<w>ζωντας</w>
						<w>και</w>
						<w>νεκρους</w>
					</ab>
					<ab n="B21K4V6">
						<w>εις</w>
						<w>τουτο</w>
						<w>γαρ</w>
						<w>και</w>
						<w>νεκροις</w>
						<w>ευηγγελισθη</w>
						<w>ινα</w>
						<w>κριθωσιν</w>
						<w>μεν</w>
						<w>κατα</w>
						<w>ανθρωπους</w>
						<w>σαρκι</w>
						<w>ζωσιν</w>
						<w>δε</w>
						<w>κατα</w>
						<w>θεον</w>
						<w>πνευματι</w>
					</ab>
					<ab n="B21K4V7">
						<w>παντων</w>
						<w>δε</w>
						<w>το</w>
						<w>τελος</w>
						<w>ηγγικεν</w>
						<w>σωφρονησατε</w>
						<w>ουν</w>
						<w>και</w>
						<w>νηψατε</w>
						<w>εις</w>
						<w>τας</w>
						<w>προσευχας</w>
					</ab>
					<ab n="B21K4V8">
						<w>προ</w>
						<w>παντων</w>
						<w>δε</w>
						<w>την</w>
						<w>εις</w>
						<w>εαυτους</w>
						<w>αγαπην</w>
						<w>εκτενη</w>
						<w>εχοντες</w>
						<w>οτι</w>
						<w>αγαπη</w>
						<w>καλυψει</w>
						<w>πληθος</w>
						<w>αμαρτιων</w>
					</ab>
					<ab n="B21K4V9">
						<w>φιλοξενοι</w>
						<w>εις</w>
						<w>αλληλους</w>
						<w>ανευ</w>
						<w>γογγυσμων</w>
					</ab>
					<ab n="B21K4V10">
						<w>εκαστος</w>
						<w>καθως</w>
						<w>ελαβεν</w>
						<w>χαρισμα</w>
						<w>εις</w>
						<w>εαυτους</w>
						<w>αυτο</w>
						<w>διακονουντες</w>
						<w>ως</w>
						<w>καλοι</w>
						<w>οικονομοι</w>
						<w>ποικιλης</w>
						<w>χαριτος</w>
						<w>θεου</w>
					</ab>
					<ab n="B21K4V11">
						<w>ει</w>
						<w>τις</w>
						<w>λαλει</w>
						<w>ως</w>
						<w>λογια</w>
						<w>θεου</w>
						<w>ει</w>
						<w>τις</w>
						<w>διακονει</w>
						<w>ως</w>
						<w>εξ</w>
						<w>ισχυος</w>
						<w>ως</w>
						<w>χορηγει</w>
						<w>ο</w>
						<w>θεος</w>
						<w>ινα</w>
						<w>εν</w>
						<w>πασιν</w>
						<w>δοξαζηται</w>
						<w>ο</w>
						<w>θεος</w>
						<w>δια</w>
						<w>ιησου</w>
						<w>χριστου</w>
						<w>ω</w>
						<w>εστιν</w>
						<w>η</w>
						<w>δοξα</w>
						<w>και</w>
						<w>το</w>
						<w>κρατος</w>
						<w>εις</w>
						<w>τους</w>
						<w>αιωνας</w>
						<w>των</w>
						<w>αιωνων</w>
						<w>αμην</w>
					</ab>
					<ab n="B21K4V12">
						<w>αγαπητοι</w>
						<w>μη</w>
						<w>ξενιζεσθε</w>
						<w>τη</w>
						<w>εν</w>
						<w>υμιν</w>
						<w>πυρωσει</w>
						<w>προς</w>
						<w>πειρασμον</w>
						<w>υμιν</w>
						<w>γινομενη</w>
						<w>ως</w>
						<w>ξενου</w>
						<w>υμιν</w>
						<w>συμβαινοντος</w>
					</ab>
					<ab n="B21K4V13">
						<w>αλλα</w>
						<w>καθο</w>
						<w>κοινωνειτε</w>
						<w>τοις</w>
						<w>του</w>
						<w>χριστου</w>
						<w>παθημασιν</w>
						<w>χαιρετε</w>
						<w>ινα</w>
						<w>και</w>
						<w>εν</w>
						<w>τη</w>
						<w>αποκαλυψει</w>
						<w>της</w>
						<w>δοξης</w>
						<w>αυτου</w>
						<w>χαρητε</w>
						<w>αγαλλιωμενοι</w>
					</ab>
					<ab n="B21K4V14">
						<w>ει</w>
						<w>ονειδιζεσθε</w>
						<w>εν</w>
						<w>ονοματι</w>
						<w>χριστου</w>
						<w>μακαριοι</w>
						<w>οτι</w>
						<w>το</w>
						<w>της</w>
						<w>δοξης</w>
						<w>και</w>
						<w>το</w>
						<w>του</w>
						<w>θεου</w>
						<w>πνευμα</w>
						<w>εφ</w>
						<w>υμας</w>
						<w>αναπαυεται</w>
						<w>κατα</w>
						<w>μεν</w>
						<w>αυτους</w>
						<w>βλασφημειται</w>
						<w>κατα</w>
						<w>δε</w>
						<w>υμας</w>
						<w>δοξαζεται</w>
					</ab>
					<ab n="B21K4V15">
						<w>μη</w>
						<w>γαρ</w>
						<w>τις</w>
						<w>υμων</w>
						<w>πασχετω</w>
						<w>ως</w>
						<w>φονευς</w>
						<w>η</w>
						<w>κλεπτης</w>
						<w>η</w>
						<w>κακοποιος</w>
						<w>η</w>
						<w>ως</w>
						<w>αλλοτριοεπισκοπος</w>
					</ab>
					<ab n="B21K4V16">
						<w>ει</w>
						<w>δε</w>
						<w>ως</w>
						<w>χριστιανος</w>
						<w>μη</w>
						<w>αισχυνεσθω</w>
						<w>δοξαζετω</w>
						<w>δε</w>
						<w>τον</w>
						<w>θεον</w>
						<w>εν</w>
						<w>τω</w>
						<w>μερει</w>
						<w>τουτω</w>
					</ab>
					<ab n="B21K4V17">
						<w>οτι</w>
						<w>ο</w>
						<w>καιρος</w>
						<w>του</w>
						<w>αρξασθαι</w>
						<w>το</w>
						<w>κριμα</w>
						<w>απο</w>
						<w>του</w>
						<w>οικου</w>
						<w>του</w>
						<w>θεου</w>
						<w>ει</w>
						<w>δε</w>
						<w>πρωτον</w>
						<w>αφ</w>
						<w>ημων</w>
						<w>τι</w>
						<w>το</w>
						<w>τελος</w>
						<w>των</w>
						<w>απειθουντων</w>
						<w>τω</w>
						<w>του</w>
						<w>θεου</w>
						<w>ευαγγελιω</w>
					</ab>
					<ab n="B21K4V18">
						<w>και</w>
						<w>ει</w>
						<w>ο</w>
						<w>δικαιος</w>
						<w>μολις</w>
						<w>σωζεται</w>
						<w>ο</w>
						<w>ασεβης</w>
						<w>και</w>
						<w>αμαρτωλος</w>
						<w>που</w>
						<w>φανειται</w>
					</ab>
					<ab n="B21K4V19">
						<w>ωστε</w>
						<w>και</w>
						<w>οι</w>
						<w>πασχοντες</w>
						<w>κατα</w>
						<w>το</w>
						<w>θελημα</w>
						<w>του</w>
						<w>θεου</w>
						<w>ως</w>
						<w>πιστω</w>
						<w>κτιστη</w>
						<w>παρατιθεσθωσαν</w>
						<w>τας</w>
						<w>ψυχας</w>
						<w>αυτων</w>
						<w>εν</w>
						<w>αγαθοποιια</w>
					</ab>
				</div>
				<div type="chapter" n="B21K5">
					<ab n="B21K5V1">
						<w>πρεσβυτερους</w>
						<w>τους</w>
						<w>εν</w>
						<w>υμιν</w>
						<w>παρακαλω</w>
						<w>ο</w>
						<w>συμπρεσβυτερος</w>
						<w>και</w>
						<w>μαρτυς</w>
						<w>των</w>
						<w>του</w>
						<w>χριστου</w>
						<w>παθηματων</w>
						<w>ο</w>
						<w>και</w>
						<w>της</w>
						<w>μελλουσης</w>
						<w>αποκαλυπτεσθαι</w>
						<w>δοξης</w>
						<w>κοινωνος</w>
					</ab>
					<ab n="B21K5V2">
						<w>ποιμανατε</w>
						<w>το</w>
						<w>εν</w>
						<w>υμιν</w>
						<w>ποιμνιον</w>
						<w>του</w>
						<w>θεου</w>
						<w>επισκοπουντες</w>
						<w>μη</w>
						<w>αναγκαστως</w>
						<w>αλλ</w>
						<w>εκουσιως</w>
						<w>μηδε</w>
						<w>αισχροκερδως</w>
						<w>αλλα</w>
						<w>προθυμως</w>
					</ab>
					<ab n="B21K5V3">
						<w>μηδε</w>
						<w>ως</w>
						<w>κατακυριευοντες</w>
						<w>των</w>
						<w>κληρων</w>
						<w>αλλα</w>
						<w>τυποι</w>
						<w>γινομενοι</w>
						<w>του</w>
						<w>ποιμνιου</w>
					</ab>
					<ab n="B21K5V4">
						<w>και</w>
						<w>φανερωθεντος</w>
						<w>του</w>
						<w>αρχιποιμενος</w>
						<w>κομιεισθε</w>
						<w>τον</w>
						<w>αμαραντινον</w>
						<w>της</w>
						<w>δοξης</w>
						<w>στεφανον</w>
					</ab>
					<ab n="B21K5V5">
						<w>ομοιως</w>
						<w>νεωτεροι</w>
						<w>υποταγητε</w>
						<w>πρεσβυτεροις</w>
						<w>παντες</w>
						<w>δε</w>
						<w>αλληλοις</w>
						<w>υποτασσομενοι</w>
						<w>την</w>
						<w>ταπεινοφροσυνην</w>
						<w>εγκομβωσασθε</w>
						<w>οτι</w>
						<w>ο</w>
						<w>θεος</w>
						<w>υπερηφανοις</w>
						<w>αντιτασσεται</w>
						<w>ταπεινοις</w>
						<w>δε</w>
						<w>διδωσιν</w>
						<w>χαριν</w>
					</ab>
					<ab n="B21K5V6">
						<w>ταπεινωθητε</w>
						<w>ουν</w>
						<w>υπο</w>
						<w>την</w>
						<w>κραταιαν</w>
						<w>χειρα</w>
						<w>του</w>
						<w>θεου</w>
						<w>ινα</w>
						<w>υμας</w>
						<w>υψωση</w>
						<w>εν</w>
						<w>καιρω</w>
					</ab>
					<ab n="B21K5V7">
						<w>πασαν</w>
						<w>την</w>
						<w>μεριμναν</w>
						<w>υμων</w>
						<w>επιρριψαντες</w>
						<w>επ</w>
						<w>αυτον</w>
						<w>οτι</w>
						<w>αυτω</w>
						<w>μελει</w>
						<w>περι</w>
						<w>υμων</w>
					</ab>
					<ab n="B21K5V8">
						<w>νηψατε</w>
						<w>γρηγορησατε</w>
						<w>ο</w>
						<w>αντιδικος</w>
						<w>υμων</w>
						<w>διαβολος</w>
						<w>ως</w>
						<w>λεων</w>
						<w>ωρυομενος</w>
						<w>περιπατει</w>
						<w>ζητων</w>
						<w>τινα</w>
						<w>καταπιη</w>
					</ab>
					<ab n="B21K5V9">
						<w>ω</w>
						<w>αντιστητε</w>
						<w>στερεοι</w>
						<w>τη</w>
						<w>πιστει</w>
						<w>ειδοτες</w>
						<w>τα</w>
						<w>αυτα</w>
						<w>των</w>
						<w>παθηματων</w>
						<w>τη</w>
						<w>εν</w>
						<w>κοσμω</w>
						<w>υμων</w>
						<w>αδελφοτητι</w>
						<w>επιτελεισθαι</w>
					</ab>
					<ab n="B21K5V10">
						<w>ο</w>
						<w>δε</w>
						<w>θεος</w>
						<w>πασης</w>
						<w>χαριτος</w>
						<w>ο</w>
						<w>καλεσας</w>
						<w>υμας</w>
						<w>εις</w>
						<w>την</w>
						<w>αιωνιον</w>
						<w>αυτου</w>
						<w>δοξαν</w>
						<w>εν</w>
						<w>χριστω</w>
						<w>ιησου</w>
						<w>ολιγον</w>
						<w>παθοντας</w>
						<w>αυτος</w>
						<w>καταρτισαι</w>
						<w>υμας</w>
						<w>στηριξει</w>
						<w>σθενωσει</w>
						<w>θεμελιωσει</w>
					</ab>
					<ab n="B21K5V11">
						<w>αυτω</w>
						<w>η</w>
						<w>δοξα</w>
						<w>και</w>
						<w>το</w>
						<w>κρατος</w>
						<w>εις</w>
						<w>τους</w>
						<w>αιωνας</w>
						<w>των</w>
						<w>αιωνων</w>
						<w>αμην</w>
					</ab>
					<ab n="B21K5V12">
						<w>δια</w>
						<w>σιλουανου</w>
						<w>υμιν</w>
						<w>του</w>
						<w>πιστου</w>
						<w>αδελφου</w>
						<w>ως</w>
						<w>λογιζομαι</w>
						<w>δι</w>
						<w>ολιγων</w>
						<w>εγραψα</w>
						<w>παρακαλων</w>
						<w>και</w>
						<w>επιμαρτυρων</w>
						<w>ταυτην</w>
						<w>ειναι</w>
						<w>αληθη</w>
						<w>χαριν</w>
						<w>του</w>
						<w>θεου</w>
						<w>εις</w>
						<w>ην</w>
						<w>εστηκατε</w>
					</ab>
					<ab n="B21K5V13">
						<w>ασπαζεται</w>
						<w>υμας</w>
						<w>η</w>
						<w>εν</w>
						<w>βαβυλωνι</w>
						<w>συνεκλεκτη</w>
						<w>και</w>
						<w>μαρκος</w>
						<w>ο</w>
						<w>υιος</w>
						<w>μου</w>
					</ab>
					<ab n="B21K5V14">
						<w>ασπασασθε</w>
						<w>αλληλους</w>
						<w>εν</w>
						<w>φιληματι</w>
						<w>αγαπης</w>
						<w>ειρηνη</w>
						<w>υμιν</w>
						<w>πασιν</w>
						<w>τοις</w>
						<w>εν</w>
						<w>χριστω</w>
						<w>ιησου</w>
						<w>αμην</w>
					</ab>
				</div>
			</div>
		</body>
	</text>
</TEI>