<?xml version="1.0" encoding="utf-8"?>
<!DOCTYPE TEI [
<!-- entities used in individual transcriptions will be defined here -->
]>
<?xml-model href="TEI-NTMSS.rng" type="application/xml" 
schematypens="http://relaxng.org/ns/structure/1.0"?>
<TEI xml:id="Byz" xmlns="http://www.tei-c.org/ns/1.0">
    <teiHeader>
        <fileDesc>
            <titleStmt>
                <title>The New Testament in the Original Greek: The Byzantine Textform</title>
                <title type="collection" level="s" xml:lang="en">The New Testament</title>
				<title type="work" level="m" xml:lang="en" n="13">First Thessalonians</title>
				<title type="short" level="m" xml:lang="en" n="13">1TH</title>                
                <respStmt>
                    <resp>Created by</resp><name>Maurice A. Robinson and William Pierpont</name>
                </respStmt>
            </titleStmt> 
        <editionStmt>
            <edition n="2018">Last updated (XML version) <date>31.5.2023</date></edition>
        </editionStmt>
        <publicationStmt>
            <availability><p>This file is in the Public Domain</p></availability>
        </publicationStmt>
        <sourceDesc>
            <msDesc>
            <msIdentifier>
                <country>United States of America</country>
                <msName xml:lang="en">The New Testament in the Original Greek: The Byzantine Textform</msName>
                <altIdentifier type="Byz"></altIdentifier>
            </msIdentifier>
            </msDesc>
        </sourceDesc>
        </fileDesc>
        <encodingDesc n="1.5">
            <editorialDecl>
                <p>The initial transcription file was a set of plain text files, later converted to XML. Further information about the procedures followed may be found in the electronic edition at <ptr target="https://github.com/byztxt/byzantine-majority-text/"/></p>
                <p>The XML specifications used were version 1.5 of the IGNTP Guidelines available at <ptr target="http://epapers.bham.ac.uk/1892/"/></p>
            </editorialDecl> 
            <variantEncoding method="parallel-segmentation" location="internal"/>
        </encodingDesc>
    </teiHeader>
    <text xml:lang="grc">
        <body>
			<div type="book" n="B13">
				<div type="chapter" n="B13K1">
					<ab n="B13K1V1">
						<w>παυλος</w>
						<w>και</w>
						<w>σιλουανος</w>
						<w>και</w>
						<w>τιμοθεος</w>
						<w>τη</w>
						<w>εκκλησια</w>
						<w>θεσσαλονικεων</w>
						<w>εν</w>
						<w>θεω</w>
						<w>πατρι</w>
						<w>και</w>
						<w>κυριω</w>
						<w>ιησου</w>
						<w>χριστω</w>
						<w>χαρις</w>
						<w>υμιν</w>
						<w>και</w>
						<w>ειρηνη</w>
						<w>απο</w>
						<w>θεου</w>
						<w>πατρος</w>
						<w>ημων</w>
						<w>και</w>
						<w>κυριου</w>
						<w>ιησου</w>
						<w>χριστου</w>
					</ab>
					<ab n="B13K1V2">
						<w>ευχαριστουμεν</w>
						<w>τω</w>
						<w>θεω</w>
						<w>παντοτε</w>
						<w>περι</w>
						<w>παντων</w>
						<w>υμων</w>
						<w>μνειαν</w>
						<w>υμων</w>
						<w>ποιουμενοι</w>
						<w>επι</w>
						<w>των</w>
						<w>προσευχων</w>
						<w>ημων</w>
					</ab>
					<ab n="B13K1V3">
						<w>αδιαλειπτως</w>
						<w>μνημονευοντες</w>
						<w>υμων</w>
						<w>του</w>
						<w>εργου</w>
						<w>της</w>
						<w>πιστεως</w>
						<w>και</w>
						<w>του</w>
						<w>κοπου</w>
						<w>της</w>
						<w>αγαπης</w>
						<w>και</w>
						<w>της</w>
						<w>υπομονης</w>
						<w>της</w>
						<w>ελπιδος</w>
						<w>του</w>
						<w>κυριου</w>
						<w>ημων</w>
						<w>ιησου</w>
						<w>χριστου</w>
						<w>εμπροσθεν</w>
						<w>του</w>
						<w>θεου</w>
						<w>και</w>
						<w>πατρος</w>
						<w>ημων</w>
					</ab>
					<ab n="B13K1V4">
						<w>ειδοτες</w>
						<w>αδελφοι</w>
						<w>ηγαπημενοι</w>
						<w>υπο</w>
						<w>θεου</w>
						<w>την</w>
						<w>εκλογην</w>
						<w>υμων</w>
					</ab>
					<ab n="B13K1V5">
						<w>οτι</w>
						<w>το</w>
						<w>ευαγγελιον</w>
						<w>ημων</w>
						<w>ουκ</w>
						<w>εγενηθη</w>
						<w>εις</w>
						<w>υμας</w>
						<w>εν</w>
						<w>λογω</w>
						<w>μονον</w>
						<w>αλλα</w>
						<w>και</w>
						<w>εν</w>
						<w>δυναμει</w>
						<w>και</w>
						<w>εν</w>
						<w>πνευματι</w>
						<w>αγιω</w>
						<w>και</w>
						<w>εν</w>
						<w>πληροφορια</w>
						<w>πολλη</w>
						<w>καθως</w>
						<w>οιδατε</w>
						<w>οιοι</w>
						<w>εγενηθημεν</w>
						<w>εν</w>
						<w>υμιν</w>
						<w>δι</w>
						<w>υμας</w>
					</ab>
					<ab n="B13K1V6">
						<w>και</w>
						<w>υμεις</w>
						<w>μιμηται</w>
						<w>ημων</w>
						<w>εγενηθητε</w>
						<w>και</w>
						<w>του</w>
						<w>κυριου</w>
						<w>δεξαμενοι</w>
						<w>τον</w>
						<w>λογον</w>
						<w>εν</w>
						<w>θλιψει</w>
						<w>πολλη</w>
						<w>μετα</w>
						<w>χαρας</w>
						<w>πνευματος</w>
						<w>αγιου</w>
					</ab>
					<ab n="B13K1V7">
						<w>ωστε</w>
						<w>γενεσθαι</w>
						<w>υμας</w>
						<w>τυπους</w>
						<w>πασιν</w>
						<w>τοις</w>
						<w>πιστευουσιν</w>
						<w>εν</w>
						<w>τη</w>
						<w>μακεδονια</w>
						<w>και</w>
						<w>τη</w>
						<w>αχαια</w>
					</ab>
					<ab n="B13K1V8">
						<w>αφ</w>
						<w>υμων</w>
						<w>γαρ</w>
						<w>εξηχηται</w>
						<w>ο</w>
						<w>λογος</w>
						<w>του</w>
						<w>κυριου</w>
						<w>ου</w>
						<w>μονον</w>
						<w>εν</w>
						<w>τη</w>
						<w>μακεδονια</w>
						<w>και</w>
						<w>εν</w>
						<w>τη</w>
						<w>αχαια</w>
						<w>αλλα</w>
						<w>και</w>
						<w>εν</w>
						<w>παντι</w>
						<w>τοπω</w>
						<w>η</w>
						<w>πιστις</w>
						<w>υμων</w>
						<w>η</w>
						<w>προς</w>
						<w>τον</w>
						<w>θεον</w>
						<w>εξεληλυθεν</w>
						<w>ωστε</w>
						<w>μη</w>
						<w>χρειαν</w>
						<w>ημας</w>
						<w>εχειν</w>
						<w>λαλειν</w>
						<w>τι</w>
					</ab>
					<ab n="B13K1V9">
						<w>αυτοι</w>
						<w>γαρ</w>
						<w>περι</w>
						<w>ημων</w>
						<w>απαγγελλουσιν</w>
						<w>οποιαν</w>
						<w>εισοδον</w>
						<w>εσχομεν</w>
						<w>προς</w>
						<w>υμας</w>
						<w>και</w>
						<w>πως</w>
						<w>επεστρεψατε</w>
						<w>προς</w>
						<w>τον</w>
						<w>θεον</w>
						<w>απο</w>
						<w>των</w>
						<w>ειδωλων</w>
						<w>δουλευειν</w>
						<w>θεω</w>
						<w>ζωντι</w>
						<w>και</w>
						<w>αληθινω</w>
					</ab>
					<ab n="B13K1V10">
						<w>και</w>
						<w>αναμενειν</w>
						<w>τον</w>
						<w>υιον</w>
						<w>αυτου</w>
						<w>εκ</w>
						<w>των</w>
						<w>ουρανων</w>
						<w>ον</w>
						<w>ηγειρεν</w>
						<w>εκ</w>
						<w>των</w>
						<w>νεκρων</w>
						<w>ιησουν</w>
						<w>τον</w>
						<w>ρυομενον</w>
						<w>ημας</w>
						<w>απο</w>
						<w>της</w>
						<w>οργης</w>
						<w>της</w>
						<w>ερχομενης</w>
					</ab>
				</div>
				<div type="chapter" n="B13K2">
					<ab n="B13K2V1">
						<w>αυτοι</w>
						<w>γαρ</w>
						<w>οιδατε</w>
						<w>αδελφοι</w>
						<w>την</w>
						<w>εισοδον</w>
						<w>ημων</w>
						<w>την</w>
						<w>προς</w>
						<w>υμας</w>
						<w>οτι</w>
						<w>ου</w>
						<w>κενη</w>
						<w>γεγονεν</w>
					</ab>
					<ab n="B13K2V2">
						<w>αλλα</w>
						<w>προπαθοντες</w>
						<w>και</w>
						<w>υβρισθεντες</w>
						<w>καθως</w>
						<w>οιδατε</w>
						<w>εν</w>
						<w>φιλιπποις</w>
						<w>επαρρησιασαμεθα</w>
						<w>εν</w>
						<w>τω</w>
						<w>θεω</w>
						<w>ημων</w>
						<w>λαλησαι</w>
						<w>προς</w>
						<w>υμας</w>
						<w>το</w>
						<w>ευαγγελιον</w>
						<w>του</w>
						<w>θεου</w>
						<w>εν</w>
						<w>πολλω</w>
						<w>αγωνι</w>
					</ab>
					<ab n="B13K2V3">
						<w>η</w>
						<w>γαρ</w>
						<w>παρακλησις</w>
						<w>ημων</w>
						<w>ουκ</w>
						<w>εκ</w>
						<w>πλανης</w>
						<w>ουδε</w>
						<w>εξ</w>
						<w>ακαθαρσιας</w>
						<w>ουτε</w>
						<w>εν</w>
						<w>δολω</w>
					</ab>
					<ab n="B13K2V4">
						<w>αλλα</w>
						<w>καθως</w>
						<w>δεδοκιμασμεθα</w>
						<w>υπο</w>
						<w>του</w>
						<w>θεου</w>
						<w>πιστευθηναι</w>
						<w>το</w>
						<w>ευαγγελιον</w>
						<w>ουτως</w>
						<w>λαλουμεν</w>
						<w>ουχ</w>
						<w>ως</w>
						<w>ανθρωποις</w>
						<w>αρεσκοντες</w>
						<w>αλλα</w>
						<w>τω</w>
						<w>θεω</w>
						<w>τω</w>
						<w>δοκιμαζοντι</w>
						<w>τας</w>
						<w>καρδιας</w>
						<w>ημων</w>
					</ab>
					<ab n="B13K2V5">
						<w>ουτε</w>
						<w>γαρ</w>
						<w>ποτε</w>
						<w>εν</w>
						<w>λογω</w>
						<w>κολακειας</w>
						<w>εγενηθημεν</w>
						<w>καθως</w>
						<w>οιδατε</w>
						<w>ουτε</w>
						<w>εν</w>
						<w>προφασει</w>
						<w>πλεονεξιας</w>
						<w>θεος</w>
						<w>μαρτυς</w>
					</ab>
					<ab n="B13K2V6">
						<w>ουτε</w>
						<w>ζητουντες</w>
						<w>εξ</w>
						<w>ανθρωπων</w>
						<w>δοξαν</w>
						<w>ουτε</w>
						<w>αφ</w>
						<w>υμων</w>
						<w>ουτε</w>
						<w>απο</w>
						<w>αλλων</w>
						<w>δυναμενοι</w>
						<w>εν</w>
						<w>βαρει</w>
						<w>ειναι</w>
						<w>ως</w>
						<w>χριστου</w>
						<w>αποστολοι</w>
					</ab>
					<ab n="B13K2V7">
						<w>αλλ</w>
						<w>εγενηθημεν</w>
						<w>ηπιοι</w>
						<w>εν</w>
						<w>μεσω</w>
						<w>υμων</w>
						<w>ως</w>
						<w>αν</w>
						<w>τροφος</w>
						<w>θαλπη</w>
						<w>τα</w>
						<w>εαυτης</w>
						<w>τεκνα</w>
					</ab>
					<ab n="B13K2V8">
						<w>ουτως</w>
						<w>ομειρομενοι</w>
						<w>υμων</w>
						<w>ευδοκουμεν</w>
						<w>μεταδουναι</w>
						<w>υμιν</w>
						<w>ου</w>
						<w>μονον</w>
						<w>το</w>
						<w>ευαγγελιον</w>
						<w>του</w>
						<w>θεου</w>
						<w>αλλα</w>
						<w>και</w>
						<w>τας</w>
						<w>εαυτων</w>
						<w>ψυχας</w>
						<w>διοτι</w>
						<w>αγαπητοι</w>
						<w>ημιν</w>
						<w>γεγενησθε</w>
					</ab>
					<ab n="B13K2V9">
						<w>μνημονευετε</w>
						<w>γαρ</w>
						<w>αδελφοι</w>
						<w>τον</w>
						<w>κοπον</w>
						<w>ημων</w>
						<w>και</w>
						<w>τον</w>
						<w>μοχθον</w>
						<w>νυκτος</w>
						<w>γαρ</w>
						<w>και</w>
						<w>ημερας</w>
						<w>εργαζομενοι</w>
						<w>προς</w>
						<w>το</w>
						<w>μη</w>
						<w>επιβαρησαι</w>
						<w>τινα</w>
						<w>υμων</w>
						<w>εκηρυξαμεν</w>
						<w>εις</w>
						<w>υμας</w>
						<w>το</w>
						<w>ευαγγελιον</w>
						<w>του</w>
						<w>θεου</w>
					</ab>
					<ab n="B13K2V10">
						<w>υμεις</w>
						<w>μαρτυρες</w>
						<w>και</w>
						<w>ο</w>
						<w>θεος</w>
						<w>ως</w>
						<w>οσιως</w>
						<w>και</w>
						<w>δικαιως</w>
						<w>και</w>
						<w>αμεμπτως</w>
						<w>υμιν</w>
						<w>τοις</w>
						<w>πιστευουσιν</w>
						<w>εγενηθημεν</w>
					</ab>
					<ab n="B13K2V11">
						<w>καθαπερ</w>
						<w>οιδατε</w>
						<w>ως</w>
						<w>ενα</w>
						<w>εκαστον</w>
						<w>υμων</w>
						<w>ως</w>
						<w>πατηρ</w>
						<w>τεκνα</w>
						<w>εαυτου</w>
						<w>παρακαλουντες</w>
						<w>υμας</w>
						<w>και</w>
						<w>παραμυθουμενοι</w>
					</ab>
					<ab n="B13K2V12">
						<w>και</w>
						<w>μαρτυρομενοι</w>
						<w>εις</w>
						<w>το</w>
						<w>περιπατησαι</w>
						<w>υμας</w>
						<w>αξιως</w>
						<w>του</w>
						<w>θεου</w>
						<w>του</w>
						<w>καλουντος</w>
						<w>υμας</w>
						<w>εις</w>
						<w>την</w>
						<w>εαυτου</w>
						<w>βασιλειαν</w>
						<w>και</w>
						<w>δοξαν</w>
					</ab>
					<ab n="B13K2V13">
						<w>δια</w>
						<w>τουτο</w>
						<w>και</w>
						<w>ημεις</w>
						<w>ευχαριστουμεν</w>
						<w>τω</w>
						<w>θεω</w>
						<w>αδιαλειπτως</w>
						<w>οτι</w>
						<w>παραλαβοντες</w>
						<w>λογον</w>
						<w>ακοης</w>
						<w>παρ</w>
						<w>ημων</w>
						<w>του</w>
						<w>θεου</w>
						<w>εδεξασθε</w>
						<w>ου</w>
						<w>λογον</w>
						<w>ανθρωπων</w>
						<w>αλλα</w>
						<w>καθως</w>
						<w>εστιν</w>
						<w>αληθως</w>
						<w>λογον</w>
						<w>θεου</w>
						<w>ος</w>
						<w>και</w>
						<w>ενεργειται</w>
						<w>εν</w>
						<w>υμιν</w>
						<w>τοις</w>
						<w>πιστευουσιν</w>
					</ab>
					<ab n="B13K2V14">
						<w>υμεις</w>
						<w>γαρ</w>
						<w>μιμηται</w>
						<w>εγενηθητε</w>
						<w>αδελφοι</w>
						<w>των</w>
						<w>εκκλησιων</w>
						<w>του</w>
						<w>θεου</w>
						<w>των</w>
						<w>ουσων</w>
						<w>εν</w>
						<w>τη</w>
						<w>ιουδαια</w>
						<w>εν</w>
						<w>χριστω</w>
						<w>ιησου</w>
						<w>οτι</w>
						<w>τα</w>
						<w>αυτα</w>
						<w>επαθετε</w>
						<w>και</w>
						<w>υμεις</w>
						<w>υπο</w>
						<w>των</w>
						<w>ιδιων</w>
						<w>συμφυλετων</w>
						<w>καθως</w>
						<w>και</w>
						<w>αυτοι</w>
						<w>υπο</w>
						<w>των</w>
						<w>ιουδαιων</w>
					</ab>
					<ab n="B13K2V15">
						<w>των</w>
						<w>και</w>
						<w>τον</w>
						<w>κυριον</w>
						<w>αποκτειναντων</w>
						<w>ιησουν</w>
						<w>και</w>
						<w>τους</w>
						<w>ιδιους</w>
						<w>προφητας</w>
						<w>και</w>
						<w>ημας</w>
						<w>εκδιωξαντων</w>
						<w>και</w>
						<w>θεω</w>
						<w>μη</w>
						<w>αρεσκοντων</w>
						<w>και</w>
						<w>πασιν</w>
						<w>ανθρωποις</w>
						<w>εναντιων</w>
					</ab>
					<ab n="B13K2V16">
						<w>κωλυοντων</w>
						<w>ημας</w>
						<w>τοις</w>
						<w>εθνεσιν</w>
						<w>λαλησαι</w>
						<w>ινα</w>
						<w>σωθωσιν</w>
						<w>εις</w>
						<w>το</w>
						<w>αναπληρωσαι</w>
						<w>αυτων</w>
						<w>τας</w>
						<w>αμαρτιας</w>
						<w>παντοτε</w>
						<w>εφθασεν</w>
						<w>δε</w>
						<w>επ</w>
						<w>αυτους</w>
						<w>η</w>
						<w>οργη</w>
						<w>εις</w>
						<w>τελος</w>
					</ab>
					<ab n="B13K2V17">
						<w>ημεις</w>
						<w>δε</w>
						<w>αδελφοι</w>
						<w>απορφανισθεντες</w>
						<w>αφ</w>
						<w>υμων</w>
						<w>προς</w>
						<w>καιρον</w>
						<w>ωρας</w>
						<w>προσωπω</w>
						<w>ου</w>
						<w>καρδια</w>
						<w>περισσοτερως</w>
						<w>εσπουδασαμεν</w>
						<w>το</w>
						<w>προσωπον</w>
						<w>υμων</w>
						<w>ιδειν</w>
						<w>εν</w>
						<w>πολλη</w>
						<w>επιθυμια</w>
					</ab>
					<ab n="B13K2V18">
						<w>διο</w>
						<w>ηθελησαμεν</w>
						<w>ελθειν</w>
						<w>προς</w>
						<w>υμας</w>
						<w>εγω</w>
						<w>μεν</w>
						<w>παυλος</w>
						<w>και</w>
						<w>απαξ</w>
						<w>και</w>
						<w>δις</w>
						<w>και</w>
						<w>ενεκοψεν</w>
						<w>ημας</w>
						<w>ο</w>
						<w>σατανας</w>
					</ab>
					<ab n="B13K2V19">
						<w>τις</w>
						<w>γαρ</w>
						<w>ημων</w>
						<w>ελπις</w>
						<w>η</w>
						<w>χαρα</w>
						<w>η</w>
						<w>στεφανος</w>
						<w>καυχησεως</w>
						<w>η</w>
						<w>ουχι</w>
						<w>και</w>
						<w>υμεις</w>
						<w>εμπροσθεν</w>
						<w>του</w>
						<w>κυριου</w>
						<w>ημων</w>
						<w>ιησου</w>
						<w>εν</w>
						<w>τη</w>
						<w>αυτου</w>
						<w>παρουσια</w>
					</ab>
					<ab n="B13K2V20">
						<w>υμεις</w>
						<w>γαρ</w>
						<w>εστε</w>
						<w>η</w>
						<w>δοξα</w>
						<w>ημων</w>
						<w>και</w>
						<w>η</w>
						<w>χαρα</w>
					</ab>
				</div>
				<div type="chapter" n="B13K3">
					<ab n="B13K3V1">
						<w>διο</w>
						<w>μηκετι</w>
						<w>στεγοντες</w>
						<w>ευδοκησαμεν</w>
						<w>καταλειφθηναι</w>
						<w>εν</w>
						<w>αθηναις</w>
						<w>μονοι</w>
					</ab>
					<ab n="B13K3V2">
						<w>και</w>
						<w>επεμψαμεν</w>
						<w>τιμοθεον</w>
						<w>τον</w>
						<w>αδελφον</w>
						<w>ημων</w>
						<w>και</w>
						<w>διακονον</w>
						<w>του</w>
						<w>θεου</w>
						<w>και</w>
						<w>συνεργον</w>
						<w>ημων</w>
						<w>εν</w>
						<w>τω</w>
						<w>ευαγγελιω</w>
						<w>του</w>
						<w>χριστου</w>
						<w>εις</w>
						<w>το</w>
						<w>στηριξαι</w>
						<w>υμας</w>
						<w>και</w>
						<w>παρακαλεσαι</w>
						<w>υμας</w>
						<w>περι</w>
						<w>της</w>
						<w>πιστεως</w>
						<w>υμων</w>
					</ab>
					<ab n="B13K3V3">
						<w>το</w>
						<w>μηδενα</w>
						<w>σαινεσθαι</w>
						<w>εν</w>
						<w>ταις</w>
						<w>θλιψεσιν</w>
						<w>ταυταις</w>
						<w>αυτοι</w>
						<w>γαρ</w>
						<w>οιδατε</w>
						<w>οτι</w>
						<w>εις</w>
						<w>τουτο</w>
						<w>κειμεθα</w>
					</ab>
					<ab n="B13K3V4">
						<w>και</w>
						<w>γαρ</w>
						<w>οτε</w>
						<w>προς</w>
						<w>υμας</w>
						<w>ημεν</w>
						<w>προελεγομεν</w>
						<w>υμιν</w>
						<w>οτι</w>
						<w>μελλομεν</w>
						<w>θλιβεσθαι</w>
						<w>καθως</w>
						<w>και</w>
						<w>εγενετο</w>
						<w>και</w>
						<w>οιδατε</w>
					</ab>
					<ab n="B13K3V5">
						<w>δια</w>
						<w>τουτο</w>
						<w>καγω</w>
						<w>μηκετι</w>
						<w>στεγων</w>
						<w>επεμψα</w>
						<w>εις</w>
						<w>το</w>
						<w>γνωναι</w>
						<w>την</w>
						<w>πιστιν</w>
						<w>υμων</w>
						<w>μηπως</w>
						<w>επειρασεν</w>
						<w>υμας</w>
						<w>ο</w>
						<w>πειραζων</w>
						<w>και</w>
						<w>εις</w>
						<w>κενον</w>
						<w>γενηται</w>
						<w>ο</w>
						<w>κοπος</w>
						<w>ημων</w>
					</ab>
					<ab n="B13K3V6">
						<w>αρτι</w>
						<w>δε</w>
						<w>ελθοντος</w>
						<w>τιμοθεου</w>
						<w>προς</w>
						<w>ημας</w>
						<w>αφ</w>
						<w>υμων</w>
						<w>και</w>
						<w>ευαγγελισαμενου</w>
						<w>ημιν</w>
						<w>την</w>
						<w>πιστιν</w>
						<w>και</w>
						<w>την</w>
						<w>αγαπην</w>
						<w>υμων</w>
						<w>και</w>
						<w>οτι</w>
						<w>εχετε</w>
						<w>μνειαν</w>
						<w>ημων</w>
						<w>αγαθην</w>
						<w>παντοτε</w>
						<w>επιποθουντες</w>
						<w>ημας</w>
						<w>ιδειν</w>
						<w>καθαπερ</w>
						<w>και</w>
						<w>ημεις</w>
						<w>υμας</w>
					</ab>
					<ab n="B13K3V7">
						<w>δια</w>
						<w>τουτο</w>
						<w>παρεκληθημεν</w>
						<w>αδελφοι</w>
						<w>εφ</w>
						<w>υμιν</w>
						<w>επι</w>
						<w>παση</w>
						<w>τη</w>
						<w>θλιψει</w>
						<w>και</w>
						<w>αναγκη</w>
						<w>ημων</w>
						<w>δια</w>
						<w>της</w>
						<w>υμων</w>
						<w>πιστεως</w>
					</ab>
					<ab n="B13K3V8">
						<w>οτι</w>
						<w>νυν</w>
						<w>ζωμεν</w>
						<w>εαν</w>
						<w>υμεις</w>
						<w>στηκετε</w>
						<w>εν</w>
						<w>κυριω</w>
					</ab>
					<ab n="B13K3V9">
						<w>τινα</w>
						<w>γαρ</w>
						<w>ευχαριστιαν</w>
						<w>δυναμεθα</w>
						<w>τω</w>
						<w>θεω</w>
						<w>ανταποδουναι</w>
						<w>περι</w>
						<w>υμων</w>
						<w>επι</w>
						<w>παση</w>
						<w>τη</w>
						<w>χαρα</w>
						<w>η</w>
						<w>χαιρομεν</w>
						<w>δι</w>
						<w>υμας</w>
						<w>εμπροσθεν</w>
						<w>του</w>
						<w>θεου</w>
						<w>ημων</w>
					</ab>
					<ab n="B13K3V10">
						<w>νυκτος</w>
						<w>και</w>
						<w>ημερας</w>
						<w>υπερ</w>
						<w>εκπερισσου</w>
						<w>δεομενοι</w>
						<w>εις</w>
						<w>το</w>
						<w>ιδειν</w>
						<w>υμων</w>
						<w>το</w>
						<w>προσωπον</w>
						<w>και</w>
						<w>καταρτισαι</w>
						<w>τα</w>
						<w>υστερηματα</w>
						<w>της</w>
						<w>πιστεως</w>
						<w>υμων</w>
					</ab>
					<ab n="B13K3V11">
						<w>αυτος</w>
						<w>δε</w>
						<w>ο</w>
						<w>θεος</w>
						<w>και</w>
						<w>πατηρ</w>
						<w>ημων</w>
						<w>και</w>
						<w>ο</w>
						<w>κυριος</w>
						<w>ημων</w>
						<w>ιησους</w>
						<w>χριστος</w>
						<w>κατευθυναι</w>
						<w>την</w>
						<w>οδον</w>
						<w>ημων</w>
						<w>προς</w>
						<w>υμας</w>
					</ab>
					<ab n="B13K3V12">
						<w>υμας</w>
						<w>δε</w>
						<w>ο</w>
						<w>κυριος</w>
						<w>πλεονασαι</w>
						<w>και</w>
						<w>περισσευσαι</w>
						<w>τη</w>
						<w>αγαπη</w>
						<w>εις</w>
						<w>αλληλους</w>
						<w>και</w>
						<w>εις</w>
						<w>παντας</w>
						<w>καθαπερ</w>
						<w>και</w>
						<w>ημεις</w>
						<w>εις</w>
						<w>υμας</w>
					</ab>
					<ab n="B13K3V13">
						<w>εις</w>
						<w>το</w>
						<w>στηριξαι</w>
						<w>υμων</w>
						<w>τας</w>
						<w>καρδιας</w>
						<w>αμεμπτους</w>
						<w>εν</w>
						<w>αγιωσυνη</w>
						<w>εμπροσθεν</w>
						<w>του</w>
						<w>θεου</w>
						<w>και</w>
						<w>πατρος</w>
						<w>ημων</w>
						<w>εν</w>
						<w>τη</w>
						<w>παρουσια</w>
						<w>του</w>
						<w>κυριου</w>
						<w>ημων</w>
						<w>ιησου</w>
						<w>χριστου</w>
						<w>μετα</w>
						<w>παντων</w>
						<w>των</w>
						<w>αγιων</w>
						<w>αυτου</w>
					</ab>
				</div>
				<div type="chapter" n="B13K4">
					<ab n="B13K4V1">
						<w>λοιπον</w>
						<w>ουν</w>
						<w>αδελφοι</w>
						<w>ερωτωμεν</w>
						<w>υμας</w>
						<w>και</w>
						<w>παρακαλουμεν</w>
						<w>εν</w>
						<w>κυριω</w>
						<w>ιησου</w>
						<w>καθως</w>
						<w>παρελαβετε</w>
						<w>παρ</w>
						<w>ημων</w>
						<w>το</w>
						<w>πως</w>
						<w>δει</w>
						<w>υμας</w>
						<w>περιπατειν</w>
						<w>και</w>
						<w>αρεσκειν</w>
						<w>θεω</w>
						<w>ινα</w>
						<w>περισσευητε</w>
						<w>μαλλον</w>
					</ab>
					<ab n="B13K4V2">
						<w>οιδατε</w>
						<w>γαρ</w>
						<w>τινας</w>
						<w>παραγγελιας</w>
						<w>εδωκαμεν</w>
						<w>υμιν</w>
						<w>δια</w>
						<w>του</w>
						<w>κυριου</w>
						<w>ιησου</w>
					</ab>
					<ab n="B13K4V3">
						<w>τουτο</w>
						<w>γαρ</w>
						<w>εστιν</w>
						<w>θελημα</w>
						<w>του</w>
						<w>θεου</w>
						<w>ο</w>
						<w>αγιασμος</w>
						<w>υμων</w>
						<w>απεχεσθαι</w>
						<w>υμας</w>
						<w>απο</w>
						<w>της</w>
						<w>πορνειας</w>
					</ab>
					<ab n="B13K4V4">
						<w>ειδεναι</w>
						<w>εκαστον</w>
						<w>υμων</w>
						<w>το</w>
						<w>εαυτου</w>
						<w>σκευος</w>
						<w>κτασθαι</w>
						<w>εν</w>
						<w>αγιασμω</w>
						<w>και</w>
						<w>τιμη</w>
					</ab>
					<ab n="B13K4V5">
						<w>μη</w>
						<w>εν</w>
						<w>παθει</w>
						<w>επιθυμιας</w>
						<w>καθαπερ</w>
						<w>και</w>
						<w>τα</w>
						<w>εθνη</w>
						<w>τα</w>
						<w>μη</w>
						<w>ειδοτα</w>
						<w>τον</w>
						<w>θεον</w>
					</ab>
					<ab n="B13K4V6">
						<w>το</w>
						<w>μη</w>
						<w>υπερβαινειν</w>
						<w>και</w>
						<w>πλεονεκτειν</w>
						<w>εν</w>
						<w>τω</w>
						<w>πραγματι</w>
						<w>τον</w>
						<w>αδελφον</w>
						<w>αυτου</w>
						<w>διοτι</w>
						<w>εκδικος</w>
						<w>ο</w>
						<w>κυριος</w>
						<w>περι</w>
						<w>παντων</w>
						<w>τουτων</w>
						<w>καθως</w>
						<w>και</w>
						<w>προειπομεν</w>
						<w>υμιν</w>
						<w>και</w>
						<w>διεμαρτυραμεθα</w>
					</ab>
					<ab n="B13K4V7">
						<w>ου</w>
						<w>γαρ</w>
						<w>εκαλεσεν</w>
						<w>ημας</w>
						<w>ο</w>
						<w>θεος</w>
						<w>επι</w>
						<w>ακαθαρσια</w>
						<w>αλλ</w>
						<w>εν</w>
						<w>αγιασμω</w>
					</ab>
					<ab n="B13K4V8">
						<w>τοιγαρουν</w>
						<w>ο</w>
						<w>αθετων</w>
						<w>ουκ</w>
						<w>ανθρωπον</w>
						<w>αθετει</w>
						<w>αλλα</w>
						<w>τον</w>
						<w>θεον</w>
						<w>τον</w>
						<w>και</w>
						<w>δοντα</w>
						<w>το</w>
						<w>πνευμα</w>
						<w>αυτου</w>
						<w>το</w>
						<w>αγιον</w>
						<w>εις</w>
						<w>υμας</w>
					</ab>
					<ab n="B13K4V9">
						<w>περι</w>
						<w>δε</w>
						<w>της</w>
						<w>φιλαδελφιας</w>
						<w>ου</w>
						<w>χρειαν</w>
						<w>εχετε</w>
						<w>γραφειν</w>
						<w>υμιν</w>
						<w>αυτοι</w>
						<w>γαρ</w>
						<w>υμεις</w>
						<w>θεοδιδακτοι</w>
						<w>εστε</w>
						<w>εις</w>
						<w>το</w>
						<w>αγαπαν</w>
						<w>αλληλους</w>
					</ab>
					<ab n="B13K4V10">
						<w>και</w>
						<w>γαρ</w>
						<w>ποιειτε</w>
						<w>αυτο</w>
						<w>εις</w>
						<w>παντας</w>
						<w>τους</w>
						<w>αδελφους</w>
						<w>τους</w>
						<w>εν</w>
						<w>ολη</w>
						<w>τη</w>
						<w>μακεδονια</w>
						<w>παρακαλουμεν</w>
						<w>δε</w>
						<w>υμας</w>
						<w>αδελφοι</w>
						<w>περισσευειν</w>
						<w>μαλλον</w>
					</ab>
					<ab n="B13K4V11">
						<w>και</w>
						<w>φιλοτιμεισθαι</w>
						<w>ησυχαζειν</w>
						<w>και</w>
						<w>πρασσειν</w>
						<w>τα</w>
						<w>ιδια</w>
						<w>και</w>
						<w>εργαζεσθαι</w>
						<w>ταις</w>
						<w>ιδιαις</w>
						<w>χερσιν</w>
						<w>υμων</w>
						<w>καθως</w>
						<w>υμιν</w>
						<w>παρηγγειλαμεν</w>
					</ab>
					<ab n="B13K4V12">
						<w>ινα</w>
						<w>περιπατητε</w>
						<w>ευσχημονως</w>
						<w>προς</w>
						<w>τους</w>
						<w>εξω</w>
						<w>και</w>
						<w>μηδενος</w>
						<w>χρειαν</w>
						<w>εχητε</w>
					</ab>
					<ab n="B13K4V13">
						<w>ου</w>
						<w>θελομεν</w>
						<w>δε</w>
						<w>υμας</w>
						<w>αγνοειν</w>
						<w>αδελφοι</w>
						<w>περι</w>
						<w>των</w>
						<w>κεκοιμημενων</w>
						<w>ινα</w>
						<w>μη</w>
						<w>λυπησθε</w>
						<w>καθως</w>
						<w>και</w>
						<w>οι</w>
						<w>λοιποι</w>
						<w>οι</w>
						<w>μη</w>
						<w>εχοντες</w>
						<w>ελπιδα</w>
					</ab>
					<ab n="B13K4V14">
						<w>ει</w>
						<w>γαρ</w>
						<w>πιστευομεν</w>
						<w>οτι</w>
						<w>ιησους</w>
						<w>απεθανεν</w>
						<w>και</w>
						<w>ανεστη</w>
						<w>ουτως</w>
						<w>και</w>
						<w>ο</w>
						<w>θεος</w>
						<w>τους</w>
						<w>κοιμηθεντας</w>
						<w>δια</w>
						<w>του</w>
						<w>ιησου</w>
						<w>αξει</w>
						<w>συν</w>
						<w>αυτω</w>
					</ab>
					<ab n="B13K4V15">
						<w>τουτο</w>
						<w>γαρ</w>
						<w>υμιν</w>
						<w>λεγομεν</w>
						<w>εν</w>
						<w>λογω</w>
						<w>κυριου</w>
						<w>οτι</w>
						<w>ημεις</w>
						<w>οι</w>
						<w>ζωντες</w>
						<w>οι</w>
						<w>περιλειπομενοι</w>
						<w>εις</w>
						<w>την</w>
						<w>παρουσιαν</w>
						<w>του</w>
						<w>κυριου</w>
						<w>ου</w>
						<w>μη</w>
						<w>φθασωμεν</w>
						<w>τους</w>
						<w>κοιμηθεντας</w>
					</ab>
					<ab n="B13K4V16">
						<w>οτι</w>
						<w>αυτος</w>
						<w>ο</w>
						<w>κυριος</w>
						<w>εν</w>
						<w>κελευσματι</w>
						<w>εν</w>
						<w>φωνη</w>
						<w>αρχαγγελου</w>
						<w>και</w>
						<w>εν</w>
						<w>σαλπιγγι</w>
						<w>θεου</w>
						<w>καταβησεται</w>
						<w>απ</w>
						<w>ουρανου</w>
						<w>και</w>
						<w>οι</w>
						<w>νεκροι</w>
						<w>εν</w>
						<w>χριστω</w>
						<w>αναστησονται</w>
						<w>πρωτον</w>
					</ab>
					<ab n="B13K4V17">
						<w>επειτα</w>
						<w>ημεις</w>
						<w>οι</w>
						<w>ζωντες</w>
						<w>οι</w>
						<w>περιλειπομενοι</w>
						<w>αμα</w>
						<w>συν</w>
						<w>αυτοις</w>
						<w>αρπαγησομεθα</w>
						<w>εν</w>
						<w>νεφελαις</w>
						<w>εις</w>
						<w>απαντησιν</w>
						<w>του</w>
						<w>κυριου</w>
						<w>εις</w>
						<w>αερα</w>
						<w>και</w>
						<w>ουτως</w>
						<w>παντοτε</w>
						<w>συν</w>
						<w>κυριω</w>
						<w>εσομεθα</w>
					</ab>
					<ab n="B13K4V18">
						<w>ωστε</w>
						<w>παρακαλειτε</w>
						<w>αλληλους</w>
						<w>εν</w>
						<w>τοις</w>
						<w>λογοις</w>
						<w>τουτοις</w>
					</ab>
				</div>
				<div type="chapter" n="B13K5">
					<ab n="B13K5V1">
						<w>περι</w>
						<w>δε</w>
						<w>των</w>
						<w>χρονων</w>
						<w>και</w>
						<w>των</w>
						<w>καιρων</w>
						<w>αδελφοι</w>
						<w>ου</w>
						<w>χρειαν</w>
						<w>εχετε</w>
						<w>υμιν</w>
						<w>γραφεσθαι</w>
					</ab>
					<ab n="B13K5V2">
						<w>αυτοι</w>
						<w>γαρ</w>
						<w>ακριβως</w>
						<w>οιδατε</w>
						<w>οτι</w>
						<w>η</w>
						<w>ημερα</w>
						<w>κυριου</w>
						<w>ως</w>
						<w>κλεπτης</w>
						<w>εν</w>
						<w>νυκτι</w>
						<w>ουτως</w>
						<w>ερχεται</w>
					</ab>
					<ab n="B13K5V3">
						<w>οταν</w>
						<w>γαρ</w>
						<w>λεγωσιν</w>
						<w>ειρηνη</w>
						<w>και</w>
						<w>ασφαλεια</w>
						<w>τοτε</w>
						<w>αιφνιδιος</w>
						<w>αυτοις</w>
						<w>εφισταται</w>
						<w>ολεθρος</w>
						<w>ωσπερ</w>
						<w>η</w>
						<w>ωδιν</w>
						<w>τη</w>
						<w>εν</w>
						<w>γαστρι</w>
						<w>εχουση</w>
						<w>και</w>
						<w>ου</w>
						<w>μη</w>
						<w>εκφυγωσιν</w>
					</ab>
					<ab n="B13K5V4">
						<w>υμεις</w>
						<w>δε</w>
						<w>αδελφοι</w>
						<w>ουκ</w>
						<w>εστε</w>
						<w>εν</w>
						<w>σκοτει</w>
						<w>ινα</w>
						<w>η</w>
						<w>ημερα</w>
						<w>υμας</w>
						<w>ως</w>
						<w>κλεπτης</w>
						<w>καταλαβη</w>
					</ab>
					<ab n="B13K5V5">
						<w>παντες</w>
						<w>υμεις</w>
						<w>υιοι</w>
						<w>φωτος</w>
						<w>εστε</w>
						<w>και</w>
						<w>υιοι</w>
						<w>ημερας</w>
						<w>ουκ</w>
						<w>εσμεν</w>
						<w>νυκτος</w>
						<w>ουδε</w>
						<w>σκοτους</w>
					</ab>
					<ab n="B13K5V6">
						<w>αρα</w>
						<w>ουν</w>
						<w>μη</w>
						<w>καθευδωμεν</w>
						<w>ως</w>
						<w>και</w>
						<w>οι</w>
						<w>λοιποι</w>
						<w>αλλα</w>
						<w>γρηγορωμεν</w>
						<w>και</w>
						<w>νηφωμεν</w>
					</ab>
					<ab n="B13K5V7">
						<w>οι</w>
						<w>γαρ</w>
						<w>καθευδοντες</w>
						<w>νυκτος</w>
						<w>καθευδουσιν</w>
						<w>και</w>
						<w>οι</w>
						<w>μεθυσκομενοι</w>
						<w>νυκτος</w>
						<w>μεθυουσιν</w>
					</ab>
					<ab n="B13K5V8">
						<w>ημεις</w>
						<w>δε</w>
						<w>ημερας</w>
						<w>οντες</w>
						<w>νηφωμεν</w>
						<w>ενδυσαμενοι</w>
						<w>θωρακα</w>
						<w>πιστεως</w>
						<w>και</w>
						<w>αγαπης</w>
						<w>και</w>
						<w>περικεφαλαιαν</w>
						<w>ελπιδα</w>
						<w>σωτηριας</w>
					</ab>
					<ab n="B13K5V9">
						<w>οτι</w>
						<w>ουκ</w>
						<w>εθετο</w>
						<w>ημας</w>
						<w>ο</w>
						<w>θεος</w>
						<w>εις</w>
						<w>οργην</w>
						<w>αλλ</w>
						<w>εις</w>
						<w>περιποιησιν</w>
						<w>σωτηριας</w>
						<w>δια</w>
						<w>του</w>
						<w>κυριου</w>
						<w>ημων</w>
						<w>ιησου</w>
						<w>χριστου</w>
					</ab>
					<ab n="B13K5V10">
						<w>του</w>
						<w>αποθανοντος</w>
						<w>υπερ</w>
						<w>ημων</w>
						<w>ινα</w>
						<w>ειτε</w>
						<w>γρηγορωμεν</w>
						<w>ειτε</w>
						<w>καθευδωμεν</w>
						<w>αμα</w>
						<w>συν</w>
						<w>αυτω</w>
						<w>ζησωμεν</w>
					</ab>
					<ab n="B13K5V11">
						<w>διο</w>
						<w>παρακαλειτε</w>
						<w>αλληλους</w>
						<w>και</w>
						<w>οικοδομειτε</w>
						<w>εις</w>
						<w>τον</w>
						<w>ενα</w>
						<w>καθως</w>
						<w>και</w>
						<w>ποιειτε</w>
					</ab>
					<ab n="B13K5V12">
						<w>ερωτωμεν</w>
						<w>δε</w>
						<w>υμας</w>
						<w>αδελφοι</w>
						<w>ειδεναι</w>
						<w>τους</w>
						<w>κοπιωντας</w>
						<w>εν</w>
						<w>υμιν</w>
						<w>και</w>
						<w>προισταμενους</w>
						<w>υμων</w>
						<w>εν</w>
						<w>κυριω</w>
						<w>και</w>
						<w>νουθετουντας</w>
						<w>υμας</w>
					</ab>
					<ab n="B13K5V13">
						<w>και</w>
						<w>ηγεισθαι</w>
						<w>αυτους</w>
						<w>υπερ</w>
						<w>εκπερισσου</w>
						<w>εν</w>
						<w>αγαπη</w>
						<w>δια</w>
						<w>το</w>
						<w>εργον</w>
						<w>αυτων</w>
						<w>ειρηνευετε</w>
						<w>εν</w>
						<w>εαυτοις</w>
					</ab>
					<ab n="B13K5V14">
						<w>παρακαλουμεν</w>
						<w>δε</w>
						<w>υμας</w>
						<w>αδελφοι</w>
						<w>νουθετειτε</w>
						<w>τους</w>
						<w>ατακτους</w>
						<w>παραμυθεισθε</w>
						<w>τους</w>
						<w>ολιγοψυχους</w>
						<w>αντεχεσθε</w>
						<w>των</w>
						<w>ασθενων</w>
						<w>μακροθυμειτε</w>
						<w>προς</w>
						<w>παντας</w>
					</ab>
					<ab n="B13K5V15">
						<w>ορατε</w>
						<w>μη</w>
						<w>τις</w>
						<w>κακον</w>
						<w>αντι</w>
						<w>κακου</w>
						<w>τινι</w>
						<w>αποδω</w>
						<w>αλλα</w>
						<w>παντοτε</w>
						<w>το</w>
						<w>αγαθον</w>
						<w>διωκετε</w>
						<w>και</w>
						<w>εις</w>
						<w>αλληλους</w>
						<w>και</w>
						<w>εις</w>
						<w>παντας</w>
					</ab>
					<ab n="B13K5V16">
						<w>παντοτε</w>
						<w>χαιρετε</w>
					</ab>
					<ab n="B13K5V17">
						<w>αδιαλειπτως</w>
						<w>προσευχεσθε</w>
					</ab>
					<ab n="B13K5V18">
						<w>εν</w>
						<w>παντι</w>
						<w>ευχαριστειτε</w>
						<w>τουτο</w>
						<w>γαρ</w>
						<w>θελημα</w>
						<w>θεου</w>
						<w>εν</w>
						<w>χριστω</w>
						<w>ιησου</w>
						<w>εις</w>
						<w>υμας</w>
					</ab>
					<ab n="B13K5V19">
						<w>το</w>
						<w>πνευμα</w>
						<w>μη</w>
						<w>σβεννυτε</w>
					</ab>
					<ab n="B13K5V20">
						<w>προφητειας</w>
						<w>μη</w>
						<w>εξουθενειτε</w>
					</ab>
					<ab n="B13K5V21">
						<w>παντα</w>
						<w>δε</w>
						<w>δοκιμαζετε</w>
						<w>το</w>
						<w>καλον</w>
						<w>κατεχετε</w>
					</ab>
					<ab n="B13K5V22">
						<w>απο</w>
						<w>παντος</w>
						<w>ειδους</w>
						<w>πονηρου</w>
						<w>απεχεσθε</w>
					</ab>
					<ab n="B13K5V23">
						<w>αυτος</w>
						<w>δε</w>
						<w>ο</w>
						<w>θεος</w>
						<w>της</w>
						<w>ειρηνης</w>
						<w>αγιασαι</w>
						<w>υμας</w>
						<w>ολοτελεις</w>
						<w>και</w>
						<w>ολοκληρον</w>
						<w>υμων</w>
						<w>το</w>
						<w>πνευμα</w>
						<w>και</w>
						<w>η</w>
						<w>ψυχη</w>
						<w>και</w>
						<w>το</w>
						<w>σωμα</w>
						<w>αμεμπτως</w>
						<w>εν</w>
						<w>τη</w>
						<w>παρουσια</w>
						<w>του</w>
						<w>κυριου</w>
						<w>ημων</w>
						<w>ιησου</w>
						<w>χριστου</w>
						<w>τηρηθειη</w>
					</ab>
					<ab n="B13K5V24">
						<w>πιστος</w>
						<w>ο</w>
						<w>καλων</w>
						<w>υμας</w>
						<w>ος</w>
						<w>και</w>
						<w>ποιησει</w>
					</ab>
					<ab n="B13K5V25">
						<w>αδελφοι</w>
						<w>προσευχεσθε</w>
						<w>περι</w>
						<w>ημων</w>
					</ab>
					<ab n="B13K5V26">
						<w>ασπασασθε</w>
						<w>τους</w>
						<w>αδελφους</w>
						<w>παντας</w>
						<w>εν</w>
						<w>φιληματι</w>
						<w>αγιω</w>
					</ab>
					<ab n="B13K5V27">
						<w>ορκιζω</w>
						<w>υμας</w>
						<w>τον</w>
						<w>κυριον</w>
						<w>αναγνωσθηναι</w>
						<w>την</w>
						<w>επιστολην</w>
						<w>πασιν</w>
						<w>τοις</w>
						<w>αγιοις</w>
						<w>αδελφοις</w>
					</ab>
					<ab n="B13K5V28">
						<w>η</w>
						<w>χαρις</w>
						<w>του</w>
						<w>κυριου</w>
						<w>ημων</w>
						<w>ιησου</w>
						<w>χριστου</w>
						<w>μεθ</w>
						<w>υμων</w>
						<w>αμην</w>
					</ab>
				</div>
			</div>
		</body>
	</text>
</TEI>