<?xml version="1.0" encoding="utf-8"?>
<!DOCTYPE TEI [
<!-- entities used in individual transcriptions will be defined here -->
]>
<?xml-model href="TEI-NTMSS.rng" type="application/xml" 
schematypens="http://relaxng.org/ns/structure/1.0"?>
<TEI xml:id="Byz" xmlns="http://www.tei-c.org/ns/1.0">
    <teiHeader>
        <fileDesc>
            <titleStmt>
                <title>The New Testament in the Original Greek: The Byzantine Textform</title>
                <title type="collection" level="s" xml:lang="en">The New Testament</title>
				<title type="work" level="m" xml:lang="en" n="15">First Timothy</title>
				<title type="short" level="m" xml:lang="en" n="15">1TI</title>                
                <respStmt>
                    <resp>Created by</resp><name>Maurice A. Robinson and William Pierpont</name>
                </respStmt>
            </titleStmt> 
        <editionStmt>
            <edition n="2018">Last updated (XML version) <date>31.5.2023</date></edition>
        </editionStmt>
        <publicationStmt>
            <availability><p>This file is in the Public Domain</p></availability>
        </publicationStmt>
        <sourceDesc>
            <msDesc>
            <msIdentifier>
                <country>United States of America</country>
                <msName xml:lang="en">The New Testament in the Original Greek: The Byzantine Textform</msName>
                <altIdentifier type="Byz"></altIdentifier>
            </msIdentifier>
            </msDesc>
        </sourceDesc>
        </fileDesc>
        <encodingDesc n="1.5">
            <editorialDecl>
                <p>The initial transcription file was a set of plain text files, later converted to XML. Further information about the procedures followed may be found in the electronic edition at <ptr target="https://github.com/byztxt/byzantine-majority-text/"/></p>
                <p>The XML specifications used were version 1.5 of the IGNTP Guidelines available at <ptr target="http://epapers.bham.ac.uk/1892/"/></p>
            </editorialDecl> 
            <variantEncoding method="parallel-segmentation" location="internal"/>
        </encodingDesc>
    </teiHeader>
    <text xml:lang="grc">
        <body>
			<div type="book" n="B15">
				<div type="chapter" n="B15K1">
					<ab n="B15K1V1">
						<w>παυλος</w>
						<w>αποστολος</w>
						<w>ιησου</w>
						<w>χριστου</w>
						<w>κατ</w>
						<w>επιταγην</w>
						<w>θεου</w>
						<w>σωτηρος</w>
						<w>ημων</w>
						<w>και</w>
						<w>κυριου</w>
						<w>ιησου</w>
						<w>χριστου</w>
						<w>της</w>
						<w>ελπιδος</w>
						<w>ημων</w>
					</ab>
					<ab n="B15K1V2">
						<w>τιμοθεω</w>
						<w>γνησιω</w>
						<w>τεκνω</w>
						<w>εν</w>
						<w>πιστει</w>
						<w>χαρις</w>
						<w>ελεος</w>
						<w>ειρηνη</w>
						<w>απο</w>
						<w>θεου</w>
						<w>πατρος</w>
						<w>ημων</w>
						<w>και</w>
						<w>χριστου</w>
						<w>ιησου</w>
						<w>του</w>
						<w>κυριου</w>
						<w>ημων</w>
					</ab>
					<ab n="B15K1V3">
						<w>καθως</w>
						<w>παρεκαλεσα</w>
						<w>σε</w>
						<w>προσμειναι</w>
						<w>εν</w>
						<w>εφεσω</w>
						<w>πορευομενος</w>
						<w>εις</w>
						<w>μακεδονιαν</w>
						<w>ινα</w>
						<w>παραγγειλης</w>
						<w>τισιν</w>
						<w>μη</w>
						<w>ετεροδιδασκαλειν</w>
					</ab>
					<ab n="B15K1V4">
						<w>μηδε</w>
						<w>προσεχειν</w>
						<w>μυθοις</w>
						<w>και</w>
						<w>γενεαλογιαις</w>
						<w>απεραντοις</w>
						<w>αιτινες</w>
						<w>ζητησεις</w>
						<w>παρεχουσιν</w>
						<w>μαλλον</w>
						<w>η</w>
						<w>οικονομιαν</w>
						<w>θεου</w>
						<w>την</w>
						<w>εν</w>
						<w>πιστει</w>
					</ab>
					<ab n="B15K1V5">
						<w>το</w>
						<w>δε</w>
						<w>τελος</w>
						<w>της</w>
						<w>παραγγελιας</w>
						<w>εστιν</w>
						<w>αγαπη</w>
						<w>εκ</w>
						<w>καθαρας</w>
						<w>καρδιας</w>
						<w>και</w>
						<w>συνειδησεως</w>
						<w>αγαθης</w>
						<w>και</w>
						<w>πιστεως</w>
						<w>ανυποκριτου</w>
					</ab>
					<ab n="B15K1V6">
						<w>ων</w>
						<w>τινες</w>
						<w>αστοχησαντες</w>
						<w>εξετραπησαν</w>
						<w>εις</w>
						<w>ματαιολογιαν</w>
					</ab>
					<ab n="B15K1V7">
						<w>θελοντες</w>
						<w>ειναι</w>
						<w>νομοδιδασκαλοι</w>
						<w>μη</w>
						<w>νοουντες</w>
						<w>μητε</w>
						<w>α</w>
						<w>λεγουσιν</w>
						<w>μητε</w>
						<w>περι</w>
						<w>τινων</w>
						<w>διαβεβαιουνται</w>
					</ab>
					<ab n="B15K1V8">
						<w>οιδαμεν</w>
						<w>δε</w>
						<w>οτι</w>
						<w>καλος</w>
						<w>ο</w>
						<w>νομος</w>
						<w>εαν</w>
						<w>τις</w>
						<w>αυτω</w>
						<w>νομιμως</w>
						<w>χρηται</w>
					</ab>
					<ab n="B15K1V9">
						<w>ειδως</w>
						<w>τουτο</w>
						<w>οτι</w>
						<w>δικαιω</w>
						<w>νομος</w>
						<w>ου</w>
						<w>κειται</w>
						<w>ανομοις</w>
						<w>δε</w>
						<w>και</w>
						<w>ανυποτακτοις</w>
						<w>ασεβεσιν</w>
						<w>και</w>
						<w>αμαρτωλοις</w>
						<w>ανοσιοις</w>
						<w>και</w>
						<w>βεβηλοις</w>
						<w>πατρολωαις</w>
						<w>και</w>
						<w>μητρολωαις</w>
						<w>ανδροφονοις</w>
					</ab>
					<ab n="B15K1V10">
						<w>πορνοις</w>
						<w>αρσενοκοιταις</w>
						<w>ανδραποδισταις</w>
						<w>ψευσταις</w>
						<w>επιορκοις</w>
						<w>και</w>
						<w>ει</w>
						<w>τι</w>
						<w>ετερον</w>
						<w>τη</w>
						<w>υγιαινουση</w>
						<w>διδασκαλια</w>
						<w>αντικειται</w>
					</ab>
					<ab n="B15K1V11">
						<w>κατα</w>
						<w>το</w>
						<w>ευαγγελιον</w>
						<w>της</w>
						<w>δοξης</w>
						<w>του</w>
						<w>μακαριου</w>
						<w>θεου</w>
						<w>ο</w>
						<w>επιστευθην</w>
						<w>εγω</w>
					</ab>
					<ab n="B15K1V12">
						<w>και</w>
						<w>χαριν</w>
						<w>εχω</w>
						<w>τω</w>
						<w>ενδυναμωσαντι</w>
						<w>με</w>
						<w>χριστω</w>
						<w>ιησου</w>
						<w>τω</w>
						<w>κυριω</w>
						<w>ημων</w>
						<w>οτι</w>
						<w>πιστον</w>
						<w>με</w>
						<w>ηγησατο</w>
						<w>θεμενος</w>
						<w>εις</w>
						<w>διακονιαν</w>
					</ab>
					<ab n="B15K1V13">
						<w>τον</w>
						<w>προτερον</w>
						<w>οντα</w>
						<w>βλασφημον</w>
						<w>και</w>
						<w>διωκτην</w>
						<w>και</w>
						<w>υβριστην</w>
						<w>αλλα</w>
						<w>ηλεηθην</w>
						<w>οτι</w>
						<w>αγνοων</w>
						<w>εποιησα</w>
						<w>εν</w>
						<w>απιστια</w>
					</ab>
					<ab n="B15K1V14">
						<w>υπερεπλεονασεν</w>
						<w>δε</w>
						<w>η</w>
						<w>χαρις</w>
						<w>του</w>
						<w>κυριου</w>
						<w>ημων</w>
						<w>μετα</w>
						<w>πιστεως</w>
						<w>και</w>
						<w>αγαπης</w>
						<w>της</w>
						<w>εν</w>
						<w>χριστω</w>
						<w>ιησου</w>
					</ab>
					<ab n="B15K1V15">
						<w>πιστος</w>
						<w>ο</w>
						<w>λογος</w>
						<w>και</w>
						<w>πασης</w>
						<w>αποδοχης</w>
						<w>αξιος</w>
						<w>οτι</w>
						<w>χριστος</w>
						<w>ιησους</w>
						<w>ηλθεν</w>
						<w>εις</w>
						<w>τον</w>
						<w>κοσμον</w>
						<w>αμαρτωλους</w>
						<w>σωσαι</w>
						<w>ων</w>
						<w>πρωτος</w>
						<w>ειμι</w>
						<w>εγω</w>
					</ab>
					<ab n="B15K1V16">
						<w>αλλα</w>
						<w>δια</w>
						<w>τουτο</w>
						<w>ηλεηθην</w>
						<w>ινα</w>
						<w>εν</w>
						<w>εμοι</w>
						<w>πρωτω</w>
						<w>ενδειξηται</w>
						<w>ιησους</w>
						<w>χριστος</w>
						<w>την</w>
						<w>πασαν</w>
						<w>μακροθυμιαν</w>
						<w>προς</w>
						<w>υποτυπωσιν</w>
						<w>των</w>
						<w>μελλοντων</w>
						<w>πιστευειν</w>
						<w>επ</w>
						<w>αυτω</w>
						<w>εις</w>
						<w>ζωην</w>
						<w>αιωνιον</w>
					</ab>
					<ab n="B15K1V17">
						<w>τω</w>
						<w>δε</w>
						<w>βασιλει</w>
						<w>των</w>
						<w>αιωνων</w>
						<w>αφθαρτω</w>
						<w>αορατω</w>
						<w>μονω</w>
						<w>σοφω</w>
						<w>θεω</w>
						<w>τιμη</w>
						<w>και</w>
						<w>δοξα</w>
						<w>εις</w>
						<w>τους</w>
						<w>αιωνας</w>
						<w>των</w>
						<w>αιωνων</w>
						<w>αμην</w>
					</ab>
					<ab n="B15K1V18">
						<w>ταυτην</w>
						<w>την</w>
						<w>παραγγελιαν</w>
						<w>παρατιθεμαι</w>
						<w>σοι</w>
						<w>τεκνον</w>
						<w>τιμοθεε</w>
						<w>κατα</w>
						<w>τας</w>
						<w>προαγουσας</w>
						<w>επι</w>
						<w>σε</w>
						<w>προφητειας</w>
						<w>ινα</w>
						<w>στρατευη</w>
						<w>εν</w>
						<w>αυταις</w>
						<w>την</w>
						<w>καλην</w>
						<w>στρατειαν</w>
					</ab>
					<ab n="B15K1V19">
						<w>εχων</w>
						<w>πιστιν</w>
						<w>και</w>
						<w>αγαθην</w>
						<w>συνειδησιν</w>
						<w>ην</w>
						<w>τινες</w>
						<w>απωσαμενοι</w>
						<w>περι</w>
						<w>την</w>
						<w>πιστιν</w>
						<w>εναυαγησαν</w>
					</ab>
					<ab n="B15K1V20">
						<w>ων</w>
						<w>εστιν</w>
						<w>υμεναιος</w>
						<w>και</w>
						<w>αλεξανδρος</w>
						<w>ους</w>
						<w>παρεδωκα</w>
						<w>τω</w>
						<w>σατανα</w>
						<w>ινα</w>
						<w>παιδευθωσιν</w>
						<w>μη</w>
						<w>βλασφημειν</w>
					</ab>
				</div>
				<div type="chapter" n="B15K2">
					<ab n="B15K2V1">
						<w>παρακαλω</w>
						<w>ουν</w>
						<w>πρωτον</w>
						<w>παντων</w>
						<w>ποιεισθαι</w>
						<w>δεησεις</w>
						<w>προσευχας</w>
						<w>εντευξεις</w>
						<w>ευχαριστιας</w>
						<w>υπερ</w>
						<w>παντων</w>
						<w>ανθρωπων</w>
					</ab>
					<ab n="B15K2V2">
						<w>υπερ</w>
						<w>βασιλεων</w>
						<w>και</w>
						<w>παντων</w>
						<w>των</w>
						<w>εν</w>
						<w>υπεροχη</w>
						<w>οντων</w>
						<w>ινα</w>
						<w>ηρεμον</w>
						<w>και</w>
						<w>ησυχιον</w>
						<w>βιον</w>
						<w>διαγωμεν</w>
						<w>εν</w>
						<w>παση</w>
						<w>ευσεβεια</w>
						<w>και</w>
						<w>σεμνοτητι</w>
					</ab>
					<ab n="B15K2V3">
						<w>τουτο</w>
						<w>γαρ</w>
						<w>καλον</w>
						<w>και</w>
						<w>αποδεκτον</w>
						<w>ενωπιον</w>
						<w>του</w>
						<w>σωτηρος</w>
						<w>ημων</w>
						<w>θεου</w>
					</ab>
					<ab n="B15K2V4">
						<w>ος</w>
						<w>παντας</w>
						<w>ανθρωπους</w>
						<w>θελει</w>
						<w>σωθηναι</w>
						<w>και</w>
						<w>εις</w>
						<w>επιγνωσιν</w>
						<w>αληθειας</w>
						<w>ελθειν</w>
					</ab>
					<ab n="B15K2V5">
						<w>εις</w>
						<w>γαρ</w>
						<w>θεος</w>
						<w>εις</w>
						<w>και</w>
						<w>μεσιτης</w>
						<w>θεου</w>
						<w>και</w>
						<w>ανθρωπων</w>
						<w>ανθρωπος</w>
						<w>χριστος</w>
						<w>ιησους</w>
					</ab>
					<ab n="B15K2V6">
						<w>ο</w>
						<w>δους</w>
						<w>εαυτον</w>
						<w>αντιλυτρον</w>
						<w>υπερ</w>
						<w>παντων</w>
						<w>το</w>
						<w>μαρτυριον</w>
						<w>καιροις</w>
						<w>ιδιοις</w>
					</ab>
					<ab n="B15K2V7">
						<w>εις</w>
						<w>ο</w>
						<w>ετεθην</w>
						<w>εγω</w>
						<w>κηρυξ</w>
						<w>και</w>
						<w>αποστολος</w>
						<w>αληθειαν</w>
						<w>λεγω</w>
						<w>εν</w>
						<w>χριστω</w>
						<w>ου</w>
						<w>ψευδομαι</w>
						<w>διδασκαλος</w>
						<w>εθνων</w>
						<w>εν</w>
						<w>πιστει</w>
						<w>και</w>
						<w>αληθεια</w>
					</ab>
					<ab n="B15K2V8">
						<w>βουλομαι</w>
						<w>ουν</w>
						<w>προσευχεσθαι</w>
						<w>τους</w>
						<w>ανδρας</w>
						<w>εν</w>
						<w>παντι</w>
						<w>τοπω</w>
						<w>επαιροντας</w>
						<w>οσιους</w>
						<w>χειρας</w>
						<w>χωρις</w>
						<w>οργης</w>
						<w>και</w>
						<w>διαλογισμου</w>
					</ab>
					<ab n="B15K2V9">
						<w>ωσαυτως</w>
						<w>και</w>
						<w>τας</w>
						<w>γυναικας</w>
						<w>εν</w>
						<w>καταστολη</w>
						<w>κοσμιω</w>
						<w>μετα</w>
						<w>αιδους</w>
						<w>και</w>
						<w>σωφροσυνης</w>
						<w>κοσμειν</w>
						<w>εαυτας</w>
						<w>μη</w>
						<w>εν</w>
						<w>πλεγμασιν</w>
						<w>η</w>
						<w>χρυσω</w>
						<w>η</w>
						<w>μαργαριταις</w>
						<w>η</w>
						<w>ιματισμω</w>
						<w>πολυτελει</w>
					</ab>
					<ab n="B15K2V10">
						<w>αλλ</w>
						<w>ο</w>
						<w>πρεπει</w>
						<w>γυναιξιν</w>
						<w>επαγγελλομεναις</w>
						<w>θεοσεβειαν</w>
						<w>δι</w>
						<w>εργων</w>
						<w>αγαθων</w>
					</ab>
					<ab n="B15K2V11">
						<w>γυνη</w>
						<w>εν</w>
						<w>ησυχια</w>
						<w>μανθανετω</w>
						<w>εν</w>
						<w>παση</w>
						<w>υποταγη</w>
					</ab>
					<ab n="B15K2V12">
						<w>γυναικι</w>
						<w>δε</w>
						<w>διδασκειν</w>
						<w>ουκ</w>
						<w>επιτρεπω</w>
						<w>ουδε</w>
						<w>αυθεντειν</w>
						<w>ανδρος</w>
						<w>αλλ</w>
						<w>ειναι</w>
						<w>εν</w>
						<w>ησυχια</w>
					</ab>
					<ab n="B15K2V13">
						<w>αδαμ</w>
						<w>γαρ</w>
						<w>πρωτος</w>
						<w>επλασθη</w>
						<w>ειτα</w>
						<w>ευα</w>
					</ab>
					<ab n="B15K2V14">
						<w>και</w>
						<w>αδαμ</w>
						<w>ουκ</w>
						<w>ηπατηθη</w>
						<w>η</w>
						<w>δε</w>
						<w>γυνη</w>
						<w>απατηθεισα</w>
						<w>εν</w>
						<w>παραβασει</w>
						<w>γεγονεν</w>
					</ab>
					<ab n="B15K2V15">
						<w>σωθησεται</w>
						<w>δε</w>
						<w>δια</w>
						<w>της</w>
						<w>τεκνογονιας</w>
						<w>εαν</w>
						<w>μεινωσιν</w>
						<w>εν</w>
						<w>πιστει</w>
						<w>και</w>
						<w>αγαπη</w>
						<w>και</w>
						<w>αγιασμω</w>
						<w>μετα</w>
						<w>σωφροσυνης</w>
					</ab>
				</div>
				<div type="chapter" n="B15K3">
					<ab n="B15K3V1">
						<w>πιστος</w>
						<w>ο</w>
						<w>λογος</w>
						<w>ει</w>
						<w>τις</w>
						<w>επισκοπης</w>
						<w>ορεγεται</w>
						<w>καλου</w>
						<w>εργου</w>
						<w>επιθυμει</w>
					</ab>
					<ab n="B15K3V2">
						<w>δει</w>
						<w>ουν</w>
						<w>τον</w>
						<w>επισκοπον</w>
						<w>ανεπιληπτον</w>
						<w>ειναι</w>
						<w>μιας</w>
						<w>γυναικος</w>
						<w>ανδρα</w>
						<w>νηφαλεον</w>
						<w>σωφρονα</w>
						<w>κοσμιον</w>
						<w>φιλοξενον</w>
						<w>διδακτικον</w>
					</ab>
					<ab n="B15K3V3">
						<w>μη</w>
						<w>παροινον</w>
						<w>μη</w>
						<w>πληκτην</w>
						<w>μη</w>
						<w>αισχροκερδη</w>
						<w>αλλ</w>
						<w>επιεικη</w>
						<w>αμαχον</w>
						<w>αφιλαργυρον</w>
					</ab>
					<ab n="B15K3V4">
						<w>του</w>
						<w>ιδιου</w>
						<w>οικου</w>
						<w>καλως</w>
						<w>προισταμενον</w>
						<w>τεκνα</w>
						<w>εχοντα</w>
						<w>εν</w>
						<w>υποταγη</w>
						<w>μετα</w>
						<w>πασης</w>
						<w>σεμνοτητος</w>
					</ab>
					<ab n="B15K3V5">
						<w>ει</w>
						<w>δε</w>
						<w>τις</w>
						<w>του</w>
						<w>ιδιου</w>
						<w>οικου</w>
						<w>προστηναι</w>
						<w>ουκ</w>
						<w>οιδεν</w>
						<w>πως</w>
						<w>εκκλησιας</w>
						<w>θεου</w>
						<w>επιμελησεται</w>
					</ab>
					<ab n="B15K3V6">
						<w>μη</w>
						<w>νεοφυτον</w>
						<w>ινα</w>
						<w>μη</w>
						<w>τυφωθεις</w>
						<w>εις</w>
						<w>κριμα</w>
						<w>εμπεση</w>
						<w>του</w>
						<w>διαβολου</w>
					</ab>
					<ab n="B15K3V7">
						<w>δει</w>
						<w>δε</w>
						<w>αυτον</w>
						<w>και</w>
						<w>μαρτυριαν</w>
						<w>καλην</w>
						<w>εχειν</w>
						<w>απο</w>
						<w>των</w>
						<w>εξωθεν</w>
						<w>ινα</w>
						<w>μη</w>
						<w>εις</w>
						<w>ονειδισμον</w>
						<w>εμπεση</w>
						<w>και</w>
						<w>παγιδα</w>
						<w>του</w>
						<w>διαβολου</w>
					</ab>
					<ab n="B15K3V8">
						<w>διακονους</w>
						<w>ωσαυτως</w>
						<w>σεμνους</w>
						<w>μη</w>
						<w>διλογους</w>
						<w>μη</w>
						<w>οινω</w>
						<w>πολλω</w>
						<w>προσεχοντας</w>
						<w>μη</w>
						<w>αισχροκερδεις</w>
					</ab>
					<ab n="B15K3V9">
						<w>εχοντας</w>
						<w>το</w>
						<w>μυστηριον</w>
						<w>της</w>
						<w>πιστεως</w>
						<w>εν</w>
						<w>καθαρα</w>
						<w>συνειδησει</w>
					</ab>
					<ab n="B15K3V10">
						<w>και</w>
						<w>ουτοι</w>
						<w>δε</w>
						<w>δοκιμαζεσθωσαν</w>
						<w>πρωτον</w>
						<w>ειτα</w>
						<w>διακονειτωσαν</w>
						<w>ανεγκλητοι</w>
						<w>οντες</w>
					</ab>
					<ab n="B15K3V11">
						<w>γυναικας</w>
						<w>ωσαυτως</w>
						<w>σεμνας</w>
						<w>μη</w>
						<w>διαβολους</w>
						<w>νηφαλεους</w>
						<w>πιστας</w>
						<w>εν</w>
						<w>πασιν</w>
					</ab>
					<ab n="B15K3V12">
						<w>διακονοι</w>
						<w>εστωσαν</w>
						<w>μιας</w>
						<w>γυναικος</w>
						<w>ανδρες</w>
						<w>τεκνων</w>
						<w>καλως</w>
						<w>προισταμενοι</w>
						<w>και</w>
						<w>των</w>
						<w>ιδιων</w>
						<w>οικων</w>
					</ab>
					<ab n="B15K3V13">
						<w>οι</w>
						<w>γαρ</w>
						<w>καλως</w>
						<w>διακονησαντες</w>
						<w>βαθμον</w>
						<w>εαυτοις</w>
						<w>καλον</w>
						<w>περιποιουνται</w>
						<w>και</w>
						<w>πολλην</w>
						<w>παρρησιαν</w>
						<w>εν</w>
						<w>πιστει</w>
						<w>τη</w>
						<w>εν</w>
						<w>χριστω</w>
						<w>ιησου</w>
					</ab>
					<ab n="B15K3V14">
						<w>ταυτα</w>
						<w>σοι</w>
						<w>γραφω</w>
						<w>ελπιζων</w>
						<w>ελθειν</w>
						<w>προς</w>
						<w>σε</w>
						<w>ταχιον</w>
					</ab>
					<ab n="B15K3V15">
						<w>εαν</w>
						<w>δε</w>
						<w>βραδυνω</w>
						<w>ινα</w>
						<w>ειδης</w>
						<w>πως</w>
						<w>δει</w>
						<w>εν</w>
						<w>οικω</w>
						<w>θεου</w>
						<w>αναστρεφεσθαι</w>
						<w>ητις</w>
						<w>εστιν</w>
						<w>εκκλησια</w>
						<w>θεου</w>
						<w>ζωντος</w>
						<w>στυλος</w>
						<w>και</w>
						<w>εδραιωμα</w>
						<w>της</w>
						<w>αληθειας</w>
					</ab>
					<ab n="B15K3V16">
						<w>και</w>
						<w>ομολογουμενως</w>
						<w>μεγα</w>
						<w>εστιν</w>
						<w>το</w>
						<w>της</w>
						<w>ευσεβειας</w>
						<w>μυστηριον</w>
						<w>θεος</w>
						<w>εφανερωθη</w>
						<w>εν</w>
						<w>σαρκι</w>
						<w>εδικαιωθη</w>
						<w>εν</w>
						<w>πνευματι</w>
						<w>ωφθη</w>
						<w>αγγελοις</w>
						<w>εκηρυχθη</w>
						<w>εν</w>
						<w>εθνεσιν</w>
						<w>επιστευθη</w>
						<w>εν</w>
						<w>κοσμω</w>
						<w>ανεληφθη</w>
						<w>εν</w>
						<w>δοξη</w>
					</ab>
				</div>
				<div type="chapter" n="B15K4">
					<ab n="B15K4V1">
						<w>το</w>
						<w>δε</w>
						<w>πνευμα</w>
						<w>ρητως</w>
						<w>λεγει</w>
						<w>οτι</w>
						<w>εν</w>
						<w>υστεροις</w>
						<w>καιροις</w>
						<w>αποστησονται</w>
						<w>τινες</w>
						<w>της</w>
						<w>πιστεως</w>
						<w>προσεχοντες</w>
						<w>πνευμασιν</w>
						<w>πλανοις</w>
						<w>και</w>
						<w>διδασκαλιαις</w>
						<w>δαιμονιων</w>
					</ab>
					<ab n="B15K4V2">
						<w>εν</w>
						<w>υποκρισει</w>
						<w>ψευδολογων</w>
						<w>κεκαυτηριασμενων</w>
						<w>την</w>
						<w>ιδιαν</w>
						<w>συνειδησιν</w>
					</ab>
					<ab n="B15K4V3">
						<w>κωλυοντων</w>
						<w>γαμειν</w>
						<w>απεχεσθαι</w>
						<w>βρωματων</w>
						<w>α</w>
						<w>ο</w>
						<w>θεος</w>
						<w>εκτισεν</w>
						<w>εις</w>
						<w>μεταληψιν</w>
						<w>μετα</w>
						<w>ευχαριστιας</w>
						<w>τοις</w>
						<w>πιστοις</w>
						<w>και</w>
						<w>επεγνωκοσιν</w>
						<w>την</w>
						<w>αληθειαν</w>
					</ab>
					<ab n="B15K4V4">
						<w>οτι</w>
						<w>παν</w>
						<w>κτισμα</w>
						<w>θεου</w>
						<w>καλον</w>
						<w>και</w>
						<w>ουδεν</w>
						<w>αποβλητον</w>
						<w>μετα</w>
						<w>ευχαριστιας</w>
						<w>λαμβανομενον</w>
					</ab>
					<ab n="B15K4V5">
						<w>αγιαζεται</w>
						<w>γαρ</w>
						<w>δια</w>
						<w>λογου</w>
						<w>θεου</w>
						<w>και</w>
						<w>εντευξεως</w>
					</ab>
					<ab n="B15K4V6">
						<w>ταυτα</w>
						<w>υποτιθεμενος</w>
						<w>τοις</w>
						<w>αδελφοις</w>
						<w>καλος</w>
						<w>εση</w>
						<w>διακονος</w>
						<w>ιησου</w>
						<w>χριστου</w>
						<w>εντρεφομενος</w>
						<w>τοις</w>
						<w>λογοις</w>
						<w>της</w>
						<w>πιστεως</w>
						<w>και</w>
						<w>της</w>
						<w>καλης</w>
						<w>διδασκαλιας</w>
						<w>η</w>
						<w>παρηκολουθηκας</w>
					</ab>
					<ab n="B15K4V7">
						<w>τους</w>
						<w>δε</w>
						<w>βεβηλους</w>
						<w>και</w>
						<w>γραωδεις</w>
						<w>μυθους</w>
						<w>παραιτου</w>
						<w>γυμναζε</w>
						<w>δε</w>
						<w>σεαυτον</w>
						<w>προς</w>
						<w>ευσεβειαν</w>
					</ab>
					<ab n="B15K4V8">
						<w>η</w>
						<w>γαρ</w>
						<w>σωματικη</w>
						<w>γυμνασια</w>
						<w>προς</w>
						<w>ολιγον</w>
						<w>εστιν</w>
						<w>ωφελιμος</w>
						<w>η</w>
						<w>δε</w>
						<w>ευσεβεια</w>
						<w>προς</w>
						<w>παντα</w>
						<w>ωφελιμος</w>
						<w>εστιν</w>
						<w>επαγγελιαν</w>
						<w>εχουσα</w>
						<w>ζωης</w>
						<w>της</w>
						<w>νυν</w>
						<w>και</w>
						<w>της</w>
						<w>μελλουσης</w>
					</ab>
					<ab n="B15K4V9">
						<w>πιστος</w>
						<w>ο</w>
						<w>λογος</w>
						<w>και</w>
						<w>πασης</w>
						<w>αποδοχης</w>
						<w>αξιος</w>
					</ab>
					<ab n="B15K4V10">
						<w>εις</w>
						<w>τουτο</w>
						<w>γαρ</w>
						<w>και</w>
						<w>κοπιωμεν</w>
						<w>και</w>
						<w>ονειδιζομεθα</w>
						<w>οτι</w>
						<w>ηλπικαμεν</w>
						<w>επι</w>
						<w>θεω</w>
						<w>ζωντι</w>
						<w>ος</w>
						<w>εστιν</w>
						<w>σωτηρ</w>
						<w>παντων</w>
						<w>ανθρωπων</w>
						<w>μαλιστα</w>
						<w>πιστων</w>
					</ab>
					<ab n="B15K4V11">
						<w>παραγγελλε</w>
						<w>ταυτα</w>
						<w>και</w>
						<w>διδασκε</w>
					</ab>
					<ab n="B15K4V12">
						<w>μηδεις</w>
						<w>σου</w>
						<w>της</w>
						<w>νεοτητος</w>
						<w>καταφρονειτω</w>
						<w>αλλα</w>
						<w>τυπος</w>
						<w>γινου</w>
						<w>των</w>
						<w>πιστων</w>
						<w>εν</w>
						<w>λογω</w>
						<w>εν</w>
						<w>αναστροφη</w>
						<w>εν</w>
						<w>αγαπη</w>
						<w>εν</w>
						<w>πνευματι</w>
						<w>εν</w>
						<w>πιστει</w>
						<w>εν</w>
						<w>αγνεια</w>
					</ab>
					<ab n="B15K4V13">
						<w>εως</w>
						<w>ερχομαι</w>
						<w>προσεχε</w>
						<w>τη</w>
						<w>αναγνωσει</w>
						<w>τη</w>
						<w>παρακλησει</w>
						<w>τη</w>
						<w>διδασκαλια</w>
					</ab>
					<ab n="B15K4V14">
						<w>μη</w>
						<w>αμελει</w>
						<w>του</w>
						<w>εν</w>
						<w>σοι</w>
						<w>χαρισματος</w>
						<w>ο</w>
						<w>εδοθη</w>
						<w>σοι</w>
						<w>δια</w>
						<w>προφητειας</w>
						<w>μετα</w>
						<w>επιθεσεως</w>
						<w>των</w>
						<w>χειρων</w>
						<w>του</w>
						<w>πρεσβυτεριου</w>
					</ab>
					<ab n="B15K4V15">
						<w>ταυτα</w>
						<w>μελετα</w>
						<w>εν</w>
						<w>τουτοις</w>
						<w>ισθι</w>
						<w>ινα</w>
						<w>σου</w>
						<w>η</w>
						<w>προκοπη</w>
						<w>φανερα</w>
						<w>η</w>
						<w>εν</w>
						<w>πασιν</w>
					</ab>
					<ab n="B15K4V16">
						<w>επεχε</w>
						<w>σεαυτω</w>
						<w>και</w>
						<w>τη</w>
						<w>διδασκαλια</w>
						<w>επιμενε</w>
						<w>αυτοις</w>
						<w>τουτο</w>
						<w>γαρ</w>
						<w>ποιων</w>
						<w>και</w>
						<w>σεαυτον</w>
						<w>σωσεις</w>
						<w>και</w>
						<w>τους</w>
						<w>ακουοντας</w>
						<w>σου</w>
					</ab>
				</div>
				<div type="chapter" n="B15K5">
					<ab n="B15K5V1">
						<w>πρεσβυτερω</w>
						<w>μη</w>
						<w>επιπληξης</w>
						<w>αλλα</w>
						<w>παρακαλει</w>
						<w>ως</w>
						<w>πατερα</w>
						<w>νεωτερους</w>
						<w>ως</w>
						<w>αδελφους</w>
					</ab>
					<ab n="B15K5V2">
						<w>πρεσβυτερας</w>
						<w>ως</w>
						<w>μητερας</w>
						<w>νεωτερας</w>
						<w>ως</w>
						<w>αδελφας</w>
						<w>εν</w>
						<w>παση</w>
						<w>αγνεια</w>
					</ab>
					<ab n="B15K5V3">
						<w>χηρας</w>
						<w>τιμα</w>
						<w>τας</w>
						<w>οντως</w>
						<w>χηρας</w>
					</ab>
					<ab n="B15K5V4">
						<w>ει</w>
						<w>δε</w>
						<w>τις</w>
						<w>χηρα</w>
						<w>τεκνα</w>
						<w>η</w>
						<w>εκγονα</w>
						<w>εχει</w>
						<w>μανθανετωσαν</w>
						<w>πρωτον</w>
						<w>τον</w>
						<w>ιδιον</w>
						<w>οικον</w>
						<w>ευσεβειν</w>
						<w>και</w>
						<w>αμοιβας</w>
						<w>αποδιδοναι</w>
						<w>τοις</w>
						<w>προγονοις</w>
						<w>τουτο</w>
						<w>γαρ</w>
						<w>εστιν</w>
						<w>αποδεκτον</w>
						<w>ενωπιον</w>
						<w>του</w>
						<w>θεου</w>
					</ab>
					<ab n="B15K5V5">
						<w>η</w>
						<w>δε</w>
						<w>οντως</w>
						<w>χηρα</w>
						<w>και</w>
						<w>μεμονωμενη</w>
						<w>ηλπικεν</w>
						<w>επι</w>
						<w>τον</w>
						<w>θεον</w>
						<w>και</w>
						<w>προσμενει</w>
						<w>ταις</w>
						<w>δεησεσιν</w>
						<w>και</w>
						<w>ταις</w>
						<w>προσευχαις</w>
						<w>νυκτος</w>
						<w>και</w>
						<w>ημερας</w>
					</ab>
					<ab n="B15K5V6">
						<w>η</w>
						<w>δε</w>
						<w>σπαταλωσα</w>
						<w>ζωσα</w>
						<w>τεθνηκεν</w>
					</ab>
					<ab n="B15K5V7">
						<w>και</w>
						<w>ταυτα</w>
						<w>παραγγελλε</w>
						<w>ινα</w>
						<w>ανεπιληπτοι</w>
						<w>ωσιν</w>
					</ab>
					<ab n="B15K5V8">
						<w>ει</w>
						<w>δε</w>
						<w>τις</w>
						<w>των</w>
						<w>ιδιων</w>
						<w>και</w>
						<w>μαλιστα</w>
						<w>των</w>
						<w>οικειων</w>
						<w>ου</w>
						<w>προνοει</w>
						<w>την</w>
						<w>πιστιν</w>
						<w>ηρνηται</w>
						<w>και</w>
						<w>εστιν</w>
						<w>απιστου</w>
						<w>χειρων</w>
					</ab>
					<ab n="B15K5V9">
						<w>χηρα</w>
						<w>καταλεγεσθω</w>
						<w>μη</w>
						<w>ελαττον</w>
						<w>ετων</w>
						<w>εξηκοντα</w>
						<w>γεγονυια</w>
						<w>ενος</w>
						<w>ανδρος</w>
						<w>γυνη</w>
					</ab>
					<ab n="B15K5V10">
						<w>εν</w>
						<w>εργοις</w>
						<w>καλοις</w>
						<w>μαρτυρουμενη</w>
						<w>ει</w>
						<w>ετεκνοτροφησεν</w>
						<w>ει</w>
						<w>εξενοδοχησεν</w>
						<w>ει</w>
						<w>αγιων</w>
						<w>ποδας</w>
						<w>ενιψεν</w>
						<w>ει</w>
						<w>θλιβομενοις</w>
						<w>επηρκεσεν</w>
						<w>ει</w>
						<w>παντι</w>
						<w>εργω</w>
						<w>αγαθω</w>
						<w>επηκολουθησεν</w>
					</ab>
					<ab n="B15K5V11">
						<w>νεωτερας</w>
						<w>δε</w>
						<w>χηρας</w>
						<w>παραιτου</w>
						<w>οταν</w>
						<w>γαρ</w>
						<w>καταστρηνιασωσιν</w>
						<w>του</w>
						<w>χριστου</w>
						<w>γαμειν</w>
						<w>θελουσιν</w>
					</ab>
					<ab n="B15K5V12">
						<w>εχουσαι</w>
						<w>κριμα</w>
						<w>οτι</w>
						<w>την</w>
						<w>πρωτην</w>
						<w>πιστιν</w>
						<w>ηθετησαν</w>
					</ab>
					<ab n="B15K5V13">
						<w>αμα</w>
						<w>δε</w>
						<w>και</w>
						<w>αργαι</w>
						<w>μανθανουσιν</w>
						<w>περιερχομεναι</w>
						<w>τας</w>
						<w>οικιας</w>
						<w>ου</w>
						<w>μονον</w>
						<w>δε</w>
						<w>αργαι</w>
						<w>αλλα</w>
						<w>και</w>
						<w>φλυαροι</w>
						<w>και</w>
						<w>περιεργοι</w>
						<w>λαλουσαι</w>
						<w>τα</w>
						<w>μη</w>
						<w>δεοντα</w>
					</ab>
					<ab n="B15K5V14">
						<w>βουλομαι</w>
						<w>ουν</w>
						<w>νεωτερας</w>
						<w>γαμειν</w>
						<w>τεκνογονειν</w>
						<w>οικοδεσποτειν</w>
						<w>μηδεμιαν</w>
						<w>αφορμην</w>
						<w>διδοναι</w>
						<w>τω</w>
						<w>αντικειμενω</w>
						<w>λοιδοριας</w>
						<w>χαριν</w>
					</ab>
					<ab n="B15K5V15">
						<w>ηδη</w>
						<w>γαρ</w>
						<w>τινες</w>
						<w>εξετραπησαν</w>
						<w>οπισω</w>
						<w>του</w>
						<w>σατανα</w>
					</ab>
					<ab n="B15K5V16">
						<w>ει</w>
						<w>τις</w>
						<w>πιστος</w>
						<w>η</w>
						<w>πιστη</w>
						<w>εχει</w>
						<w>χηρας</w>
						<w>επαρκειτω</w>
						<w>αυταις</w>
						<w>και</w>
						<w>μη</w>
						<w>βαρεισθω</w>
						<w>η</w>
						<w>εκκλησια</w>
						<w>ινα</w>
						<w>ταις</w>
						<w>οντως</w>
						<w>χηραις</w>
						<w>επαρκεση</w>
					</ab>
					<ab n="B15K5V17">
						<w>οι</w>
						<w>καλως</w>
						<w>προεστωτες</w>
						<w>πρεσβυτεροι</w>
						<w>διπλης</w>
						<w>τιμης</w>
						<w>αξιουσθωσαν</w>
						<w>μαλιστα</w>
						<w>οι</w>
						<w>κοπιωντες</w>
						<w>εν</w>
						<w>λογω</w>
						<w>και</w>
						<w>διδασκαλια</w>
					</ab>
					<ab n="B15K5V18">
						<w>λεγει</w>
						<w>γαρ</w>
						<w>η</w>
						<w>γραφη</w>
						<w>βουν</w>
						<w>αλοωντα</w>
						<w>ου</w>
						<w>φιμωσεις</w>
						<w>και</w>
						<w>αξιος</w>
						<w>ο</w>
						<w>εργατης</w>
						<w>του</w>
						<w>μισθου</w>
						<w>αυτου</w>
					</ab>
					<ab n="B15K5V19">
						<w>κατα</w>
						<w>πρεσβυτερου</w>
						<w>κατηγοριαν</w>
						<w>μη</w>
						<w>παραδεχου</w>
						<w>εκτος</w>
						<w>ει</w>
						<w>μη</w>
						<w>επι</w>
						<w>δυο</w>
						<w>η</w>
						<w>τριων</w>
						<w>μαρτυρων</w>
					</ab>
					<ab n="B15K5V20">
						<w>τους</w>
						<w>αμαρτανοντας</w>
						<w>ενωπιον</w>
						<w>παντων</w>
						<w>ελεγχε</w>
						<w>ινα</w>
						<w>και</w>
						<w>οι</w>
						<w>λοιποι</w>
						<w>φοβον</w>
						<w>εχωσιν</w>
					</ab>
					<ab n="B15K5V21">
						<w>διαμαρτυρομαι</w>
						<w>ενωπιον</w>
						<w>του</w>
						<w>θεου</w>
						<w>και</w>
						<w>κυριου</w>
						<w>ιησου</w>
						<w>χριστου</w>
						<w>και</w>
						<w>των</w>
						<w>εκλεκτων</w>
						<w>αγγελων</w>
						<w>ινα</w>
						<w>ταυτα</w>
						<w>φυλαξης</w>
						<w>χωρις</w>
						<w>προκριματος</w>
						<w>μηδεν</w>
						<w>ποιων</w>
						<w>κατα</w>
						<w>προσκλησιν</w>
					</ab>
					<ab n="B15K5V22">
						<w>χειρας</w>
						<w>ταχεως</w>
						<w>μηδενι</w>
						<w>επιτιθει</w>
						<w>μηδε</w>
						<w>κοινωνει</w>
						<w>αμαρτιαις</w>
						<w>αλλοτριαις</w>
						<w>σεαυτον</w>
						<w>αγνον</w>
						<w>τηρει</w>
					</ab>
					<ab n="B15K5V23">
						<w>μηκετι</w>
						<w>υδροποτει</w>
						<w>αλλ</w>
						<w>οινω</w>
						<w>ολιγω</w>
						<w>χρω</w>
						<w>δια</w>
						<w>τον</w>
						<w>στομαχον</w>
						<w>σου</w>
						<w>και</w>
						<w>τας</w>
						<w>πυκνας</w>
						<w>σου</w>
						<w>ασθενειας</w>
					</ab>
					<ab n="B15K5V24">
						<w>τινων</w>
						<w>ανθρωπων</w>
						<w>αι</w>
						<w>αμαρτιαι</w>
						<w>προδηλοι</w>
						<w>εισιν</w>
						<w>προαγουσαι</w>
						<w>εις</w>
						<w>κρισιν</w>
						<w>τισιν</w>
						<w>δε</w>
						<w>και</w>
						<w>επακολουθουσιν</w>
					</ab>
					<ab n="B15K5V25">
						<w>ωσαυτως</w>
						<w>και</w>
						<w>τα</w>
						<w>καλα</w>
						<w>εργα</w>
						<w>προδηλα</w>
						<w>εστιν</w>
						<w>και</w>
						<w>τα</w>
						<w>αλλως</w>
						<w>εχοντα</w>
						<w>κρυβηναι</w>
						<w>ου</w>
						<w>δυνανται</w>
					</ab>
				</div>
				<div type="chapter" n="B15K6">
					<ab n="B15K6V1">
						<w>οσοι</w>
						<w>εισιν</w>
						<w>υπο</w>
						<w>ζυγον</w>
						<w>δουλοι</w>
						<w>τους</w>
						<w>ιδιους</w>
						<w>δεσποτας</w>
						<w>πασης</w>
						<w>τιμης</w>
						<w>αξιους</w>
						<w>ηγεισθωσαν</w>
						<w>ινα</w>
						<w>μη</w>
						<w>το</w>
						<w>ονομα</w>
						<w>του</w>
						<w>θεου</w>
						<w>και</w>
						<w>η</w>
						<w>διδασκαλια</w>
						<w>βλασφημηται</w>
					</ab>
					<ab n="B15K6V2">
						<w>οι</w>
						<w>δε</w>
						<w>πιστους</w>
						<w>εχοντες</w>
						<w>δεσποτας</w>
						<w>μη</w>
						<w>καταφρονειτωσαν</w>
						<w>οτι</w>
						<w>αδελφοι</w>
						<w>εισιν</w>
						<w>αλλα</w>
						<w>μαλλον</w>
						<w>δουλευετωσαν</w>
						<w>οτι</w>
						<w>πιστοι</w>
						<w>εισιν</w>
						<w>και</w>
						<w>αγαπητοι</w>
						<w>οι</w>
						<w>της</w>
						<w>ευεργεσιας</w>
						<w>αντιλαμβανομενοι</w>
						<w>ταυτα</w>
						<w>διδασκε</w>
						<w>και</w>
						<w>παρακαλει</w>
					</ab>
					<ab n="B15K6V3">
						<w>ει</w>
						<w>τις</w>
						<w>ετεροδιδασκαλει</w>
						<w>και</w>
						<w>μη</w>
						<w>προσερχεται</w>
						<w>υγιαινουσιν</w>
						<w>λογοις</w>
						<w>τοις</w>
						<w>του</w>
						<w>κυριου</w>
						<w>ημων</w>
						<w>ιησου</w>
						<w>χριστου</w>
						<w>και</w>
						<w>τη</w>
						<w>κατ</w>
						<w>ευσεβειαν</w>
						<w>διδασκαλια</w>
					</ab>
					<ab n="B15K6V4">
						<w>τετυφωται</w>
						<w>μηδεν</w>
						<w>επισταμενος</w>
						<w>αλλα</w>
						<w>νοσων</w>
						<w>περι</w>
						<w>ζητησεις</w>
						<w>και</w>
						<w>λογομαχιας</w>
						<w>εξ</w>
						<w>ων</w>
						<w>γινεται</w>
						<w>φθονος</w>
						<w>ερις</w>
						<w>βλασφημιαι</w>
						<w>υπονοιαι</w>
						<w>πονηραι</w>
					</ab>
					<ab n="B15K6V5">
						<w>διαπαρατριβαι</w>
						<w>διεφθαρμενων</w>
						<w>ανθρωπων</w>
						<w>τον</w>
						<w>νουν</w>
						<w>και</w>
						<w>απεστερημενων</w>
						<w>της</w>
						<w>αληθειας</w>
						<w>νομιζοντων</w>
						<w>πορισμον</w>
						<w>ειναι</w>
						<w>την</w>
						<w>ευσεβειαν</w>
						<w>αφιστασο</w>
						<w>απο</w>
						<w>των</w>
						<w>τοιουτων</w>
					</ab>
					<ab n="B15K6V6">
						<w>εστιν</w>
						<w>δε</w>
						<w>πορισμος</w>
						<w>μεγας</w>
						<w>η</w>
						<w>ευσεβεια</w>
						<w>μετα</w>
						<w>αυταρκειας</w>
					</ab>
					<ab n="B15K6V7">
						<w>ουδεν</w>
						<w>γαρ</w>
						<w>εισηνεγκαμεν</w>
						<w>εις</w>
						<w>τον</w>
						<w>κοσμον</w>
						<w>δηλον</w>
						<w>οτι</w>
						<w>ουδε</w>
						<w>εξενεγκειν</w>
						<w>τι</w>
						<w>δυναμεθα</w>
					</ab>
					<ab n="B15K6V8">
						<w>εχοντες</w>
						<w>δε</w>
						<w>διατροφας</w>
						<w>και</w>
						<w>σκεπασματα</w>
						<w>τουτοις</w>
						<w>αρκεσθησομεθα</w>
					</ab>
					<ab n="B15K6V9">
						<w>οι</w>
						<w>δε</w>
						<w>βουλομενοι</w>
						<w>πλουτειν</w>
						<w>εμπιπτουσιν</w>
						<w>εις</w>
						<w>πειρασμον</w>
						<w>και</w>
						<w>παγιδα</w>
						<w>και</w>
						<w>επιθυμιας</w>
						<w>πολλας</w>
						<w>ανοητους</w>
						<w>και</w>
						<w>βλαβερας</w>
						<w>αιτινες</w>
						<w>βυθιζουσιν</w>
						<w>τους</w>
						<w>ανθρωπους</w>
						<w>εις</w>
						<w>ολεθρον</w>
						<w>και</w>
						<w>απωλειαν</w>
					</ab>
					<ab n="B15K6V10">
						<w>ριζα</w>
						<w>γαρ</w>
						<w>παντων</w>
						<w>των</w>
						<w>κακων</w>
						<w>εστιν</w>
						<w>η</w>
						<w>φιλαργυρια</w>
						<w>ης</w>
						<w>τινες</w>
						<w>ορεγομενοι</w>
						<w>απεπλανηθησαν</w>
						<w>απο</w>
						<w>της</w>
						<w>πιστεως</w>
						<w>και</w>
						<w>εαυτους</w>
						<w>περιεπειραν</w>
						<w>οδυναις</w>
						<w>πολλαις</w>
					</ab>
					<ab n="B15K6V11">
						<w>συ</w>
						<w>δε</w>
						<w>ω</w>
						<w>ανθρωπε</w>
						<w>του</w>
						<w>θεου</w>
						<w>ταυτα</w>
						<w>φευγε</w>
						<w>διωκε</w>
						<w>δε</w>
						<w>δικαιοσυνην</w>
						<w>ευσεβειαν</w>
						<w>πιστιν</w>
						<w>αγαπην</w>
						<w>υπομονην</w>
						<w>πραοτητα</w>
					</ab>
					<ab n="B15K6V12">
						<w>αγωνιζου</w>
						<w>τον</w>
						<w>καλον</w>
						<w>αγωνα</w>
						<w>της</w>
						<w>πιστεως</w>
						<w>επιλαβου</w>
						<w>της</w>
						<w>αιωνιου</w>
						<w>ζωης</w>
						<w>εις</w>
						<w>ην</w>
						<w>εκληθης</w>
						<w>και</w>
						<w>ωμολογησας</w>
						<w>την</w>
						<w>καλην</w>
						<w>ομολογιαν</w>
						<w>ενωπιον</w>
						<w>πολλων</w>
						<w>μαρτυρων</w>
					</ab>
					<ab n="B15K6V13">
						<w>παραγγελλω</w>
						<w>σοι</w>
						<w>ενωπιον</w>
						<w>του</w>
						<w>θεου</w>
						<w>του</w>
						<w>ζωοποιουντος</w>
						<w>τα</w>
						<w>παντα</w>
						<w>και</w>
						<w>χριστου</w>
						<w>ιησου</w>
						<w>του</w>
						<w>μαρτυρησαντος</w>
						<w>επι</w>
						<w>ποντιου</w>
						<w>πιλατου</w>
						<w>την</w>
						<w>καλην</w>
						<w>ομολογιαν</w>
					</ab>
					<ab n="B15K6V14">
						<w>τηρησαι</w>
						<w>σε</w>
						<w>την</w>
						<w>εντολην</w>
						<w>ασπιλον</w>
						<w>ανεπιληπτον</w>
						<w>μεχρι</w>
						<w>της</w>
						<w>επιφανειας</w>
						<w>του</w>
						<w>κυριου</w>
						<w>ημων</w>
						<w>ιησου</w>
						<w>χριστου</w>
					</ab>
					<ab n="B15K6V15">
						<w>ην</w>
						<w>καιροις</w>
						<w>ιδιοις</w>
						<w>δειξει</w>
						<w>ο</w>
						<w>μακαριος</w>
						<w>και</w>
						<w>μονος</w>
						<w>δυναστης</w>
						<w>ο</w>
						<w>βασιλευς</w>
						<w>των</w>
						<w>βασιλευοντων</w>
						<w>και</w>
						<w>κυριος</w>
						<w>των</w>
						<w>κυριευοντων</w>
					</ab>
					<ab n="B15K6V16">
						<w>ο</w>
						<w>μονος</w>
						<w>εχων</w>
						<w>αθανασιαν</w>
						<w>φως</w>
						<w>οικων</w>
						<w>απροσιτον</w>
						<w>ον</w>
						<w>ειδεν</w>
						<w>ουδεις</w>
						<w>ανθρωπων</w>
						<w>ουδε</w>
						<w>ιδειν</w>
						<w>δυναται</w>
						<w>ω</w>
						<w>τιμη</w>
						<w>και</w>
						<w>κρατος</w>
						<w>αιωνιον</w>
						<w>αμην</w>
					</ab>
					<ab n="B15K6V17">
						<w>τοις</w>
						<w>πλουσιοις</w>
						<w>εν</w>
						<w>τω</w>
						<w>νυν</w>
						<w>αιωνι</w>
						<w>παραγγελλε</w>
						<w>μη</w>
						<w>υψηλοφρονειν</w>
						<w>μηδε</w>
						<w>ηλπικεναι</w>
						<w>επι</w>
						<w>πλουτου</w>
						<w>αδηλοτητι</w>
						<w>αλλ</w>
						<w>εν</w>
						<w>τω</w>
						<w>θεω</w>
						<w>τω</w>
						<w>ζωντι</w>
						<w>τω</w>
						<w>παρεχοντι</w>
						<w>ημιν</w>
						<w>παντα</w>
						<w>πλουσιως</w>
						<w>εις</w>
						<w>απολαυσιν</w>
					</ab>
					<ab n="B15K6V18">
						<w>αγαθοεργειν</w>
						<w>πλουτειν</w>
						<w>εν</w>
						<w>εργοις</w>
						<w>καλοις</w>
						<w>ευμεταδοτους</w>
						<w>ειναι</w>
						<w>κοινωνικους</w>
					</ab>
					<ab n="B15K6V19">
						<w>αποθησαυριζοντας</w>
						<w>εαυτοις</w>
						<w>θεμελιον</w>
						<w>καλον</w>
						<w>εις</w>
						<w>το</w>
						<w>μελλον</w>
						<w>ινα</w>
						<w>επιλαβωνται</w>
						<w>της</w>
						<w>αιωνιου</w>
						<w>ζωης</w>
					</ab>
					<ab n="B15K6V20">
						<w>ω</w>
						<w>τιμοθεε</w>
						<w>την</w>
						<w>παραθηκην</w>
						<w>φυλαξον</w>
						<w>εκτρεπομενος</w>
						<w>τας</w>
						<w>βεβηλους</w>
						<w>κενοφωνιας</w>
						<w>και</w>
						<w>αντιθεσεις</w>
						<w>της</w>
						<w>ψευδωνυμου</w>
						<w>γνωσεως</w>
					</ab>
					<ab n="B15K6V21">
						<w>ην</w>
						<w>τινες</w>
						<w>επαγγελλομενοι</w>
						<w>περι</w>
						<w>την</w>
						<w>πιστιν</w>
						<w>ηστοχησαν</w>
						<w>η</w>
						<w>χαρις</w>
						<w>μετα</w>
						<w>σου</w>
						<w>αμην</w>
					</ab>
				</div>
			</div>
		</body>
	</text>
</TEI>