<?xml version="1.0" encoding="utf-8"?>
<!DOCTYPE TEI [
<!-- entities used in individual transcriptions will be defined here -->
]>
<?xml-model href="TEI-NTMSS.rng" type="application/xml" 
schematypens="http://relaxng.org/ns/structure/1.0"?>
<TEI xml:id="Byz" xmlns="http://www.tei-c.org/ns/1.0">
    <teiHeader>
        <fileDesc>
            <titleStmt>
                <title>The New Testament in the Original Greek: The Byzantine Textform</title>
                <title type="collection" level="s" xml:lang="en">The New Testament</title>
				<title type="work" level="m" xml:lang="en" n="22">Second Peter</title>
				<title type="short" level="m" xml:lang="en" n="22">2PE</title>                
                <respStmt>
                    <resp>Created by</resp><name>Maurice A. Robinson and William Pierpont</name>
                </respStmt>
            </titleStmt> 
        <editionStmt>
            <edition n="2018">Last updated (XML version) <date>31.5.2023</date></edition>
        </editionStmt>
        <publicationStmt>
            <availability><p>This file is in the Public Domain</p></availability>
        </publicationStmt>
        <sourceDesc>
            <msDesc>
            <msIdentifier>
                <country>United States of America</country>
                <msName xml:lang="en">The New Testament in the Original Greek: The Byzantine Textform</msName>
                <altIdentifier type="Byz"></altIdentifier>
            </msIdentifier>
            </msDesc>
        </sourceDesc>
        </fileDesc>
        <encodingDesc n="1.5">
            <editorialDecl>
                <p>The initial transcription file was a set of plain text files, later converted to XML. Further information about the procedures followed may be found in the electronic edition at <ptr target="https://github.com/byztxt/byzantine-majority-text/"/></p>
                <p>The XML specifications used were version 1.5 of the IGNTP Guidelines available at <ptr target="http://epapers.bham.ac.uk/1892/"/></p>
            </editorialDecl> 
            <variantEncoding method="parallel-segmentation" location="internal"/>
        </encodingDesc>
    </teiHeader>
    <text xml:lang="grc">
        <body>
			<div type="book" n="B22">
				<div type="chapter" n="B22K1">
					<ab n="B22K1V1">
						<w>συμεων</w>
						<w>πετρος</w>
						<w>δουλος</w>
						<w>και</w>
						<w>αποστολος</w>
						<w>ιησου</w>
						<w>χριστου</w>
						<w>τοις</w>
						<w>ισοτιμον</w>
						<w>ημιν</w>
						<w>λαχουσιν</w>
						<w>πιστιν</w>
						<w>εν</w>
						<w>δικαιοσυνη</w>
						<w>του</w>
						<w>θεου</w>
						<w>ημων</w>
						<w>και</w>
						<w>σωτηρος</w>
						<w>ιησου</w>
						<w>χριστου</w>
					</ab>
					<ab n="B22K1V2">
						<w>χαρις</w>
						<w>υμιν</w>
						<w>και</w>
						<w>ειρηνη</w>
						<w>πληθυνθειη</w>
						<w>εν</w>
						<w>επιγνωσει</w>
						<w>του</w>
						<w>θεου</w>
						<w>και</w>
						<w>ιησου</w>
						<w>του</w>
						<w>κυριου</w>
						<w>ημων</w>
					</ab>
					<ab n="B22K1V3">
						<w>ως</w>
						<w>παντα</w>
						<w>ημιν</w>
						<w>της</w>
						<w>θειας</w>
						<w>δυναμεως</w>
						<w>αυτου</w>
						<w>τα</w>
						<w>προς</w>
						<w>ζωην</w>
						<w>και</w>
						<w>ευσεβειαν</w>
						<w>δεδωρημενης</w>
						<w>δια</w>
						<w>της</w>
						<w>επιγνωσεως</w>
						<w>του</w>
						<w>καλεσαντος</w>
						<w>ημας</w>
						<w>δια</w>
						<w>δοξης</w>
						<w>και</w>
						<w>αρετης</w>
					</ab>
					<ab n="B22K1V4">
						<w>δι</w>
						<w>ων</w>
						<w>τα</w>
						<w>τιμια</w>
						<w>ημιν</w>
						<w>και</w>
						<w>μεγιστα</w>
						<w>επαγγελματα</w>
						<w>δεδωρηται</w>
						<w>ινα</w>
						<w>δια</w>
						<w>τουτων</w>
						<w>γενησθε</w>
						<w>θειας</w>
						<w>κοινωνοι</w>
						<w>φυσεως</w>
						<w>αποφυγοντες</w>
						<w>της</w>
						<w>εν</w>
						<w>κοσμω</w>
						<w>εν</w>
						<w>επιθυμια</w>
						<w>φθορας</w>
					</ab>
					<ab n="B22K1V5">
						<w>και</w>
						<w>αυτο</w>
						<w>τουτο</w>
						<w>δε</w>
						<w>σπουδην</w>
						<w>πασαν</w>
						<w>παρεισενεγκαντες</w>
						<w>επιχορηγησατε</w>
						<w>εν</w>
						<w>τη</w>
						<w>πιστει</w>
						<w>υμων</w>
						<w>την</w>
						<w>αρετην</w>
						<w>εν</w>
						<w>δε</w>
						<w>τη</w>
						<w>αρετη</w>
						<w>την</w>
						<w>γνωσιν</w>
					</ab>
					<ab n="B22K1V6">
						<w>εν</w>
						<w>δε</w>
						<w>τη</w>
						<w>γνωσει</w>
						<w>την</w>
						<w>εγκρατειαν</w>
						<w>εν</w>
						<w>δε</w>
						<w>τη</w>
						<w>εγκρατεια</w>
						<w>την</w>
						<w>υπομονην</w>
						<w>εν</w>
						<w>δε</w>
						<w>τη</w>
						<w>υπομονη</w>
						<w>την</w>
						<w>ευσεβειαν</w>
					</ab>
					<ab n="B22K1V7">
						<w>εν</w>
						<w>δε</w>
						<w>τη</w>
						<w>ευσεβεια</w>
						<w>την</w>
						<w>φιλαδελφιαν</w>
						<w>εν</w>
						<w>δε</w>
						<w>τη</w>
						<w>φιλαδελφια</w>
						<w>την</w>
						<w>αγαπην</w>
					</ab>
					<ab n="B22K1V8">
						<w>ταυτα</w>
						<w>γαρ</w>
						<w>υμιν</w>
						<w>υπαρχοντα</w>
						<w>και</w>
						<w>πλεοναζοντα</w>
						<w>ουκ</w>
						<w>αργους</w>
						<w>ουδε</w>
						<w>ακαρπους</w>
						<w>καθιστησιν</w>
						<w>εις</w>
						<w>την</w>
						<w>του</w>
						<w>κυριου</w>
						<w>ημων</w>
						<w>ιησου</w>
						<w>χριστου</w>
						<w>επιγνωσιν</w>
					</ab>
					<ab n="B22K1V9">
						<w>ω</w>
						<w>γαρ</w>
						<w>μη</w>
						<w>παρεστιν</w>
						<w>ταυτα</w>
						<w>τυφλος</w>
						<w>εστιν</w>
						<w>μυωπαζων</w>
						<w>ληθην</w>
						<w>λαβων</w>
						<w>του</w>
						<w>καθαρισμου</w>
						<w>των</w>
						<w>παλαι</w>
						<w>αυτου</w>
						<w>αμαρτιων</w>
					</ab>
					<ab n="B22K1V10">
						<w>διο</w>
						<w>μαλλον</w>
						<w>αδελφοι</w>
						<w>σπουδασατε</w>
						<w>βεβαιαν</w>
						<w>υμων</w>
						<w>την</w>
						<w>κλησιν</w>
						<w>και</w>
						<w>εκλογην</w>
						<w>ποιεισθαι</w>
						<w>ταυτα</w>
						<w>γαρ</w>
						<w>ποιουντες</w>
						<w>ου</w>
						<w>μη</w>
						<w>πταισητε</w>
						<w>ποτε</w>
					</ab>
					<ab n="B22K1V11">
						<w>ουτως</w>
						<w>γαρ</w>
						<w>πλουσιως</w>
						<w>επιχορηγηθησεται</w>
						<w>υμιν</w>
						<w>η</w>
						<w>εισοδος</w>
						<w>εις</w>
						<w>την</w>
						<w>αιωνιον</w>
						<w>βασιλειαν</w>
						<w>του</w>
						<w>κυριου</w>
						<w>ημων</w>
						<w>και</w>
						<w>σωτηρος</w>
						<w>ιησου</w>
						<w>χριστου</w>
					</ab>
					<ab n="B22K1V12">
						<w>διο</w>
						<w>ουκ</w>
						<w>αμελησω</w>
						<w>αει</w>
						<w>υμας</w>
						<w>υπομιμνησκειν</w>
						<w>περι</w>
						<w>τουτων</w>
						<w>καιπερ</w>
						<w>ειδοτας</w>
						<w>και</w>
						<w>εστηριγμενους</w>
						<w>εν</w>
						<w>τη</w>
						<w>παρουση</w>
						<w>αληθεια</w>
					</ab>
					<ab n="B22K1V13">
						<w>δικαιον</w>
						<w>δε</w>
						<w>ηγουμαι</w>
						<w>εφ</w>
						<w>οσον</w>
						<w>ειμι</w>
						<w>εν</w>
						<w>τουτω</w>
						<w>τω</w>
						<w>σκηνωματι</w>
						<w>διεγειρειν</w>
						<w>υμας</w>
						<w>εν</w>
						<w>υπομνησει</w>
					</ab>
					<ab n="B22K1V14">
						<w>ειδως</w>
						<w>οτι</w>
						<w>ταχινη</w>
						<w>εστιν</w>
						<w>η</w>
						<w>αποθεσις</w>
						<w>του</w>
						<w>σκηνωματος</w>
						<w>μου</w>
						<w>καθως</w>
						<w>και</w>
						<w>ο</w>
						<w>κυριος</w>
						<w>ημων</w>
						<w>ιησους</w>
						<w>χριστος</w>
						<w>εδηλωσεν</w>
						<w>μοι</w>
					</ab>
					<ab n="B22K1V15">
						<w>σπουδασω</w>
						<w>δε</w>
						<w>και</w>
						<w>εκαστοτε</w>
						<w>εχειν</w>
						<w>υμας</w>
						<w>μετα</w>
						<w>την</w>
						<w>εμην</w>
						<w>εξοδον</w>
						<w>την</w>
						<w>τουτων</w>
						<w>μνημην</w>
						<w>ποιεισθαι</w>
					</ab>
					<ab n="B22K1V16">
						<w>ου</w>
						<w>γαρ</w>
						<w>σεσοφισμενοις</w>
						<w>μυθοις</w>
						<w>εξακολουθησαντες</w>
						<w>εγνωρισαμεν</w>
						<w>υμιν</w>
						<w>την</w>
						<w>του</w>
						<w>κυριου</w>
						<w>ημων</w>
						<w>ιησου</w>
						<w>χριστου</w>
						<w>δυναμιν</w>
						<w>και</w>
						<w>παρουσιαν</w>
						<w>αλλ</w>
						<w>εποπται</w>
						<w>γενηθεντες</w>
						<w>της</w>
						<w>εκεινου</w>
						<w>μεγαλειοτητος</w>
					</ab>
					<ab n="B22K1V17">
						<w>λαβων</w>
						<w>γαρ</w>
						<w>παρα</w>
						<w>θεου</w>
						<w>πατρος</w>
						<w>τιμην</w>
						<w>και</w>
						<w>δοξαν</w>
						<w>φωνης</w>
						<w>ενεχθεισης</w>
						<w>αυτω</w>
						<w>τοιασδε</w>
						<w>υπο</w>
						<w>της</w>
						<w>μεγαλοπρεπους</w>
						<w>δοξης</w>
						<w>ουτος</w>
						<w>εστιν</w>
						<w>ο</w>
						<w>υιος</w>
						<w>μου</w>
						<w>ο</w>
						<w>αγαπητος</w>
						<w>εις</w>
						<w>ον</w>
						<w>εγω</w>
						<w>ευδοκησα</w>
					</ab>
					<ab n="B22K1V18">
						<w>και</w>
						<w>ταυτην</w>
						<w>την</w>
						<w>φωνην</w>
						<w>ημεις</w>
						<w>ηκουσαμεν</w>
						<w>εξ</w>
						<w>ουρανου</w>
						<w>ενεχθεισαν</w>
						<w>συν</w>
						<w>αυτω</w>
						<w>οντες</w>
						<w>εν</w>
						<w>τω</w>
						<w>ορει</w>
						<w>τω</w>
						<w>αγιω</w>
					</ab>
					<ab n="B22K1V19">
						<w>και</w>
						<w>εχομεν</w>
						<w>βεβαιοτερον</w>
						<w>τον</w>
						<w>προφητικον</w>
						<w>λογον</w>
						<w>ω</w>
						<w>καλως</w>
						<w>ποιειτε</w>
						<w>προσεχοντες</w>
						<w>ως</w>
						<w>λυχνω</w>
						<w>φαινοντι</w>
						<w>εν</w>
						<w>αυχμηρω</w>
						<w>τοπω</w>
						<w>εως</w>
						<w>ου</w>
						<w>ημερα</w>
						<w>διαυγαση</w>
						<w>και</w>
						<w>φωσφορος</w>
						<w>ανατειλη</w>
						<w>εν</w>
						<w>ταις</w>
						<w>καρδιαις</w>
						<w>υμων</w>
					</ab>
					<ab n="B22K1V20">
						<w>τουτο</w>
						<w>πρωτον</w>
						<w>γινωσκοντες</w>
						<w>οτι</w>
						<w>πασα</w>
						<w>προφητεια</w>
						<w>γραφης</w>
						<w>ιδιας</w>
						<w>επιλυσεως</w>
						<w>ου</w>
						<w>γινεται</w>
					</ab>
					<ab n="B22K1V21">
						<w>ου</w>
						<w>γαρ</w>
						<w>θεληματι</w>
						<w>ανθρωπου</w>
						<w>ηνεχθη</w>
						<w>ποτε</w>
						<w>προφητεια</w>
						<w>αλλ</w>
						<w>υπο</w>
						<w>πνευματος</w>
						<w>αγιου</w>
						<w>φερομενοι</w>
						<w>ελαλησαν</w>
						<w>αγιοι</w>
						<w>θεου</w>
						<w>ανθρωποι</w>
					</ab>
				</div>
				<div type="chapter" n="B22K2">
					<ab n="B22K2V1">
						<w>εγενοντο</w>
						<w>δε</w>
						<w>και</w>
						<w>ψευδοπροφηται</w>
						<w>εν</w>
						<w>τω</w>
						<w>λαω</w>
						<w>ως</w>
						<w>και</w>
						<w>εν</w>
						<w>υμιν</w>
						<w>εσονται</w>
						<w>ψευδοδιδασκαλοι</w>
						<w>οιτινες</w>
						<w>παρεισαξουσιν</w>
						<w>αιρεσεις</w>
						<w>απωλειας</w>
						<w>και</w>
						<w>τον</w>
						<w>αγορασαντα</w>
						<w>αυτους</w>
						<w>δεσποτην</w>
						<w>αρνουμενοι</w>
						<w>επαγοντες</w>
						<w>εαυτοις</w>
						<w>ταχινην</w>
						<w>απωλειαν</w>
					</ab>
					<ab n="B22K2V2">
						<w>και</w>
						<w>πολλοι</w>
						<w>εξακολουθησουσιν</w>
						<w>αυτων</w>
						<w>ταις</w>
						<w>ασελγειαις</w>
						<w>δι</w>
						<w>ους</w>
						<w>η</w>
						<w>οδος</w>
						<w>της</w>
						<w>αληθειας</w>
						<w>βλασφημηθησεται</w>
					</ab>
					<ab n="B22K2V3">
						<w>και</w>
						<w>εν</w>
						<w>πλεονεξια</w>
						<w>πλαστοις</w>
						<w>λογοις</w>
						<w>υμας</w>
						<w>εμπορευσονται</w>
						<w>οις</w>
						<w>το</w>
						<w>κριμα</w>
						<w>εκπαλαι</w>
						<w>ουκ</w>
						<w>αργει</w>
						<w>και</w>
						<w>η</w>
						<w>απωλεια</w>
						<w>αυτων</w>
						<w>ου</w>
						<w>νυσταξει</w>
					</ab>
					<ab n="B22K2V4">
						<w>ει</w>
						<w>γαρ</w>
						<w>ο</w>
						<w>θεος</w>
						<w>αγγελων</w>
						<w>αμαρτησαντων</w>
						<w>ουκ</w>
						<w>εφεισατο</w>
						<w>αλλα</w>
						<w>σειραις</w>
						<w>ζοφου</w>
						<w>ταρταρωσας</w>
						<w>παρεδωκεν</w>
						<w>εις</w>
						<w>κρισιν</w>
						<w>τηρουμενους</w>
					</ab>
					<ab n="B22K2V5">
						<w>και</w>
						<w>αρχαιου</w>
						<w>κοσμου</w>
						<w>ουκ</w>
						<w>εφεισατο</w>
						<w>αλλα</w>
						<w>ογδοον</w>
						<w>νωε</w>
						<w>δικαιοσυνης</w>
						<w>κηρυκα</w>
						<w>εφυλαξεν</w>
						<w>κατακλυσμον</w>
						<w>κοσμω</w>
						<w>ασεβων</w>
						<w>επαξας</w>
					</ab>
					<ab n="B22K2V6">
						<w>και</w>
						<w>πολεις</w>
						<w>σοδομων</w>
						<w>και</w>
						<w>γομορρας</w>
						<w>τεφρωσας</w>
						<w>καταστροφη</w>
						<w>κατεκρινεν</w>
						<w>υποδειγμα</w>
						<w>μελλοντων</w>
						<w>ασεβειν</w>
						<w>τεθεικως</w>
					</ab>
					<ab n="B22K2V7">
						<w>και</w>
						<w>δικαιον</w>
						<w>λωτ</w>
						<w>καταπονουμενον</w>
						<w>υπο</w>
						<w>της</w>
						<w>των</w>
						<w>αθεσμων</w>
						<w>εν</w>
						<w>ασελγεια</w>
						<w>αναστροφης</w>
						<w>ερρυσατο</w>
					</ab>
					<ab n="B22K2V8">
						<w>βλεμματι</w>
						<w>γαρ</w>
						<w>και</w>
						<w>ακοη</w>
						<w>ο</w>
						<w>δικαιος</w>
						<w>εγκατοικων</w>
						<w>εν</w>
						<w>αυτοις</w>
						<w>ημεραν</w>
						<w>εξ</w>
						<w>ημερας</w>
						<w>ψυχην</w>
						<w>δικαιαν</w>
						<w>ανομοις</w>
						<w>εργοις</w>
						<w>εβασανιζεν</w>
					</ab>
					<ab n="B22K2V9">
						<w>οιδεν</w>
						<w>κυριος</w>
						<w>ευσεβεις</w>
						<w>εκ</w>
						<w>πειρασμου</w>
						<w>ρυεσθαι</w>
						<w>αδικους</w>
						<w>δε</w>
						<w>εις</w>
						<w>ημεραν</w>
						<w>κρισεως</w>
						<w>κολαζομενους</w>
						<w>τηρειν</w>
					</ab>
					<ab n="B22K2V10">
						<w>μαλιστα</w>
						<w>δε</w>
						<w>τους</w>
						<w>οπισω</w>
						<w>σαρκος</w>
						<w>εν</w>
						<w>επιθυμια</w>
						<w>μιασμου</w>
						<w>πορευομενους</w>
						<w>και</w>
						<w>κυριοτητος</w>
						<w>καταφρονουντας</w>
						<w>τολμηται</w>
						<w>αυθαδεις</w>
						<w>δοξας</w>
						<w>ου</w>
						<w>τρεμουσιν</w>
						<w>βλασφημουντες</w>
					</ab>
					<ab n="B22K2V11">
						<w>οπου</w>
						<w>αγγελοι</w>
						<w>ισχυι</w>
						<w>και</w>
						<w>δυναμει</w>
						<w>μειζονες</w>
						<w>οντες</w>
						<w>ου</w>
						<w>φερουσιν</w>
						<w>κατ</w>
						<w>αυτων</w>
						<w>παρα</w>
						<w>κυριω</w>
						<w>βλασφημον</w>
						<w>κρισιν</w>
					</ab>
					<ab n="B22K2V12">
						<w>ουτοι</w>
						<w>δε</w>
						<w>ως</w>
						<w>αλογα</w>
						<w>ζωα</w>
						<w>φυσικα</w>
						<w>γεγενημενα</w>
						<w>εις</w>
						<w>αλωσιν</w>
						<w>και</w>
						<w>φθοραν</w>
						<w>εν</w>
						<w>οις</w>
						<w>αγνοουσιν</w>
						<w>βλασφημουντες</w>
						<w>εν</w>
						<w>τη</w>
						<w>φθορα</w>
						<w>αυτων</w>
						<w>καταφθαρησονται</w>
					</ab>
					<ab n="B22K2V13">
						<w>κομιουμενοι</w>
						<w>μισθον</w>
						<w>αδικιας</w>
						<w>ηδονην</w>
						<w>ηγουμενοι</w>
						<w>την</w>
						<w>εν</w>
						<w>ημερα</w>
						<w>τρυφην</w>
						<w>σπιλοι</w>
						<w>και</w>
						<w>μωμοι</w>
						<w>εντρυφωντες</w>
						<w>εν</w>
						<w>ταις</w>
						<w>απαταις</w>
						<w>αυτων</w>
						<w>συνευωχουμενοι</w>
						<w>υμιν</w>
					</ab>
					<ab n="B22K2V14">
						<w>οφθαλμους</w>
						<w>εχοντες</w>
						<w>μεστους</w>
						<w>μοιχαλιδος</w>
						<w>και</w>
						<w>ακαταπαυστους</w>
						<w>αμαρτιας</w>
						<w>δελεαζοντες</w>
						<w>ψυχας</w>
						<w>αστηρικτους</w>
						<w>καρδιαν</w>
						<w>γεγυμνασμενην</w>
						<w>πλεονεξιας</w>
						<w>εχοντες</w>
						<w>καταρας</w>
						<w>τεκνα</w>
					</ab>
					<ab n="B22K2V15">
						<w>καταλιποντες</w>
						<w>ευθειαν</w>
						<w>οδον</w>
						<w>επλανηθησαν</w>
						<w>εξακολουθησαντες</w>
						<w>τη</w>
						<w>οδω</w>
						<w>του</w>
						<w>βαλααμ</w>
						<w>του</w>
						<w>βοσορ</w>
						<w>ος</w>
						<w>μισθον</w>
						<w>αδικιας</w>
						<w>ηγαπησεν</w>
					</ab>
					<ab n="B22K2V16">
						<w>ελεγξιν</w>
						<w>δε</w>
						<w>εσχεν</w>
						<w>ιδιας</w>
						<w>παρανομιας</w>
						<w>υποζυγιον</w>
						<w>αφωνον</w>
						<w>εν</w>
						<w>ανθρωπου</w>
						<w>φωνη</w>
						<w>φθεγξαμενον</w>
						<w>εκωλυσεν</w>
						<w>την</w>
						<w>του</w>
						<w>προφητου</w>
						<w>παραφρονιαν</w>
					</ab>
					<ab n="B22K2V17">
						<w>ουτοι</w>
						<w>εισιν</w>
						<w>πηγαι</w>
						<w>ανυδροι</w>
						<w>νεφελαι</w>
						<w>υπο</w>
						<w>λαιλαπος</w>
						<w>ελαυνομεναι</w>
						<w>οις</w>
						<w>ο</w>
						<w>ζοφος</w>
						<w>του</w>
						<w>σκοτους</w>
						<w>εις</w>
						<w>αιωνα</w>
						<w>τετηρηται</w>
					</ab>
					<ab n="B22K2V18">
						<w>υπερογκα</w>
						<w>γαρ</w>
						<w>ματαιοτητος</w>
						<w>φθεγγομενοι</w>
						<w>δελεαζουσιν</w>
						<w>εν</w>
						<w>επιθυμιαις</w>
						<w>σαρκος</w>
						<w>ασελγειαις</w>
						<w>τους</w>
						<w>οντως</w>
						<w>αποφυγοντας</w>
						<w>τους</w>
						<w>εν</w>
						<w>πλανη</w>
						<w>αναστρεφομενους</w>
					</ab>
					<ab n="B22K2V19">
						<w>ελευθεριαν</w>
						<w>αυτοις</w>
						<w>επαγγελλομενοι</w>
						<w>αυτοι</w>
						<w>δουλοι</w>
						<w>υπαρχοντες</w>
						<w>της</w>
						<w>φθορας</w>
						<w>ω</w>
						<w>γαρ</w>
						<w>τις</w>
						<w>ηττηται</w>
						<w>τουτω</w>
						<w>και</w>
						<w>δεδουλωται</w>
					</ab>
					<ab n="B22K2V20">
						<w>ει</w>
						<w>γαρ</w>
						<w>αποφυγοντες</w>
						<w>τα</w>
						<w>μιασματα</w>
						<w>του</w>
						<w>κοσμου</w>
						<w>εν</w>
						<w>επιγνωσει</w>
						<w>του</w>
						<w>κυριου</w>
						<w>και</w>
						<w>σωτηρος</w>
						<w>ιησου</w>
						<w>χριστου</w>
						<w>τουτοις</w>
						<w>δε</w>
						<w>παλιν</w>
						<w>εμπλακεντες</w>
						<w>ηττωνται</w>
						<w>γεγονεν</w>
						<w>αυτοις</w>
						<w>τα</w>
						<w>εσχατα</w>
						<w>χειρονα</w>
						<w>των</w>
						<w>πρωτων</w>
					</ab>
					<ab n="B22K2V21">
						<w>κρειττον</w>
						<w>γαρ</w>
						<w>ην</w>
						<w>αυτοις</w>
						<w>μη</w>
						<w>επεγνωκεναι</w>
						<w>την</w>
						<w>οδον</w>
						<w>της</w>
						<w>δικαιοσυνης</w>
						<w>η</w>
						<w>επιγνουσιν</w>
						<w>επιστρεψαι</w>
						<w>εκ</w>
						<w>της</w>
						<w>παραδοθεισης</w>
						<w>αυτοις</w>
						<w>αγιας</w>
						<w>εντολης</w>
					</ab>
					<ab n="B22K2V22">
						<w>συμβεβηκεν</w>
						<w>δε</w>
						<w>αυτοις</w>
						<w>το</w>
						<w>της</w>
						<w>αληθους</w>
						<w>παροιμιας</w>
						<w>κυων</w>
						<w>επιστρεψας</w>
						<w>επι</w>
						<w>το</w>
						<w>ιδιον</w>
						<w>εξεραμα</w>
						<w>και</w>
						<w>υς</w>
						<w>λουσαμενη</w>
						<w>εις</w>
						<w>κυλισμα</w>
						<w>βορβορου</w>
					</ab>
				</div>
				<div type="chapter" n="B22K3">
					<ab n="B22K3V1">
						<w>ταυτην</w>
						<w>ηδη</w>
						<w>αγαπητοι</w>
						<w>δευτεραν</w>
						<w>υμιν</w>
						<w>γραφω</w>
						<w>επιστολην</w>
						<w>εν</w>
						<w>αις</w>
						<w>διεγειρω</w>
						<w>υμων</w>
						<w>εν</w>
						<w>υπομνησει</w>
						<w>την</w>
						<w>ειλικρινη</w>
						<w>διανοιαν</w>
					</ab>
					<ab n="B22K3V2">
						<w>μνησθηναι</w>
						<w>των</w>
						<w>προειρημενων</w>
						<w>ρηματων</w>
						<w>υπο</w>
						<w>των</w>
						<w>αγιων</w>
						<w>προφητων</w>
						<w>και</w>
						<w>της</w>
						<w>των</w>
						<w>αποστολων</w>
						<w>υμων</w>
						<w>εντολης</w>
						<w>του</w>
						<w>κυριου</w>
						<w>και</w>
						<w>σωτηρος</w>
					</ab>
					<ab n="B22K3V3">
						<w>τουτο</w>
						<w>πρωτον</w>
						<w>γινωσκοντες</w>
						<w>οτι</w>
						<w>ελευσονται</w>
						<w>επ</w>
						<w>εσχατου</w>
						<w>των</w>
						<w>ημερων</w>
						<w>εμπαικται</w>
						<w>κατα</w>
						<w>τας</w>
						<w>ιδιας</w>
						<w>επιθυμιας</w>
						<w>αυτων</w>
						<w>πορευομενοι</w>
					</ab>
					<ab n="B22K3V4">
						<w>και</w>
						<w>λεγοντες</w>
						<w>που</w>
						<w>εστιν</w>
						<w>η</w>
						<w>επαγγελια</w>
						<w>της</w>
						<w>παρουσιας</w>
						<w>αυτου</w>
						<w>αφ</w>
						<w>ης</w>
						<w>γαρ</w>
						<w>οι</w>
						<w>πατερες</w>
						<w>εκοιμηθησαν</w>
						<w>παντα</w>
						<w>ουτως</w>
						<w>διαμενει</w>
						<w>απ</w>
						<w>αρχης</w>
						<w>κτισεως</w>
					</ab>
					<ab n="B22K3V5">
						<w>λανθανει</w>
						<w>γαρ</w>
						<w>αυτους</w>
						<w>τουτο</w>
						<w>θελοντας</w>
						<w>οτι</w>
						<w>ουρανοι</w>
						<w>ησαν</w>
						<w>εκπαλαι</w>
						<w>και</w>
						<w>γη</w>
						<w>εξ</w>
						<w>υδατος</w>
						<w>και</w>
						<w>δι</w>
						<w>υδατος</w>
						<w>συνεστωσα</w>
						<w>τω</w>
						<w>του</w>
						<w>θεου</w>
						<w>λογω</w>
					</ab>
					<ab n="B22K3V6">
						<w>δι</w>
						<w>ων</w>
						<w>ο</w>
						<w>τοτε</w>
						<w>κοσμος</w>
						<w>υδατι</w>
						<w>κατακλυσθεις</w>
						<w>απωλετο</w>
					</ab>
					<ab n="B22K3V7">
						<w>οι</w>
						<w>δε</w>
						<w>νυν</w>
						<w>ουρανοι</w>
						<w>και</w>
						<w>η</w>
						<w>γη</w>
						<w>τω</w>
						<w>αυτου</w>
						<w>λογω</w>
						<w>τεθησαυρισμενοι</w>
						<w>εισιν</w>
						<w>πυρι</w>
						<w>τηρουμενοι</w>
						<w>εις</w>
						<w>ημεραν</w>
						<w>κρισεως</w>
						<w>και</w>
						<w>απωλειας</w>
						<w>των</w>
						<w>ασεβων</w>
						<w>ανθρωπων</w>
					</ab>
					<ab n="B22K3V8">
						<w>εν</w>
						<w>δε</w>
						<w>τουτο</w>
						<w>μη</w>
						<w>λανθανετω</w>
						<w>υμας</w>
						<w>αγαπητοι</w>
						<w>οτι</w>
						<w>μια</w>
						<w>ημερα</w>
						<w>παρα</w>
						<w>κυριω</w>
						<w>ως</w>
						<w>χιλια</w>
						<w>ετη</w>
						<w>και</w>
						<w>χιλια</w>
						<w>ετη</w>
						<w>ως</w>
						<w>ημερα</w>
						<w>μια</w>
					</ab>
					<ab n="B22K3V9">
						<w>ου</w>
						<w>βραδυνει</w>
						<w>ο</w>
						<w>κυριος</w>
						<w>της</w>
						<w>επαγγελιας</w>
						<w>ως</w>
						<w>τινες</w>
						<w>βραδυτητα</w>
						<w>ηγουνται</w>
						<w>αλλα</w>
						<w>μακροθυμει</w>
						<w>εις</w>
						<w>ημας</w>
						<w>μη</w>
						<w>βουλομενος</w>
						<w>τινας</w>
						<w>απολεσθαι</w>
						<w>αλλα</w>
						<w>παντας</w>
						<w>εις</w>
						<w>μετανοιαν</w>
						<w>χωρησαι</w>
					</ab>
					<ab n="B22K3V10">
						<w>ηξει</w>
						<w>δε</w>
						<w>η</w>
						<w>ημερα</w>
						<w>κυριου</w>
						<w>ως</w>
						<w>κλεπτης</w>
						<w>εν</w>
						<w>νυκτι</w>
						<w>εν</w>
						<w>η</w>
						<w>οι</w>
						<w>ουρανοι</w>
						<w>ροιζηδον</w>
						<w>παρελευσονται</w>
						<w>στοιχεια</w>
						<w>δε</w>
						<w>καυσουμενα</w>
						<w>λυθησονται</w>
						<w>και</w>
						<w>γη</w>
						<w>και</w>
						<w>τα</w>
						<w>εν</w>
						<w>αυτη</w>
						<w>εργα</w>
						<w>κατακαησεται</w>
					</ab>
					<ab n="B22K3V11">
						<w>τουτων</w>
						<w>ουν</w>
						<w>παντων</w>
						<w>λυομενων</w>
						<w>ποταπους</w>
						<w>δει</w>
						<w>υπαρχειν</w>
						<w>υμας</w>
						<w>εν</w>
						<w>αγιαις</w>
						<w>αναστροφαις</w>
						<w>και</w>
						<w>ευσεβειαις</w>
					</ab>
					<ab n="B22K3V12">
						<w>προσδοκωντας</w>
						<w>και</w>
						<w>σπευδοντας</w>
						<w>την</w>
						<w>παρουσιαν</w>
						<w>της</w>
						<w>του</w>
						<w>θεου</w>
						<w>ημερας</w>
						<w>δι</w>
						<w>ην</w>
						<w>ουρανοι</w>
						<w>πυρουμενοι</w>
						<w>λυθησονται</w>
						<w>και</w>
						<w>στοιχεια</w>
						<w>καυσουμενα</w>
						<w>τηκεται</w>
					</ab>
					<ab n="B22K3V13">
						<w>καινους</w>
						<w>δε</w>
						<w>ουρανους</w>
						<w>και</w>
						<w>γην</w>
						<w>καινην</w>
						<w>κατα</w>
						<w>το</w>
						<w>επαγγελμα</w>
						<w>αυτου</w>
						<w>προσδοκωμεν</w>
						<w>εν</w>
						<w>οις</w>
						<w>δικαιοσυνη</w>
						<w>κατοικει</w>
					</ab>
					<ab n="B22K3V14">
						<w>διο</w>
						<w>αγαπητοι</w>
						<w>ταυτα</w>
						<w>προσδοκωντες</w>
						<w>σπουδασατε</w>
						<w>ασπιλοι</w>
						<w>και</w>
						<w>αμωμητοι</w>
						<w>αυτω</w>
						<w>ευρεθηναι</w>
						<w>εν</w>
						<w>ειρηνη</w>
					</ab>
					<ab n="B22K3V15">
						<w>και</w>
						<w>την</w>
						<w>του</w>
						<w>κυριου</w>
						<w>ημων</w>
						<w>μακροθυμιαν</w>
						<w>σωτηριαν</w>
						<w>ηγεισθε</w>
						<w>καθως</w>
						<w>και</w>
						<w>ο</w>
						<w>αγαπητος</w>
						<w>ημων</w>
						<w>αδελφος</w>
						<w>παυλος</w>
						<w>κατα</w>
						<w>την</w>
						<w>αυτω</w>
						<w>δοθεισαν</w>
						<w>σοφιαν</w>
						<w>εγραψεν</w>
						<w>υμιν</w>
					</ab>
					<ab n="B22K3V16">
						<w>ως</w>
						<w>και</w>
						<w>εν</w>
						<w>πασαις</w>
						<w>ταις</w>
						<w>επιστολαις</w>
						<w>λαλων</w>
						<w>εν</w>
						<w>αυταις</w>
						<w>περι</w>
						<w>τουτων</w>
						<w>εν</w>
						<w>οις</w>
						<w>εστιν</w>
						<w>δυσνοητα</w>
						<w>τινα</w>
						<w>α</w>
						<w>οι</w>
						<w>αμαθεις</w>
						<w>και</w>
						<w>αστηρικτοι</w>
						<w>στρεβλουσιν</w>
						<w>ως</w>
						<w>και</w>
						<w>τας</w>
						<w>λοιπας</w>
						<w>γραφας</w>
						<w>προς</w>
						<w>την</w>
						<w>ιδιαν</w>
						<w>αυτων</w>
						<w>απωλειαν</w>
					</ab>
					<ab n="B22K3V17">
						<w>υμεις</w>
						<w>ουν</w>
						<w>αγαπητοι</w>
						<w>προγινωσκοντες</w>
						<w>φυλασσεσθε</w>
						<w>ινα</w>
						<w>μη</w>
						<w>τη</w>
						<w>των</w>
						<w>αθεσμων</w>
						<w>πλανη</w>
						<w>συναπαχθεντες</w>
						<w>εκπεσητε</w>
						<w>του</w>
						<w>ιδιου</w>
						<w>στηριγμου</w>
					</ab>
					<ab n="B22K3V18">
						<w>αυξανετε</w>
						<w>δε</w>
						<w>εν</w>
						<w>χαριτι</w>
						<w>και</w>
						<w>γνωσει</w>
						<w>του</w>
						<w>κυριου</w>
						<w>ημων</w>
						<w>και</w>
						<w>σωτηρος</w>
						<w>ιησου</w>
						<w>χριστου</w>
						<w>αυτω</w>
						<w>η</w>
						<w>δοξα</w>
						<w>και</w>
						<w>νυν</w>
						<w>και</w>
						<w>εις</w>
						<w>ημεραν</w>
						<w>αιωνος</w>
						<w>αμην</w>
					</ab>
				</div>
			</div>
		</body>
	</text>
</TEI>