<?xml version="1.0" encoding="utf-8"?>
<!DOCTYPE TEI [
<!-- entities used in individual transcriptions will be defined here -->
]>
<?xml-model href="TEI-NTMSS.rng" type="application/xml" 
schematypens="http://relaxng.org/ns/structure/1.0"?>
<TEI xml:id="Byz" xmlns="http://www.tei-c.org/ns/1.0">
    <teiHeader>
        <fileDesc>
            <titleStmt>
                <title>The New Testament in the Original Greek: The Byzantine Textform</title>
                <title type="collection" level="s" xml:lang="en">The New Testament</title>
				<title type="work" level="m" xml:lang="en" n="14">Second Thessalonians</title>
				<title type="short" level="m" xml:lang="en" n="14">2TH</title>                
                <respStmt>
                    <resp>Created by</resp><name>Maurice A. Robinson and William Pierpont</name>
                </respStmt>
            </titleStmt> 
        <editionStmt>
            <edition n="2018">Last updated (XML version) <date>31.5.2023</date></edition>
        </editionStmt>
        <publicationStmt>
            <availability><p>This file is in the Public Domain</p></availability>
        </publicationStmt>
        <sourceDesc>
            <msDesc>
            <msIdentifier>
                <country>United States of America</country>
                <msName xml:lang="en">The New Testament in the Original Greek: The Byzantine Textform</msName>
                <altIdentifier type="Byz"></altIdentifier>
            </msIdentifier>
            </msDesc>
        </sourceDesc>
        </fileDesc>
        <encodingDesc n="1.5">
            <editorialDecl>
                <p>The initial transcription file was a set of plain text files, later converted to XML. Further information about the procedures followed may be found in the electronic edition at <ptr target="https://github.com/byztxt/byzantine-majority-text/"/></p>
                <p>The XML specifications used were version 1.5 of the IGNTP Guidelines available at <ptr target="http://epapers.bham.ac.uk/1892/"/></p>
            </editorialDecl> 
            <variantEncoding method="parallel-segmentation" location="internal"/>
        </encodingDesc>
    </teiHeader>
    <text xml:lang="grc">
        <body>
			<div type="book" n="B14">
				<div type="chapter" n="B14K1">
					<ab n="B14K1V1">
						<w>παυλος</w>
						<w>και</w>
						<w>σιλουανος</w>
						<w>και</w>
						<w>τιμοθεος</w>
						<w>τη</w>
						<w>εκκλησια</w>
						<w>θεσσαλονικεων</w>
						<w>εν</w>
						<w>θεω</w>
						<w>πατρι</w>
						<w>ημων</w>
						<w>και</w>
						<w>κυριω</w>
						<w>ιησου</w>
						<w>χριστω</w>
					</ab>
					<ab n="B14K1V2">
						<w>χαρις</w>
						<w>υμιν</w>
						<w>και</w>
						<w>ειρηνη</w>
						<w>απο</w>
						<w>θεου</w>
						<w>πατρος</w>
						<w>ημων</w>
						<w>και</w>
						<w>κυριου</w>
						<w>ιησου</w>
						<w>χριστου</w>
					</ab>
					<ab n="B14K1V3">
						<w>ευχαριστειν</w>
						<w>οφειλομεν</w>
						<w>τω</w>
						<w>θεω</w>
						<w>παντοτε</w>
						<w>περι</w>
						<w>υμων</w>
						<w>αδελφοι</w>
						<w>καθως</w>
						<w>αξιον</w>
						<w>εστιν</w>
						<w>οτι</w>
						<w>υπεραυξανει</w>
						<w>η</w>
						<w>πιστις</w>
						<w>υμων</w>
						<w>και</w>
						<w>πλεοναζει</w>
						<w>η</w>
						<w>αγαπη</w>
						<w>ενος</w>
						<w>εκαστου</w>
						<w>παντων</w>
						<w>υμων</w>
						<w>εις</w>
						<w>αλληλους</w>
					</ab>
					<ab n="B14K1V4">
						<w>ωστε</w>
						<w>ημας</w>
						<w>αυτους</w>
						<w>εν</w>
						<w>υμιν</w>
						<w>καυχασθαι</w>
						<w>εν</w>
						<w>ταις</w>
						<w>εκκλησιαις</w>
						<w>του</w>
						<w>θεου</w>
						<w>υπερ</w>
						<w>της</w>
						<w>υπομονης</w>
						<w>υμων</w>
						<w>και</w>
						<w>πιστεως</w>
						<w>εν</w>
						<w>πασιν</w>
						<w>τοις</w>
						<w>διωγμοις</w>
						<w>υμων</w>
						<w>και</w>
						<w>ταις</w>
						<w>θλιψεσιν</w>
						<w>αις</w>
						<w>ανεχεσθε</w>
					</ab>
					<ab n="B14K1V5">
						<w>ενδειγμα</w>
						<w>της</w>
						<w>δικαιας</w>
						<w>κρισεως</w>
						<w>του</w>
						<w>θεου</w>
						<w>εις</w>
						<w>το</w>
						<w>καταξιωθηναι</w>
						<w>υμας</w>
						<w>της</w>
						<w>βασιλειας</w>
						<w>του</w>
						<w>θεου</w>
						<w>υπερ</w>
						<w>ης</w>
						<w>και</w>
						<w>πασχετε</w>
					</ab>
					<ab n="B14K1V6">
						<w>ειπερ</w>
						<w>δικαιον</w>
						<w>παρα</w>
						<w>θεω</w>
						<w>ανταποδουναι</w>
						<w>τοις</w>
						<w>θλιβουσιν</w>
						<w>υμας</w>
						<w>θλιψιν</w>
					</ab>
					<ab n="B14K1V7">
						<w>και</w>
						<w>υμιν</w>
						<w>τοις</w>
						<w>θλιβομενοις</w>
						<w>ανεσιν</w>
						<w>μεθ</w>
						<w>ημων</w>
						<w>εν</w>
						<w>τη</w>
						<w>αποκαλυψει</w>
						<w>του</w>
						<w>κυριου</w>
						<w>ιησου</w>
						<w>απ</w>
						<w>ουρανου</w>
						<w>μετ</w>
						<w>αγγελων</w>
						<w>δυναμεως</w>
						<w>αυτου</w>
					</ab>
					<ab n="B14K1V8">
						<w>εν</w>
						<w>πυρι</w>
						<w>φλογος</w>
						<w>διδοντος</w>
						<w>εκδικησιν</w>
						<w>τοις</w>
						<w>μη</w>
						<w>ειδοσιν</w>
						<w>θεον</w>
						<w>και</w>
						<w>τοις</w>
						<w>μη</w>
						<w>υπακουουσιν</w>
						<w>τω</w>
						<w>ευαγγελιω</w>
						<w>του</w>
						<w>κυριου</w>
						<w>ημων</w>
						<w>ιησου</w>
					</ab>
					<ab n="B14K1V9">
						<w>οιτινες</w>
						<w>δικην</w>
						<w>τισουσιν</w>
						<w>ολεθρον</w>
						<w>αιωνιον</w>
						<w>απο</w>
						<w>προσωπου</w>
						<w>του</w>
						<w>κυριου</w>
						<w>και</w>
						<w>απο</w>
						<w>της</w>
						<w>δοξης</w>
						<w>της</w>
						<w>ισχυος</w>
						<w>αυτου</w>
					</ab>
					<ab n="B14K1V10">
						<w>οταν</w>
						<w>ελθη</w>
						<w>ενδοξασθηναι</w>
						<w>εν</w>
						<w>τοις</w>
						<w>αγιοις</w>
						<w>αυτου</w>
						<w>και</w>
						<w>θαυμασθηναι</w>
						<w>εν</w>
						<w>πασιν</w>
						<w>τοις</w>
						<w>πιστευσασιν</w>
						<w>οτι</w>
						<w>επιστευθη</w>
						<w>το</w>
						<w>μαρτυριον</w>
						<w>ημων</w>
						<w>εφ</w>
						<w>υμας</w>
						<w>εν</w>
						<w>τη</w>
						<w>ημερα</w>
						<w>εκεινη</w>
					</ab>
					<ab n="B14K1V11">
						<w>εις</w>
						<w>ο</w>
						<w>και</w>
						<w>προσευχομεθα</w>
						<w>παντοτε</w>
						<w>περι</w>
						<w>υμων</w>
						<w>ινα</w>
						<w>υμας</w>
						<w>αξιωση</w>
						<w>της</w>
						<w>κλησεως</w>
						<w>ο</w>
						<w>θεος</w>
						<w>ημων</w>
						<w>και</w>
						<w>πληρωση</w>
						<w>πασαν</w>
						<w>ευδοκιαν</w>
						<w>αγαθωσυνης</w>
						<w>και</w>
						<w>εργον</w>
						<w>πιστεως</w>
						<w>εν</w>
						<w>δυναμει</w>
					</ab>
					<ab n="B14K1V12">
						<w>οπως</w>
						<w>ενδοξασθη</w>
						<w>το</w>
						<w>ονομα</w>
						<w>του</w>
						<w>κυριου</w>
						<w>ημων</w>
						<w>ιησου</w>
						<w>εν</w>
						<w>υμιν</w>
						<w>και</w>
						<w>υμεις</w>
						<w>εν</w>
						<w>αυτω</w>
						<w>κατα</w>
						<w>την</w>
						<w>χαριν</w>
						<w>του</w>
						<w>θεου</w>
						<w>ημων</w>
						<w>και</w>
						<w>κυριου</w>
						<w>ιησου</w>
						<w>χριστου</w>
					</ab>
				</div>
				<div type="chapter" n="B14K2">
					<ab n="B14K2V1">
						<w>ερωτωμεν</w>
						<w>δε</w>
						<w>υμας</w>
						<w>αδελφοι</w>
						<w>υπερ</w>
						<w>της</w>
						<w>παρουσιας</w>
						<w>του</w>
						<w>κυριου</w>
						<w>ημων</w>
						<w>ιησου</w>
						<w>χριστου</w>
						<w>και</w>
						<w>ημων</w>
						<w>επισυναγωγης</w>
						<w>επ</w>
						<w>αυτον</w>
					</ab>
					<ab n="B14K2V2">
						<w>εις</w>
						<w>το</w>
						<w>μη</w>
						<w>ταχεως</w>
						<w>σαλευθηναι</w>
						<w>υμας</w>
						<w>απο</w>
						<w>του</w>
						<w>νοος</w>
						<w>μητε</w>
						<w>θροεισθαι</w>
						<w>μητε</w>
						<w>δια</w>
						<w>πνευματος</w>
						<w>μητε</w>
						<w>δια</w>
						<w>λογου</w>
						<w>μητε</w>
						<w>δι</w>
						<w>επιστολης</w>
						<w>ως</w>
						<w>δι</w>
						<w>ημων</w>
						<w>ως</w>
						<w>οτι</w>
						<w>ενεστηκεν</w>
						<w>η</w>
						<w>ημερα</w>
						<w>του</w>
						<w>χριστου</w>
					</ab>
					<ab n="B14K2V3">
						<w>μη</w>
						<w>τις</w>
						<w>υμας</w>
						<w>εξαπατηση</w>
						<w>κατα</w>
						<w>μηδενα</w>
						<w>τροπον</w>
						<w>οτι</w>
						<w>εαν</w>
						<w>μη</w>
						<w>ελθη</w>
						<w>η</w>
						<w>αποστασια</w>
						<w>πρωτον</w>
						<w>και</w>
						<w>αποκαλυφθη</w>
						<w>ο</w>
						<w>ανθρωπος</w>
						<w>της</w>
						<w>αμαρτιας</w>
						<w>ο</w>
						<w>υιος</w>
						<w>της</w>
						<w>απωλειας</w>
					</ab>
					<ab n="B14K2V4">
						<w>ο</w>
						<w>αντικειμενος</w>
						<w>και</w>
						<w>υπεραιρομενος</w>
						<w>επι</w>
						<w>παντα</w>
						<w>λεγομενον</w>
						<w>θεον</w>
						<w>η</w>
						<w>σεβασμα</w>
						<w>ωστε</w>
						<w>αυτον</w>
						<w>εις</w>
						<w>τον</w>
						<w>ναον</w>
						<w>του</w>
						<w>θεου</w>
						<w>ως</w>
						<w>θεον</w>
						<w>καθισαι</w>
						<w>αποδεικνυντα</w>
						<w>εαυτον</w>
						<w>οτι</w>
						<w>εστιν</w>
						<w>θεος</w>
					</ab>
					<ab n="B14K2V5">
						<w>ου</w>
						<w>μνημονευετε</w>
						<w>οτι</w>
						<w>ετι</w>
						<w>ων</w>
						<w>προς</w>
						<w>υμας</w>
						<w>ταυτα</w>
						<w>ελεγον</w>
						<w>υμιν</w>
					</ab>
					<ab n="B14K2V6">
						<w>και</w>
						<w>νυν</w>
						<w>το</w>
						<w>κατεχον</w>
						<w>οιδατε</w>
						<w>εις</w>
						<w>το</w>
						<w>αποκαλυφθηναι</w>
						<w>αυτον</w>
						<w>εν</w>
						<w>τω</w>
						<w>εαυτου</w>
						<w>καιρω</w>
					</ab>
					<ab n="B14K2V7">
						<w>το</w>
						<w>γαρ</w>
						<w>μυστηριον</w>
						<w>ηδη</w>
						<w>ενεργειται</w>
						<w>της</w>
						<w>ανομιας</w>
						<w>μονον</w>
						<w>ο</w>
						<w>κατεχων</w>
						<w>αρτι</w>
						<w>εως</w>
						<w>εκ</w>
						<w>μεσου</w>
						<w>γενηται</w>
					</ab>
					<ab n="B14K2V8">
						<w>και</w>
						<w>τοτε</w>
						<w>αποκαλυφθησεται</w>
						<w>ο</w>
						<w>ανομος</w>
						<w>ον</w>
						<w>ο</w>
						<w>κυριος</w>
						<w>αναλωσει</w>
						<w>τω</w>
						<w>πνευματι</w>
						<w>του</w>
						<w>στοματος</w>
						<w>αυτου</w>
						<w>και</w>
						<w>καταργησει</w>
						<w>τη</w>
						<w>επιφανεια</w>
						<w>της</w>
						<w>παρουσιας</w>
						<w>αυτου</w>
					</ab>
					<ab n="B14K2V9">
						<w>ου</w>
						<w>εστιν</w>
						<w>η</w>
						<w>παρουσια</w>
						<w>κατ</w>
						<w>ενεργειαν</w>
						<w>του</w>
						<w>σατανα</w>
						<w>εν</w>
						<w>παση</w>
						<w>δυναμει</w>
						<w>και</w>
						<w>σημειοις</w>
						<w>και</w>
						<w>τερασιν</w>
						<w>ψευδους</w>
					</ab>
					<ab n="B14K2V10">
						<w>και</w>
						<w>εν</w>
						<w>παση</w>
						<w>απατη</w>
						<w>της</w>
						<w>αδικιας</w>
						<w>εν</w>
						<w>τοις</w>
						<w>απολλυμενοις</w>
						<w>ανθ</w>
						<w>ων</w>
						<w>την</w>
						<w>αγαπην</w>
						<w>της</w>
						<w>αληθειας</w>
						<w>ουκ</w>
						<w>εδεξαντο</w>
						<w>εις</w>
						<w>το</w>
						<w>σωθηναι</w>
						<w>αυτους</w>
					</ab>
					<ab n="B14K2V11">
						<w>και</w>
						<w>δια</w>
						<w>τουτο</w>
						<w>πεμψει</w>
						<w>αυτοις</w>
						<w>ο</w>
						<w>θεος</w>
						<w>ενεργειαν</w>
						<w>πλανης</w>
						<w>εις</w>
						<w>το</w>
						<w>πιστευσαι</w>
						<w>αυτους</w>
						<w>τω</w>
						<w>ψευδει</w>
					</ab>
					<ab n="B14K2V12">
						<w>ινα</w>
						<w>κριθωσιν</w>
						<w>παντες</w>
						<w>οι</w>
						<w>μη</w>
						<w>πιστευσαντες</w>
						<w>τη</w>
						<w>αληθεια</w>
						<w>αλλ</w>
						<w>ευδοκησαντες</w>
						<w>εν</w>
						<w>τη</w>
						<w>αδικια</w>
					</ab>
					<ab n="B14K2V13">
						<w>ημεις</w>
						<w>δε</w>
						<w>οφειλομεν</w>
						<w>ευχαριστειν</w>
						<w>τω</w>
						<w>θεω</w>
						<w>παντοτε</w>
						<w>περι</w>
						<w>υμων</w>
						<w>αδελφοι</w>
						<w>ηγαπημενοι</w>
						<w>υπο</w>
						<w>κυριου</w>
						<w>οτι</w>
						<w>ειλετο</w>
						<w>υμας</w>
						<w>ο</w>
						<w>θεος</w>
						<w>απ</w>
						<w>αρχης</w>
						<w>εις</w>
						<w>σωτηριαν</w>
						<w>εν</w>
						<w>αγιασμω</w>
						<w>πνευματος</w>
						<w>και</w>
						<w>πιστει</w>
						<w>αληθειας</w>
					</ab>
					<ab n="B14K2V14">
						<w>εις</w>
						<w>ο</w>
						<w>εκαλεσεν</w>
						<w>υμας</w>
						<w>δια</w>
						<w>του</w>
						<w>ευαγγελιου</w>
						<w>ημων</w>
						<w>εις</w>
						<w>περιποιησιν</w>
						<w>δοξης</w>
						<w>του</w>
						<w>κυριου</w>
						<w>ημων</w>
						<w>ιησου</w>
						<w>χριστου</w>
					</ab>
					<ab n="B14K2V15">
						<w>αρα</w>
						<w>ουν</w>
						<w>αδελφοι</w>
						<w>στηκετε</w>
						<w>και</w>
						<w>κρατειτε</w>
						<w>τας</w>
						<w>παραδοσεις</w>
						<w>ας</w>
						<w>εδιδαχθητε</w>
						<w>ειτε</w>
						<w>δια</w>
						<w>λογου</w>
						<w>ειτε</w>
						<w>δι</w>
						<w>επιστολης</w>
						<w>ημων</w>
					</ab>
					<ab n="B14K2V16">
						<w>αυτος</w>
						<w>δε</w>
						<w>ο</w>
						<w>κυριος</w>
						<w>ημων</w>
						<w>ιησους</w>
						<w>χριστος</w>
						<w>και</w>
						<w>ο</w>
						<w>θεος</w>
						<w>και</w>
						<w>πατηρ</w>
						<w>ημων</w>
						<w>ο</w>
						<w>αγαπησας</w>
						<w>ημας</w>
						<w>και</w>
						<w>δους</w>
						<w>παρακλησιν</w>
						<w>αιωνιαν</w>
						<w>και</w>
						<w>ελπιδα</w>
						<w>αγαθην</w>
						<w>εν</w>
						<w>χαριτι</w>
					</ab>
					<ab n="B14K2V17">
						<w>παρακαλεσαι</w>
						<w>υμων</w>
						<w>τας</w>
						<w>καρδιας</w>
						<w>και</w>
						<w>στηριξαι</w>
						<w>υμας</w>
						<w>εν</w>
						<w>παντι</w>
						<w>λογω</w>
						<w>και</w>
						<w>εργω</w>
						<w>αγαθω</w>
					</ab>
				</div>
				<div type="chapter" n="B14K3">
					<ab n="B14K3V1">
						<w>το</w>
						<w>λοιπον</w>
						<w>προσευχεσθε</w>
						<w>αδελφοι</w>
						<w>περι</w>
						<w>ημων</w>
						<w>ινα</w>
						<w>ο</w>
						<w>λογος</w>
						<w>του</w>
						<w>κυριου</w>
						<w>τρεχη</w>
						<w>και</w>
						<w>δοξαζηται</w>
						<w>καθως</w>
						<w>και</w>
						<w>προς</w>
						<w>υμας</w>
					</ab>
					<ab n="B14K3V2">
						<w>και</w>
						<w>ινα</w>
						<w>ρυσθωμεν</w>
						<w>απο</w>
						<w>των</w>
						<w>ατοπων</w>
						<w>και</w>
						<w>πονηρων</w>
						<w>ανθρωπων</w>
						<w>ου</w>
						<w>γαρ</w>
						<w>παντων</w>
						<w>η</w>
						<w>πιστις</w>
					</ab>
					<ab n="B14K3V3">
						<w>πιστος</w>
						<w>δε</w>
						<w>εστιν</w>
						<w>ο</w>
						<w>κυριος</w>
						<w>ος</w>
						<w>στηριξει</w>
						<w>υμας</w>
						<w>και</w>
						<w>φυλαξει</w>
						<w>απο</w>
						<w>του</w>
						<w>πονηρου</w>
					</ab>
					<ab n="B14K3V4">
						<w>πεποιθαμεν</w>
						<w>δε</w>
						<w>εν</w>
						<w>κυριω</w>
						<w>εφ</w>
						<w>υμας</w>
						<w>οτι</w>
						<w>α</w>
						<w>παραγγελλομεν</w>
						<w>υμιν</w>
						<w>και</w>
						<w>ποιειτε</w>
						<w>και</w>
						<w>ποιησετε</w>
					</ab>
					<ab n="B14K3V5">
						<w>ο</w>
						<w>δε</w>
						<w>κυριος</w>
						<w>κατευθυναι</w>
						<w>υμων</w>
						<w>τας</w>
						<w>καρδιας</w>
						<w>εις</w>
						<w>την</w>
						<w>αγαπην</w>
						<w>του</w>
						<w>θεου</w>
						<w>και</w>
						<w>εις</w>
						<w>την</w>
						<w>υπομονην</w>
						<w>του</w>
						<w>χριστου</w>
					</ab>
					<ab n="B14K3V6">
						<w>παραγγελλομεν</w>
						<w>δε</w>
						<w>υμιν</w>
						<w>αδελφοι</w>
						<w>εν</w>
						<w>ονοματι</w>
						<w>του</w>
						<w>κυριου</w>
						<w>ημων</w>
						<w>ιησου</w>
						<w>χριστου</w>
						<w>στελλεσθαι</w>
						<w>υμας</w>
						<w>απο</w>
						<w>παντος</w>
						<w>αδελφου</w>
						<w>ατακτως</w>
						<w>περιπατουντος</w>
						<w>και</w>
						<w>μη</w>
						<w>κατα</w>
						<w>την</w>
						<w>παραδοσιν</w>
						<w>ην</w>
						<w>παρελαβον</w>
						<w>παρ</w>
						<w>ημων</w>
					</ab>
					<ab n="B14K3V7">
						<w>αυτοι</w>
						<w>γαρ</w>
						<w>οιδατε</w>
						<w>πως</w>
						<w>δει</w>
						<w>μιμεισθαι</w>
						<w>ημας</w>
						<w>οτι</w>
						<w>ουκ</w>
						<w>ητακτησαμεν</w>
						<w>εν</w>
						<w>υμιν</w>
					</ab>
					<ab n="B14K3V8">
						<w>ουδε</w>
						<w>δωρεαν</w>
						<w>αρτον</w>
						<w>εφαγομεν</w>
						<w>παρα</w>
						<w>τινος</w>
						<w>αλλ</w>
						<w>εν</w>
						<w>κοπω</w>
						<w>και</w>
						<w>μοχθω</w>
						<w>νυκτα</w>
						<w>και</w>
						<w>ημεραν</w>
						<w>εργαζομενοι</w>
						<w>προς</w>
						<w>το</w>
						<w>μη</w>
						<w>επιβαρησαι</w>
						<w>τινα</w>
						<w>υμων</w>
					</ab>
					<ab n="B14K3V9">
						<w>ουχ</w>
						<w>οτι</w>
						<w>ουκ</w>
						<w>εχομεν</w>
						<w>εξουσιαν</w>
						<w>αλλ</w>
						<w>ινα</w>
						<w>εαυτους</w>
						<w>τυπον</w>
						<w>δωμεν</w>
						<w>υμιν</w>
						<w>εις</w>
						<w>το</w>
						<w>μιμεισθαι</w>
						<w>ημας</w>
					</ab>
					<ab n="B14K3V10">
						<w>και</w>
						<w>γαρ</w>
						<w>οτε</w>
						<w>ημεν</w>
						<w>προς</w>
						<w>υμας</w>
						<w>τουτο</w>
						<w>παρηγγελλομεν</w>
						<w>υμιν</w>
						<w>οτι</w>
						<w>ει</w>
						<w>τις</w>
						<w>ου</w>
						<w>θελει</w>
						<w>εργαζεσθαι</w>
						<w>μηδε</w>
						<w>εσθιετω</w>
					</ab>
					<ab n="B14K3V11">
						<w>ακουομεν</w>
						<w>γαρ</w>
						<w>τινας</w>
						<w>περιπατουντας</w>
						<w>εν</w>
						<w>υμιν</w>
						<w>ατακτως</w>
						<w>μηδεν</w>
						<w>εργαζομενους</w>
						<w>αλλα</w>
						<w>περιεργαζομενους</w>
					</ab>
					<ab n="B14K3V12">
						<w>τοις</w>
						<w>δε</w>
						<w>τοιουτοις</w>
						<w>παραγγελλομεν</w>
						<w>και</w>
						<w>παρακαλουμεν</w>
						<w>δια</w>
						<w>του</w>
						<w>κυριου</w>
						<w>ημων</w>
						<w>ιησου</w>
						<w>χριστου</w>
						<w>ινα</w>
						<w>μετα</w>
						<w>ησυχιας</w>
						<w>εργαζομενοι</w>
						<w>τον</w>
						<w>εαυτων</w>
						<w>αρτον</w>
						<w>εσθιωσιν</w>
					</ab>
					<ab n="B14K3V13">
						<w>υμεις</w>
						<w>δε</w>
						<w>αδελφοι</w>
						<w>μη</w>
						<w>εκκακησητε</w>
						<w>καλοποιουντες</w>
					</ab>
					<ab n="B14K3V14">
						<w>ει</w>
						<w>δε</w>
						<w>τις</w>
						<w>ουχ</w>
						<w>υπακουει</w>
						<w>τω</w>
						<w>λογω</w>
						<w>ημων</w>
						<w>δια</w>
						<w>της</w>
						<w>επιστολης</w>
						<w>τουτον</w>
						<w>σημειουσθε</w>
						<w>και</w>
						<w>μη</w>
						<w>συναναμιγνυσθε</w>
						<w>αυτω</w>
						<w>ινα</w>
						<w>εντραπη</w>
					</ab>
					<ab n="B14K3V15">
						<w>και</w>
						<w>μη</w>
						<w>ως</w>
						<w>εχθρον</w>
						<w>ηγεισθε</w>
						<w>αλλα</w>
						<w>νουθετειτε</w>
						<w>ως</w>
						<w>αδελφον</w>
					</ab>
					<ab n="B14K3V16">
						<w>αυτος</w>
						<w>δε</w>
						<w>ο</w>
						<w>κυριος</w>
						<w>της</w>
						<w>ειρηνης</w>
						<w>δωη</w>
						<w>υμιν</w>
						<w>την</w>
						<w>ειρηνην</w>
						<w>δια</w>
						<w>παντος</w>
						<w>εν</w>
						<w>παντι</w>
						<w>τροπω</w>
						<w>ο</w>
						<w>κυριος</w>
						<w>μετα</w>
						<w>παντων</w>
						<w>υμων</w>
					</ab>
					<ab n="B14K3V17">
						<w>ο</w>
						<w>ασπασμος</w>
						<w>τη</w>
						<w>εμη</w>
						<w>χειρι</w>
						<w>παυλου</w>
						<w>ο</w>
						<w>εστιν</w>
						<w>σημειον</w>
						<w>εν</w>
						<w>παση</w>
						<w>επιστολη</w>
						<w>ουτως</w>
						<w>γραφω</w>
					</ab>
					<ab n="B14K3V18">
						<w>η</w>
						<w>χαρις</w>
						<w>του</w>
						<w>κυριου</w>
						<w>ημων</w>
						<w>ιησου</w>
						<w>χριστου</w>
						<w>μετα</w>
						<w>παντων</w>
						<w>υμων</w>
						<w>αμην</w>
					</ab>
				</div>
			</div>
		</body>
	</text>
</TEI>