<?xml version="1.0" encoding="utf-8"?>
<!DOCTYPE TEI [
<!-- entities used in individual transcriptions will be defined here -->
]>
<?xml-model href="TEI-NTMSS.rng" type="application/xml" 
schematypens="http://relaxng.org/ns/structure/1.0"?>
<TEI xml:id="Byz" xmlns="http://www.tei-c.org/ns/1.0">
    <teiHeader>
        <fileDesc>
            <titleStmt>
                <title>The New Testament in the Original Greek: The Byzantine Textform</title>
                <title type="collection" level="s" xml:lang="en">The New Testament</title>
				<title type="work" level="m" xml:lang="en" n="16">Second Timoty</title>
				<title type="short" level="m" xml:lang="en" n="16">2TI</title>                
                <respStmt>
                    <resp>Created by</resp><name>Maurice A. Robinson and William Pierpont</name>
                </respStmt>
            </titleStmt> 
        <editionStmt>
            <edition n="2018">Last updated (XML version) <date>31.5.2023</date></edition>
        </editionStmt>
        <publicationStmt>
            <availability><p>This file is in the Public Domain</p></availability>
        </publicationStmt>
        <sourceDesc>
            <msDesc>
            <msIdentifier>
                <country>United States of America</country>
                <msName xml:lang="en">The New Testament in the Original Greek: The Byzantine Textform</msName>
                <altIdentifier type="Byz"></altIdentifier>
            </msIdentifier>
            </msDesc>
        </sourceDesc>
        </fileDesc>
        <encodingDesc n="1.5">
            <editorialDecl>
                <p>The initial transcription file was a set of plain text files, later converted to XML. Further information about the procedures followed may be found in the electronic edition at <ptr target="https://github.com/byztxt/byzantine-majority-text/"/></p>
                <p>The XML specifications used were version 1.5 of the IGNTP Guidelines available at <ptr target="http://epapers.bham.ac.uk/1892/"/></p>
            </editorialDecl> 
            <variantEncoding method="parallel-segmentation" location="internal"/>
        </encodingDesc>
    </teiHeader>
    <text xml:lang="grc">
        <body>
			<div type="book" n="B16">
				<div type="chapter" n="B16K1">
					<ab n="B16K1V1">
						<w>παυλος</w>
						<w>αποστολος</w>
						<w>ιησου</w>
						<w>χριστου</w>
						<w>δια</w>
						<w>θεληματος</w>
						<w>θεου</w>
						<w>κατ</w>
						<w>επαγγελιαν</w>
						<w>ζωης</w>
						<w>της</w>
						<w>εν</w>
						<w>χριστω</w>
						<w>ιησου</w>
					</ab>
					<ab n="B16K1V2">
						<w>τιμοθεω</w>
						<w>αγαπητω</w>
						<w>τεκνω</w>
						<w>χαρις</w>
						<w>ελεος</w>
						<w>ειρηνη</w>
						<w>απο</w>
						<w>θεου</w>
						<w>πατρος</w>
						<w>και</w>
						<w>χριστου</w>
						<w>ιησου</w>
						<w>του</w>
						<w>κυριου</w>
						<w>ημων</w>
					</ab>
					<ab n="B16K1V3">
						<w>χαριν</w>
						<w>εχω</w>
						<w>τω</w>
						<w>θεω</w>
						<w>ω</w>
						<w>λατρευω</w>
						<w>απο</w>
						<w>προγονων</w>
						<w>εν</w>
						<w>καθαρα</w>
						<w>συνειδησει</w>
						<w>ως</w>
						<w>αδιαλειπτον</w>
						<w>εχω</w>
						<w>την</w>
						<w>περι</w>
						<w>σου</w>
						<w>μνειαν</w>
						<w>εν</w>
						<w>ταις</w>
						<w>δεησεσιν</w>
						<w>μου</w>
						<w>νυκτος</w>
						<w>και</w>
						<w>ημερας</w>
					</ab>
					<ab n="B16K1V4">
						<w>επιποθων</w>
						<w>σε</w>
						<w>ιδειν</w>
						<w>μεμνημενος</w>
						<w>σου</w>
						<w>των</w>
						<w>δακρυων</w>
						<w>ινα</w>
						<w>χαρας</w>
						<w>πληρωθω</w>
					</ab>
					<ab n="B16K1V5">
						<w>υπομνησιν</w>
						<w>λαμβανων</w>
						<w>της</w>
						<w>εν</w>
						<w>σοι</w>
						<w>ανυποκριτου</w>
						<w>πιστεως</w>
						<w>ητις</w>
						<w>ενωκησεν</w>
						<w>πρωτον</w>
						<w>εν</w>
						<w>τη</w>
						<w>μαμμη</w>
						<w>σου</w>
						<w>λωιδι</w>
						<w>και</w>
						<w>τη</w>
						<w>μητρι</w>
						<w>σου</w>
						<w>ευνικη</w>
						<w>πεπεισμαι</w>
						<w>δε</w>
						<w>οτι</w>
						<w>και</w>
						<w>εν</w>
						<w>σοι</w>
					</ab>
					<ab n="B16K1V6">
						<w>δι</w>
						<w>ην</w>
						<w>αιτιαν</w>
						<w>αναμιμνησκω</w>
						<w>σε</w>
						<w>αναζωπυρειν</w>
						<w>το</w>
						<w>χαρισμα</w>
						<w>του</w>
						<w>θεου</w>
						<w>ο</w>
						<w>εστιν</w>
						<w>εν</w>
						<w>σοι</w>
						<w>δια</w>
						<w>της</w>
						<w>επιθεσεως</w>
						<w>των</w>
						<w>χειρων</w>
						<w>μου</w>
					</ab>
					<ab n="B16K1V7">
						<w>ου</w>
						<w>γαρ</w>
						<w>εδωκεν</w>
						<w>ημιν</w>
						<w>ο</w>
						<w>θεος</w>
						<w>πνευμα</w>
						<w>δειλιας</w>
						<w>αλλα</w>
						<w>δυναμεως</w>
						<w>και</w>
						<w>αγαπης</w>
						<w>και</w>
						<w>σωφρονισμου</w>
					</ab>
					<ab n="B16K1V8">
						<w>μη</w>
						<w>ουν</w>
						<w>επαισχυνθης</w>
						<w>το</w>
						<w>μαρτυριον</w>
						<w>του</w>
						<w>κυριου</w>
						<w>ημων</w>
						<w>μηδε</w>
						<w>εμε</w>
						<w>τον</w>
						<w>δεσμιον</w>
						<w>αυτου</w>
						<w>αλλα</w>
						<w>συγκακοπαθησον</w>
						<w>τω</w>
						<w>ευαγγελιω</w>
						<w>κατα</w>
						<w>δυναμιν</w>
						<w>θεου</w>
					</ab>
					<ab n="B16K1V9">
						<w>του</w>
						<w>σωσαντος</w>
						<w>ημας</w>
						<w>και</w>
						<w>καλεσαντος</w>
						<w>κλησει</w>
						<w>αγια</w>
						<w>ου</w>
						<w>κατα</w>
						<w>τα</w>
						<w>εργα</w>
						<w>ημων</w>
						<w>αλλα</w>
						<w>κατ</w>
						<w>ιδιαν</w>
						<w>προθεσιν</w>
						<w>και</w>
						<w>χαριν</w>
						<w>την</w>
						<w>δοθεισαν</w>
						<w>ημιν</w>
						<w>εν</w>
						<w>χριστω</w>
						<w>ιησου</w>
						<w>προ</w>
						<w>χρονων</w>
						<w>αιωνιων</w>
					</ab>
					<ab n="B16K1V10">
						<w>φανερωθεισαν</w>
						<w>δε</w>
						<w>νυν</w>
						<w>δια</w>
						<w>της</w>
						<w>επιφανειας</w>
						<w>του</w>
						<w>σωτηρος</w>
						<w>ημων</w>
						<w>ιησου</w>
						<w>χριστου</w>
						<w>καταργησαντος</w>
						<w>μεν</w>
						<w>τον</w>
						<w>θανατον</w>
						<w>φωτισαντος</w>
						<w>δε</w>
						<w>ζωην</w>
						<w>και</w>
						<w>αφθαρσιαν</w>
						<w>δια</w>
						<w>του</w>
						<w>ευαγγελιου</w>
					</ab>
					<ab n="B16K1V11">
						<w>εις</w>
						<w>ο</w>
						<w>ετεθην</w>
						<w>εγω</w>
						<w>κηρυξ</w>
						<w>και</w>
						<w>αποστολος</w>
						<w>και</w>
						<w>διδασκαλος</w>
						<w>εθνων</w>
					</ab>
					<ab n="B16K1V12">
						<w>δι</w>
						<w>ην</w>
						<w>αιτιαν</w>
						<w>και</w>
						<w>ταυτα</w>
						<w>πασχω</w>
						<w>αλλ</w>
						<w>ουκ</w>
						<w>επαισχυνομαι</w>
						<w>οιδα</w>
						<w>γαρ</w>
						<w>ω</w>
						<w>πεπιστευκα</w>
						<w>και</w>
						<w>πεπεισμαι</w>
						<w>οτι</w>
						<w>δυνατος</w>
						<w>εστιν</w>
						<w>την</w>
						<w>παραθηκην</w>
						<w>μου</w>
						<w>φυλαξαι</w>
						<w>εις</w>
						<w>εκεινην</w>
						<w>την</w>
						<w>ημεραν</w>
					</ab>
					<ab n="B16K1V13">
						<w>υποτυπωσιν</w>
						<w>εχε</w>
						<w>υγιαινοντων</w>
						<w>λογων</w>
						<w>ων</w>
						<w>παρ</w>
						<w>εμου</w>
						<w>ηκουσας</w>
						<w>εν</w>
						<w>πιστει</w>
						<w>και</w>
						<w>αγαπη</w>
						<w>τη</w>
						<w>εν</w>
						<w>χριστω</w>
						<w>ιησου</w>
					</ab>
					<ab n="B16K1V14">
						<w>την</w>
						<w>καλην</w>
						<w>παραθηκην</w>
						<w>φυλαξον</w>
						<w>δια</w>
						<w>πνευματος</w>
						<w>αγιου</w>
						<w>του</w>
						<w>ενοικουντος</w>
						<w>εν</w>
						<w>ημιν</w>
					</ab>
					<ab n="B16K1V15">
						<w>οιδας</w>
						<w>τουτο</w>
						<w>οτι</w>
						<w>απεστραφησαν</w>
						<w>με</w>
						<w>παντες</w>
						<w>οι</w>
						<w>εν</w>
						<w>τη</w>
						<w>ασια</w>
						<w>ων</w>
						<w>εστιν</w>
						<w>φυγελος</w>
						<w>και</w>
						<w>ερμογενης</w>
					</ab>
					<ab n="B16K1V16">
						<w>δωη</w>
						<w>ελεος</w>
						<w>ο</w>
						<w>κυριος</w>
						<w>τω</w>
						<w>ονησιφορου</w>
						<w>οικω</w>
						<w>οτι</w>
						<w>πολλακις</w>
						<w>με</w>
						<w>ανεψυξεν</w>
						<w>και</w>
						<w>την</w>
						<w>αλυσιν</w>
						<w>μου</w>
						<w>ουκ</w>
						<w>επαισχυνθη</w>
					</ab>
					<ab n="B16K1V17">
						<w>αλλα</w>
						<w>γενομενος</w>
						<w>εν</w>
						<w>ρωμη</w>
						<w>σπουδαιοτερον</w>
						<w>εζητησεν</w>
						<w>με</w>
						<w>και</w>
						<w>ευρεν</w>
					</ab>
					<ab n="B16K1V18">
						<w>δωη</w>
						<w>αυτω</w>
						<w>ο</w>
						<w>κυριος</w>
						<w>ευρειν</w>
						<w>ελεος</w>
						<w>παρα</w>
						<w>κυριου</w>
						<w>εν</w>
						<w>εκεινη</w>
						<w>τη</w>
						<w>ημερα</w>
						<w>και</w>
						<w>οσα</w>
						<w>εν</w>
						<w>εφεσω</w>
						<w>διηκονησεν</w>
						<w>βελτιον</w>
						<w>συ</w>
						<w>γινωσκεις</w>
					</ab>
				</div>
				<div type="chapter" n="B16K2">
					<ab n="B16K2V1">
						<w>συ</w>
						<w>ουν</w>
						<w>τεκνον</w>
						<w>μου</w>
						<w>ενδυναμου</w>
						<w>εν</w>
						<w>τη</w>
						<w>χαριτι</w>
						<w>τη</w>
						<w>εν</w>
						<w>χριστω</w>
						<w>ιησου</w>
					</ab>
					<ab n="B16K2V2">
						<w>και</w>
						<w>α</w>
						<w>ηκουσας</w>
						<w>παρ</w>
						<w>εμου</w>
						<w>δια</w>
						<w>πολλων</w>
						<w>μαρτυρων</w>
						<w>ταυτα</w>
						<w>παραθου</w>
						<w>πιστοις</w>
						<w>ανθρωποις</w>
						<w>οιτινες</w>
						<w>ικανοι</w>
						<w>εσονται</w>
						<w>και</w>
						<w>ετερους</w>
						<w>διδαξαι</w>
					</ab>
					<ab n="B16K2V3">
						<w>συ</w>
						<w>ουν</w>
						<w>κακοπαθησον</w>
						<w>ως</w>
						<w>καλος</w>
						<w>στρατιωτης</w>
						<w>ιησου</w>
						<w>χριστου</w>
					</ab>
					<ab n="B16K2V4">
						<w>ουδεις</w>
						<w>στρατευομενος</w>
						<w>εμπλεκεται</w>
						<w>ταις</w>
						<w>του</w>
						<w>βιου</w>
						<w>πραγματειαις</w>
						<w>ινα</w>
						<w>τω</w>
						<w>στρατολογησαντι</w>
						<w>αρεση</w>
					</ab>
					<ab n="B16K2V5">
						<w>εαν</w>
						<w>δε</w>
						<w>και</w>
						<w>αθλη</w>
						<w>τις</w>
						<w>ου</w>
						<w>στεφανουται</w>
						<w>εαν</w>
						<w>μη</w>
						<w>νομιμως</w>
						<w>αθληση</w>
					</ab>
					<ab n="B16K2V6">
						<w>τον</w>
						<w>κοπιωντα</w>
						<w>γεωργον</w>
						<w>δει</w>
						<w>πρωτον</w>
						<w>των</w>
						<w>καρπων</w>
						<w>μεταλαμβανειν</w>
					</ab>
					<ab n="B16K2V7">
						<w>νοει</w>
						<w>α</w>
						<w>λεγω</w>
						<w>δωη</w>
						<w>γαρ</w>
						<w>σοι</w>
						<w>ο</w>
						<w>κυριος</w>
						<w>συνεσιν</w>
						<w>εν</w>
						<w>πασιν</w>
					</ab>
					<ab n="B16K2V8">
						<w>μνημονευε</w>
						<w>ιησουν</w>
						<w>χριστον</w>
						<w>εγηγερμενον</w>
						<w>εκ</w>
						<w>νεκρων</w>
						<w>εκ</w>
						<w>σπερματος</w>
						<w>δαυιδ</w>
						<w>κατα</w>
						<w>το</w>
						<w>ευαγγελιον</w>
						<w>μου</w>
					</ab>
					<ab n="B16K2V9">
						<w>εν</w>
						<w>ω</w>
						<w>κακοπαθω</w>
						<w>μεχρι</w>
						<w>δεσμων</w>
						<w>ως</w>
						<w>κακουργος</w>
						<w>αλλ</w>
						<w>ο</w>
						<w>λογος</w>
						<w>του</w>
						<w>θεου</w>
						<w>ου</w>
						<w>δεδεται</w>
					</ab>
					<ab n="B16K2V10">
						<w>δια</w>
						<w>τουτο</w>
						<w>παντα</w>
						<w>υπομενω</w>
						<w>δια</w>
						<w>τους</w>
						<w>εκλεκτους</w>
						<w>ινα</w>
						<w>και</w>
						<w>αυτοι</w>
						<w>σωτηριας</w>
						<w>τυχωσιν</w>
						<w>της</w>
						<w>εν</w>
						<w>χριστω</w>
						<w>ιησου</w>
						<w>μετα</w>
						<w>δοξης</w>
						<w>αιωνιου</w>
					</ab>
					<ab n="B16K2V11">
						<w>πιστος</w>
						<w>ο</w>
						<w>λογος</w>
						<w>ει</w>
						<w>γαρ</w>
						<w>συναπεθανομεν</w>
						<w>και</w>
						<w>συζησομεν</w>
					</ab>
					<ab n="B16K2V12">
						<w>ει</w>
						<w>υπομενομεν</w>
						<w>και</w>
						<w>συμβασιλευσομεν</w>
						<w>ει</w>
						<w>αρνουμεθα</w>
						<w>κακεινος</w>
						<w>αρνησεται</w>
						<w>ημας</w>
					</ab>
					<ab n="B16K2V13">
						<w>ει</w>
						<w>απιστουμεν</w>
						<w>εκεινος</w>
						<w>πιστος</w>
						<w>μενει</w>
						<w>αρνησασθαι</w>
						<w>εαυτον</w>
						<w>ου</w>
						<w>δυναται</w>
					</ab>
					<ab n="B16K2V14">
						<w>ταυτα</w>
						<w>υπομιμνησκε</w>
						<w>διαμαρτυρομενος</w>
						<w>ενωπιον</w>
						<w>του</w>
						<w>κυριου</w>
						<w>μη</w>
						<w>λογομαχειν</w>
						<w>εις</w>
						<w>ουδεν</w>
						<w>χρησιμον</w>
						<w>επι</w>
						<w>καταστροφη</w>
						<w>των</w>
						<w>ακουοντων</w>
					</ab>
					<ab n="B16K2V15">
						<w>σπουδασον</w>
						<w>σεαυτον</w>
						<w>δοκιμον</w>
						<w>παραστησαι</w>
						<w>τω</w>
						<w>θεω</w>
						<w>εργατην</w>
						<w>ανεπαισχυντον</w>
						<w>ορθοτομουντα</w>
						<w>τον</w>
						<w>λογον</w>
						<w>της</w>
						<w>αληθειας</w>
					</ab>
					<ab n="B16K2V16">
						<w>τας</w>
						<w>δε</w>
						<w>βεβηλους</w>
						<w>κενοφωνιας</w>
						<w>περιιστασο</w>
						<w>επι</w>
						<w>πλειον</w>
						<w>γαρ</w>
						<w>προκοψουσιν</w>
						<w>ασεβειας</w>
					</ab>
					<ab n="B16K2V17">
						<w>και</w>
						<w>ο</w>
						<w>λογος</w>
						<w>αυτων</w>
						<w>ως</w>
						<w>γαγγραινα</w>
						<w>νομην</w>
						<w>εξει</w>
						<w>ων</w>
						<w>εστιν</w>
						<w>υμεναιος</w>
						<w>και</w>
						<w>φιλητος</w>
					</ab>
					<ab n="B16K2V18">
						<w>οιτινες</w>
						<w>περι</w>
						<w>την</w>
						<w>αληθειαν</w>
						<w>ηστοχησαν</w>
						<w>λεγοντες</w>
						<w>την</w>
						<w>αναστασιν</w>
						<w>ηδη</w>
						<w>γεγονεναι</w>
						<w>και</w>
						<w>ανατρεπουσιν</w>
						<w>την</w>
						<w>τινων</w>
						<w>πιστιν</w>
					</ab>
					<ab n="B16K2V19">
						<w>ο</w>
						<w>μεντοι</w>
						<w>στερεος</w>
						<w>θεμελιος</w>
						<w>του</w>
						<w>θεου</w>
						<w>εστηκεν</w>
						<w>εχων</w>
						<w>την</w>
						<w>σφραγιδα</w>
						<w>ταυτην</w>
						<w>εγνω</w>
						<w>κυριος</w>
						<w>τους</w>
						<w>οντας</w>
						<w>αυτου</w>
						<w>και</w>
						<w>αποστητω</w>
						<w>απο</w>
						<w>αδικιας</w>
						<w>πας</w>
						<w>ο</w>
						<w>ονομαζων</w>
						<w>το</w>
						<w>ονομα</w>
						<w>κυριου</w>
					</ab>
					<ab n="B16K2V20">
						<w>εν</w>
						<w>μεγαλη</w>
						<w>δε</w>
						<w>οικια</w>
						<w>ουκ</w>
						<w>εστιν</w>
						<w>μονον</w>
						<w>σκευη</w>
						<w>χρυσα</w>
						<w>και</w>
						<w>αργυρα</w>
						<w>αλλα</w>
						<w>και</w>
						<w>ξυλινα</w>
						<w>και</w>
						<w>οστρακινα</w>
						<w>και</w>
						<w>α</w>
						<w>μεν</w>
						<w>εις</w>
						<w>τιμην</w>
						<w>α</w>
						<w>δε</w>
						<w>εις</w>
						<w>ατιμιαν</w>
					</ab>
					<ab n="B16K2V21">
						<w>εαν</w>
						<w>ουν</w>
						<w>τις</w>
						<w>εκκαθαρη</w>
						<w>εαυτον</w>
						<w>απο</w>
						<w>τουτων</w>
						<w>εσται</w>
						<w>σκευος</w>
						<w>εις</w>
						<w>τιμην</w>
						<w>ηγιασμενον</w>
						<w>και</w>
						<w>ευχρηστον</w>
						<w>τω</w>
						<w>δεσποτη</w>
						<w>εις</w>
						<w>παν</w>
						<w>εργον</w>
						<w>αγαθον</w>
						<w>ητοιμασμενον</w>
					</ab>
					<ab n="B16K2V22">
						<w>τας</w>
						<w>δε</w>
						<w>νεωτερικας</w>
						<w>επιθυμιας</w>
						<w>φευγε</w>
						<w>διωκε</w>
						<w>δε</w>
						<w>δικαιοσυνην</w>
						<w>πιστιν</w>
						<w>αγαπην</w>
						<w>ειρηνην</w>
						<w>μετα</w>
						<w>των</w>
						<w>επικαλουμενων</w>
						<w>τον</w>
						<w>κυριον</w>
						<w>εκ</w>
						<w>καθαρας</w>
						<w>καρδιας</w>
					</ab>
					<ab n="B16K2V23">
						<w>τας</w>
						<w>δε</w>
						<w>μωρας</w>
						<w>και</w>
						<w>απαιδευτους</w>
						<w>ζητησεις</w>
						<w>παραιτου</w>
						<w>ειδως</w>
						<w>οτι</w>
						<w>γεννωσιν</w>
						<w>μαχας</w>
					</ab>
					<ab n="B16K2V24">
						<w>δουλον</w>
						<w>δε</w>
						<w>κυριου</w>
						<w>ου</w>
						<w>δει</w>
						<w>μαχεσθαι</w>
						<w>αλλ</w>
						<w>ηπιον</w>
						<w>ειναι</w>
						<w>προς</w>
						<w>παντας</w>
						<w>διδακτικον</w>
						<w>ανεξικακον</w>
					</ab>
					<ab n="B16K2V25">
						<w>εν</w>
						<w>πραοτητι</w>
						<w>παιδευοντα</w>
						<w>τους</w>
						<w>αντιδιατιθεμενους</w>
						<w>μηποτε</w>
						<w>δω</w>
						<w>αυτοις</w>
						<w>ο</w>
						<w>θεος</w>
						<w>μετανοιαν</w>
						<w>εις</w>
						<w>επιγνωσιν</w>
						<w>αληθειας</w>
					</ab>
					<ab n="B16K2V26">
						<w>και</w>
						<w>ανανηψωσιν</w>
						<w>εκ</w>
						<w>της</w>
						<w>του</w>
						<w>διαβολου</w>
						<w>παγιδος</w>
						<w>εζωγρημενοι</w>
						<w>υπ</w>
						<w>αυτου</w>
						<w>εις</w>
						<w>το</w>
						<w>εκεινου</w>
						<w>θελημα</w>
					</ab>
				</div>
				<div type="chapter" n="B16K3">
					<ab n="B16K3V1">
						<w>τουτο</w>
						<w>δε</w>
						<w>γινωσκε</w>
						<w>οτι</w>
						<w>εν</w>
						<w>εσχαταις</w>
						<w>ημεραις</w>
						<w>ενστησονται</w>
						<w>καιροι</w>
						<w>χαλεποι</w>
					</ab>
					<ab n="B16K3V2">
						<w>εσονται</w>
						<w>γαρ</w>
						<w>οι</w>
						<w>ανθρωποι</w>
						<w>φιλαυτοι</w>
						<w>φιλαργυροι</w>
						<w>αλαζονες</w>
						<w>υπερηφανοι</w>
						<w>βλασφημοι</w>
						<w>γονευσιν</w>
						<w>απειθεις</w>
						<w>αχαριστοι</w>
						<w>ανοσιοι</w>
					</ab>
					<ab n="B16K3V3">
						<w>αστοργοι</w>
						<w>ασπονδοι</w>
						<w>διαβολοι</w>
						<w>ακρατεις</w>
						<w>ανημεροι</w>
						<w>αφιλαγαθοι</w>
					</ab>
					<ab n="B16K3V4">
						<w>προδοται</w>
						<w>προπετεις</w>
						<w>τετυφωμενοι</w>
						<w>φιληδονοι</w>
						<w>μαλλον</w>
						<w>η</w>
						<w>φιλοθεοι</w>
					</ab>
					<ab n="B16K3V5">
						<w>εχοντες</w>
						<w>μορφωσιν</w>
						<w>ευσεβειας</w>
						<w>την</w>
						<w>δε</w>
						<w>δυναμιν</w>
						<w>αυτης</w>
						<w>ηρνημενοι</w>
						<w>και</w>
						<w>τουτους</w>
						<w>αποτρεπου</w>
					</ab>
					<ab n="B16K3V6">
						<w>εκ</w>
						<w>τουτων</w>
						<w>γαρ</w>
						<w>εισιν</w>
						<w>οι</w>
						<w>ενδυνοντες</w>
						<w>εις</w>
						<w>τας</w>
						<w>οικιας</w>
						<w>και</w>
						<w>αιχμαλωτευοντες</w>
						<w>γυναικαρια</w>
						<w>σεσωρευμενα</w>
						<w>αμαρτιαις</w>
						<w>αγομενα</w>
						<w>επιθυμιαις</w>
						<w>ποικιλαις</w>
					</ab>
					<ab n="B16K3V7">
						<w>παντοτε</w>
						<w>μανθανοντα</w>
						<w>και</w>
						<w>μηδεποτε</w>
						<w>εις</w>
						<w>επιγνωσιν</w>
						<w>αληθειας</w>
						<w>ελθειν</w>
						<w>δυναμενα</w>
					</ab>
					<ab n="B16K3V8">
						<w>ον</w>
						<w>τροπον</w>
						<w>δε</w>
						<w>ιαννης</w>
						<w>και</w>
						<w>ιαμβρης</w>
						<w>αντεστησαν</w>
						<w>μωυση</w>
						<w>ουτως</w>
						<w>και</w>
						<w>ουτοι</w>
						<w>ανθιστανται</w>
						<w>τη</w>
						<w>αληθεια</w>
						<w>ανθρωποι</w>
						<w>κατεφθαρμενοι</w>
						<w>τον</w>
						<w>νουν</w>
						<w>αδοκιμοι</w>
						<w>περι</w>
						<w>την</w>
						<w>πιστιν</w>
					</ab>
					<ab n="B16K3V9">
						<w>αλλ</w>
						<w>ου</w>
						<w>προκοψουσιν</w>
						<w>επι</w>
						<w>πλειον</w>
						<w>η</w>
						<w>γαρ</w>
						<w>ανοια</w>
						<w>αυτων</w>
						<w>εκδηλος</w>
						<w>εσται</w>
						<w>πασιν</w>
						<w>ως</w>
						<w>και</w>
						<w>η</w>
						<w>εκεινων</w>
						<w>εγενετο</w>
					</ab>
					<ab n="B16K3V10">
						<w>συ</w>
						<w>δε</w>
						<w>παρηκολουθηκας</w>
						<w>μου</w>
						<w>τη</w>
						<w>διδασκαλια</w>
						<w>τη</w>
						<w>αγωγη</w>
						<w>τη</w>
						<w>προθεσει</w>
						<w>τη</w>
						<w>πιστει</w>
						<w>τη</w>
						<w>μακροθυμια</w>
						<w>τη</w>
						<w>αγαπη</w>
						<w>τη</w>
						<w>υπομονη</w>
					</ab>
					<ab n="B16K3V11">
						<w>τοις</w>
						<w>διωγμοις</w>
						<w>τοις</w>
						<w>παθημασιν</w>
						<w>οια</w>
						<w>μοι</w>
						<w>εγενετο</w>
						<w>εν</w>
						<w>αντιοχεια</w>
						<w>εν</w>
						<w>ικονιω</w>
						<w>εν</w>
						<w>λυστροις</w>
						<w>οιους</w>
						<w>διωγμους</w>
						<w>υπηνεγκα</w>
						<w>και</w>
						<w>εκ</w>
						<w>παντων</w>
						<w>με</w>
						<w>ερρυσατο</w>
						<w>ο</w>
						<w>κυριος</w>
					</ab>
					<ab n="B16K3V12">
						<w>και</w>
						<w>παντες</w>
						<w>δε</w>
						<w>οι</w>
						<w>θελοντες</w>
						<w>ευσεβως</w>
						<w>ζην</w>
						<w>εν</w>
						<w>χριστω</w>
						<w>ιησου</w>
						<w>διωχθησονται</w>
					</ab>
					<ab n="B16K3V13">
						<w>πονηροι</w>
						<w>δε</w>
						<w>ανθρωποι</w>
						<w>και</w>
						<w>γοητες</w>
						<w>προκοψουσιν</w>
						<w>επι</w>
						<w>το</w>
						<w>χειρον</w>
						<w>πλανωντες</w>
						<w>και</w>
						<w>πλανωμενοι</w>
					</ab>
					<ab n="B16K3V14">
						<w>συ</w>
						<w>δε</w>
						<w>μενε</w>
						<w>εν</w>
						<w>οις</w>
						<w>εμαθες</w>
						<w>και</w>
						<w>επιστωθης</w>
						<w>ειδως</w>
						<w>παρα</w>
						<w>τινος</w>
						<w>εμαθες</w>
					</ab>
					<ab n="B16K3V15">
						<w>και</w>
						<w>οτι</w>
						<w>απο</w>
						<w>βρεφους</w>
						<w>τα</w>
						<w>ιερα</w>
						<w>γραμματα</w>
						<w>οιδας</w>
						<w>τα</w>
						<w>δυναμενα</w>
						<w>σε</w>
						<w>σοφισαι</w>
						<w>εις</w>
						<w>σωτηριαν</w>
						<w>δια</w>
						<w>πιστεως</w>
						<w>της</w>
						<w>εν</w>
						<w>χριστω</w>
						<w>ιησου</w>
					</ab>
					<ab n="B16K3V16">
						<w>πασα</w>
						<w>γραφη</w>
						<w>θεοπνευστος</w>
						<w>και</w>
						<w>ωφελιμος</w>
						<w>προς</w>
						<w>διδασκαλιαν</w>
						<w>προς</w>
						<w>ελεγχον</w>
						<w>προς</w>
						<w>επανορθωσιν</w>
						<w>προς</w>
						<w>παιδειαν</w>
						<w>την</w>
						<w>εν</w>
						<w>δικαιοσυνη</w>
					</ab>
					<ab n="B16K3V17">
						<w>ινα</w>
						<w>αρτιος</w>
						<w>η</w>
						<w>ο</w>
						<w>του</w>
						<w>θεου</w>
						<w>ανθρωπος</w>
						<w>προς</w>
						<w>παν</w>
						<w>εργον</w>
						<w>αγαθον</w>
						<w>εξηρτισμενος</w>
					</ab>
				</div>
				<div type="chapter" n="B16K4">
					<ab n="B16K4V1">
						<w>διαμαρτυρομαι</w>
						<w>ουν</w>
						<w>εγω</w>
						<w>ενωπιον</w>
						<w>του</w>
						<w>θεου</w>
						<w>και</w>
						<w>του</w>
						<w>κυριου</w>
						<w>ιησου</w>
						<w>χριστου</w>
						<w>του</w>
						<w>μελλοντος</w>
						<w>κρινειν</w>
						<w>ζωντας</w>
						<w>και</w>
						<w>νεκρους</w>
						<w>κατα</w>
						<w>την</w>
						<w>επιφανειαν</w>
						<w>αυτου</w>
						<w>και</w>
						<w>την</w>
						<w>βασιλειαν</w>
						<w>αυτου</w>
					</ab>
					<ab n="B16K4V2">
						<w>κηρυξον</w>
						<w>τον</w>
						<w>λογον</w>
						<w>επιστηθι</w>
						<w>ευκαιρως</w>
						<w>ακαιρως</w>
						<w>ελεγξον</w>
						<w>επιτιμησον</w>
						<w>παρακαλεσον</w>
						<w>εν</w>
						<w>παση</w>
						<w>μακροθυμια</w>
						<w>και</w>
						<w>διδαχη</w>
					</ab>
					<ab n="B16K4V3">
						<w>εσται</w>
						<w>γαρ</w>
						<w>καιρος</w>
						<w>οτε</w>
						<w>της</w>
						<w>υγιαινουσης</w>
						<w>διδασκαλιας</w>
						<w>ουκ</w>
						<w>ανεξονται</w>
						<w>αλλα</w>
						<w>κατα</w>
						<w>τας</w>
						<w>επιθυμιας</w>
						<w>τας</w>
						<w>ιδιας</w>
						<w>εαυτοις</w>
						<w>επισωρευσουσιν</w>
						<w>διδασκαλους</w>
						<w>κνηθομενοι</w>
						<w>την</w>
						<w>ακοην</w>
					</ab>
					<ab n="B16K4V4">
						<w>και</w>
						<w>απο</w>
						<w>μεν</w>
						<w>της</w>
						<w>αληθειας</w>
						<w>την</w>
						<w>ακοην</w>
						<w>αποστρεψουσιν</w>
						<w>επι</w>
						<w>δε</w>
						<w>τους</w>
						<w>μυθους</w>
						<w>εκτραπησονται</w>
					</ab>
					<ab n="B16K4V5">
						<w>συ</w>
						<w>δε</w>
						<w>νηφε</w>
						<w>εν</w>
						<w>πασιν</w>
						<w>κακοπαθησον</w>
						<w>εργον</w>
						<w>ποιησον</w>
						<w>ευαγγελιστου</w>
						<w>την</w>
						<w>διακονιαν</w>
						<w>σου</w>
						<w>πληροφορησον</w>
					</ab>
					<ab n="B16K4V6">
						<w>εγω</w>
						<w>γαρ</w>
						<w>ηδη</w>
						<w>σπενδομαι</w>
						<w>και</w>
						<w>ο</w>
						<w>καιρος</w>
						<w>της</w>
						<w>εμης</w>
						<w>αναλυσεως</w>
						<w>εφεστηκεν</w>
					</ab>
					<ab n="B16K4V7">
						<w>τον</w>
						<w>αγωνα</w>
						<w>τον</w>
						<w>καλον</w>
						<w>ηγωνισμαι</w>
						<w>τον</w>
						<w>δρομον</w>
						<w>τετελεκα</w>
						<w>την</w>
						<w>πιστιν</w>
						<w>τετηρηκα</w>
					</ab>
					<ab n="B16K4V8">
						<w>λοιπον</w>
						<w>αποκειται</w>
						<w>μοι</w>
						<w>ο</w>
						<w>της</w>
						<w>δικαιοσυνης</w>
						<w>στεφανος</w>
						<w>ον</w>
						<w>αποδωσει</w>
						<w>μοι</w>
						<w>ο</w>
						<w>κυριος</w>
						<w>εν</w>
						<w>εκεινη</w>
						<w>τη</w>
						<w>ημερα</w>
						<w>ο</w>
						<w>δικαιος</w>
						<w>κριτης</w>
						<w>ου</w>
						<w>μονον</w>
						<w>δε</w>
						<w>εμοι</w>
						<w>αλλα</w>
						<w>και</w>
						<w>πασιν</w>
						<w>τοις</w>
						<w>ηγαπηκοσιν</w>
						<w>την</w>
						<w>επιφανειαν</w>
						<w>αυτου</w>
					</ab>
					<ab n="B16K4V9">
						<w>σπουδασον</w>
						<w>ελθειν</w>
						<w>προς</w>
						<w>με</w>
						<w>ταχεως</w>
					</ab>
					<ab n="B16K4V10">
						<w>δημας</w>
						<w>γαρ</w>
						<w>με</w>
						<w>εγκατελιπεν</w>
						<w>αγαπησας</w>
						<w>τον</w>
						<w>νυν</w>
						<w>αιωνα</w>
						<w>και</w>
						<w>επορευθη</w>
						<w>εις</w>
						<w>θεσσαλονικην</w>
						<w>κρησκης</w>
						<w>εις</w>
						<w>γαλατιαν</w>
						<w>τιτος</w>
						<w>εις</w>
						<w>δαλματιαν</w>
					</ab>
					<ab n="B16K4V11">
						<w>λουκας</w>
						<w>εστιν</w>
						<w>μονος</w>
						<w>μετ</w>
						<w>εμου</w>
						<w>μαρκον</w>
						<w>αναλαβων</w>
						<w>αγε</w>
						<w>μετα</w>
						<w>σεαυτου</w>
						<w>εστιν</w>
						<w>γαρ</w>
						<w>μοι</w>
						<w>ευχρηστος</w>
						<w>εις</w>
						<w>διακονιαν</w>
					</ab>
					<ab n="B16K4V12">
						<w>τυχικον</w>
						<w>δε</w>
						<w>απεστειλα</w>
						<w>εις</w>
						<w>εφεσον</w>
					</ab>
					<ab n="B16K4V13">
						<w>τον</w>
						<w>φελονην</w>
						<w>ον</w>
						<w>απελιπον</w>
						<w>εν</w>
						<w>τρωαδι</w>
						<w>παρα</w>
						<w>καρπω</w>
						<w>ερχομενος</w>
						<w>φερε</w>
						<w>και</w>
						<w>τα</w>
						<w>βιβλια</w>
						<w>μαλιστα</w>
						<w>τας</w>
						<w>μεμβρανας</w>
					</ab>
					<ab n="B16K4V14">
						<w>αλεξανδρος</w>
						<w>ο</w>
						<w>χαλκευς</w>
						<w>πολλα</w>
						<w>μοι</w>
						<w>κακα</w>
						<w>ενεδειξατο</w>
						<w>αποδωη</w>
						<w>αυτω</w>
						<w>ο</w>
						<w>κυριος</w>
						<w>κατα</w>
						<w>τα</w>
						<w>εργα</w>
						<w>αυτου</w>
					</ab>
					<ab n="B16K4V15">
						<w>ον</w>
						<w>και</w>
						<w>συ</w>
						<w>φυλασσου</w>
						<w>λιαν</w>
						<w>γαρ</w>
						<w>ανθεστηκεν</w>
						<w>τοις</w>
						<w>ημετεροις</w>
						<w>λογοις</w>
					</ab>
					<ab n="B16K4V16">
						<w>εν</w>
						<w>τη</w>
						<w>πρωτη</w>
						<w>μου</w>
						<w>απολογια</w>
						<w>ουδεις</w>
						<w>μοι</w>
						<w>συμπαρεγενετο</w>
						<w>αλλα</w>
						<w>παντες</w>
						<w>με</w>
						<w>εγκατελιπον</w>
						<w>μη</w>
						<w>αυτοις</w>
						<w>λογισθειη</w>
					</ab>
					<ab n="B16K4V17">
						<w>ο</w>
						<w>δε</w>
						<w>κυριος</w>
						<w>μοι</w>
						<w>παρεστη</w>
						<w>και</w>
						<w>ενεδυναμωσεν</w>
						<w>με</w>
						<w>ινα</w>
						<w>δι</w>
						<w>εμου</w>
						<w>το</w>
						<w>κηρυγμα</w>
						<w>πληροφορηθη</w>
						<w>και</w>
						<w>ακουση</w>
						<w>παντα</w>
						<w>τα</w>
						<w>εθνη</w>
						<w>και</w>
						<w>ερρυσθην</w>
						<w>εκ</w>
						<w>στοματος</w>
						<w>λεοντος</w>
					</ab>
					<ab n="B16K4V18">
						<w>και</w>
						<w>ρυσεται</w>
						<w>με</w>
						<w>ο</w>
						<w>κυριος</w>
						<w>απο</w>
						<w>παντος</w>
						<w>εργου</w>
						<w>πονηρου</w>
						<w>και</w>
						<w>σωσει</w>
						<w>εις</w>
						<w>την</w>
						<w>βασιλειαν</w>
						<w>αυτου</w>
						<w>την</w>
						<w>επουρανιον</w>
						<w>ω</w>
						<w>η</w>
						<w>δοξα</w>
						<w>εις</w>
						<w>τους</w>
						<w>αιωνας</w>
						<w>των</w>
						<w>αιωνων</w>
						<w>αμην</w>
					</ab>
					<ab n="B16K4V19">
						<w>ασπασαι</w>
						<w>πρισκαν</w>
						<w>και</w>
						<w>ακυλαν</w>
						<w>και</w>
						<w>τον</w>
						<w>ονησιφορου</w>
						<w>οικον</w>
					</ab>
					<ab n="B16K4V20">
						<w>εραστος</w>
						<w>εμεινεν</w>
						<w>εν</w>
						<w>κορινθω</w>
						<w>τροφιμον</w>
						<w>δε</w>
						<w>απελιπον</w>
						<w>εν</w>
						<w>μιλητω</w>
						<w>ασθενουντα</w>
					</ab>
					<ab n="B16K4V21">
						<w>σπουδασον</w>
						<w>προ</w>
						<w>χειμωνος</w>
						<w>ελθειν</w>
						<w>ασπαζεται</w>
						<w>σε</w>
						<w>ευβουλος</w>
						<w>και</w>
						<w>πουδης</w>
						<w>και</w>
						<w>λινος</w>
						<w>και</w>
						<w>κλαυδια</w>
						<w>και</w>
						<w>οι</w>
						<w>αδελφοι</w>
						<w>παντες</w>
					</ab>
					<ab n="B16K4V22">
						<w>ο</w>
						<w>κυριος</w>
						<w>ιησους</w>
						<w>χριστος</w>
						<w>μετα</w>
						<w>του</w>
						<w>πνευματος</w>
						<w>σου</w>
						<w>η</w>
						<w>χαρις</w>
						<w>μεθ</w>
						<w>υμων</w>
						<w>αμην</w>
					</ab>
				</div>
			</div>
		</body>
	</text>
</TEI>