<?xml version="1.0" encoding="utf-8"?>
<!DOCTYPE TEI [
<!-- entities used in individual transcriptions will be defined here -->
]>
<?xml-model href="TEI-NTMSS.rng" type="application/xml" 
schematypens="http://relaxng.org/ns/structure/1.0"?>
<TEI xml:id="Byz" xmlns="http://www.tei-c.org/ns/1.0">
    <teiHeader>
        <fileDesc>
            <titleStmt>
                <title>The New Testament in the Original Greek: The Byzantine Textform</title>
                <title type="collection" level="s" xml:lang="en">The New Testament</title>
				<title type="work" level="m" xml:lang="en" n="12">Colossians</title>
				<title type="short" level="m" xml:lang="en" n="12">COL</title>                
                <respStmt>
                    <resp>Created by</resp><name>Maurice A. Robinson and William Pierpont</name>
                </respStmt>
            </titleStmt> 
        <editionStmt>
            <edition n="2018">Last updated (XML version) <date>31.5.2023</date></edition>
        </editionStmt>
        <publicationStmt>
            <availability><p>This file is in the Public Domain</p></availability>
        </publicationStmt>
        <sourceDesc>
            <msDesc>
            <msIdentifier>
                <country>United States of America</country>
                <msName xml:lang="en">The New Testament in the Original Greek: The Byzantine Textform</msName>
                <altIdentifier type="Byz"></altIdentifier>
            </msIdentifier>
            </msDesc>
        </sourceDesc>
        </fileDesc>
        <encodingDesc n="1.5">
            <editorialDecl>
                <p>The initial transcription file was a set of plain text files, later converted to XML. Further information about the procedures followed may be found in the electronic edition at <ptr target="https://github.com/byztxt/byzantine-majority-text/"/></p>
                <p>The XML specifications used were version 1.5 of the IGNTP Guidelines available at <ptr target="http://epapers.bham.ac.uk/1892/"/></p>
            </editorialDecl> 
            <variantEncoding method="parallel-segmentation" location="internal"/>
        </encodingDesc>
    </teiHeader>
    <text xml:lang="grc">
        <body>
			<div type="book" n="B12">
				<div type="chapter" n="B12K1">
					<ab n="B12K1V1">
						<w>παυλος</w>
						<w>αποστολος</w>
						<w>ιησου</w>
						<w>χριστου</w>
						<w>δια</w>
						<w>θεληματος</w>
						<w>θεου</w>
						<w>και</w>
						<w>τιμοθεος</w>
						<w>ο</w>
						<w>αδελφος</w>
					</ab>
					<ab n="B12K1V2">
						<w>τοις</w>
						<w>εν</w>
						<w>κολασσαις</w>
						<w>αγιοις</w>
						<w>και</w>
						<w>πιστοις</w>
						<w>αδελφοις</w>
						<w>εν</w>
						<w>χριστω</w>
						<w>χαρις</w>
						<w>υμιν</w>
						<w>και</w>
						<w>ειρηνη</w>
						<w>απο</w>
						<w>θεου</w>
						<w>πατρος</w>
						<w>ημων</w>
						<w>και</w>
						<w>κυριου</w>
						<w>ιησου</w>
						<w>χριστου</w>
					</ab>
					<ab n="B12K1V3">
						<w>ευχαριστουμεν</w>
						<w>τω</w>
						<w>θεω</w>
						<w>και</w>
						<w>πατρι</w>
						<w>του</w>
						<w>κυριου</w>
						<w>ημων</w>
						<w>ιησου</w>
						<w>χριστου</w>
						<w>παντοτε</w>
						<w>περι</w>
						<w>υμων</w>
						<w>προσευχομενοι</w>
					</ab>
					<ab n="B12K1V4">
						<w>ακουσαντες</w>
						<w>την</w>
						<w>πιστιν</w>
						<w>υμων</w>
						<w>εν</w>
						<w>χριστω</w>
						<w>ιησου</w>
						<w>και</w>
						<w>την</w>
						<w>αγαπην</w>
						<w>την</w>
						<w>εις</w>
						<w>παντας</w>
						<w>τους</w>
						<w>αγιους</w>
					</ab>
					<ab n="B12K1V5">
						<w>δια</w>
						<w>την</w>
						<w>ελπιδα</w>
						<w>την</w>
						<w>αποκειμενην</w>
						<w>υμιν</w>
						<w>εν</w>
						<w>τοις</w>
						<w>ουρανοις</w>
						<w>ην</w>
						<w>προηκουσατε</w>
						<w>εν</w>
						<w>τω</w>
						<w>λογω</w>
						<w>της</w>
						<w>αληθειας</w>
						<w>του</w>
						<w>ευαγγελιου</w>
					</ab>
					<ab n="B12K1V6">
						<w>του</w>
						<w>παροντος</w>
						<w>εις</w>
						<w>υμας</w>
						<w>καθως</w>
						<w>και</w>
						<w>εν</w>
						<w>παντι</w>
						<w>τω</w>
						<w>κοσμω</w>
						<w>και</w>
						<w>εστιν</w>
						<w>καρποφορουμενον</w>
						<w>και</w>
						<w>αυξανομενον</w>
						<w>καθως</w>
						<w>και</w>
						<w>εν</w>
						<w>υμιν</w>
						<w>αφ</w>
						<w>ης</w>
						<w>ημερας</w>
						<w>ηκουσατε</w>
						<w>και</w>
						<w>επεγνωτε</w>
						<w>την</w>
						<w>χαριν</w>
						<w>του</w>
						<w>θεου</w>
						<w>εν</w>
						<w>αληθεια</w>
					</ab>
					<ab n="B12K1V7">
						<w>καθως</w>
						<w>και</w>
						<w>εμαθετε</w>
						<w>απο</w>
						<w>επαφρα</w>
						<w>του</w>
						<w>αγαπητου</w>
						<w>συνδουλου</w>
						<w>ημων</w>
						<w>ος</w>
						<w>εστιν</w>
						<w>πιστος</w>
						<w>υπερ</w>
						<w>υμων</w>
						<w>διακονος</w>
						<w>του</w>
						<w>χριστου</w>
					</ab>
					<ab n="B12K1V8">
						<w>ο</w>
						<w>και</w>
						<w>δηλωσας</w>
						<w>ημιν</w>
						<w>την</w>
						<w>υμων</w>
						<w>αγαπην</w>
						<w>εν</w>
						<w>πνευματι</w>
					</ab>
					<ab n="B12K1V9">
						<w>δια</w>
						<w>τουτο</w>
						<w>και</w>
						<w>ημεις</w>
						<w>αφ</w>
						<w>ης</w>
						<w>ημερας</w>
						<w>ηκουσαμεν</w>
						<w>ου</w>
						<w>παυομεθα</w>
						<w>υπερ</w>
						<w>υμων</w>
						<w>προσευχομενοι</w>
						<w>και</w>
						<w>αιτουμενοι</w>
						<w>ινα</w>
						<w>πληρωθητε</w>
						<w>την</w>
						<w>επιγνωσιν</w>
						<w>του</w>
						<w>θεληματος</w>
						<w>αυτου</w>
						<w>εν</w>
						<w>παση</w>
						<w>σοφια</w>
						<w>και</w>
						<w>συνεσει</w>
						<w>πνευματικη</w>
					</ab>
					<ab n="B12K1V10">
						<w>περιπατησαι</w>
						<w>υμας</w>
						<w>αξιως</w>
						<w>του</w>
						<w>κυριου</w>
						<w>εις</w>
						<w>πασαν</w>
						<w>αρεσκειαν</w>
						<w>εν</w>
						<w>παντι</w>
						<w>εργω</w>
						<w>αγαθω</w>
						<w>καρποφορουντες</w>
						<w>και</w>
						<w>αυξανομενοι</w>
						<w>εις</w>
						<w>την</w>
						<w>επιγνωσιν</w>
						<w>του</w>
						<w>θεου</w>
					</ab>
					<ab n="B12K1V11">
						<w>εν</w>
						<w>παση</w>
						<w>δυναμει</w>
						<w>δυναμουμενοι</w>
						<w>κατα</w>
						<w>το</w>
						<w>κρατος</w>
						<w>της</w>
						<w>δοξης</w>
						<w>αυτου</w>
						<w>εις</w>
						<w>πασαν</w>
						<w>υπομονην</w>
						<w>και</w>
						<w>μακροθυμιαν</w>
						<w>μετα</w>
						<w>χαρας</w>
					</ab>
					<ab n="B12K1V12">
						<w>ευχαριστουντες</w>
						<w>τω</w>
						<w>πατρι</w>
						<w>τω</w>
						<w>ικανωσαντι</w>
						<w>ημας</w>
						<w>εις</w>
						<w>την</w>
						<w>μεριδα</w>
						<w>του</w>
						<w>κληρου</w>
						<w>των</w>
						<w>αγιων</w>
						<w>εν</w>
						<w>τω</w>
						<w>φωτι</w>
					</ab>
					<ab n="B12K1V13">
						<w>ος</w>
						<w>ερρυσατο</w>
						<w>ημας</w>
						<w>εκ</w>
						<w>της</w>
						<w>εξουσιας</w>
						<w>του</w>
						<w>σκοτους</w>
						<w>και</w>
						<w>μετεστησεν</w>
						<w>εις</w>
						<w>την</w>
						<w>βασιλειαν</w>
						<w>του</w>
						<w>υιου</w>
						<w>της</w>
						<w>αγαπης</w>
						<w>αυτου</w>
					</ab>
					<ab n="B12K1V14">
						<w>εν</w>
						<w>ω</w>
						<w>εχομεν</w>
						<w>την</w>
						<w>απολυτρωσιν</w>
						<w>την</w>
						<w>αφεσιν</w>
						<w>των</w>
						<w>αμαρτιων</w>
					</ab>
					<ab n="B12K1V15">
						<w>ος</w>
						<w>εστιν</w>
						<w>εικων</w>
						<w>του</w>
						<w>θεου</w>
						<w>του</w>
						<w>αορατου</w>
						<w>πρωτοτοκος</w>
						<w>πασης</w>
						<w>κτισεως</w>
					</ab>
					<ab n="B12K1V16">
						<w>οτι</w>
						<w>εν</w>
						<w>αυτω</w>
						<w>εκτισθη</w>
						<w>τα</w>
						<w>παντα</w>
						<w>τα</w>
						<w>εν</w>
						<w>τοις</w>
						<w>ουρανοις</w>
						<w>και</w>
						<w>τα</w>
						<w>επι</w>
						<w>της</w>
						<w>γης</w>
						<w>τα</w>
						<w>ορατα</w>
						<w>και</w>
						<w>τα</w>
						<w>αορατα</w>
						<w>ειτε</w>
						<w>θρονοι</w>
						<w>ειτε</w>
						<w>κυριοτητες</w>
						<w>ειτε</w>
						<w>αρχαι</w>
						<w>ειτε</w>
						<w>εξουσιαι</w>
						<w>τα</w>
						<w>παντα</w>
						<w>δι</w>
						<w>αυτου</w>
						<w>και</w>
						<w>εις</w>
						<w>αυτον</w>
						<w>εκτισται</w>
					</ab>
					<ab n="B12K1V17">
						<w>και</w>
						<w>αυτος</w>
						<w>εστιν</w>
						<w>προ</w>
						<w>παντων</w>
						<w>και</w>
						<w>τα</w>
						<w>παντα</w>
						<w>εν</w>
						<w>αυτω</w>
						<w>συνεστηκεν</w>
					</ab>
					<ab n="B12K1V18">
						<w>και</w>
						<w>αυτος</w>
						<w>εστιν</w>
						<w>η</w>
						<w>κεφαλη</w>
						<w>του</w>
						<w>σωματος</w>
						<w>της</w>
						<w>εκκλησιας</w>
						<w>ος</w>
						<w>εστιν</w>
						<w>αρχη</w>
						<w>πρωτοτοκος</w>
						<w>εκ</w>
						<w>των</w>
						<w>νεκρων</w>
						<w>ινα</w>
						<w>γενηται</w>
						<w>εν</w>
						<w>πασιν</w>
						<w>αυτος</w>
						<w>πρωτευων</w>
					</ab>
					<ab n="B12K1V19">
						<w>οτι</w>
						<w>εν</w>
						<w>αυτω</w>
						<w>ευδοκησεν</w>
						<w>παν</w>
						<w>το</w>
						<w>πληρωμα</w>
						<w>κατοικησαι</w>
					</ab>
					<ab n="B12K1V20">
						<w>και</w>
						<w>δι</w>
						<w>αυτου</w>
						<w>αποκαταλλαξαι</w>
						<w>τα</w>
						<w>παντα</w>
						<w>εις</w>
						<w>αυτον</w>
						<w>ειρηνοποιησας</w>
						<w>δια</w>
						<w>του</w>
						<w>αιματος</w>
						<w>του</w>
						<w>σταυρου</w>
						<w>αυτου</w>
						<w>δι</w>
						<w>αυτου</w>
						<w>ειτε</w>
						<w>τα</w>
						<w>επι</w>
						<w>της</w>
						<w>γης</w>
						<w>ειτε</w>
						<w>τα</w>
						<w>επι</w>
						<w>τοις</w>
						<w>ουρανοις</w>
					</ab>
					<ab n="B12K1V21">
						<w>και</w>
						<w>υμας</w>
						<w>ποτε</w>
						<w>οντας</w>
						<w>απηλλοτριωμενους</w>
						<w>και</w>
						<w>εχθρους</w>
						<w>τη</w>
						<w>διανοια</w>
						<w>εν</w>
						<w>τοις</w>
						<w>εργοις</w>
						<w>τοις</w>
						<w>πονηροις</w>
						<w>νυνι</w>
						<w>δε</w>
						<w>αποκατηλλαξεν</w>
					</ab>
					<ab n="B12K1V22">
						<w>εν</w>
						<w>τω</w>
						<w>σωματι</w>
						<w>της</w>
						<w>σαρκος</w>
						<w>αυτου</w>
						<w>δια</w>
						<w>του</w>
						<w>θανατου</w>
						<w>παραστησαι</w>
						<w>υμας</w>
						<w>αγιους</w>
						<w>και</w>
						<w>αμωμους</w>
						<w>και</w>
						<w>ανεγκλητους</w>
						<w>κατενωπιον</w>
						<w>αυτου</w>
					</ab>
					<ab n="B12K1V23">
						<w>ειγε</w>
						<w>επιμενετε</w>
						<w>τη</w>
						<w>πιστει</w>
						<w>τεθεμελιωμενοι</w>
						<w>και</w>
						<w>εδραιοι</w>
						<w>και</w>
						<w>μη</w>
						<w>μετακινουμενοι</w>
						<w>απο</w>
						<w>της</w>
						<w>ελπιδος</w>
						<w>του</w>
						<w>ευαγγελιου</w>
						<w>ου</w>
						<w>ηκουσατε</w>
						<w>του</w>
						<w>κηρυχθεντος</w>
						<w>εν</w>
						<w>παση</w>
						<w>τη</w>
						<w>κτισει</w>
						<w>τη</w>
						<w>υπο</w>
						<w>τον</w>
						<w>ουρανον</w>
						<w>ου</w>
						<w>εγενομην</w>
						<w>εγω</w>
						<w>παυλος</w>
						<w>διακονος</w>
					</ab>
					<ab n="B12K1V24">
						<w>νυν</w>
						<w>χαιρω</w>
						<w>εν</w>
						<w>τοις</w>
						<w>παθημασιν</w>
						<w>υπερ</w>
						<w>υμων</w>
						<w>και</w>
						<w>ανταναπληρω</w>
						<w>τα</w>
						<w>υστερηματα</w>
						<w>των</w>
						<w>θλιψεων</w>
						<w>του</w>
						<w>χριστου</w>
						<w>εν</w>
						<w>τη</w>
						<w>σαρκι</w>
						<w>μου</w>
						<w>υπερ</w>
						<w>του</w>
						<w>σωματος</w>
						<w>αυτου</w>
						<w>ο</w>
						<w>εστιν</w>
						<w>η</w>
						<w>εκκλησια</w>
					</ab>
					<ab n="B12K1V25">
						<w>ης</w>
						<w>εγενομην</w>
						<w>εγω</w>
						<w>διακονος</w>
						<w>κατα</w>
						<w>την</w>
						<w>οικονομιαν</w>
						<w>του</w>
						<w>θεου</w>
						<w>την</w>
						<w>δοθεισαν</w>
						<w>μοι</w>
						<w>εις</w>
						<w>υμας</w>
						<w>πληρωσαι</w>
						<w>τον</w>
						<w>λογον</w>
						<w>του</w>
						<w>θεου</w>
					</ab>
					<ab n="B12K1V26">
						<w>το</w>
						<w>μυστηριον</w>
						<w>το</w>
						<w>αποκεκρυμμενον</w>
						<w>απο</w>
						<w>των</w>
						<w>αιωνων</w>
						<w>και</w>
						<w>απο</w>
						<w>των</w>
						<w>γενεων</w>
						<w>νυνι</w>
						<w>δε</w>
						<w>εφανερωθη</w>
						<w>τοις</w>
						<w>αγιοις</w>
						<w>αυτου</w>
					</ab>
					<ab n="B12K1V27">
						<w>οις</w>
						<w>ηθελησεν</w>
						<w>ο</w>
						<w>θεος</w>
						<w>γνωρισαι</w>
						<w>τι</w>
						<w>το</w>
						<w>πλουτος</w>
						<w>της</w>
						<w>δοξης</w>
						<w>του</w>
						<w>μυστηριου</w>
						<w>τουτου</w>
						<w>εν</w>
						<w>τοις</w>
						<w>εθνεσιν</w>
						<w>ος</w>
						<w>εστιν</w>
						<w>χριστος</w>
						<w>εν</w>
						<w>υμιν</w>
						<w>η</w>
						<w>ελπις</w>
						<w>της</w>
						<w>δοξης</w>
					</ab>
					<ab n="B12K1V28">
						<w>ον</w>
						<w>ημεις</w>
						<w>καταγγελλομεν</w>
						<w>νουθετουντες</w>
						<w>παντα</w>
						<w>ανθρωπον</w>
						<w>και</w>
						<w>διδασκοντες</w>
						<w>παντα</w>
						<w>ανθρωπον</w>
						<w>εν</w>
						<w>παση</w>
						<w>σοφια</w>
						<w>ινα</w>
						<w>παραστησωμεν</w>
						<w>παντα</w>
						<w>ανθρωπον</w>
						<w>τελειον</w>
						<w>εν</w>
						<w>χριστω</w>
						<w>ιησου</w>
					</ab>
					<ab n="B12K1V29">
						<w>εις</w>
						<w>ο</w>
						<w>και</w>
						<w>κοπιω</w>
						<w>αγωνιζομενος</w>
						<w>κατα</w>
						<w>την</w>
						<w>ενεργειαν</w>
						<w>αυτου</w>
						<w>την</w>
						<w>ενεργουμενην</w>
						<w>εν</w>
						<w>εμοι</w>
						<w>εν</w>
						<w>δυναμει</w>
					</ab>
				</div>
				<div type="chapter" n="B12K2">
					<ab n="B12K2V1">
						<w>θελω</w>
						<w>γαρ</w>
						<w>υμας</w>
						<w>ειδεναι</w>
						<w>ηλικον</w>
						<w>αγωνα</w>
						<w>εχω</w>
						<w>περι</w>
						<w>υμων</w>
						<w>και</w>
						<w>των</w>
						<w>εν</w>
						<w>λαοδικεια</w>
						<w>και</w>
						<w>οσοι</w>
						<w>ουχ</w>
						<w>εωρακασιν</w>
						<w>το</w>
						<w>προσωπον</w>
						<w>μου</w>
						<w>εν</w>
						<w>σαρκι</w>
					</ab>
					<ab n="B12K2V2">
						<w>ινα</w>
						<w>παρακληθωσιν</w>
						<w>αι</w>
						<w>καρδιαι</w>
						<w>αυτων</w>
						<w>συμβιβασθεντων</w>
						<w>εν</w>
						<w>αγαπη</w>
						<w>και</w>
						<w>εις</w>
						<w>παντα</w>
						<w>πλουτον</w>
						<w>της</w>
						<w>πληροφοριας</w>
						<w>της</w>
						<w>συνεσεως</w>
						<w>εις</w>
						<w>επιγνωσιν</w>
						<w>του</w>
						<w>μυστηριου</w>
						<w>του</w>
						<w>θεου</w>
						<w>και</w>
						<w>πατρος</w>
						<w>και</w>
						<w>του</w>
						<w>χριστου</w>
					</ab>
					<ab n="B12K2V3">
						<w>εν</w>
						<w>ω</w>
						<w>εισιν</w>
						<w>παντες</w>
						<w>οι</w>
						<w>θησαυροι</w>
						<w>της</w>
						<w>σοφιας</w>
						<w>και</w>
						<w>της</w>
						<w>γνωσεως</w>
						<w>αποκρυφοι</w>
					</ab>
					<ab n="B12K2V4">
						<w>τουτο</w>
						<w>δε</w>
						<w>λεγω</w>
						<w>ινα</w>
						<w>μη</w>
						<w>τις</w>
						<w>υμας</w>
						<w>παραλογιζηται</w>
						<w>εν</w>
						<w>πιθανολογια</w>
					</ab>
					<ab n="B12K2V5">
						<w>ει</w>
						<w>γαρ</w>
						<w>και</w>
						<w>τη</w>
						<w>σαρκι</w>
						<w>απειμι</w>
						<w>αλλα</w>
						<w>τω</w>
						<w>πνευματι</w>
						<w>συν</w>
						<w>υμιν</w>
						<w>ειμι</w>
						<w>χαιρων</w>
						<w>και</w>
						<w>βλεπων</w>
						<w>υμων</w>
						<w>την</w>
						<w>ταξιν</w>
						<w>και</w>
						<w>το</w>
						<w>στερεωμα</w>
						<w>της</w>
						<w>εις</w>
						<w>χριστον</w>
						<w>πιστεως</w>
						<w>υμων</w>
					</ab>
					<ab n="B12K2V6">
						<w>ως</w>
						<w>ουν</w>
						<w>παρελαβετε</w>
						<w>τον</w>
						<w>χριστον</w>
						<w>ιησουν</w>
						<w>τον</w>
						<w>κυριον</w>
						<w>εν</w>
						<w>αυτω</w>
						<w>περιπατειτε</w>
					</ab>
					<ab n="B12K2V7">
						<w>ερριζωμενοι</w>
						<w>και</w>
						<w>εποικοδομουμενοι</w>
						<w>εν</w>
						<w>αυτω</w>
						<w>και</w>
						<w>βεβαιουμενοι</w>
						<w>εν</w>
						<w>τη</w>
						<w>πιστει</w>
						<w>καθως</w>
						<w>εδιδαχθητε</w>
						<w>περισσευοντες</w>
						<w>εν</w>
						<w>αυτη</w>
						<w>εν</w>
						<w>ευχαριστια</w>
					</ab>
					<ab n="B12K2V8">
						<w>βλεπετε</w>
						<w>μη</w>
						<w>τις</w>
						<w>υμας</w>
						<w>εσται</w>
						<w>ο</w>
						<w>συλαγωγων</w>
						<w>δια</w>
						<w>της</w>
						<w>φιλοσοφιας</w>
						<w>και</w>
						<w>κενης</w>
						<w>απατης</w>
						<w>κατα</w>
						<w>την</w>
						<w>παραδοσιν</w>
						<w>των</w>
						<w>ανθρωπων</w>
						<w>κατα</w>
						<w>τα</w>
						<w>στοιχεια</w>
						<w>του</w>
						<w>κοσμου</w>
						<w>και</w>
						<w>ου</w>
						<w>κατα</w>
						<w>χριστον</w>
					</ab>
					<ab n="B12K2V9">
						<w>οτι</w>
						<w>εν</w>
						<w>αυτω</w>
						<w>κατοικει</w>
						<w>παν</w>
						<w>το</w>
						<w>πληρωμα</w>
						<w>της</w>
						<w>θεοτητος</w>
						<w>σωματικως</w>
					</ab>
					<ab n="B12K2V10">
						<w>και</w>
						<w>εστε</w>
						<w>εν</w>
						<w>αυτω</w>
						<w>πεπληρωμενοι</w>
						<w>ος</w>
						<w>εστιν</w>
						<w>η</w>
						<w>κεφαλη</w>
						<w>πασης</w>
						<w>αρχης</w>
						<w>και</w>
						<w>εξουσιας</w>
					</ab>
					<ab n="B12K2V11">
						<w>εν</w>
						<w>ω</w>
						<w>και</w>
						<w>περιετμηθητε</w>
						<w>περιτομη</w>
						<w>αχειροποιητω</w>
						<w>εν</w>
						<w>τη</w>
						<w>απεκδυσει</w>
						<w>του</w>
						<w>σωματος</w>
						<w>των</w>
						<w>αμαρτιων</w>
						<w>της</w>
						<w>σαρκος</w>
						<w>εν</w>
						<w>τη</w>
						<w>περιτομη</w>
						<w>του</w>
						<w>χριστου</w>
					</ab>
					<ab n="B12K2V12">
						<w>συνταφεντες</w>
						<w>αυτω</w>
						<w>εν</w>
						<w>τω</w>
						<w>βαπτισματι</w>
						<w>εν</w>
						<w>ω</w>
						<w>και</w>
						<w>συνηγερθητε</w>
						<w>δια</w>
						<w>της</w>
						<w>πιστεως</w>
						<w>της</w>
						<w>ενεργειας</w>
						<w>του</w>
						<w>θεου</w>
						<w>του</w>
						<w>εγειραντος</w>
						<w>αυτον</w>
						<w>εκ</w>
						<w>των</w>
						<w>νεκρων</w>
					</ab>
					<ab n="B12K2V13">
						<w>και</w>
						<w>υμας</w>
						<w>νεκρους</w>
						<w>οντας</w>
						<w>εν</w>
						<w>τοις</w>
						<w>παραπτωμασιν</w>
						<w>και</w>
						<w>τη</w>
						<w>ακροβυστια</w>
						<w>της</w>
						<w>σαρκος</w>
						<w>υμων</w>
						<w>συνεζωοποιησεν</w>
						<w>υμας</w>
						<w>συν</w>
						<w>αυτω</w>
						<w>χαρισαμενος</w>
						<w>ημιν</w>
						<w>παντα</w>
						<w>τα</w>
						<w>παραπτωματα</w>
					</ab>
					<ab n="B12K2V14">
						<w>εξαλειψας</w>
						<w>το</w>
						<w>καθ</w>
						<w>ημων</w>
						<w>χειρογραφον</w>
						<w>τοις</w>
						<w>δογμασιν</w>
						<w>ο</w>
						<w>ην</w>
						<w>υπεναντιον</w>
						<w>ημιν</w>
						<w>και</w>
						<w>αυτο</w>
						<w>ηρκεν</w>
						<w>εκ</w>
						<w>του</w>
						<w>μεσου</w>
						<w>προσηλωσας</w>
						<w>αυτο</w>
						<w>τω</w>
						<w>σταυρω</w>
					</ab>
					<ab n="B12K2V15">
						<w>απεκδυσαμενος</w>
						<w>τας</w>
						<w>αρχας</w>
						<w>και</w>
						<w>τας</w>
						<w>εξουσιας</w>
						<w>εδειγματισεν</w>
						<w>εν</w>
						<w>παρρησια</w>
						<w>θριαμβευσας</w>
						<w>αυτους</w>
						<w>εν</w>
						<w>αυτω</w>
					</ab>
					<ab n="B12K2V16">
						<w>μη</w>
						<w>ουν</w>
						<w>τις</w>
						<w>υμας</w>
						<w>κρινετω</w>
						<w>εν</w>
						<w>βρωσει</w>
						<w>η</w>
						<w>εν</w>
						<w>ποσει</w>
						<w>η</w>
						<w>εν</w>
						<w>μερει</w>
						<w>εορτης</w>
						<w>η</w>
						<w>νουμηνιας</w>
						<w>η</w>
						<w>σαββατων</w>
					</ab>
					<ab n="B12K2V17">
						<w>α</w>
						<w>εστιν</w>
						<w>σκια</w>
						<w>των</w>
						<w>μελλοντων</w>
						<w>το</w>
						<w>δε</w>
						<w>σωμα</w>
						<w>χριστου</w>
					</ab>
					<ab n="B12K2V18">
						<w>μηδεις</w>
						<w>υμας</w>
						<w>καταβραβευετω</w>
						<w>θελων</w>
						<w>εν</w>
						<w>ταπεινοφροσυνη</w>
						<w>και</w>
						<w>θρησκεια</w>
						<w>των</w>
						<w>αγγελων</w>
						<w>α</w>
						<w>μη</w>
						<w>εωρακεν</w>
						<w>εμβατευων</w>
						<w>εικη</w>
						<w>φυσιουμενος</w>
						<w>υπο</w>
						<w>του</w>
						<w>νοος</w>
						<w>της</w>
						<w>σαρκος</w>
						<w>αυτου</w>
					</ab>
					<ab n="B12K2V19">
						<w>και</w>
						<w>ου</w>
						<w>κρατων</w>
						<w>την</w>
						<w>κεφαλην</w>
						<w>εξ</w>
						<w>ου</w>
						<w>παν</w>
						<w>το</w>
						<w>σωμα</w>
						<w>δια</w>
						<w>των</w>
						<w>αφων</w>
						<w>και</w>
						<w>συνδεσμων</w>
						<w>επιχορηγουμενον</w>
						<w>και</w>
						<w>συμβιβαζομενον</w>
						<w>αυξει</w>
						<w>την</w>
						<w>αυξησιν</w>
						<w>του</w>
						<w>θεου</w>
					</ab>
					<ab n="B12K2V20">
						<w>ει</w>
						<w>απεθανετε</w>
						<w>συν</w>
						<w>χριστω</w>
						<w>απο</w>
						<w>των</w>
						<w>στοιχειων</w>
						<w>του</w>
						<w>κοσμου</w>
						<w>τι</w>
						<w>ως</w>
						<w>ζωντες</w>
						<w>εν</w>
						<w>κοσμω</w>
						<w>δογματιζεσθε</w>
					</ab>
					<ab n="B12K2V21">
						<w>μη</w>
						<w>αψη</w>
						<w>μηδε</w>
						<w>γευση</w>
						<w>μηδε</w>
						<w>θιγης</w>
					</ab>
					<ab n="B12K2V22">
						<w>α</w>
						<w>εστιν</w>
						<w>παντα</w>
						<w>εις</w>
						<w>φθοραν</w>
						<w>τη</w>
						<w>αποχρησει</w>
						<w>κατα</w>
						<w>τα</w>
						<w>ενταλματα</w>
						<w>και</w>
						<w>διδασκαλιας</w>
						<w>των</w>
						<w>ανθρωπων</w>
					</ab>
					<ab n="B12K2V23">
						<w>ατινα</w>
						<w>εστιν</w>
						<w>λογον</w>
						<w>μεν</w>
						<w>εχοντα</w>
						<w>σοφιας</w>
						<w>εν</w>
						<w>εθελοθρησκεια</w>
						<w>και</w>
						<w>ταπεινοφροσυνη</w>
						<w>και</w>
						<w>αφειδια</w>
						<w>σωματος</w>
						<w>ουκ</w>
						<w>εν</w>
						<w>τιμη</w>
						<w>τινι</w>
						<w>προς</w>
						<w>πλησμονην</w>
						<w>της</w>
						<w>σαρκος</w>
					</ab>
				</div>
				<div type="chapter" n="B12K3">
					<ab n="B12K3V1">
						<w>ει</w>
						<w>ουν</w>
						<w>συνηγερθητε</w>
						<w>τω</w>
						<w>χριστω</w>
						<w>τα</w>
						<w>ανω</w>
						<w>ζητειτε</w>
						<w>ου</w>
						<w>ο</w>
						<w>χριστος</w>
						<w>εστιν</w>
						<w>εν</w>
						<w>δεξια</w>
						<w>του</w>
						<w>θεου</w>
						<w>καθημενος</w>
					</ab>
					<ab n="B12K3V2">
						<w>τα</w>
						<w>ανω</w>
						<w>φρονειτε</w>
						<w>μη</w>
						<w>τα</w>
						<w>επι</w>
						<w>της</w>
						<w>γης</w>
					</ab>
					<ab n="B12K3V3">
						<w>απεθανετε</w>
						<w>γαρ</w>
						<w>και</w>
						<w>η</w>
						<w>ζωη</w>
						<w>υμων</w>
						<w>κεκρυπται</w>
						<w>συν</w>
						<w>τω</w>
						<w>χριστω</w>
						<w>εν</w>
						<w>τω</w>
						<w>θεω</w>
					</ab>
					<ab n="B12K3V4">
						<w>οταν</w>
						<w>ο</w>
						<w>χριστος</w>
						<w>φανερωθη</w>
						<w>η</w>
						<w>ζωη</w>
						<w>ημων</w>
						<w>τοτε</w>
						<w>και</w>
						<w>υμεις</w>
						<w>συν</w>
						<w>αυτω</w>
						<w>φανερωθησεσθε</w>
						<w>εν</w>
						<w>δοξη</w>
					</ab>
					<ab n="B12K3V5">
						<w>νεκρωσατε</w>
						<w>ουν</w>
						<w>τα</w>
						<w>μελη</w>
						<w>υμων</w>
						<w>τα</w>
						<w>επι</w>
						<w>της</w>
						<w>γης</w>
						<w>πορνειαν</w>
						<w>ακαθαρσιαν</w>
						<w>παθος</w>
						<w>επιθυμιαν</w>
						<w>κακην</w>
						<w>και</w>
						<w>την</w>
						<w>πλεονεξιαν</w>
						<w>ητις</w>
						<w>εστιν</w>
						<w>ειδωλολατρεια</w>
					</ab>
					<ab n="B12K3V6">
						<w>δι</w>
						<w>α</w>
						<w>ερχεται</w>
						<w>η</w>
						<w>οργη</w>
						<w>του</w>
						<w>θεου</w>
						<w>επι</w>
						<w>τους</w>
						<w>υιους</w>
						<w>της</w>
						<w>απειθειας</w>
					</ab>
					<ab n="B12K3V7">
						<w>εν</w>
						<w>οις</w>
						<w>και</w>
						<w>υμεις</w>
						<w>περιεπατησατε</w>
						<w>ποτε</w>
						<w>οτε</w>
						<w>εζητε</w>
						<w>εν</w>
						<w>αυτοις</w>
					</ab>
					<ab n="B12K3V8">
						<w>νυνι</w>
						<w>δε</w>
						<w>αποθεσθε</w>
						<w>και</w>
						<w>υμεις</w>
						<w>τα</w>
						<w>παντα</w>
						<w>οργην</w>
						<w>θυμον</w>
						<w>κακιαν</w>
						<w>βλασφημιαν</w>
						<w>αισχρολογιαν</w>
						<w>εκ</w>
						<w>του</w>
						<w>στοματος</w>
						<w>υμων</w>
					</ab>
					<ab n="B12K3V9">
						<w>μη</w>
						<w>ψευδεσθε</w>
						<w>εις</w>
						<w>αλληλους</w>
						<w>απεκδυσαμενοι</w>
						<w>τον</w>
						<w>παλαιον</w>
						<w>ανθρωπον</w>
						<w>συν</w>
						<w>ταις</w>
						<w>πραξεσιν</w>
						<w>αυτου</w>
					</ab>
					<ab n="B12K3V10">
						<w>και</w>
						<w>ενδυσαμενοι</w>
						<w>τον</w>
						<w>νεον</w>
						<w>τον</w>
						<w>ανακαινουμενον</w>
						<w>εις</w>
						<w>επιγνωσιν</w>
						<w>κατ</w>
						<w>εικονα</w>
						<w>του</w>
						<w>κτισαντος</w>
						<w>αυτον</w>
					</ab>
					<ab n="B12K3V11">
						<w>οπου</w>
						<w>ουκ</w>
						<w>ενι</w>
						<w>ελλην</w>
						<w>και</w>
						<w>ιουδαιος</w>
						<w>περιτομη</w>
						<w>και</w>
						<w>ακροβυστια</w>
						<w>βαρβαρος</w>
						<w>σκυθης</w>
						<w>δουλος</w>
						<w>ελευθερος</w>
						<w>αλλα</w>
						<w>τα</w>
						<w>παντα</w>
						<w>και</w>
						<w>εν</w>
						<w>πασιν</w>
						<w>χριστος</w>
					</ab>
					<ab n="B12K3V12">
						<w>ενδυσασθε</w>
						<w>ουν</w>
						<w>ως</w>
						<w>εκλεκτοι</w>
						<w>του</w>
						<w>θεου</w>
						<w>αγιοι</w>
						<w>και</w>
						<w>ηγαπημενοι</w>
						<w>σπλαγχνα</w>
						<w>οικτιρμου</w>
						<w>χρηστοτητα</w>
						<w>ταπεινοφροσυνην</w>
						<w>πραοτητα</w>
						<w>μακροθυμιαν</w>
					</ab>
					<ab n="B12K3V13">
						<w>ανεχομενοι</w>
						<w>αλληλων</w>
						<w>και</w>
						<w>χαριζομενοι</w>
						<w>εαυτοις</w>
						<w>εαν</w>
						<w>τις</w>
						<w>προς</w>
						<w>τινα</w>
						<w>εχη</w>
						<w>μομφην</w>
						<w>καθως</w>
						<w>και</w>
						<w>ο</w>
						<w>χριστος</w>
						<w>εχαρισατο</w>
						<w>υμιν</w>
						<w>ουτως</w>
						<w>και</w>
						<w>υμεις</w>
					</ab>
					<ab n="B12K3V14">
						<w>επι</w>
						<w>πασιν</w>
						<w>δε</w>
						<w>τουτοις</w>
						<w>την</w>
						<w>αγαπην</w>
						<w>ητις</w>
						<w>εστιν</w>
						<w>συνδεσμος</w>
						<w>της</w>
						<w>τελειοτητος</w>
					</ab>
					<ab n="B12K3V15">
						<w>και</w>
						<w>η</w>
						<w>ειρηνη</w>
						<w>του</w>
						<w>θεου</w>
						<w>βραβευετω</w>
						<w>εν</w>
						<w>ταις</w>
						<w>καρδιαις</w>
						<w>υμων</w>
						<w>εις</w>
						<w>ην</w>
						<w>και</w>
						<w>εκληθητε</w>
						<w>εν</w>
						<w>ενι</w>
						<w>σωματι</w>
						<w>και</w>
						<w>ευχαριστοι</w>
						<w>γινεσθε</w>
					</ab>
					<ab n="B12K3V16">
						<w>ο</w>
						<w>λογος</w>
						<w>του</w>
						<w>χριστου</w>
						<w>ενοικειτω</w>
						<w>εν</w>
						<w>υμιν</w>
						<w>πλουσιως</w>
						<w>εν</w>
						<w>παση</w>
						<w>σοφια</w>
						<w>διδασκοντες</w>
						<w>και</w>
						<w>νουθετουντες</w>
						<w>εαυτους</w>
						<w>ψαλμοις</w>
						<w>και</w>
						<w>υμνοις</w>
						<w>και</w>
						<w>ωδαις</w>
						<w>πνευματικαις</w>
						<w>εν</w>
						<w>χαριτι</w>
						<w>αδοντες</w>
						<w>εν</w>
						<w>τη</w>
						<w>καρδια</w>
						<w>υμων</w>
						<w>τω</w>
						<w>κυριω</w>
					</ab>
					<ab n="B12K3V17">
						<w>και</w>
						<w>παν</w>
						<w>ο</w>
						<w>τι</w>
						<w>αν</w>
						<w>ποιητε</w>
						<w>εν</w>
						<w>λογω</w>
						<w>η</w>
						<w>εν</w>
						<w>εργω</w>
						<w>παντα</w>
						<w>εν</w>
						<w>ονοματι</w>
						<w>κυριου</w>
						<w>ιησου</w>
						<w>ευχαριστουντες</w>
						<w>τω</w>
						<w>θεω</w>
						<w>και</w>
						<w>πατρι</w>
						<w>δι</w>
						<w>αυτου</w>
					</ab>
					<ab n="B12K3V18">
						<w>αι</w>
						<w>γυναικες</w>
						<w>υποτασσεσθε</w>
						<w>τοις</w>
						<w>ιδιοις</w>
						<w>ανδρασιν</w>
						<w>ως</w>
						<w>ανηκεν</w>
						<w>εν</w>
						<w>κυριω</w>
					</ab>
					<ab n="B12K3V19">
						<w>οι</w>
						<w>ανδρες</w>
						<w>αγαπατε</w>
						<w>τας</w>
						<w>γυναικας</w>
						<w>και</w>
						<w>μη</w>
						<w>πικραινεσθε</w>
						<w>προς</w>
						<w>αυτας</w>
					</ab>
					<ab n="B12K3V20">
						<w>τα</w>
						<w>τεκνα</w>
						<w>υπακουετε</w>
						<w>τοις</w>
						<w>γονευσιν</w>
						<w>κατα</w>
						<w>παντα</w>
						<w>τουτο</w>
						<w>γαρ</w>
						<w>εστιν</w>
						<w>ευαρεστον</w>
						<w>εν</w>
						<w>κυριω</w>
					</ab>
					<ab n="B12K3V21">
						<w>οι</w>
						<w>πατερες</w>
						<w>μη</w>
						<w>ερεθιζετε</w>
						<w>τα</w>
						<w>τεκνα</w>
						<w>υμων</w>
						<w>ινα</w>
						<w>μη</w>
						<w>αθυμωσιν</w>
					</ab>
					<ab n="B12K3V22">
						<w>οι</w>
						<w>δουλοι</w>
						<w>υπακουετε</w>
						<w>κατα</w>
						<w>παντα</w>
						<w>τοις</w>
						<w>κατα</w>
						<w>σαρκα</w>
						<w>κυριοις</w>
						<w>μη</w>
						<w>εν</w>
						<w>οφθαλμοδουλειαις</w>
						<w>ως</w>
						<w>ανθρωπαρεσκοι</w>
						<w>αλλ</w>
						<w>εν</w>
						<w>απλοτητι</w>
						<w>καρδιας</w>
						<w>φοβουμενοι</w>
						<w>τον</w>
						<w>θεον</w>
					</ab>
					<ab n="B12K3V23">
						<w>και</w>
						<w>παν</w>
						<w>ο</w>
						<w>τι</w>
						<w>εαν</w>
						<w>ποιητε</w>
						<w>εκ</w>
						<w>ψυχης</w>
						<w>εργαζεσθε</w>
						<w>ως</w>
						<w>τω</w>
						<w>κυριω</w>
						<w>και</w>
						<w>ουκ</w>
						<w>ανθρωποις</w>
					</ab>
					<ab n="B12K3V24">
						<w>ειδοτες</w>
						<w>οτι</w>
						<w>απο</w>
						<w>κυριου</w>
						<w>ληψεσθε</w>
						<w>την</w>
						<w>ανταποδοσιν</w>
						<w>της</w>
						<w>κληρονομιας</w>
						<w>τω</w>
						<w>γαρ</w>
						<w>κυριω</w>
						<w>χριστω</w>
						<w>δουλευετε</w>
					</ab>
					<ab n="B12K3V25">
						<w>ο</w>
						<w>δε</w>
						<w>αδικων</w>
						<w>κομιειται</w>
						<w>ο</w>
						<w>ηδικησεν</w>
						<w>και</w>
						<w>ουκ</w>
						<w>εστιν</w>
						<w>προσωποληψια</w>
					</ab>
				</div>
				<div type="chapter" n="B12K4">
					<ab n="B12K4V1">
						<w>οι</w>
						<w>κυριοι</w>
						<w>το</w>
						<w>δικαιον</w>
						<w>και</w>
						<w>την</w>
						<w>ισοτητα</w>
						<w>τοις</w>
						<w>δουλοις</w>
						<w>παρεχεσθε</w>
						<w>ειδοτες</w>
						<w>οτι</w>
						<w>και</w>
						<w>υμεις</w>
						<w>εχετε</w>
						<w>κυριον</w>
						<w>εν</w>
						<w>ουρανοις</w>
					</ab>
					<ab n="B12K4V2">
						<w>τη</w>
						<w>προσευχη</w>
						<w>προσκαρτερειτε</w>
						<w>γρηγορουντες</w>
						<w>εν</w>
						<w>αυτη</w>
						<w>εν</w>
						<w>ευχαριστια</w>
					</ab>
					<ab n="B12K4V3">
						<w>προσευχομενοι</w>
						<w>αμα</w>
						<w>και</w>
						<w>περι</w>
						<w>ημων</w>
						<w>ινα</w>
						<w>ο</w>
						<w>θεος</w>
						<w>ανοιξη</w>
						<w>ημιν</w>
						<w>θυραν</w>
						<w>του</w>
						<w>λογου</w>
						<w>λαλησαι</w>
						<w>το</w>
						<w>μυστηριον</w>
						<w>του</w>
						<w>χριστου</w>
						<w>δι</w>
						<w>ο</w>
						<w>και</w>
						<w>δεδεμαι</w>
					</ab>
					<ab n="B12K4V4">
						<w>ινα</w>
						<w>φανερωσω</w>
						<w>αυτο</w>
						<w>ως</w>
						<w>δει</w>
						<w>με</w>
						<w>λαλησαι</w>
					</ab>
					<ab n="B12K4V5">
						<w>εν</w>
						<w>σοφια</w>
						<w>περιπατειτε</w>
						<w>προς</w>
						<w>τους</w>
						<w>εξω</w>
						<w>τον</w>
						<w>καιρον</w>
						<w>εξαγοραζομενοι</w>
					</ab>
					<ab n="B12K4V6">
						<w>ο</w>
						<w>λογος</w>
						<w>υμων</w>
						<w>παντοτε</w>
						<w>εν</w>
						<w>χαριτι</w>
						<w>αλατι</w>
						<w>ηρτυμενος</w>
						<w>ειδεναι</w>
						<w>πως</w>
						<w>δει</w>
						<w>υμας</w>
						<w>ενι</w>
						<w>εκαστω</w>
						<w>αποκρινεσθαι</w>
					</ab>
					<ab n="B12K4V7">
						<w>τα</w>
						<w>κατ</w>
						<w>εμε</w>
						<w>παντα</w>
						<w>γνωρισει</w>
						<w>υμιν</w>
						<w>τυχικος</w>
						<w>ο</w>
						<w>αγαπητος</w>
						<w>αδελφος</w>
						<w>και</w>
						<w>πιστος</w>
						<w>διακονος</w>
						<w>και</w>
						<w>συνδουλος</w>
						<w>εν</w>
						<w>κυριω</w>
					</ab>
					<ab n="B12K4V8">
						<w>ον</w>
						<w>επεμψα</w>
						<w>προς</w>
						<w>υμας</w>
						<w>εις</w>
						<w>αυτο</w>
						<w>τουτο</w>
						<w>ινα</w>
						<w>γνω</w>
						<w>τα</w>
						<w>περι</w>
						<w>υμων</w>
						<w>και</w>
						<w>παρακαλεση</w>
						<w>τας</w>
						<w>καρδιας</w>
						<w>υμων</w>
					</ab>
					<ab n="B12K4V9">
						<w>συν</w>
						<w>ονησιμω</w>
						<w>τω</w>
						<w>πιστω</w>
						<w>και</w>
						<w>αγαπητω</w>
						<w>αδελφω</w>
						<w>ος</w>
						<w>εστιν</w>
						<w>εξ</w>
						<w>υμων</w>
						<w>παντα</w>
						<w>υμιν</w>
						<w>γνωριουσιν</w>
						<w>τα</w>
						<w>ωδε</w>
					</ab>
					<ab n="B12K4V10">
						<w>ασπαζεται</w>
						<w>υμας</w>
						<w>αρισταρχος</w>
						<w>ο</w>
						<w>συναιχμαλωτος</w>
						<w>μου</w>
						<w>και</w>
						<w>μαρκος</w>
						<w>ο</w>
						<w>ανεψιος</w>
						<w>βαρναβα</w>
						<w>περι</w>
						<w>ου</w>
						<w>ελαβετε</w>
						<w>εντολας</w>
						<w>εαν</w>
						<w>ελθη</w>
						<w>προς</w>
						<w>υμας</w>
						<w>δεξασθε</w>
						<w>αυτον</w>
					</ab>
					<ab n="B12K4V11">
						<w>και</w>
						<w>ιησους</w>
						<w>ο</w>
						<w>λεγομενος</w>
						<w>ιουστος</w>
						<w>οι</w>
						<w>οντες</w>
						<w>εκ</w>
						<w>περιτομης</w>
						<w>ουτοι</w>
						<w>μονοι</w>
						<w>συνεργοι</w>
						<w>εις</w>
						<w>την</w>
						<w>βασιλειαν</w>
						<w>του</w>
						<w>θεου</w>
						<w>οιτινες</w>
						<w>εγενηθησαν</w>
						<w>μοι</w>
						<w>παρηγορια</w>
					</ab>
					<ab n="B12K4V12">
						<w>ασπαζεται</w>
						<w>υμας</w>
						<w>επαφρας</w>
						<w>ο</w>
						<w>εξ</w>
						<w>υμων</w>
						<w>δουλος</w>
						<w>χριστου</w>
						<w>παντοτε</w>
						<w>αγωνιζομενος</w>
						<w>υπερ</w>
						<w>υμων</w>
						<w>εν</w>
						<w>ταις</w>
						<w>προσευχαις</w>
						<w>ινα</w>
						<w>στητε</w>
						<w>τελειοι</w>
						<w>και</w>
						<w>πεπληρωμενοι</w>
						<w>εν</w>
						<w>παντι</w>
						<w>θεληματι</w>
						<w>του</w>
						<w>θεου</w>
					</ab>
					<ab n="B12K4V13">
						<w>μαρτυρω</w>
						<w>γαρ</w>
						<w>αυτω</w>
						<w>οτι</w>
						<w>εχει</w>
						<w>ζηλον</w>
						<w>πολυν</w>
						<w>υπερ</w>
						<w>υμων</w>
						<w>και</w>
						<w>των</w>
						<w>εν</w>
						<w>λαοδικεια</w>
						<w>και</w>
						<w>των</w>
						<w>εν</w>
						<w>ιεραπολει</w>
					</ab>
					<ab n="B12K4V14">
						<w>ασπαζεται</w>
						<w>υμας</w>
						<w>λουκας</w>
						<w>ο</w>
						<w>ιατρος</w>
						<w>ο</w>
						<w>αγαπητος</w>
						<w>και</w>
						<w>δημας</w>
					</ab>
					<ab n="B12K4V15">
						<w>ασπασασθε</w>
						<w>τους</w>
						<w>εν</w>
						<w>λαοδικεια</w>
						<w>αδελφους</w>
						<w>και</w>
						<w>νυμφαν</w>
						<w>και</w>
						<w>την</w>
						<w>κατ</w>
						<w>οικον</w>
						<w>αυτου</w>
						<w>εκκλησιαν</w>
					</ab>
					<ab n="B12K4V16">
						<w>και</w>
						<w>οταν</w>
						<w>αναγνωσθη</w>
						<w>παρ</w>
						<w>υμιν</w>
						<w>η</w>
						<w>επιστολη</w>
						<w>ποιησατε</w>
						<w>ινα</w>
						<w>και</w>
						<w>εν</w>
						<w>τη</w>
						<w>λαοδικαιων</w>
						<w>εκκλησια</w>
						<w>αναγνωσθη</w>
						<w>και</w>
						<w>την</w>
						<w>εκ</w>
						<w>λαοδικειας</w>
						<w>ινα</w>
						<w>και</w>
						<w>υμεις</w>
						<w>αναγνωτε</w>
					</ab>
					<ab n="B12K4V17">
						<w>και</w>
						<w>ειπατε</w>
						<w>αρχιππω</w>
						<w>βλεπε</w>
						<w>την</w>
						<w>διακονιαν</w>
						<w>ην</w>
						<w>παρελαβες</w>
						<w>εν</w>
						<w>κυριω</w>
						<w>ινα</w>
						<w>αυτην</w>
						<w>πληροις</w>
					</ab>
					<ab n="B12K4V18">
						<w>ο</w>
						<w>ασπασμος</w>
						<w>τη</w>
						<w>εμη</w>
						<w>χειρι</w>
						<w>παυλου</w>
						<w>μνημονευετε</w>
						<w>μου</w>
						<w>των</w>
						<w>δεσμων</w>
						<w>η</w>
						<w>χαρις</w>
						<w>μεθ</w>
						<w>υμων</w>
						<w>αμην</w>
					</ab>
				</div>
			</div>
		</body>
	</text>
</TEI>