<?xml version="1.0" encoding="utf-8"?>
<!DOCTYPE TEI [
<!-- entities used in individual transcriptions will be defined here -->
]>
<?xml-model href="TEI-NTMSS.rng" type="application/xml" 
schematypens="http://relaxng.org/ns/structure/1.0"?>
<TEI xml:id="Byz" xmlns="http://www.tei-c.org/ns/1.0">
    <teiHeader>
        <fileDesc>
            <titleStmt>
                <title>The New Testament in the Original Greek: The Byzantine Textform</title>
                <title type="collection" level="s" xml:lang="en">The New Testament</title>
				<title type="work" level="m" xml:lang="en" n="10">Ephesians</title>
				<title type="short" level="m" xml:lang="en" n="10">EPH</title>                
                <respStmt>
                    <resp>Created by</resp><name>Maurice A. Robinson and William Pierpont</name>
                </respStmt>
            </titleStmt> 
        <editionStmt>
            <edition n="2018">Last updated (XML version) <date>31.5.2023</date></edition>
        </editionStmt>
        <publicationStmt>
            <availability><p>This file is in the Public Domain</p></availability>
        </publicationStmt>
        <sourceDesc>
            <msDesc>
            <msIdentifier>
                <country>United States of America</country>
                <msName xml:lang="en">The New Testament in the Original Greek: The Byzantine Textform</msName>
                <altIdentifier type="Byz"></altIdentifier>
            </msIdentifier>
            </msDesc>
        </sourceDesc>
        </fileDesc>
        <encodingDesc n="1.5">
            <editorialDecl>
                <p>The initial transcription file was a set of plain text files, later converted to XML. Further information about the procedures followed may be found in the electronic edition at <ptr target="https://github.com/byztxt/byzantine-majority-text/"/></p>
                <p>The XML specifications used were version 1.5 of the IGNTP Guidelines available at <ptr target="http://epapers.bham.ac.uk/1892/"/></p>
            </editorialDecl> 
            <variantEncoding method="parallel-segmentation" location="internal"/>
        </encodingDesc>
    </teiHeader>
    <text xml:lang="grc">
        <body>
			<div type="book" n="B10">
				<div type="chapter" n="B10K1">
					<ab n="B10K1V1">
						<w>παυλος</w>
						<w>αποστολος</w>
						<w>ιησου</w>
						<w>χριστου</w>
						<w>δια</w>
						<w>θεληματος</w>
						<w>θεου</w>
						<w>τοις</w>
						<w>αγιοις</w>
						<w>τοις</w>
						<w>ουσιν</w>
						<w>εν</w>
						<w>εφεσω</w>
						<w>και</w>
						<w>πιστοις</w>
						<w>εν</w>
						<w>χριστω</w>
						<w>ιησου</w>
					</ab>
					<ab n="B10K1V2">
						<w>χαρις</w>
						<w>υμιν</w>
						<w>και</w>
						<w>ειρηνη</w>
						<w>απο</w>
						<w>θεου</w>
						<w>πατρος</w>
						<w>ημων</w>
						<w>και</w>
						<w>κυριου</w>
						<w>ιησου</w>
						<w>χριστου</w>
					</ab>
					<ab n="B10K1V3">
						<w>ευλογητος</w>
						<w>ο</w>
						<w>θεος</w>
						<w>και</w>
						<w>πατηρ</w>
						<w>του</w>
						<w>κυριου</w>
						<w>ημων</w>
						<w>ιησου</w>
						<w>χριστου</w>
						<w>ο</w>
						<w>ευλογησας</w>
						<w>ημας</w>
						<w>εν</w>
						<w>παση</w>
						<w>ευλογια</w>
						<w>πνευματικη</w>
						<w>εν</w>
						<w>τοις</w>
						<w>επουρανιοις</w>
						<w>εν</w>
						<w>χριστω</w>
					</ab>
					<ab n="B10K1V4">
						<w>καθως</w>
						<w>εξελεξατο</w>
						<w>ημας</w>
						<w>εν</w>
						<w>αυτω</w>
						<w>προ</w>
						<w>καταβολης</w>
						<w>κοσμου</w>
						<w>ειναι</w>
						<w>ημας</w>
						<w>αγιους</w>
						<w>και</w>
						<w>αμωμους</w>
						<w>κατενωπιον</w>
						<w>αυτου</w>
						<w>εν</w>
						<w>αγαπη</w>
					</ab>
					<ab n="B10K1V5">
						<w>προορισας</w>
						<w>ημας</w>
						<w>εις</w>
						<w>υιοθεσιαν</w>
						<w>δια</w>
						<w>ιησου</w>
						<w>χριστου</w>
						<w>εις</w>
						<w>αυτον</w>
						<w>κατα</w>
						<w>την</w>
						<w>ευδοκιαν</w>
						<w>του</w>
						<w>θεληματος</w>
						<w>αυτου</w>
					</ab>
					<ab n="B10K1V6">
						<w>εις</w>
						<w>επαινον</w>
						<w>δοξης</w>
						<w>της</w>
						<w>χαριτος</w>
						<w>αυτου</w>
						<w>εν</w>
						<w>η</w>
						<w>εχαριτωσεν</w>
						<w>ημας</w>
						<w>εν</w>
						<w>τω</w>
						<w>ηγαπημενω</w>
					</ab>
					<ab n="B10K1V7">
						<w>εν</w>
						<w>ω</w>
						<w>εχομεν</w>
						<w>την</w>
						<w>απολυτρωσιν</w>
						<w>δια</w>
						<w>του</w>
						<w>αιματος</w>
						<w>αυτου</w>
						<w>την</w>
						<w>αφεσιν</w>
						<w>των</w>
						<w>παραπτωματων</w>
						<w>κατα</w>
						<w>τον</w>
						<w>πλουτον</w>
						<w>της</w>
						<w>χαριτος</w>
						<w>αυτου</w>
					</ab>
					<ab n="B10K1V8">
						<w>ης</w>
						<w>επερισσευσεν</w>
						<w>εις</w>
						<w>ημας</w>
						<w>εν</w>
						<w>παση</w>
						<w>σοφια</w>
						<w>και</w>
						<w>φρονησει</w>
					</ab>
					<ab n="B10K1V9">
						<w>γνωρισας</w>
						<w>ημιν</w>
						<w>το</w>
						<w>μυστηριον</w>
						<w>του</w>
						<w>θεληματος</w>
						<w>αυτου</w>
						<w>κατα</w>
						<w>την</w>
						<w>ευδοκιαν</w>
						<w>αυτου</w>
						<w>ην</w>
						<w>προεθετο</w>
						<w>εν</w>
						<w>αυτω</w>
					</ab>
					<ab n="B10K1V10">
						<w>εις</w>
						<w>οικονομιαν</w>
						<w>του</w>
						<w>πληρωματος</w>
						<w>των</w>
						<w>καιρων</w>
						<w>ανακεφαλαιωσασθαι</w>
						<w>τα</w>
						<w>παντα</w>
						<w>εν</w>
						<w>τω</w>
						<w>χριστω</w>
						<w>τα</w>
						<w>επι</w>
						<w>τοις</w>
						<w>ουρανοις</w>
						<w>και</w>
						<w>τα</w>
						<w>επι</w>
						<w>της</w>
						<w>γης</w>
					</ab>
					<ab n="B10K1V11">
						<w>εν</w>
						<w>αυτω</w>
						<w>εν</w>
						<w>ω</w>
						<w>και</w>
						<w>εκληρωθημεν</w>
						<w>προορισθεντες</w>
						<w>κατα</w>
						<w>προθεσιν</w>
						<w>του</w>
						<w>τα</w>
						<w>παντα</w>
						<w>ενεργουντος</w>
						<w>κατα</w>
						<w>την</w>
						<w>βουλην</w>
						<w>του</w>
						<w>θεληματος</w>
						<w>αυτου</w>
					</ab>
					<ab n="B10K1V12">
						<w>εις</w>
						<w>το</w>
						<w>ειναι</w>
						<w>ημας</w>
						<w>εις</w>
						<w>επαινον</w>
						<w>δοξης</w>
						<w>αυτου</w>
						<w>τους</w>
						<w>προηλπικοτας</w>
						<w>εν</w>
						<w>τω</w>
						<w>χριστω</w>
					</ab>
					<ab n="B10K1V13">
						<w>εν</w>
						<w>ω</w>
						<w>και</w>
						<w>υμεις</w>
						<w>ακουσαντες</w>
						<w>τον</w>
						<w>λογον</w>
						<w>της</w>
						<w>αληθειας</w>
						<w>το</w>
						<w>ευαγγελιον</w>
						<w>της</w>
						<w>σωτηριας</w>
						<w>υμων</w>
						<w>εν</w>
						<w>ω</w>
						<w>και</w>
						<w>πιστευσαντες</w>
						<w>εσφραγισθητε</w>
						<w>τω</w>
						<w>πνευματι</w>
						<w>της</w>
						<w>επαγγελιας</w>
						<w>τω</w>
						<w>αγιω</w>
					</ab>
					<ab n="B10K1V14">
						<w>ος</w>
						<w>εστιν</w>
						<w>αρραβων</w>
						<w>της</w>
						<w>κληρονομιας</w>
						<w>ημων</w>
						<w>εις</w>
						<w>απολυτρωσιν</w>
						<w>της</w>
						<w>περιποιησεως</w>
						<w>εις</w>
						<w>επαινον</w>
						<w>της</w>
						<w>δοξης</w>
						<w>αυτου</w>
					</ab>
					<ab n="B10K1V15">
						<w>δια</w>
						<w>τουτο</w>
						<w>καγω</w>
						<w>ακουσας</w>
						<w>την</w>
						<w>καθ</w>
						<w>υμας</w>
						<w>πιστιν</w>
						<w>εν</w>
						<w>τω</w>
						<w>κυριω</w>
						<w>ιησου</w>
						<w>και</w>
						<w>την</w>
						<w>αγαπην</w>
						<w>την</w>
						<w>εις</w>
						<w>παντας</w>
						<w>τους</w>
						<w>αγιους</w>
					</ab>
					<ab n="B10K1V16">
						<w>ου</w>
						<w>παυομαι</w>
						<w>ευχαριστων</w>
						<w>υπερ</w>
						<w>υμων</w>
						<w>μνειαν</w>
						<w>υμων</w>
						<w>ποιουμενος</w>
						<w>επι</w>
						<w>των</w>
						<w>προσευχων</w>
						<w>μου</w>
					</ab>
					<ab n="B10K1V17">
						<w>ινα</w>
						<w>ο</w>
						<w>θεος</w>
						<w>του</w>
						<w>κυριου</w>
						<w>ημων</w>
						<w>ιησου</w>
						<w>χριστου</w>
						<w>ο</w>
						<w>πατηρ</w>
						<w>της</w>
						<w>δοξης</w>
						<w>δωη</w>
						<w>υμιν</w>
						<w>πνευμα</w>
						<w>σοφιας</w>
						<w>και</w>
						<w>αποκαλυψεως</w>
						<w>εν</w>
						<w>επιγνωσει</w>
						<w>αυτου</w>
					</ab>
					<ab n="B10K1V18">
						<w>πεφωτισμενους</w>
						<w>τους</w>
						<w>οφθαλμους</w>
						<w>της</w>
						<w>καρδιας</w>
						<w>υμων</w>
						<w>εις</w>
						<w>το</w>
						<w>ειδεναι</w>
						<w>υμας</w>
						<w>τις</w>
						<w>εστιν</w>
						<w>η</w>
						<w>ελπις</w>
						<w>της</w>
						<w>κλησεως</w>
						<w>αυτου</w>
						<w>και</w>
						<w>τις</w>
						<w>ο</w>
						<w>πλουτος</w>
						<w>της</w>
						<w>δοξης</w>
						<w>της</w>
						<w>κληρονομιας</w>
						<w>αυτου</w>
						<w>εν</w>
						<w>τοις</w>
						<w>αγιοις</w>
					</ab>
					<ab n="B10K1V19">
						<w>και</w>
						<w>τι</w>
						<w>το</w>
						<w>υπερβαλλον</w>
						<w>μεγεθος</w>
						<w>της</w>
						<w>δυναμεως</w>
						<w>αυτου</w>
						<w>εις</w>
						<w>ημας</w>
						<w>τους</w>
						<w>πιστευοντας</w>
						<w>κατα</w>
						<w>την</w>
						<w>ενεργειαν</w>
						<w>του</w>
						<w>κρατους</w>
						<w>της</w>
						<w>ισχυος</w>
						<w>αυτου</w>
					</ab>
					<ab n="B10K1V20">
						<w>ην</w>
						<w>ενηργησεν</w>
						<w>εν</w>
						<w>τω</w>
						<w>χριστω</w>
						<w>εγειρας</w>
						<w>αυτον</w>
						<w>εκ</w>
						<w>των</w>
						<w>νεκρων</w>
						<w>και</w>
						<w>εκαθισεν</w>
						<w>εν</w>
						<w>δεξια</w>
						<w>αυτου</w>
						<w>εν</w>
						<w>τοις</w>
						<w>επουρανιοις</w>
					</ab>
					<ab n="B10K1V21">
						<w>υπερανω</w>
						<w>πασης</w>
						<w>αρχης</w>
						<w>και</w>
						<w>εξουσιας</w>
						<w>και</w>
						<w>δυναμεως</w>
						<w>και</w>
						<w>κυριοτητος</w>
						<w>και</w>
						<w>παντος</w>
						<w>ονοματος</w>
						<w>ονομαζομενου</w>
						<w>ου</w>
						<w>μονον</w>
						<w>εν</w>
						<w>τω</w>
						<w>αιωνι</w>
						<w>τουτω</w>
						<w>αλλα</w>
						<w>και</w>
						<w>εν</w>
						<w>τω</w>
						<w>μελλοντι</w>
					</ab>
					<ab n="B10K1V22">
						<w>και</w>
						<w>παντα</w>
						<w>υπεταξεν</w>
						<w>υπο</w>
						<w>τους</w>
						<w>ποδας</w>
						<w>αυτου</w>
						<w>και</w>
						<w>αυτον</w>
						<w>εδωκεν</w>
						<w>κεφαλην</w>
						<w>υπερ</w>
						<w>παντα</w>
						<w>τη</w>
						<w>εκκλησια</w>
					</ab>
					<ab n="B10K1V23">
						<w>ητις</w>
						<w>εστιν</w>
						<w>το</w>
						<w>σωμα</w>
						<w>αυτου</w>
						<w>το</w>
						<w>πληρωμα</w>
						<w>του</w>
						<w>τα</w>
						<w>παντα</w>
						<w>εν</w>
						<w>πασιν</w>
						<w>πληρουμενου</w>
					</ab>
				</div>
				<div type="chapter" n="B10K2">
					<ab n="B10K2V1">
						<w>και</w>
						<w>υμας</w>
						<w>οντας</w>
						<w>νεκρους</w>
						<w>τοις</w>
						<w>παραπτωμασιν</w>
						<w>και</w>
						<w>ταις</w>
						<w>αμαρτιαις</w>
					</ab>
					<ab n="B10K2V2">
						<w>εν</w>
						<w>αις</w>
						<w>ποτε</w>
						<w>περιεπατησατε</w>
						<w>κατα</w>
						<w>τον</w>
						<w>αιωνα</w>
						<w>του</w>
						<w>κοσμου</w>
						<w>τουτου</w>
						<w>κατα</w>
						<w>τον</w>
						<w>αρχοντα</w>
						<w>της</w>
						<w>εξουσιας</w>
						<w>του</w>
						<w>αερος</w>
						<w>του</w>
						<w>πνευματος</w>
						<w>του</w>
						<w>νυν</w>
						<w>ενεργουντος</w>
						<w>εν</w>
						<w>τοις</w>
						<w>υιοις</w>
						<w>της</w>
						<w>απειθειας</w>
					</ab>
					<ab n="B10K2V3">
						<w>εν</w>
						<w>οις</w>
						<w>και</w>
						<w>ημεις</w>
						<w>παντες</w>
						<w>ανεστραφημεν</w>
						<w>ποτε</w>
						<w>εν</w>
						<w>ταις</w>
						<w>επιθυμιαις</w>
						<w>της</w>
						<w>σαρκος</w>
						<w>ημων</w>
						<w>ποιουντες</w>
						<w>τα</w>
						<w>θεληματα</w>
						<w>της</w>
						<w>σαρκος</w>
						<w>και</w>
						<w>των</w>
						<w>διανοιων</w>
						<w>και</w>
						<w>ημεν</w>
						<w>τεκνα</w>
						<w>φυσει</w>
						<w>οργης</w>
						<w>ως</w>
						<w>και</w>
						<w>οι</w>
						<w>λοιποι</w>
					</ab>
					<ab n="B10K2V4">
						<w>ο</w>
						<w>δε</w>
						<w>θεος</w>
						<w>πλουσιος</w>
						<w>ων</w>
						<w>εν</w>
						<w>ελεει</w>
						<w>δια</w>
						<w>την</w>
						<w>πολλην</w>
						<w>αγαπην</w>
						<w>αυτου</w>
						<w>ην</w>
						<w>ηγαπησεν</w>
						<w>ημας</w>
					</ab>
					<ab n="B10K2V5">
						<w>και</w>
						<w>οντας</w>
						<w>ημας</w>
						<w>νεκρους</w>
						<w>τοις</w>
						<w>παραπτωμασιν</w>
						<w>συνεζωοποιησεν</w>
						<w>τω</w>
						<w>χριστω</w>
						<w>χαριτι</w>
						<w>εστε</w>
						<w>σεσωσμενοι</w>
					</ab>
					<ab n="B10K2V6">
						<w>και</w>
						<w>συνηγειρεν</w>
						<w>και</w>
						<w>συνεκαθισεν</w>
						<w>εν</w>
						<w>τοις</w>
						<w>επουρανιοις</w>
						<w>εν</w>
						<w>χριστω</w>
						<w>ιησου</w>
					</ab>
					<ab n="B10K2V7">
						<w>ινα</w>
						<w>ενδειξηται</w>
						<w>εν</w>
						<w>τοις</w>
						<w>αιωσιν</w>
						<w>τοις</w>
						<w>επερχομενοις</w>
						<w>τον</w>
						<w>υπερβαλλοντα</w>
						<w>πλουτον</w>
						<w>της</w>
						<w>χαριτος</w>
						<w>αυτου</w>
						<w>εν</w>
						<w>χρηστοτητι</w>
						<w>εφ</w>
						<w>ημας</w>
						<w>εν</w>
						<w>χριστω</w>
						<w>ιησου</w>
					</ab>
					<ab n="B10K2V8">
						<w>τη</w>
						<w>γαρ</w>
						<w>χαριτι</w>
						<w>εστε</w>
						<w>σεσωσμενοι</w>
						<w>δια</w>
						<w>της</w>
						<w>πιστεως</w>
						<w>και</w>
						<w>τουτο</w>
						<w>ουκ</w>
						<w>εξ</w>
						<w>υμων</w>
						<w>θεου</w>
						<w>το</w>
						<w>δωρον</w>
					</ab>
					<ab n="B10K2V9">
						<w>ουκ</w>
						<w>εξ</w>
						<w>εργων</w>
						<w>ινα</w>
						<w>μη</w>
						<w>τις</w>
						<w>καυχησηται</w>
					</ab>
					<ab n="B10K2V10">
						<w>αυτου</w>
						<w>γαρ</w>
						<w>εσμεν</w>
						<w>ποιημα</w>
						<w>κτισθεντες</w>
						<w>εν</w>
						<w>χριστω</w>
						<w>ιησου</w>
						<w>επι</w>
						<w>εργοις</w>
						<w>αγαθοις</w>
						<w>οις</w>
						<w>προητοιμασεν</w>
						<w>ο</w>
						<w>θεος</w>
						<w>ινα</w>
						<w>εν</w>
						<w>αυτοις</w>
						<w>περιπατησωμεν</w>
					</ab>
					<ab n="B10K2V11">
						<w>διο</w>
						<w>μνημονευετε</w>
						<w>οτι</w>
						<w>υμεις</w>
						<w>ποτε</w>
						<w>τα</w>
						<w>εθνη</w>
						<w>εν</w>
						<w>σαρκι</w>
						<w>οι</w>
						<w>λεγομενοι</w>
						<w>ακροβυστια</w>
						<w>υπο</w>
						<w>της</w>
						<w>λεγομενης</w>
						<w>περιτομης</w>
						<w>εν</w>
						<w>σαρκι</w>
						<w>χειροποιητου</w>
					</ab>
					<ab n="B10K2V12">
						<w>οτι</w>
						<w>ητε</w>
						<w>εν</w>
						<w>τω</w>
						<w>καιρω</w>
						<w>εκεινω</w>
						<w>χωρις</w>
						<w>χριστου</w>
						<w>απηλλοτριωμενοι</w>
						<w>της</w>
						<w>πολιτειας</w>
						<w>του</w>
						<w>ισραηλ</w>
						<w>και</w>
						<w>ξενοι</w>
						<w>των</w>
						<w>διαθηκων</w>
						<w>της</w>
						<w>επαγγελιας</w>
						<w>ελπιδα</w>
						<w>μη</w>
						<w>εχοντες</w>
						<w>και</w>
						<w>αθεοι</w>
						<w>εν</w>
						<w>τω</w>
						<w>κοσμω</w>
					</ab>
					<ab n="B10K2V13">
						<w>νυνι</w>
						<w>δε</w>
						<w>εν</w>
						<w>χριστω</w>
						<w>ιησου</w>
						<w>υμεις</w>
						<w>οι</w>
						<w>ποτε</w>
						<w>οντες</w>
						<w>μακραν</w>
						<w>εγγυς</w>
						<w>εγενηθητε</w>
						<w>εν</w>
						<w>τω</w>
						<w>αιματι</w>
						<w>του</w>
						<w>χριστου</w>
					</ab>
					<ab n="B10K2V14">
						<w>αυτος</w>
						<w>γαρ</w>
						<w>εστιν</w>
						<w>η</w>
						<w>ειρηνη</w>
						<w>ημων</w>
						<w>ο</w>
						<w>ποιησας</w>
						<w>τα</w>
						<w>αμφοτερα</w>
						<w>εν</w>
						<w>και</w>
						<w>το</w>
						<w>μεσοτοιχον</w>
						<w>του</w>
						<w>φραγμου</w>
						<w>λυσας</w>
					</ab>
					<ab n="B10K2V15">
						<w>την</w>
						<w>εχθραν</w>
						<w>εν</w>
						<w>τη</w>
						<w>σαρκι</w>
						<w>αυτου</w>
						<w>τον</w>
						<w>νομον</w>
						<w>των</w>
						<w>εντολων</w>
						<w>εν</w>
						<w>δογμασιν</w>
						<w>καταργησας</w>
						<w>ινα</w>
						<w>τους</w>
						<w>δυο</w>
						<w>κτιση</w>
						<w>εν</w>
						<w>εαυτω</w>
						<w>εις</w>
						<w>ενα</w>
						<w>καινον</w>
						<w>ανθρωπον</w>
						<w>ποιων</w>
						<w>ειρηνην</w>
					</ab>
					<ab n="B10K2V16">
						<w>και</w>
						<w>αποκαταλλαξη</w>
						<w>τους</w>
						<w>αμφοτερους</w>
						<w>εν</w>
						<w>ενι</w>
						<w>σωματι</w>
						<w>τω</w>
						<w>θεω</w>
						<w>δια</w>
						<w>του</w>
						<w>σταυρου</w>
						<w>αποκτεινας</w>
						<w>την</w>
						<w>εχθραν</w>
						<w>εν</w>
						<w>αυτω</w>
					</ab>
					<ab n="B10K2V17">
						<w>και</w>
						<w>ελθων</w>
						<w>ευηγγελισατο</w>
						<w>ειρηνην</w>
						<w>υμιν</w>
						<w>τοις</w>
						<w>μακραν</w>
						<w>και</w>
						<w>τοις</w>
						<w>εγγυς</w>
					</ab>
					<ab n="B10K2V18">
						<w>οτι</w>
						<w>δι</w>
						<w>αυτου</w>
						<w>εχομεν</w>
						<w>την</w>
						<w>προσαγωγην</w>
						<w>οι</w>
						<w>αμφοτεροι</w>
						<w>εν</w>
						<w>ενι</w>
						<w>πνευματι</w>
						<w>προς</w>
						<w>τον</w>
						<w>πατερα</w>
					</ab>
					<ab n="B10K2V19">
						<w>αρα</w>
						<w>ουν</w>
						<w>ουκετι</w>
						<w>εστε</w>
						<w>ξενοι</w>
						<w>και</w>
						<w>παροικοι</w>
						<w>αλλα</w>
						<w>συμπολιται</w>
						<w>των</w>
						<w>αγιων</w>
						<w>και</w>
						<w>οικειοι</w>
						<w>του</w>
						<w>θεου</w>
					</ab>
					<ab n="B10K2V20">
						<w>εποικοδομηθεντες</w>
						<w>επι</w>
						<w>τω</w>
						<w>θεμελιω</w>
						<w>των</w>
						<w>αποστολων</w>
						<w>και</w>
						<w>προφητων</w>
						<w>οντος</w>
						<w>ακρογωνιαιου</w>
						<w>αυτου</w>
						<w>ιησου</w>
						<w>χριστου</w>
					</ab>
					<ab n="B10K2V21">
						<w>εν</w>
						<w>ω</w>
						<w>πασα</w>
						<w>οικοδομη</w>
						<w>συναρμολογουμενη</w>
						<w>αυξει</w>
						<w>εις</w>
						<w>ναον</w>
						<w>αγιον</w>
						<w>εν</w>
						<w>κυριω</w>
					</ab>
					<ab n="B10K2V22">
						<w>εν</w>
						<w>ω</w>
						<w>και</w>
						<w>υμεις</w>
						<w>συνοικοδομεισθε</w>
						<w>εις</w>
						<w>κατοικητηριον</w>
						<w>του</w>
						<w>θεου</w>
						<w>εν</w>
						<w>πνευματι</w>
					</ab>
				</div>
				<div type="chapter" n="B10K3">
					<ab n="B10K3V1">
						<w>τουτου</w>
						<w>χαριν</w>
						<w>εγω</w>
						<w>παυλος</w>
						<w>ο</w>
						<w>δεσμιος</w>
						<w>του</w>
						<w>χριστου</w>
						<w>ιησου</w>
						<w>υπερ</w>
						<w>υμων</w>
						<w>των</w>
						<w>εθνων</w>
					</ab>
					<ab n="B10K3V2">
						<w>ειγε</w>
						<w>ηκουσατε</w>
						<w>την</w>
						<w>οικονομιαν</w>
						<w>της</w>
						<w>χαριτος</w>
						<w>του</w>
						<w>θεου</w>
						<w>της</w>
						<w>δοθεισης</w>
						<w>μοι</w>
						<w>εις</w>
						<w>υμας</w>
					</ab>
					<ab n="B10K3V3">
						<w>οτι</w>
						<w>κατα</w>
						<w>αποκαλυψιν</w>
						<w>εγνωρισεν</w>
						<w>μοι</w>
						<w>το</w>
						<w>μυστηριον</w>
						<w>καθως</w>
						<w>προεγραψα</w>
						<w>εν</w>
						<w>ολιγω</w>
					</ab>
					<ab n="B10K3V4">
						<w>προς</w>
						<w>ο</w>
						<w>δυνασθε</w>
						<w>αναγινωσκοντες</w>
						<w>νοησαι</w>
						<w>την</w>
						<w>συνεσιν</w>
						<w>μου</w>
						<w>εν</w>
						<w>τω</w>
						<w>μυστηριω</w>
						<w>του</w>
						<w>χριστου</w>
					</ab>
					<ab n="B10K3V5">
						<w>ο</w>
						<w>ετεραις</w>
						<w>γενεαις</w>
						<w>ουκ</w>
						<w>εγνωρισθη</w>
						<w>τοις</w>
						<w>υιοις</w>
						<w>των</w>
						<w>ανθρωπων</w>
						<w>ως</w>
						<w>νυν</w>
						<w>απεκαλυφθη</w>
						<w>τοις</w>
						<w>αγιοις</w>
						<w>αποστολοις</w>
						<w>αυτου</w>
						<w>και</w>
						<w>προφηταις</w>
						<w>εν</w>
						<w>πνευματι</w>
					</ab>
					<ab n="B10K3V6">
						<w>ειναι</w>
						<w>τα</w>
						<w>εθνη</w>
						<w>συγκληρονομα</w>
						<w>και</w>
						<w>συσσωμα</w>
						<w>και</w>
						<w>συμμετοχα</w>
						<w>της</w>
						<w>επαγγελιας</w>
						<w>αυτου</w>
						<w>εν</w>
						<w>τω</w>
						<w>χριστω</w>
						<w>δια</w>
						<w>του</w>
						<w>ευαγγελιου</w>
					</ab>
					<ab n="B10K3V7">
						<w>ου</w>
						<w>εγενομην</w>
						<w>διακονος</w>
						<w>κατα</w>
						<w>την</w>
						<w>δωρεαν</w>
						<w>της</w>
						<w>χαριτος</w>
						<w>του</w>
						<w>θεου</w>
						<w>την</w>
						<w>δοθεισαν</w>
						<w>μοι</w>
						<w>κατα</w>
						<w>την</w>
						<w>ενεργειαν</w>
						<w>της</w>
						<w>δυναμεως</w>
						<w>αυτου</w>
					</ab>
					<ab n="B10K3V8">
						<w>εμοι</w>
						<w>τω</w>
						<w>ελαχιστοτερω</w>
						<w>παντων</w>
						<w>αγιων</w>
						<w>εδοθη</w>
						<w>η</w>
						<w>χαρις</w>
						<w>αυτη</w>
						<w>εν</w>
						<w>τοις</w>
						<w>εθνεσιν</w>
						<w>ευαγγελισασθαι</w>
						<w>τον</w>
						<w>ανεξιχνιαστον</w>
						<w>πλουτον</w>
						<w>του</w>
						<w>χριστου</w>
					</ab>
					<ab n="B10K3V9">
						<w>και</w>
						<w>φωτισαι</w>
						<w>παντας</w>
						<w>τις</w>
						<w>η</w>
						<w>οικονομια</w>
						<w>του</w>
						<w>μυστηριου</w>
						<w>του</w>
						<w>αποκεκρυμμενου</w>
						<w>απο</w>
						<w>των</w>
						<w>αιωνων</w>
						<w>εν</w>
						<w>τω</w>
						<w>θεω</w>
						<w>τω</w>
						<w>τα</w>
						<w>παντα</w>
						<w>κτισαντι</w>
						<w>δια</w>
						<w>ιησου</w>
						<w>χριστου</w>
					</ab>
					<ab n="B10K3V10">
						<w>ινα</w>
						<w>γνωρισθη</w>
						<w>νυν</w>
						<w>ταις</w>
						<w>αρχαις</w>
						<w>και</w>
						<w>ταις</w>
						<w>εξουσιαις</w>
						<w>εν</w>
						<w>τοις</w>
						<w>επουρανιοις</w>
						<w>δια</w>
						<w>της</w>
						<w>εκκλησιας</w>
						<w>η</w>
						<w>πολυποικιλος</w>
						<w>σοφια</w>
						<w>του</w>
						<w>θεου</w>
					</ab>
					<ab n="B10K3V11">
						<w>κατα</w>
						<w>προθεσιν</w>
						<w>των</w>
						<w>αιωνων</w>
						<w>ην</w>
						<w>εποιησεν</w>
						<w>εν</w>
						<w>χριστω</w>
						<w>ιησου</w>
						<w>τω</w>
						<w>κυριω</w>
						<w>ημων</w>
					</ab>
					<ab n="B10K3V12">
						<w>εν</w>
						<w>ω</w>
						<w>εχομεν</w>
						<w>την</w>
						<w>παρρησιαν</w>
						<w>και</w>
						<w>την</w>
						<w>προσαγωγην</w>
						<w>εν</w>
						<w>πεποιθησει</w>
						<w>δια</w>
						<w>της</w>
						<w>πιστεως</w>
						<w>αυτου</w>
					</ab>
					<ab n="B10K3V13">
						<w>διο</w>
						<w>αιτουμαι</w>
						<w>μη</w>
						<w>εκκακειν</w>
						<w>εν</w>
						<w>ταις</w>
						<w>θλιψεσιν</w>
						<w>μου</w>
						<w>υπερ</w>
						<w>υμων</w>
						<w>ητις</w>
						<w>εστιν</w>
						<w>δοξα</w>
						<w>υμων</w>
					</ab>
					<ab n="B10K3V14">
						<w>τουτου</w>
						<w>χαριν</w>
						<w>καμπτω</w>
						<w>τα</w>
						<w>γονατα</w>
						<w>μου</w>
						<w>προς</w>
						<w>τον</w>
						<w>πατερα</w>
						<w>του</w>
						<w>κυριου</w>
						<w>ημων</w>
						<w>ιησου</w>
						<w>χριστου</w>
					</ab>
					<ab n="B10K3V15">
						<w>εξ</w>
						<w>ου</w>
						<w>πασα</w>
						<w>πατρια</w>
						<w>εν</w>
						<w>ουρανοις</w>
						<w>και</w>
						<w>επι</w>
						<w>γης</w>
						<w>ονομαζεται</w>
					</ab>
					<ab n="B10K3V16">
						<w>ινα</w>
						<w>δωη</w>
						<w>υμιν</w>
						<w>κατα</w>
						<w>τον</w>
						<w>πλουτον</w>
						<w>της</w>
						<w>δοξης</w>
						<w>αυτου</w>
						<w>δυναμει</w>
						<w>κραταιωθηναι</w>
						<w>δια</w>
						<w>του</w>
						<w>πνευματος</w>
						<w>αυτου</w>
						<w>εις</w>
						<w>τον</w>
						<w>εσω</w>
						<w>ανθρωπον</w>
					</ab>
					<ab n="B10K3V17">
						<w>κατοικησαι</w>
						<w>τον</w>
						<w>χριστον</w>
						<w>δια</w>
						<w>της</w>
						<w>πιστεως</w>
						<w>εν</w>
						<w>ταις</w>
						<w>καρδιαις</w>
						<w>υμων</w>
					</ab>
					<ab n="B10K3V18">
						<w>εν</w>
						<w>αγαπη</w>
						<w>ερριζωμενοι</w>
						<w>και</w>
						<w>τεθεμελιωμενοι</w>
						<w>ινα</w>
						<w>εξισχυσητε</w>
						<w>καταλαβεσθαι</w>
						<w>συν</w>
						<w>πασιν</w>
						<w>τοις</w>
						<w>αγιοις</w>
						<w>τι</w>
						<w>το</w>
						<w>πλατος</w>
						<w>και</w>
						<w>μηκος</w>
						<w>και</w>
						<w>βαθος</w>
						<w>και</w>
						<w>υψος</w>
					</ab>
					<ab n="B10K3V19">
						<w>γνωναι</w>
						<w>τε</w>
						<w>την</w>
						<w>υπερβαλλουσαν</w>
						<w>της</w>
						<w>γνωσεως</w>
						<w>αγαπην</w>
						<w>του</w>
						<w>χριστου</w>
						<w>ινα</w>
						<w>πληρωθητε</w>
						<w>εις</w>
						<w>παν</w>
						<w>το</w>
						<w>πληρωμα</w>
						<w>του</w>
						<w>θεου</w>
					</ab>
					<ab n="B10K3V20">
						<w>τω</w>
						<w>δε</w>
						<w>δυναμενω</w>
						<w>υπερ</w>
						<w>παντα</w>
						<w>ποιησαι</w>
						<w>υπερ</w>
						<w>εκπερισσου</w>
						<w>ων</w>
						<w>αιτουμεθα</w>
						<w>η</w>
						<w>νοουμεν</w>
						<w>κατα</w>
						<w>την</w>
						<w>δυναμιν</w>
						<w>την</w>
						<w>ενεργουμενην</w>
						<w>εν</w>
						<w>ημιν</w>
					</ab>
					<ab n="B10K3V21">
						<w>αυτω</w>
						<w>η</w>
						<w>δοξα</w>
						<w>εν</w>
						<w>τη</w>
						<w>εκκλησια</w>
						<w>εν</w>
						<w>χριστω</w>
						<w>ιησου</w>
						<w>εις</w>
						<w>πασας</w>
						<w>τας</w>
						<w>γενεας</w>
						<w>του</w>
						<w>αιωνος</w>
						<w>των</w>
						<w>αιωνων</w>
						<w>αμην</w>
					</ab>
				</div>
				<div type="chapter" n="B10K4">
					<ab n="B10K4V1">
						<w>παρακαλω</w>
						<w>ουν</w>
						<w>υμας</w>
						<w>εγω</w>
						<w>ο</w>
						<w>δεσμιος</w>
						<w>εν</w>
						<w>κυριω</w>
						<w>αξιως</w>
						<w>περιπατησαι</w>
						<w>της</w>
						<w>κλησεως</w>
						<w>ης</w>
						<w>εκληθητε</w>
					</ab>
					<ab n="B10K4V2">
						<w>μετα</w>
						<w>πασης</w>
						<w>ταπεινοφροσυνης</w>
						<w>και</w>
						<w>πραοτητος</w>
						<w>μετα</w>
						<w>μακροθυμιας</w>
						<w>ανεχομενοι</w>
						<w>αλληλων</w>
						<w>εν</w>
						<w>αγαπη</w>
					</ab>
					<ab n="B10K4V3">
						<w>σπουδαζοντες</w>
						<w>τηρειν</w>
						<w>την</w>
						<w>ενοτητα</w>
						<w>του</w>
						<w>πνευματος</w>
						<w>εν</w>
						<w>τω</w>
						<w>συνδεσμω</w>
						<w>της</w>
						<w>ειρηνης</w>
					</ab>
					<ab n="B10K4V4">
						<w>εν</w>
						<w>σωμα</w>
						<w>και</w>
						<w>εν</w>
						<w>πνευμα</w>
						<w>καθως</w>
						<w>και</w>
						<w>εκληθητε</w>
						<w>εν</w>
						<w>μια</w>
						<w>ελπιδι</w>
						<w>της</w>
						<w>κλησεως</w>
						<w>υμων</w>
					</ab>
					<ab n="B10K4V5">
						<w>εις</w>
						<w>κυριος</w>
						<w>μια</w>
						<w>πιστις</w>
						<w>εν</w>
						<w>βαπτισμα</w>
					</ab>
					<ab n="B10K4V6">
						<w>εις</w>
						<w>θεος</w>
						<w>και</w>
						<w>πατηρ</w>
						<w>παντων</w>
						<w>ο</w>
						<w>επι</w>
						<w>παντων</w>
						<w>και</w>
						<w>δια</w>
						<w>παντων</w>
						<w>και</w>
						<w>εν</w>
						<w>πασιν</w>
						<w>ημιν</w>
					</ab>
					<ab n="B10K4V7">
						<w>ενι</w>
						<w>δε</w>
						<w>εκαστω</w>
						<w>ημων</w>
						<w>εδοθη</w>
						<w>η</w>
						<w>χαρις</w>
						<w>κατα</w>
						<w>το</w>
						<w>μετρον</w>
						<w>της</w>
						<w>δωρεας</w>
						<w>του</w>
						<w>χριστου</w>
					</ab>
					<ab n="B10K4V8">
						<w>διο</w>
						<w>λεγει</w>
						<w>αναβας</w>
						<w>εις</w>
						<w>υψος</w>
						<w>ηχμαλωτευσεν</w>
						<w>αιχμαλωσιαν</w>
						<w>και</w>
						<w>εδωκεν</w>
						<w>δοματα</w>
						<w>τοις</w>
						<w>ανθρωποις</w>
					</ab>
					<ab n="B10K4V9">
						<w>το</w>
						<w>δε</w>
						<w>ανεβη</w>
						<w>τι</w>
						<w>εστιν</w>
						<w>ει</w>
						<w>μη</w>
						<w>οτι</w>
						<w>και</w>
						<w>κατεβη</w>
						<w>πρωτον</w>
						<w>εις</w>
						<w>τα</w>
						<w>κατωτερα</w>
						<w>μερη</w>
						<w>της</w>
						<w>γης</w>
					</ab>
					<ab n="B10K4V10">
						<w>ο</w>
						<w>καταβας</w>
						<w>αυτος</w>
						<w>εστιν</w>
						<w>και</w>
						<w>ο</w>
						<w>αναβας</w>
						<w>υπερανω</w>
						<w>παντων</w>
						<w>των</w>
						<w>ουρανων</w>
						<w>ινα</w>
						<w>πληρωση</w>
						<w>τα</w>
						<w>παντα</w>
					</ab>
					<ab n="B10K4V11">
						<w>και</w>
						<w>αυτος</w>
						<w>εδωκεν</w>
						<w>τους</w>
						<w>μεν</w>
						<w>αποστολους</w>
						<w>τους</w>
						<w>δε</w>
						<w>προφητας</w>
						<w>τους</w>
						<w>δε</w>
						<w>ευαγγελιστας</w>
						<w>τους</w>
						<w>δε</w>
						<w>ποιμενας</w>
						<w>και</w>
						<w>διδασκαλους</w>
					</ab>
					<ab n="B10K4V12">
						<w>προς</w>
						<w>τον</w>
						<w>καταρτισμον</w>
						<w>των</w>
						<w>αγιων</w>
						<w>εις</w>
						<w>εργον</w>
						<w>διακονιας</w>
						<w>εις</w>
						<w>οικοδομην</w>
						<w>του</w>
						<w>σωματος</w>
						<w>του</w>
						<w>χριστου</w>
					</ab>
					<ab n="B10K4V13">
						<w>μεχρι</w>
						<w>καταντησωμεν</w>
						<w>οι</w>
						<w>παντες</w>
						<w>εις</w>
						<w>την</w>
						<w>ενοτητα</w>
						<w>της</w>
						<w>πιστεως</w>
						<w>και</w>
						<w>της</w>
						<w>επιγνωσεως</w>
						<w>του</w>
						<w>υιου</w>
						<w>του</w>
						<w>θεου</w>
						<w>εις</w>
						<w>ανδρα</w>
						<w>τελειον</w>
						<w>εις</w>
						<w>μετρον</w>
						<w>ηλικιας</w>
						<w>του</w>
						<w>πληρωματος</w>
						<w>του</w>
						<w>χριστου</w>
					</ab>
					<ab n="B10K4V14">
						<w>ινα</w>
						<w>μηκετι</w>
						<w>ωμεν</w>
						<w>νηπιοι</w>
						<w>κλυδωνιζομενοι</w>
						<w>και</w>
						<w>περιφερομενοι</w>
						<w>παντι</w>
						<w>ανεμω</w>
						<w>της</w>
						<w>διδασκαλιας</w>
						<w>εν</w>
						<w>τη</w>
						<w>κυβεια</w>
						<w>των</w>
						<w>ανθρωπων</w>
						<w>εν</w>
						<w>πανουργια</w>
						<w>προς</w>
						<w>την</w>
						<w>μεθοδειαν</w>
						<w>της</w>
						<w>πλανης</w>
					</ab>
					<ab n="B10K4V15">
						<w>αληθευοντες</w>
						<w>δε</w>
						<w>εν</w>
						<w>αγαπη</w>
						<w>αυξησωμεν</w>
						<w>εις</w>
						<w>αυτον</w>
						<w>τα</w>
						<w>παντα</w>
						<w>ος</w>
						<w>εστιν</w>
						<w>η</w>
						<w>κεφαλη</w>
						<w>ο</w>
						<w>χριστος</w>
					</ab>
					<ab n="B10K4V16">
						<w>εξ</w>
						<w>ου</w>
						<w>παν</w>
						<w>το</w>
						<w>σωμα</w>
						<w>συναρμολογουμενον</w>
						<w>και</w>
						<w>συμβιβαζομενον</w>
						<w>δια</w>
						<w>πασης</w>
						<w>αφης</w>
						<w>της</w>
						<w>επιχορηγιας</w>
						<w>κατ</w>
						<w>ενεργειαν</w>
						<w>εν</w>
						<w>μετρω</w>
						<w>ενος</w>
						<w>εκαστου</w>
						<w>μερους</w>
						<w>την</w>
						<w>αυξησιν</w>
						<w>του</w>
						<w>σωματος</w>
						<w>ποιειται</w>
						<w>εις</w>
						<w>οικοδομην</w>
						<w>εαυτου</w>
						<w>εν</w>
						<w>αγαπη</w>
					</ab>
					<ab n="B10K4V17">
						<w>τουτο</w>
						<w>ουν</w>
						<w>λεγω</w>
						<w>και</w>
						<w>μαρτυρομαι</w>
						<w>εν</w>
						<w>κυριω</w>
						<w>μηκετι</w>
						<w>υμας</w>
						<w>περιπατειν</w>
						<w>καθως</w>
						<w>και</w>
						<w>τα</w>
						<w>λοιπα</w>
						<w>εθνη</w>
						<w>περιπατει</w>
						<w>εν</w>
						<w>ματαιοτητι</w>
						<w>του</w>
						<w>νοος</w>
						<w>αυτων</w>
					</ab>
					<ab n="B10K4V18">
						<w>εσκοτισμενοι</w>
						<w>τη</w>
						<w>διανοια</w>
						<w>οντες</w>
						<w>απηλλοτριωμενοι</w>
						<w>της</w>
						<w>ζωης</w>
						<w>του</w>
						<w>θεου</w>
						<w>δια</w>
						<w>την</w>
						<w>αγνοιαν</w>
						<w>την</w>
						<w>ουσαν</w>
						<w>εν</w>
						<w>αυτοις</w>
						<w>δια</w>
						<w>την</w>
						<w>πωρωσιν</w>
						<w>της</w>
						<w>καρδιας</w>
						<w>αυτων</w>
					</ab>
					<ab n="B10K4V19">
						<w>οιτινες</w>
						<w>απηλγηκοτες</w>
						<w>εαυτους</w>
						<w>παρεδωκαν</w>
						<w>τη</w>
						<w>ασελγεια</w>
						<w>εις</w>
						<w>εργασιαν</w>
						<w>ακαθαρσιας</w>
						<w>πασης</w>
						<w>εν</w>
						<w>πλεονεξια</w>
					</ab>
					<ab n="B10K4V20">
						<w>υμεις</w>
						<w>δε</w>
						<w>ουχ</w>
						<w>ουτως</w>
						<w>εμαθετε</w>
						<w>τον</w>
						<w>χριστον</w>
					</ab>
					<ab n="B10K4V21">
						<w>ειγε</w>
						<w>αυτον</w>
						<w>ηκουσατε</w>
						<w>και</w>
						<w>εν</w>
						<w>αυτω</w>
						<w>εδιδαχθητε</w>
						<w>καθως</w>
						<w>εστιν</w>
						<w>αληθεια</w>
						<w>εν</w>
						<w>τω</w>
						<w>ιησου</w>
					</ab>
					<ab n="B10K4V22">
						<w>αποθεσθαι</w>
						<w>υμας</w>
						<w>κατα</w>
						<w>την</w>
						<w>προτεραν</w>
						<w>αναστροφην</w>
						<w>τον</w>
						<w>παλαιον</w>
						<w>ανθρωπον</w>
						<w>τον</w>
						<w>φθειρομενον</w>
						<w>κατα</w>
						<w>τας</w>
						<w>επιθυμιας</w>
						<w>της</w>
						<w>απατης</w>
					</ab>
					<ab n="B10K4V23">
						<w>ανανεουσθαι</w>
						<w>δε</w>
						<w>τω</w>
						<w>πνευματι</w>
						<w>του</w>
						<w>νοος</w>
						<w>υμων</w>
					</ab>
					<ab n="B10K4V24">
						<w>και</w>
						<w>ενδυσασθαι</w>
						<w>τον</w>
						<w>καινον</w>
						<w>ανθρωπον</w>
						<w>τον</w>
						<w>κατα</w>
						<w>θεον</w>
						<w>κτισθεντα</w>
						<w>εν</w>
						<w>δικαιοσυνη</w>
						<w>και</w>
						<w>οσιοτητι</w>
						<w>της</w>
						<w>αληθειας</w>
					</ab>
					<ab n="B10K4V25">
						<w>διο</w>
						<w>αποθεμενοι</w>
						<w>το</w>
						<w>ψευδος</w>
						<w>λαλειτε</w>
						<w>αληθειαν</w>
						<w>εκαστος</w>
						<w>μετα</w>
						<w>του</w>
						<w>πλησιον</w>
						<w>αυτου</w>
						<w>οτι</w>
						<w>εσμεν</w>
						<w>αλληλων</w>
						<w>μελη</w>
					</ab>
					<ab n="B10K4V26">
						<w>οργιζεσθε</w>
						<w>και</w>
						<w>μη</w>
						<w>αμαρτανετε</w>
						<w>ο</w>
						<w>ηλιος</w>
						<w>μη</w>
						<w>επιδυετω</w>
						<w>επι</w>
						<w>τω</w>
						<w>παροργισμω</w>
						<w>υμων</w>
					</ab>
					<ab n="B10K4V27">
						<w>μηδε</w>
						<w>διδοτε</w>
						<w>τοπον</w>
						<w>τω</w>
						<w>διαβολω</w>
					</ab>
					<ab n="B10K4V28">
						<w>ο</w>
						<w>κλεπτων</w>
						<w>μηκετι</w>
						<w>κλεπτετω</w>
						<w>μαλλον</w>
						<w>δε</w>
						<w>κοπιατω</w>
						<w>εργαζομενος</w>
						<w>το</w>
						<w>αγαθον</w>
						<w>ταις</w>
						<w>χερσιν</w>
						<w>ινα</w>
						<w>εχη</w>
						<w>μεταδιδοναι</w>
						<w>τω</w>
						<w>χρειαν</w>
						<w>εχοντι</w>
					</ab>
					<ab n="B10K4V29">
						<w>πας</w>
						<w>λογος</w>
						<w>σαπρος</w>
						<w>εκ</w>
						<w>του</w>
						<w>στοματος</w>
						<w>υμων</w>
						<w>μη</w>
						<w>εκπορευεσθω</w>
						<w>αλλ</w>
						<w>ει</w>
						<w>τις</w>
						<w>αγαθος</w>
						<w>προς</w>
						<w>οικοδομην</w>
						<w>της</w>
						<w>χρειας</w>
						<w>ινα</w>
						<w>δω</w>
						<w>χαριν</w>
						<w>τοις</w>
						<w>ακουουσιν</w>
					</ab>
					<ab n="B10K4V30">
						<w>και</w>
						<w>μη</w>
						<w>λυπειτε</w>
						<w>το</w>
						<w>πνευμα</w>
						<w>το</w>
						<w>αγιον</w>
						<w>του</w>
						<w>θεου</w>
						<w>εν</w>
						<w>ω</w>
						<w>εσφραγισθητε</w>
						<w>εις</w>
						<w>ημεραν</w>
						<w>απολυτρωσεως</w>
					</ab>
					<ab n="B10K4V31">
						<w>πασα</w>
						<w>πικρια</w>
						<w>και</w>
						<w>θυμος</w>
						<w>και</w>
						<w>οργη</w>
						<w>και</w>
						<w>κραυγη</w>
						<w>και</w>
						<w>βλασφημια</w>
						<w>αρθητω</w>
						<w>αφ</w>
						<w>υμων</w>
						<w>συν</w>
						<w>παση</w>
						<w>κακια</w>
					</ab>
					<ab n="B10K4V32">
						<w>γινεσθε</w>
						<w>δε</w>
						<w>εις</w>
						<w>αλληλους</w>
						<w>χρηστοι</w>
						<w>ευσπλαγχνοι</w>
						<w>χαριζομενοι</w>
						<w>εαυτοις</w>
						<w>καθως</w>
						<w>και</w>
						<w>ο</w>
						<w>θεος</w>
						<w>εν</w>
						<w>χριστω</w>
						<w>εχαρισατο</w>
						<w>ημιν</w>
					</ab>
				</div>
				<div type="chapter" n="B10K5">
					<ab n="B10K5V1">
						<w>γινεσθε</w>
						<w>ουν</w>
						<w>μιμηται</w>
						<w>του</w>
						<w>θεου</w>
						<w>ως</w>
						<w>τεκνα</w>
						<w>αγαπητα</w>
					</ab>
					<ab n="B10K5V2">
						<w>και</w>
						<w>περιπατειτε</w>
						<w>εν</w>
						<w>αγαπη</w>
						<w>καθως</w>
						<w>και</w>
						<w>ο</w>
						<w>χριστος</w>
						<w>ηγαπησεν</w>
						<w>ημας</w>
						<w>και</w>
						<w>παρεδωκεν</w>
						<w>εαυτον</w>
						<w>υπερ</w>
						<w>ημων</w>
						<w>προσφοραν</w>
						<w>και</w>
						<w>θυσιαν</w>
						<w>τω</w>
						<w>θεω</w>
						<w>εις</w>
						<w>οσμην</w>
						<w>ευωδιας</w>
					</ab>
					<ab n="B10K5V3">
						<w>πορνεια</w>
						<w>δε</w>
						<w>και</w>
						<w>πασα</w>
						<w>ακαθαρσια</w>
						<w>η</w>
						<w>πλεονεξια</w>
						<w>μηδε</w>
						<w>ονομαζεσθω</w>
						<w>εν</w>
						<w>υμιν</w>
						<w>καθως</w>
						<w>πρεπει</w>
						<w>αγιοις</w>
					</ab>
					<ab n="B10K5V4">
						<w>και</w>
						<w>αισχροτης</w>
						<w>και</w>
						<w>μωρολογια</w>
						<w>η</w>
						<w>ευτραπελια</w>
						<w>τα</w>
						<w>ουκ</w>
						<w>ανηκοντα</w>
						<w>αλλα</w>
						<w>μαλλον</w>
						<w>ευχαριστια</w>
					</ab>
					<ab n="B10K5V5">
						<w>τουτο</w>
						<w>γαρ</w>
						<w>εστε</w>
						<w>γινωσκοντες</w>
						<w>οτι</w>
						<w>πας</w>
						<w>πορνος</w>
						<w>η</w>
						<w>ακαθαρτος</w>
						<w>η</w>
						<w>πλεονεκτης</w>
						<w>ος</w>
						<w>εστιν</w>
						<w>ειδωλολατρης</w>
						<w>ουκ</w>
						<w>εχει</w>
						<w>κληρονομιαν</w>
						<w>εν</w>
						<w>τη</w>
						<w>βασιλεια</w>
						<w>του</w>
						<w>χριστου</w>
						<w>και</w>
						<w>θεου</w>
					</ab>
					<ab n="B10K5V6">
						<w>μηδεις</w>
						<w>υμας</w>
						<w>απατατω</w>
						<w>κενοις</w>
						<w>λογοις</w>
						<w>δια</w>
						<w>ταυτα</w>
						<w>γαρ</w>
						<w>ερχεται</w>
						<w>η</w>
						<w>οργη</w>
						<w>του</w>
						<w>θεου</w>
						<w>επι</w>
						<w>τους</w>
						<w>υιους</w>
						<w>της</w>
						<w>απειθειας</w>
					</ab>
					<ab n="B10K5V7">
						<w>μη</w>
						<w>ουν</w>
						<w>γινεσθε</w>
						<w>συμμετοχοι</w>
						<w>αυτων</w>
					</ab>
					<ab n="B10K5V8">
						<w>ητε</w>
						<w>γαρ</w>
						<w>ποτε</w>
						<w>σκοτος</w>
						<w>νυν</w>
						<w>δε</w>
						<w>φως</w>
						<w>εν</w>
						<w>κυριω</w>
						<w>ως</w>
						<w>τεκνα</w>
						<w>φωτος</w>
						<w>περιπατειτε</w>
					</ab>
					<ab n="B10K5V9">
						<w>ο</w>
						<w>γαρ</w>
						<w>καρπος</w>
						<w>του</w>
						<w>πνευματος</w>
						<w>εν</w>
						<w>παση</w>
						<w>αγαθωσυνη</w>
						<w>και</w>
						<w>δικαιοσυνη</w>
						<w>και</w>
						<w>αληθεια</w>
					</ab>
					<ab n="B10K5V10">
						<w>δοκιμαζοντες</w>
						<w>τι</w>
						<w>εστιν</w>
						<w>ευαρεστον</w>
						<w>τω</w>
						<w>κυριω</w>
					</ab>
					<ab n="B10K5V11">
						<w>και</w>
						<w>μη</w>
						<w>συγκοινωνειτε</w>
						<w>τοις</w>
						<w>εργοις</w>
						<w>τοις</w>
						<w>ακαρποις</w>
						<w>του</w>
						<w>σκοτους</w>
						<w>μαλλον</w>
						<w>δε</w>
						<w>και</w>
						<w>ελεγχετε</w>
					</ab>
					<ab n="B10K5V12">
						<w>τα</w>
						<w>γαρ</w>
						<w>κρυφη</w>
						<w>γινομενα</w>
						<w>υπ</w>
						<w>αυτων</w>
						<w>αισχρον</w>
						<w>εστιν</w>
						<w>και</w>
						<w>λεγειν</w>
					</ab>
					<ab n="B10K5V13">
						<w>τα</w>
						<w>δε</w>
						<w>παντα</w>
						<w>ελεγχομενα</w>
						<w>υπο</w>
						<w>του</w>
						<w>φωτος</w>
						<w>φανερουται</w>
						<w>παν</w>
						<w>γαρ</w>
						<w>το</w>
						<w>φανερουμενον</w>
						<w>φως</w>
						<w>εστιν</w>
					</ab>
					<ab n="B10K5V14">
						<w>διο</w>
						<w>λεγει</w>
						<w>εγειρε</w>
						<w>ο</w>
						<w>καθευδων</w>
						<w>και</w>
						<w>αναστα</w>
						<w>εκ</w>
						<w>των</w>
						<w>νεκρων</w>
						<w>και</w>
						<w>επιφαυσει</w>
						<w>σοι</w>
						<w>ο</w>
						<w>χριστος</w>
					</ab>
					<ab n="B10K5V15">
						<w>βλεπετε</w>
						<w>ουν</w>
						<w>πως</w>
						<w>ακριβως</w>
						<w>περιπατειτε</w>
						<w>μη</w>
						<w>ως</w>
						<w>ασοφοι</w>
						<w>αλλ</w>
						<w>ως</w>
						<w>σοφοι</w>
					</ab>
					<ab n="B10K5V16">
						<w>εξαγοραζομενοι</w>
						<w>τον</w>
						<w>καιρον</w>
						<w>οτι</w>
						<w>αι</w>
						<w>ημεραι</w>
						<w>πονηραι</w>
						<w>εισιν</w>
					</ab>
					<ab n="B10K5V17">
						<w>δια</w>
						<w>τουτο</w>
						<w>μη</w>
						<w>γινεσθε</w>
						<w>αφρονες</w>
						<w>αλλα</w>
						<w>συνιεντες</w>
						<w>τι</w>
						<w>το</w>
						<w>θελημα</w>
						<w>του</w>
						<w>κυριου</w>
					</ab>
					<ab n="B10K5V18">
						<w>και</w>
						<w>μη</w>
						<w>μεθυσκεσθε</w>
						<w>οινω</w>
						<w>εν</w>
						<w>ω</w>
						<w>εστιν</w>
						<w>ασωτια</w>
						<w>αλλα</w>
						<w>πληρουσθε</w>
						<w>εν</w>
						<w>πνευματι</w>
					</ab>
					<ab n="B10K5V19">
						<w>λαλουντες</w>
						<w>εαυτοις</w>
						<w>ψαλμοις</w>
						<w>και</w>
						<w>υμνοις</w>
						<w>και</w>
						<w>ωδαις</w>
						<w>πνευματικαις</w>
						<w>αδοντες</w>
						<w>και</w>
						<w>ψαλλοντες</w>
						<w>εν</w>
						<w>τη</w>
						<w>καρδια</w>
						<w>υμων</w>
						<w>τω</w>
						<w>κυριω</w>
					</ab>
					<ab n="B10K5V20">
						<w>ευχαριστουντες</w>
						<w>παντοτε</w>
						<w>υπερ</w>
						<w>παντων</w>
						<w>εν</w>
						<w>ονοματι</w>
						<w>του</w>
						<w>κυριου</w>
						<w>ημων</w>
						<w>ιησου</w>
						<w>χριστου</w>
						<w>τω</w>
						<w>θεω</w>
						<w>και</w>
						<w>πατρι</w>
					</ab>
					<ab n="B10K5V21">
						<w>υποτασσομενοι</w>
						<w>αλληλοις</w>
						<w>εν</w>
						<w>φοβω</w>
						<w>χριστου</w>
					</ab>
					<ab n="B10K5V22">
						<w>αι</w>
						<w>γυναικες</w>
						<w>τοις</w>
						<w>ιδιοις</w>
						<w>ανδρασιν</w>
						<w>υποτασσεσθε</w>
						<w>ως</w>
						<w>τω</w>
						<w>κυριω</w>
					</ab>
					<ab n="B10K5V23">
						<w>οτι</w>
						<w>ανηρ</w>
						<w>εστιν</w>
						<w>κεφαλη</w>
						<w>της</w>
						<w>γυναικος</w>
						<w>ως</w>
						<w>και</w>
						<w>ο</w>
						<w>χριστος</w>
						<w>κεφαλη</w>
						<w>της</w>
						<w>εκκλησιας</w>
						<w>και</w>
						<w>αυτος</w>
						<w>εστιν</w>
						<w>σωτηρ</w>
						<w>του</w>
						<w>σωματος</w>
					</ab>
					<ab n="B10K5V24">
						<w>αλλ</w>
						<w>ωσπερ</w>
						<w>η</w>
						<w>εκκλησια</w>
						<w>υποτασσεται</w>
						<w>τω</w>
						<w>χριστω</w>
						<w>ουτως</w>
						<w>και</w>
						<w>αι</w>
						<w>γυναικες</w>
						<w>τοις</w>
						<w>ιδιοις</w>
						<w>ανδρασιν</w>
						<w>εν</w>
						<w>παντι</w>
					</ab>
					<ab n="B10K5V25">
						<w>οι</w>
						<w>ανδρες</w>
						<w>αγαπατε</w>
						<w>τας</w>
						<w>γυναικας</w>
						<w>εαυτων</w>
						<w>καθως</w>
						<w>και</w>
						<w>ο</w>
						<w>χριστος</w>
						<w>ηγαπησεν</w>
						<w>την</w>
						<w>εκκλησιαν</w>
						<w>και</w>
						<w>εαυτον</w>
						<w>παρεδωκεν</w>
						<w>υπερ</w>
						<w>αυτης</w>
					</ab>
					<ab n="B10K5V26">
						<w>ινα</w>
						<w>αυτην</w>
						<w>αγιαση</w>
						<w>καθαρισας</w>
						<w>τω</w>
						<w>λουτρω</w>
						<w>του</w>
						<w>υδατος</w>
						<w>εν</w>
						<w>ρηματι</w>
					</ab>
					<ab n="B10K5V27">
						<w>ινα</w>
						<w>παραστηση</w>
						<w>αυτην</w>
						<w>εαυτω</w>
						<w>ενδοξον</w>
						<w>την</w>
						<w>εκκλησιαν</w>
						<w>μη</w>
						<w>εχουσαν</w>
						<w>σπιλον</w>
						<w>η</w>
						<w>ρυτιδα</w>
						<w>η</w>
						<w>τι</w>
						<w>των</w>
						<w>τοιουτων</w>
						<w>αλλ</w>
						<w>ινα</w>
						<w>η</w>
						<w>αγια</w>
						<w>και</w>
						<w>αμωμος</w>
					</ab>
					<ab n="B10K5V28">
						<w>ουτως</w>
						<w>οφειλουσιν</w>
						<w>οι</w>
						<w>ανδρες</w>
						<w>αγαπαν</w>
						<w>τας</w>
						<w>εαυτων</w>
						<w>γυναικας</w>
						<w>ως</w>
						<w>τα</w>
						<w>εαυτων</w>
						<w>σωματα</w>
						<w>ο</w>
						<w>αγαπων</w>
						<w>την</w>
						<w>εαυτου</w>
						<w>γυναικα</w>
						<w>εαυτον</w>
						<w>αγαπα</w>
					</ab>
					<ab n="B10K5V29">
						<w>ουδεις</w>
						<w>γαρ</w>
						<w>ποτε</w>
						<w>την</w>
						<w>εαυτου</w>
						<w>σαρκα</w>
						<w>εμισησεν</w>
						<w>αλλ</w>
						<w>εκτρεφει</w>
						<w>και</w>
						<w>θαλπει</w>
						<w>αυτην</w>
						<w>καθως</w>
						<w>και</w>
						<w>ο</w>
						<w>κυριος</w>
						<w>την</w>
						<w>εκκλησιαν</w>
					</ab>
					<ab n="B10K5V30">
						<w>οτι</w>
						<w>μελη</w>
						<w>εσμεν</w>
						<w>του</w>
						<w>σωματος</w>
						<w>αυτου</w>
						<w>εκ</w>
						<w>της</w>
						<w>σαρκος</w>
						<w>αυτου</w>
						<w>και</w>
						<w>εκ</w>
						<w>των</w>
						<w>οστεων</w>
						<w>αυτου</w>
					</ab>
					<ab n="B10K5V31">
						<w>αντι</w>
						<w>τουτου</w>
						<w>καταλειψει</w>
						<w>ανθρωπος</w>
						<w>τον</w>
						<w>πατερα</w>
						<w>αυτου</w>
						<w>και</w>
						<w>την</w>
						<w>μητερα</w>
						<w>και</w>
						<w>προσκολληθησεται</w>
						<w>προς</w>
						<w>την</w>
						<w>γυναικα</w>
						<w>αυτου</w>
						<w>και</w>
						<w>εσονται</w>
						<w>οι</w>
						<w>δυο</w>
						<w>εις</w>
						<w>σαρκα</w>
						<w>μιαν</w>
					</ab>
					<ab n="B10K5V32">
						<w>το</w>
						<w>μυστηριον</w>
						<w>τουτο</w>
						<w>μεγα</w>
						<w>εστιν</w>
						<w>εγω</w>
						<w>δε</w>
						<w>λεγω</w>
						<w>εις</w>
						<w>χριστον</w>
						<w>και</w>
						<w>εις</w>
						<w>την</w>
						<w>εκκλησιαν</w>
					</ab>
					<ab n="B10K5V33">
						<w>πλην</w>
						<w>και</w>
						<w>υμεις</w>
						<w>οι</w>
						<w>καθ</w>
						<w>ενα</w>
						<w>εκαστος</w>
						<w>την</w>
						<w>εαυτου</w>
						<w>γυναικα</w>
						<w>ουτως</w>
						<w>αγαπατω</w>
						<w>ως</w>
						<w>εαυτον</w>
						<w>η</w>
						<w>δε</w>
						<w>γυνη</w>
						<w>ινα</w>
						<w>φοβηται</w>
						<w>τον</w>
						<w>ανδρα</w>
					</ab>
				</div>
				<div type="chapter" n="B10K6">
					<ab n="B10K6V1">
						<w>τα</w>
						<w>τεκνα</w>
						<w>υπακουετε</w>
						<w>τοις</w>
						<w>γονευσιν</w>
						<w>υμων</w>
						<w>εν</w>
						<w>κυριω</w>
						<w>τουτο</w>
						<w>γαρ</w>
						<w>εστιν</w>
						<w>δικαιον</w>
					</ab>
					<ab n="B10K6V2">
						<w>τιμα</w>
						<w>τον</w>
						<w>πατερα</w>
						<w>σου</w>
						<w>και</w>
						<w>την</w>
						<w>μητερα</w>
						<w>ητις</w>
						<w>εστιν</w>
						<w>εντολη</w>
						<w>πρωτη</w>
						<w>εν</w>
						<w>επαγγελια</w>
					</ab>
					<ab n="B10K6V3">
						<w>ινα</w>
						<w>ευ</w>
						<w>σοι</w>
						<w>γενηται</w>
						<w>και</w>
						<w>εση</w>
						<w>μακροχρονιος</w>
						<w>επι</w>
						<w>της</w>
						<w>γης</w>
					</ab>
					<ab n="B10K6V4">
						<w>και</w>
						<w>οι</w>
						<w>πατερες</w>
						<w>μη</w>
						<w>παροργιζετε</w>
						<w>τα</w>
						<w>τεκνα</w>
						<w>υμων</w>
						<w>αλλ</w>
						<w>εκτρεφετε</w>
						<w>αυτα</w>
						<w>εν</w>
						<w>παιδεια</w>
						<w>και</w>
						<w>νουθεσια</w>
						<w>κυριου</w>
					</ab>
					<ab n="B10K6V5">
						<w>οι</w>
						<w>δουλοι</w>
						<w>υπακουετε</w>
						<w>τοις</w>
						<w>κυριοις</w>
						<w>κατα</w>
						<w>σαρκα</w>
						<w>μετα</w>
						<w>φοβου</w>
						<w>και</w>
						<w>τρομου</w>
						<w>εν</w>
						<w>απλοτητι</w>
						<w>της</w>
						<w>καρδιας</w>
						<w>υμων</w>
						<w>ως</w>
						<w>τω</w>
						<w>χριστω</w>
					</ab>
					<ab n="B10K6V6">
						<w>μη</w>
						<w>κατ</w>
						<w>οφθαλμοδουλειαν</w>
						<w>ως</w>
						<w>ανθρωπαρεσκοι</w>
						<w>αλλ</w>
						<w>ως</w>
						<w>δουλοι</w>
						<w>του</w>
						<w>χριστου</w>
						<w>ποιουντες</w>
						<w>το</w>
						<w>θελημα</w>
						<w>του</w>
						<w>θεου</w>
						<w>εκ</w>
						<w>ψυχης</w>
					</ab>
					<ab n="B10K6V7">
						<w>μετ</w>
						<w>ευνοιας</w>
						<w>δουλευοντες</w>
						<w>ως</w>
						<w>τω</w>
						<w>κυριω</w>
						<w>και</w>
						<w>ουκ</w>
						<w>ανθρωποις</w>
					</ab>
					<ab n="B10K6V8">
						<w>ειδοτες</w>
						<w>οτι</w>
						<w>ο</w>
						<w>εαν</w>
						<w>τι</w>
						<w>εκαστος</w>
						<w>ποιηση</w>
						<w>αγαθον</w>
						<w>τουτο</w>
						<w>κομιειται</w>
						<w>παρα</w>
						<w>του</w>
						<w>κυριου</w>
						<w>ειτε</w>
						<w>δουλος</w>
						<w>ειτε</w>
						<w>ελευθερος</w>
					</ab>
					<ab n="B10K6V9">
						<w>και</w>
						<w>οι</w>
						<w>κυριοι</w>
						<w>τα</w>
						<w>αυτα</w>
						<w>ποιειτε</w>
						<w>προς</w>
						<w>αυτους</w>
						<w>ανιεντες</w>
						<w>την</w>
						<w>απειλην</w>
						<w>ειδοτες</w>
						<w>οτι</w>
						<w>και</w>
						<w>υμων</w>
						<w>αυτων</w>
						<w>ο</w>
						<w>κυριος</w>
						<w>εστιν</w>
						<w>εν</w>
						<w>ουρανοις</w>
						<w>και</w>
						<w>προσωποληψια</w>
						<w>ουκ</w>
						<w>εστιν</w>
						<w>παρ</w>
						<w>αυτω</w>
					</ab>
					<ab n="B10K6V10">
						<w>το</w>
						<w>λοιπον</w>
						<w>αδελφοι</w>
						<w>μου</w>
						<w>ενδυναμουσθε</w>
						<w>εν</w>
						<w>κυριω</w>
						<w>και</w>
						<w>εν</w>
						<w>τω</w>
						<w>κρατει</w>
						<w>της</w>
						<w>ισχυος</w>
						<w>αυτου</w>
					</ab>
					<ab n="B10K6V11">
						<w>ενδυσασθε</w>
						<w>την</w>
						<w>πανοπλιαν</w>
						<w>του</w>
						<w>θεου</w>
						<w>προς</w>
						<w>το</w>
						<w>δυνασθαι</w>
						<w>υμας</w>
						<w>στηναι</w>
						<w>προς</w>
						<w>τας</w>
						<w>μεθοδειας</w>
						<w>του</w>
						<w>διαβολου</w>
					</ab>
					<ab n="B10K6V12">
						<w>οτι</w>
						<w>ουκ</w>
						<w>εστιν</w>
						<w>ημιν</w>
						<w>η</w>
						<w>παλη</w>
						<w>προς</w>
						<w>αιμα</w>
						<w>και</w>
						<w>σαρκα</w>
						<w>αλλα</w>
						<w>προς</w>
						<w>τας</w>
						<w>αρχας</w>
						<w>προς</w>
						<w>τας</w>
						<w>εξουσιας</w>
						<w>προς</w>
						<w>τους</w>
						<w>κοσμοκρατορας</w>
						<w>του</w>
						<w>σκοτους</w>
						<w>του</w>
						<w>αιωνος</w>
						<w>τουτου</w>
						<w>προς</w>
						<w>τα</w>
						<w>πνευματικα</w>
						<w>της</w>
						<w>πονηριας</w>
						<w>εν</w>
						<w>τοις</w>
						<w>επουρανιοις</w>
					</ab>
					<ab n="B10K6V13">
						<w>δια</w>
						<w>τουτο</w>
						<w>αναλαβετε</w>
						<w>την</w>
						<w>πανοπλιαν</w>
						<w>του</w>
						<w>θεου</w>
						<w>ινα</w>
						<w>δυνηθητε</w>
						<w>αντιστηναι</w>
						<w>εν</w>
						<w>τη</w>
						<w>ημερα</w>
						<w>τη</w>
						<w>πονηρα</w>
						<w>και</w>
						<w>απαντα</w>
						<w>κατεργασαμενοι</w>
						<w>στηναι</w>
					</ab>
					<ab n="B10K6V14">
						<w>στητε</w>
						<w>ουν</w>
						<w>περιζωσαμενοι</w>
						<w>την</w>
						<w>οσφυν</w>
						<w>υμων</w>
						<w>εν</w>
						<w>αληθεια</w>
						<w>και</w>
						<w>ενδυσαμενοι</w>
						<w>τον</w>
						<w>θωρακα</w>
						<w>της</w>
						<w>δικαιοσυνης</w>
					</ab>
					<ab n="B10K6V15">
						<w>και</w>
						<w>υποδησαμενοι</w>
						<w>τους</w>
						<w>ποδας</w>
						<w>εν</w>
						<w>ετοιμασια</w>
						<w>του</w>
						<w>ευαγγελιου</w>
						<w>της</w>
						<w>ειρηνης</w>
					</ab>
					<ab n="B10K6V16">
						<w>επι</w>
						<w>πασιν</w>
						<w>αναλαβοντες</w>
						<w>τον</w>
						<w>θυρεον</w>
						<w>της</w>
						<w>πιστεως</w>
						<w>εν</w>
						<w>ω</w>
						<w>δυνησεσθε</w>
						<w>παντα</w>
						<w>τα</w>
						<w>βελη</w>
						<w>του</w>
						<w>πονηρου</w>
						<w>τα</w>
						<w>πεπυρωμενα</w>
						<w>σβεσαι</w>
					</ab>
					<ab n="B10K6V17">
						<w>και</w>
						<w>την</w>
						<w>περικεφαλαιαν</w>
						<w>του</w>
						<w>σωτηριου</w>
						<w>δεξασθαι</w>
						<w>και</w>
						<w>την</w>
						<w>μαχαιραν</w>
						<w>του</w>
						<w>πνευματος</w>
						<w>ο</w>
						<w>εστιν</w>
						<w>ρημα</w>
						<w>θεου</w>
					</ab>
					<ab n="B10K6V18">
						<w>δια</w>
						<w>πασης</w>
						<w>προσευχης</w>
						<w>και</w>
						<w>δεησεως</w>
						<w>προσευχομενοι</w>
						<w>εν</w>
						<w>παντι</w>
						<w>καιρω</w>
						<w>εν</w>
						<w>πνευματι</w>
						<w>και</w>
						<w>εις</w>
						<w>αυτο</w>
						<w>τουτο</w>
						<w>αγρυπνουντες</w>
						<w>εν</w>
						<w>παση</w>
						<w>προσκαρτερησει</w>
						<w>και</w>
						<w>δεησει</w>
						<w>περι</w>
						<w>παντων</w>
						<w>των</w>
						<w>αγιων</w>
					</ab>
					<ab n="B10K6V19">
						<w>και</w>
						<w>υπερ</w>
						<w>εμου</w>
						<w>ινα</w>
						<w>μοι</w>
						<w>δοθη</w>
						<w>λογος</w>
						<w>εν</w>
						<w>ανοιξει</w>
						<w>του</w>
						<w>στοματος</w>
						<w>μου</w>
						<w>εν</w>
						<w>παρρησια</w>
						<w>γνωρισαι</w>
						<w>το</w>
						<w>μυστηριον</w>
						<w>του</w>
						<w>ευαγγελιου</w>
					</ab>
					<ab n="B10K6V20">
						<w>υπερ</w>
						<w>ου</w>
						<w>πρεσβευω</w>
						<w>εν</w>
						<w>αλυσει</w>
						<w>ινα</w>
						<w>εν</w>
						<w>αυτω</w>
						<w>παρρησιασωμαι</w>
						<w>ως</w>
						<w>δει</w>
						<w>με</w>
						<w>λαλησαι</w>
					</ab>
					<ab n="B10K6V21">
						<w>ινα</w>
						<w>δε</w>
						<w>ειδητε</w>
						<w>και</w>
						<w>υμεις</w>
						<w>τα</w>
						<w>κατ</w>
						<w>εμε</w>
						<w>τι</w>
						<w>πρασσω</w>
						<w>παντα</w>
						<w>υμιν</w>
						<w>γνωρισει</w>
						<w>τυχικος</w>
						<w>ο</w>
						<w>αγαπητος</w>
						<w>αδελφος</w>
						<w>και</w>
						<w>πιστος</w>
						<w>διακονος</w>
						<w>εν</w>
						<w>κυριω</w>
					</ab>
					<ab n="B10K6V22">
						<w>ον</w>
						<w>επεμψα</w>
						<w>προς</w>
						<w>υμας</w>
						<w>εις</w>
						<w>αυτο</w>
						<w>τουτο</w>
						<w>ινα</w>
						<w>γνωτε</w>
						<w>τα</w>
						<w>περι</w>
						<w>ημων</w>
						<w>και</w>
						<w>παρακαλεση</w>
						<w>τας</w>
						<w>καρδιας</w>
						<w>υμων</w>
					</ab>
					<ab n="B10K6V23">
						<w>ειρηνη</w>
						<w>τοις</w>
						<w>αδελφοις</w>
						<w>και</w>
						<w>αγαπη</w>
						<w>μετα</w>
						<w>πιστεως</w>
						<w>απο</w>
						<w>θεου</w>
						<w>πατρος</w>
						<w>και</w>
						<w>κυριου</w>
						<w>ιησου</w>
						<w>χριστου</w>
					</ab>
					<ab n="B10K6V24">
						<w>η</w>
						<w>χαρις</w>
						<w>μετα</w>
						<w>παντων</w>
						<w>των</w>
						<w>αγαπωντων</w>
						<w>τον</w>
						<w>κυριον</w>
						<w>ημων</w>
						<w>ιησουν</w>
						<w>χριστον</w>
						<w>εν</w>
						<w>αφθαρσια</w>
						<w>αμην</w>
					</ab>
				</div>
			</div>
		</body>
	</text>
</TEI>