<?xml version="1.0" encoding="utf-8"?>
<!DOCTYPE TEI [
<!-- entities used in individual transcriptions will be defined here -->
]>
<?xml-model href="TEI-NTMSS.rng" type="application/xml" 
schematypens="http://relaxng.org/ns/structure/1.0"?>
<TEI xml:id="Byz" xmlns="http://www.tei-c.org/ns/1.0">
    <teiHeader>
        <fileDesc>
            <titleStmt>
                <title>The New Testament in the Original Greek: The Byzantine Textform</title>
                <title type="collection" level="s" xml:lang="en">The New Testament</title>
				<title type="work" level="m" xml:lang="en" n="09">Galatians</title>
				<title type="short" level="m" xml:lang="en" n="09">GAL</title>                
                <respStmt>
                    <resp>Created by</resp><name>Maurice A. Robinson and William Pierpont</name>
                </respStmt>
            </titleStmt> 
        <editionStmt>
            <edition n="2018">Last updated (XML version) <date>31.5.2023</date></edition>
        </editionStmt>
        <publicationStmt>
            <availability><p>This file is in the Public Domain</p></availability>
        </publicationStmt>
        <sourceDesc>
            <msDesc>
            <msIdentifier>
                <country>United States of America</country>
                <msName xml:lang="en">The New Testament in the Original Greek: The Byzantine Textform</msName>
                <altIdentifier type="Byz"></altIdentifier>
            </msIdentifier>
            </msDesc>
        </sourceDesc>
        </fileDesc>
        <encodingDesc n="1.5">
            <editorialDecl>
                <p>The initial transcription file was a set of plain text files, later converted to XML. Further information about the procedures followed may be found in the electronic edition at <ptr target="https://github.com/byztxt/byzantine-majority-text/"/></p>
                <p>The XML specifications used were version 1.5 of the IGNTP Guidelines available at <ptr target="http://epapers.bham.ac.uk/1892/"/></p>
            </editorialDecl> 
            <variantEncoding method="parallel-segmentation" location="internal"/>
        </encodingDesc>
    </teiHeader>
    <text xml:lang="grc">
        <body>
			<div type="book" n="B09">
				<div type="chapter" n="B09K1">
					<ab n="B09K1V1">
						<w>παυλος</w>
						<w>αποστολος</w>
						<w>ουκ</w>
						<w>απ</w>
						<w>ανθρωπων</w>
						<w>ουδε</w>
						<w>δι</w>
						<w>ανθρωπου</w>
						<w>αλλα</w>
						<w>δια</w>
						<w>ιησου</w>
						<w>χριστου</w>
						<w>και</w>
						<w>θεου</w>
						<w>πατρος</w>
						<w>του</w>
						<w>εγειραντος</w>
						<w>αυτον</w>
						<w>εκ</w>
						<w>νεκρων</w>
					</ab>
					<ab n="B09K1V2">
						<w>και</w>
						<w>οι</w>
						<w>συν</w>
						<w>εμοι</w>
						<w>παντες</w>
						<w>αδελφοι</w>
						<w>ταις</w>
						<w>εκκλησιαις</w>
						<w>της</w>
						<w>γαλατιας</w>
					</ab>
					<ab n="B09K1V3">
						<w>χαρις</w>
						<w>υμιν</w>
						<w>και</w>
						<w>ειρηνη</w>
						<w>απο</w>
						<w>θεου</w>
						<w>πατρος</w>
						<w>και</w>
						<w>κυριου</w>
						<w>ημων</w>
						<w>ιησου</w>
						<w>χριστου</w>
					</ab>
					<ab n="B09K1V4">
						<w>του</w>
						<w>δοντος</w>
						<w>εαυτον</w>
						<w>περι</w>
						<w>των</w>
						<w>αμαρτιων</w>
						<w>ημων</w>
						<w>οπως</w>
						<w>εξεληται</w>
						<w>ημας</w>
						<w>εκ</w>
						<w>του</w>
						<w>ενεστωτος</w>
						<w>αιωνος</w>
						<w>πονηρου</w>
						<w>κατα</w>
						<w>το</w>
						<w>θελημα</w>
						<w>του</w>
						<w>θεου</w>
						<w>και</w>
						<w>πατρος</w>
						<w>ημων</w>
					</ab>
					<ab n="B09K1V5">
						<w>ω</w>
						<w>η</w>
						<w>δοξα</w>
						<w>εις</w>
						<w>τους</w>
						<w>αιωνας</w>
						<w>των</w>
						<w>αιωνων</w>
						<w>αμην</w>
					</ab>
					<ab n="B09K1V6">
						<w>θαυμαζω</w>
						<w>οτι</w>
						<w>ουτως</w>
						<w>ταχεως</w>
						<w>μετατιθεσθε</w>
						<w>απο</w>
						<w>του</w>
						<w>καλεσαντος</w>
						<w>υμας</w>
						<w>εν</w>
						<w>χαριτι</w>
						<w>χριστου</w>
						<w>εις</w>
						<w>ετερον</w>
						<w>ευαγγελιον</w>
					</ab>
					<ab n="B09K1V7">
						<w>ο</w>
						<w>ουκ</w>
						<w>εστιν</w>
						<w>αλλο</w>
						<w>ει</w>
						<w>μη</w>
						<w>τινες</w>
						<w>εισιν</w>
						<w>οι</w>
						<w>ταρασσοντες</w>
						<w>υμας</w>
						<w>και</w>
						<w>θελοντες</w>
						<w>μεταστρεψαι</w>
						<w>το</w>
						<w>ευαγγελιον</w>
						<w>του</w>
						<w>χριστου</w>
					</ab>
					<ab n="B09K1V8">
						<w>αλλα</w>
						<w>και</w>
						<w>εαν</w>
						<w>ημεις</w>
						<w>η</w>
						<w>αγγελος</w>
						<w>εξ</w>
						<w>ουρανου</w>
						<w>ευαγγελιζηται</w>
						<w>υμιν</w>
						<w>παρ</w>
						<w>ο</w>
						<w>ευηγγελισαμεθα</w>
						<w>υμιν</w>
						<w>αναθεμα</w>
						<w>εστω</w>
					</ab>
					<ab n="B09K1V9">
						<w>ως</w>
						<w>προειρηκαμεν</w>
						<w>και</w>
						<w>αρτι</w>
						<w>παλιν</w>
						<w>λεγω</w>
						<w>ει</w>
						<w>τις</w>
						<w>υμας</w>
						<w>ευαγγελιζεται</w>
						<w>παρ</w>
						<w>ο</w>
						<w>παρελαβετε</w>
						<w>αναθεμα</w>
						<w>εστω</w>
					</ab>
					<ab n="B09K1V10">
						<w>αρτι</w>
						<w>γαρ</w>
						<w>ανθρωπους</w>
						<w>πειθω</w>
						<w>η</w>
						<w>τον</w>
						<w>θεον</w>
						<w>η</w>
						<w>ζητω</w>
						<w>ανθρωποις</w>
						<w>αρεσκειν</w>
						<w>ει</w>
						<w>γαρ</w>
						<w>ετι</w>
						<w>ανθρωποις</w>
						<w>ηρεσκον</w>
						<w>χριστου</w>
						<w>δουλος</w>
						<w>ουκ</w>
						<w>αν</w>
						<w>ημην</w>
					</ab>
					<ab n="B09K1V11">
						<w>γνωριζω</w>
						<w>δε</w>
						<w>υμιν</w>
						<w>αδελφοι</w>
						<w>το</w>
						<w>ευαγγελιον</w>
						<w>το</w>
						<w>ευαγγελισθεν</w>
						<w>υπ</w>
						<w>εμου</w>
						<w>οτι</w>
						<w>ουκ</w>
						<w>εστιν</w>
						<w>κατα</w>
						<w>ανθρωπον</w>
					</ab>
					<ab n="B09K1V12">
						<w>ουδε</w>
						<w>γαρ</w>
						<w>εγω</w>
						<w>παρα</w>
						<w>ανθρωπου</w>
						<w>παρελαβον</w>
						<w>αυτο</w>
						<w>ουτε</w>
						<w>εδιδαχθην</w>
						<w>αλλα</w>
						<w>δι</w>
						<w>αποκαλυψεως</w>
						<w>ιησου</w>
						<w>χριστου</w>
					</ab>
					<ab n="B09K1V13">
						<w>ηκουσατε</w>
						<w>γαρ</w>
						<w>την</w>
						<w>εμην</w>
						<w>αναστροφην</w>
						<w>ποτε</w>
						<w>εν</w>
						<w>τω</w>
						<w>ιουδαισμω</w>
						<w>οτι</w>
						<w>καθ</w>
						<w>υπερβολην</w>
						<w>εδιωκον</w>
						<w>την</w>
						<w>εκκλησιαν</w>
						<w>του</w>
						<w>θεου</w>
						<w>και</w>
						<w>επορθουν</w>
						<w>αυτην</w>
					</ab>
					<ab n="B09K1V14">
						<w>και</w>
						<w>προεκοπτον</w>
						<w>εν</w>
						<w>τω</w>
						<w>ιουδαισμω</w>
						<w>υπερ</w>
						<w>πολλους</w>
						<w>συνηλικιωτας</w>
						<w>εν</w>
						<w>τω</w>
						<w>γενει</w>
						<w>μου</w>
						<w>περισσοτερως</w>
						<w>ζηλωτης</w>
						<w>υπαρχων</w>
						<w>των</w>
						<w>πατρικων</w>
						<w>μου</w>
						<w>παραδοσεων</w>
					</ab>
					<ab n="B09K1V15">
						<w>οτε</w>
						<w>δε</w>
						<w>ευδοκησεν</w>
						<w>ο</w>
						<w>θεος</w>
						<w>ο</w>
						<w>αφορισας</w>
						<w>με</w>
						<w>εκ</w>
						<w>κοιλιας</w>
						<w>μητρος</w>
						<w>μου</w>
						<w>και</w>
						<w>καλεσας</w>
						<w>δια</w>
						<w>της</w>
						<w>χαριτος</w>
						<w>αυτου</w>
					</ab>
					<ab n="B09K1V16">
						<w>αποκαλυψαι</w>
						<w>τον</w>
						<w>υιον</w>
						<w>αυτου</w>
						<w>εν</w>
						<w>εμοι</w>
						<w>ινα</w>
						<w>ευαγγελιζωμαι</w>
						<w>αυτον</w>
						<w>εν</w>
						<w>τοις</w>
						<w>εθνεσιν</w>
						<w>ευθεως</w>
						<w>ου</w>
						<w>προσανεθεμην</w>
						<w>σαρκι</w>
						<w>και</w>
						<w>αιματι</w>
					</ab>
					<ab n="B09K1V17">
						<w>ουδε</w>
						<w>ανηλθον</w>
						<w>εις</w>
						<w>ιεροσολυμα</w>
						<w>προς</w>
						<w>τους</w>
						<w>προ</w>
						<w>εμου</w>
						<w>αποστολους</w>
						<w>αλλα</w>
						<w>απηλθον</w>
						<w>εις</w>
						<w>αραβιαν</w>
						<w>και</w>
						<w>παλιν</w>
						<w>υπεστρεψα</w>
						<w>εις</w>
						<w>δαμασκον</w>
					</ab>
					<ab n="B09K1V18">
						<w>επειτα</w>
						<w>μετα</w>
						<w>ετη</w>
						<w>τρια</w>
						<w>ανηλθον</w>
						<w>εις</w>
						<w>ιεροσολυμα</w>
						<w>ιστορησαι</w>
						<w>πετρον</w>
						<w>και</w>
						<w>επεμεινα</w>
						<w>προς</w>
						<w>αυτον</w>
						<w>ημερας</w>
						<w>δεκαπεντε</w>
					</ab>
					<ab n="B09K1V19">
						<w>ετερον</w>
						<w>δε</w>
						<w>των</w>
						<w>αποστολων</w>
						<w>ουκ</w>
						<w>ειδον</w>
						<w>ει</w>
						<w>μη</w>
						<w>ιακωβον</w>
						<w>τον</w>
						<w>αδελφον</w>
						<w>του</w>
						<w>κυριου</w>
					</ab>
					<ab n="B09K1V20">
						<w>α</w>
						<w>δε</w>
						<w>γραφω</w>
						<w>υμιν</w>
						<w>ιδου</w>
						<w>ενωπιον</w>
						<w>του</w>
						<w>θεου</w>
						<w>οτι</w>
						<w>ου</w>
						<w>ψευδομαι</w>
					</ab>
					<ab n="B09K1V21">
						<w>επειτα</w>
						<w>ηλθον</w>
						<w>εις</w>
						<w>τα</w>
						<w>κλιματα</w>
						<w>της</w>
						<w>συριας</w>
						<w>και</w>
						<w>της</w>
						<w>κιλικιας</w>
					</ab>
					<ab n="B09K1V22">
						<w>ημην</w>
						<w>δε</w>
						<w>αγνοουμενος</w>
						<w>τω</w>
						<w>προσωπω</w>
						<w>ταις</w>
						<w>εκκλησιαις</w>
						<w>της</w>
						<w>ιουδαιας</w>
						<w>ταις</w>
						<w>εν</w>
						<w>χριστω</w>
					</ab>
					<ab n="B09K1V23">
						<w>μονον</w>
						<w>δε</w>
						<w>ακουοντες</w>
						<w>ησαν</w>
						<w>οτι</w>
						<w>ο</w>
						<w>διωκων</w>
						<w>ημας</w>
						<w>ποτε</w>
						<w>νυν</w>
						<w>ευαγγελιζεται</w>
						<w>την</w>
						<w>πιστιν</w>
						<w>ην</w>
						<w>ποτε</w>
						<w>επορθει</w>
					</ab>
					<ab n="B09K1V24">
						<w>και</w>
						<w>εδοξαζον</w>
						<w>εν</w>
						<w>εμοι</w>
						<w>τον</w>
						<w>θεον</w>
					</ab>
				</div>
				<div type="chapter" n="B09K2">
					<ab n="B09K2V1">
						<w>επειτα</w>
						<w>δια</w>
						<w>δεκατεσσαρων</w>
						<w>ετων</w>
						<w>παλιν</w>
						<w>ανεβην</w>
						<w>εις</w>
						<w>ιεροσολυμα</w>
						<w>μετα</w>
						<w>βαρναβα</w>
						<w>συμπαραλαβων</w>
						<w>και</w>
						<w>τιτον</w>
					</ab>
					<ab n="B09K2V2">
						<w>ανεβην</w>
						<w>δε</w>
						<w>κατα</w>
						<w>αποκαλυψιν</w>
						<w>και</w>
						<w>ανεθεμην</w>
						<w>αυτοις</w>
						<w>το</w>
						<w>ευαγγελιον</w>
						<w>ο</w>
						<w>κηρυσσω</w>
						<w>εν</w>
						<w>τοις</w>
						<w>εθνεσιν</w>
						<w>κατ</w>
						<w>ιδιαν</w>
						<w>δε</w>
						<w>τοις</w>
						<w>δοκουσιν</w>
						<w>μηπως</w>
						<w>εις</w>
						<w>κενον</w>
						<w>τρεχω</w>
						<w>η</w>
						<w>εδραμον</w>
					</ab>
					<ab n="B09K2V3">
						<w>αλλ</w>
						<w>ουδε</w>
						<w>τιτος</w>
						<w>ο</w>
						<w>συν</w>
						<w>εμοι</w>
						<w>ελλην</w>
						<w>ων</w>
						<w>ηναγκασθη</w>
						<w>περιτμηθηναι</w>
					</ab>
					<ab n="B09K2V4">
						<w>δια</w>
						<w>δε</w>
						<w>τους</w>
						<w>παρεισακτους</w>
						<w>ψευδαδελφους</w>
						<w>οιτινες</w>
						<w>παρεισηλθον</w>
						<w>κατασκοπησαι</w>
						<w>την</w>
						<w>ελευθεριαν</w>
						<w>ημων</w>
						<w>ην</w>
						<w>εχομεν</w>
						<w>εν</w>
						<w>χριστω</w>
						<w>ιησου</w>
						<w>ινα</w>
						<w>ημας</w>
						<w>καταδουλωσωνται</w>
					</ab>
					<ab n="B09K2V5">
						<w>οις</w>
						<w>ουδε</w>
						<w>προς</w>
						<w>ωραν</w>
						<w>ειξαμεν</w>
						<w>τη</w>
						<w>υποταγη</w>
						<w>ινα</w>
						<w>η</w>
						<w>αληθεια</w>
						<w>του</w>
						<w>ευαγγελιου</w>
						<w>διαμεινη</w>
						<w>προς</w>
						<w>υμας</w>
					</ab>
					<ab n="B09K2V6">
						<w>απο</w>
						<w>δε</w>
						<w>των</w>
						<w>δοκουντων</w>
						<w>ειναι</w>
						<w>τι</w>
						<w>οποιοι</w>
						<w>ποτε</w>
						<w>ησαν</w>
						<w>ουδεν</w>
						<w>μοι</w>
						<w>διαφερει</w>
						<w>προσωπον</w>
						<w>θεος</w>
						<w>ανθρωπου</w>
						<w>ου</w>
						<w>λαμβανει</w>
						<w>εμοι</w>
						<w>γαρ</w>
						<w>οι</w>
						<w>δοκουντες</w>
						<w>ουδεν</w>
						<w>προσανεθεντο</w>
					</ab>
					<ab n="B09K2V7">
						<w>αλλα</w>
						<w>τουναντιον</w>
						<w>ιδοντες</w>
						<w>οτι</w>
						<w>πεπιστευμαι</w>
						<w>το</w>
						<w>ευαγγελιον</w>
						<w>της</w>
						<w>ακροβυστιας</w>
						<w>καθως</w>
						<w>πετρος</w>
						<w>της</w>
						<w>περιτομης</w>
					</ab>
					<ab n="B09K2V8">
						<w>ο</w>
						<w>γαρ</w>
						<w>ενεργησας</w>
						<w>πετρω</w>
						<w>εις</w>
						<w>αποστολην</w>
						<w>της</w>
						<w>περιτομης</w>
						<w>ενηργησεν</w>
						<w>και</w>
						<w>εμοι</w>
						<w>εις</w>
						<w>τα</w>
						<w>εθνη</w>
					</ab>
					<ab n="B09K2V9">
						<w>και</w>
						<w>γνοντες</w>
						<w>την</w>
						<w>χαριν</w>
						<w>την</w>
						<w>δοθεισαν</w>
						<w>μοι</w>
						<w>ιακωβος</w>
						<w>και</w>
						<w>κηφας</w>
						<w>και</w>
						<w>ιωαννης</w>
						<w>οι</w>
						<w>δοκουντες</w>
						<w>στυλοι</w>
						<w>ειναι</w>
						<w>δεξιας</w>
						<w>εδωκαν</w>
						<w>εμοι</w>
						<w>και</w>
						<w>βαρναβα</w>
						<w>κοινωνιας</w>
						<w>ινα</w>
						<w>ημεις</w>
						<w>μεν</w>
						<w>εις</w>
						<w>τα</w>
						<w>εθνη</w>
						<w>αυτοι</w>
						<w>δε</w>
						<w>εις</w>
						<w>την</w>
						<w>περιτομην</w>
					</ab>
					<ab n="B09K2V10">
						<w>μονον</w>
						<w>των</w>
						<w>πτωχων</w>
						<w>ινα</w>
						<w>μνημονευωμεν</w>
						<w>ο</w>
						<w>και</w>
						<w>εσπουδασα</w>
						<w>αυτο</w>
						<w>τουτο</w>
						<w>ποιησαι</w>
					</ab>
					<ab n="B09K2V11">
						<w>οτε</w>
						<w>δε</w>
						<w>ηλθεν</w>
						<w>πετρος</w>
						<w>εις</w>
						<w>αντιοχειαν</w>
						<w>κατα</w>
						<w>προσωπον</w>
						<w>αυτω</w>
						<w>αντεστην</w>
						<w>οτι</w>
						<w>κατεγνωσμενος</w>
						<w>ην</w>
					</ab>
					<ab n="B09K2V12">
						<w>προ</w>
						<w>του</w>
						<w>γαρ</w>
						<w>ελθειν</w>
						<w>τινας</w>
						<w>απο</w>
						<w>ιακωβου</w>
						<w>μετα</w>
						<w>των</w>
						<w>εθνων</w>
						<w>συνησθιεν</w>
						<w>οτε</w>
						<w>δε</w>
						<w>ηλθον</w>
						<w>υπεστελλεν</w>
						<w>και</w>
						<w>αφωριζεν</w>
						<w>εαυτον</w>
						<w>φοβουμενος</w>
						<w>τους</w>
						<w>εκ</w>
						<w>περιτομης</w>
					</ab>
					<ab n="B09K2V13">
						<w>και</w>
						<w>συνυπεκριθησαν</w>
						<w>αυτω</w>
						<w>και</w>
						<w>οι</w>
						<w>λοιποι</w>
						<w>ιουδαιοι</w>
						<w>ωστε</w>
						<w>και</w>
						<w>βαρναβας</w>
						<w>συναπηχθη</w>
						<w>αυτων</w>
						<w>τη</w>
						<w>υποκρισει</w>
					</ab>
					<ab n="B09K2V14">
						<w>αλλ</w>
						<w>οτε</w>
						<w>ειδον</w>
						<w>οτι</w>
						<w>ουκ</w>
						<w>ορθοποδουσιν</w>
						<w>προς</w>
						<w>την</w>
						<w>αληθειαν</w>
						<w>του</w>
						<w>ευαγγελιου</w>
						<w>ειπον</w>
						<w>τω</w>
						<w>πετρω</w>
						<w>εμπροσθεν</w>
						<w>παντων</w>
						<w>ει</w>
						<w>συ</w>
						<w>ιουδαιος</w>
						<w>υπαρχων</w>
						<w>εθνικως</w>
						<w>ζης</w>
						<w>και</w>
						<w>ουκ</w>
						<w>ιουδαικως</w>
						<w>τι</w>
						<w>τα</w>
						<w>εθνη</w>
						<w>αναγκαζεις</w>
						<w>ιουδαιζειν</w>
					</ab>
					<ab n="B09K2V15">
						<w>ημεις</w>
						<w>φυσει</w>
						<w>ιουδαιοι</w>
						<w>και</w>
						<w>ουκ</w>
						<w>εξ</w>
						<w>εθνων</w>
						<w>αμαρτωλοι</w>
					</ab>
					<ab n="B09K2V16">
						<w>ειδοτες</w>
						<w>οτι</w>
						<w>ου</w>
						<w>δικαιουται</w>
						<w>ανθρωπος</w>
						<w>εξ</w>
						<w>εργων</w>
						<w>νομου</w>
						<w>εαν</w>
						<w>μη</w>
						<w>δια</w>
						<w>πιστεως</w>
						<w>ιησου</w>
						<w>χριστου</w>
						<w>και</w>
						<w>ημεις</w>
						<w>εις</w>
						<w>χριστον</w>
						<w>ιησουν</w>
						<w>επιστευσαμεν</w>
						<w>ινα</w>
						<w>δικαιωθωμεν</w>
						<w>εκ</w>
						<w>πιστεως</w>
						<w>χριστου</w>
						<w>και</w>
						<w>ουκ</w>
						<w>εξ</w>
						<w>εργων</w>
						<w>νομου</w>
						<w>διοτι</w>
						<w>ου</w>
						<w>δικαιωθησεται</w>
						<w>εξ</w>
						<w>εργων</w>
						<w>νομου</w>
						<w>πασα</w>
						<w>σαρξ</w>
					</ab>
					<ab n="B09K2V17">
						<w>ει</w>
						<w>δε</w>
						<w>ζητουντες</w>
						<w>δικαιωθηναι</w>
						<w>εν</w>
						<w>χριστω</w>
						<w>ευρεθημεν</w>
						<w>και</w>
						<w>αυτοι</w>
						<w>αμαρτωλοι</w>
						<w>αρα</w>
						<w>χριστος</w>
						<w>αμαρτιας</w>
						<w>διακονος</w>
						<w>μη</w>
						<w>γενοιτο</w>
					</ab>
					<ab n="B09K2V18">
						<w>ει</w>
						<w>γαρ</w>
						<w>α</w>
						<w>κατελυσα</w>
						<w>ταυτα</w>
						<w>παλιν</w>
						<w>οικοδομω</w>
						<w>παραβατην</w>
						<w>εμαυτον</w>
						<w>συνιστημι</w>
					</ab>
					<ab n="B09K2V19">
						<w>εγω</w>
						<w>γαρ</w>
						<w>δια</w>
						<w>νομου</w>
						<w>νομω</w>
						<w>απεθανον</w>
						<w>ινα</w>
						<w>θεω</w>
						<w>ζησω</w>
					</ab>
					<ab n="B09K2V20">
						<w>χριστω</w>
						<w>συνεσταυρωμαι</w>
						<w>ζω</w>
						<w>δε</w>
						<w>ουκετι</w>
						<w>εγω</w>
						<w>ζη</w>
						<w>δε</w>
						<w>εν</w>
						<w>εμοι</w>
						<w>χριστος</w>
						<w>ο</w>
						<w>δε</w>
						<w>νυν</w>
						<w>ζω</w>
						<w>εν</w>
						<w>σαρκι</w>
						<w>εν</w>
						<w>πιστει</w>
						<w>ζω</w>
						<w>τη</w>
						<w>του</w>
						<w>υιου</w>
						<w>του</w>
						<w>θεου</w>
						<w>του</w>
						<w>αγαπησαντος</w>
						<w>με</w>
						<w>και</w>
						<w>παραδοντος</w>
						<w>εαυτον</w>
						<w>υπερ</w>
						<w>εμου</w>
					</ab>
					<ab n="B09K2V21">
						<w>ουκ</w>
						<w>αθετω</w>
						<w>την</w>
						<w>χαριν</w>
						<w>του</w>
						<w>θεου</w>
						<w>ει</w>
						<w>γαρ</w>
						<w>δια</w>
						<w>νομου</w>
						<w>δικαιοσυνη</w>
						<w>αρα</w>
						<w>χριστος</w>
						<w>δωρεαν</w>
						<w>απεθανεν</w>
					</ab>
				</div>
				<div type="chapter" n="B09K3">
					<ab n="B09K3V1">
						<w>ω</w>
						<w>ανοητοι</w>
						<w>γαλαται</w>
						<w>τις</w>
						<w>υμας</w>
						<w>εβασκανεν</w>
						<w>τη</w>
						<w>αληθεια</w>
						<w>μη</w>
						<w>πειθεσθαι</w>
						<w>οις</w>
						<w>κατ</w>
						<w>οφθαλμους</w>
						<w>ιησους</w>
						<w>χριστος</w>
						<w>προεγραφη</w>
						<w>εν</w>
						<w>υμιν</w>
						<w>εσταυρωμενος</w>
					</ab>
					<ab n="B09K3V2">
						<w>τουτο</w>
						<w>μονον</w>
						<w>θελω</w>
						<w>μαθειν</w>
						<w>αφ</w>
						<w>υμων</w>
						<w>εξ</w>
						<w>εργων</w>
						<w>νομου</w>
						<w>το</w>
						<w>πνευμα</w>
						<w>ελαβετε</w>
						<w>η</w>
						<w>εξ</w>
						<w>ακοης</w>
						<w>πιστεως</w>
					</ab>
					<ab n="B09K3V3">
						<w>ουτως</w>
						<w>ανοητοι</w>
						<w>εστε</w>
						<w>εναρξαμενοι</w>
						<w>πνευματι</w>
						<w>νυν</w>
						<w>σαρκι</w>
						<w>επιτελεισθε</w>
					</ab>
					<ab n="B09K3V4">
						<w>τοσαυτα</w>
						<w>επαθετε</w>
						<w>εικη</w>
						<w>ειγε</w>
						<w>και</w>
						<w>εικη</w>
					</ab>
					<ab n="B09K3V5">
						<w>ο</w>
						<w>ουν</w>
						<w>επιχορηγων</w>
						<w>υμιν</w>
						<w>το</w>
						<w>πνευμα</w>
						<w>και</w>
						<w>ενεργων</w>
						<w>δυναμεις</w>
						<w>εν</w>
						<w>υμιν</w>
						<w>εξ</w>
						<w>εργων</w>
						<w>νομου</w>
						<w>η</w>
						<w>εξ</w>
						<w>ακοης</w>
						<w>πιστεως</w>
					</ab>
					<ab n="B09K3V6">
						<w>καθως</w>
						<w>αβρααμ</w>
						<w>επιστευσεν</w>
						<w>τω</w>
						<w>θεω</w>
						<w>και</w>
						<w>ελογισθη</w>
						<w>αυτω</w>
						<w>εις</w>
						<w>δικαιοσυνην</w>
					</ab>
					<ab n="B09K3V7">
						<w>γινωσκετε</w>
						<w>αρα</w>
						<w>οτι</w>
						<w>οι</w>
						<w>εκ</w>
						<w>πιστεως</w>
						<w>ουτοι</w>
						<w>εισιν</w>
						<w>υιοι</w>
						<w>αβρααμ</w>
					</ab>
					<ab n="B09K3V8">
						<w>προιδουσα</w>
						<w>δε</w>
						<w>η</w>
						<w>γραφη</w>
						<w>οτι</w>
						<w>εκ</w>
						<w>πιστεως</w>
						<w>δικαιοι</w>
						<w>τα</w>
						<w>εθνη</w>
						<w>ο</w>
						<w>θεος</w>
						<w>προευηγγελισατο</w>
						<w>τω</w>
						<w>αβρααμ</w>
						<w>οτι</w>
						<w>ενευλογηθησονται</w>
						<w>εν</w>
						<w>σοι</w>
						<w>παντα</w>
						<w>τα</w>
						<w>εθνη</w>
					</ab>
					<ab n="B09K3V9">
						<w>ωστε</w>
						<w>οι</w>
						<w>εκ</w>
						<w>πιστεως</w>
						<w>ευλογουνται</w>
						<w>συν</w>
						<w>τω</w>
						<w>πιστω</w>
						<w>αβρααμ</w>
					</ab>
					<ab n="B09K3V10">
						<w>οσοι</w>
						<w>γαρ</w>
						<w>εξ</w>
						<w>εργων</w>
						<w>νομου</w>
						<w>εισιν</w>
						<w>υπο</w>
						<w>καταραν</w>
						<w>εισιν</w>
						<w>γεγραπται</w>
						<w>γαρ</w>
						<w>επικαταρατος</w>
						<w>πας</w>
						<w>ος</w>
						<w>ουκ</w>
						<w>εμμενει</w>
						<w>εν</w>
						<w>πασιν</w>
						<w>τοις</w>
						<w>γεγραμμενοις</w>
						<w>εν</w>
						<w>τω</w>
						<w>βιβλιω</w>
						<w>του</w>
						<w>νομου</w>
						<w>του</w>
						<w>ποιησαι</w>
						<w>αυτα</w>
					</ab>
					<ab n="B09K3V11">
						<w>οτι</w>
						<w>δε</w>
						<w>εν</w>
						<w>νομω</w>
						<w>ουδεις</w>
						<w>δικαιουται</w>
						<w>παρα</w>
						<w>τω</w>
						<w>θεω</w>
						<w>δηλον</w>
						<w>οτι</w>
						<w>ο</w>
						<w>δικαιος</w>
						<w>εκ</w>
						<w>πιστεως</w>
						<w>ζησεται</w>
					</ab>
					<ab n="B09K3V12">
						<w>ο</w>
						<w>δε</w>
						<w>νομος</w>
						<w>ουκ</w>
						<w>εστιν</w>
						<w>εκ</w>
						<w>πιστεως</w>
						<w>αλλ</w>
						<w>ο</w>
						<w>ποιησας</w>
						<w>αυτα</w>
						<w>ανθρωπος</w>
						<w>ζησεται</w>
						<w>εν</w>
						<w>αυτοις</w>
					</ab>
					<ab n="B09K3V13">
						<w>χριστος</w>
						<w>ημας</w>
						<w>εξηγορασεν</w>
						<w>εκ</w>
						<w>της</w>
						<w>καταρας</w>
						<w>του</w>
						<w>νομου</w>
						<w>γενομενος</w>
						<w>υπερ</w>
						<w>ημων</w>
						<w>καταρα</w>
						<w>γεγραπται</w>
						<w>γαρ</w>
						<w>επικαταρατος</w>
						<w>πας</w>
						<w>ο</w>
						<w>κρεμαμενος</w>
						<w>επι</w>
						<w>ξυλου</w>
					</ab>
					<ab n="B09K3V14">
						<w>ινα</w>
						<w>εις</w>
						<w>τα</w>
						<w>εθνη</w>
						<w>η</w>
						<w>ευλογια</w>
						<w>του</w>
						<w>αβρααμ</w>
						<w>γενηται</w>
						<w>εν</w>
						<w>χριστω</w>
						<w>ιησου</w>
						<w>ινα</w>
						<w>την</w>
						<w>επαγγελιαν</w>
						<w>του</w>
						<w>πνευματος</w>
						<w>λαβωμεν</w>
						<w>δια</w>
						<w>της</w>
						<w>πιστεως</w>
					</ab>
					<ab n="B09K3V15">
						<w>αδελφοι</w>
						<w>κατα</w>
						<w>ανθρωπον</w>
						<w>λεγω</w>
						<w>ομως</w>
						<w>ανθρωπου</w>
						<w>κεκυρωμενην</w>
						<w>διαθηκην</w>
						<w>ουδεις</w>
						<w>αθετει</w>
						<w>η</w>
						<w>επιδιατασσεται</w>
					</ab>
					<ab n="B09K3V16">
						<w>τω</w>
						<w>δε</w>
						<w>αβρααμ</w>
						<w>ερρηθησαν</w>
						<w>αι</w>
						<w>επαγγελιαι</w>
						<w>και</w>
						<w>τω</w>
						<w>σπερματι</w>
						<w>αυτου</w>
						<w>ου</w>
						<w>λεγει</w>
						<w>και</w>
						<w>τοις</w>
						<w>σπερμασιν</w>
						<w>ως</w>
						<w>επι</w>
						<w>πολλων</w>
						<w>αλλ</w>
						<w>ως</w>
						<w>εφ</w>
						<w>ενος</w>
						<w>και</w>
						<w>τω</w>
						<w>σπερματι</w>
						<w>σου</w>
						<w>ος</w>
						<w>εστιν</w>
						<w>χριστος</w>
					</ab>
					<ab n="B09K3V17">
						<w>τουτο</w>
						<w>δε</w>
						<w>λεγω</w>
						<w>διαθηκην</w>
						<w>προκεκυρωμενην</w>
						<w>υπο</w>
						<w>του</w>
						<w>θεου</w>
						<w>εις</w>
						<w>χριστον</w>
						<w>ο</w>
						<w>μετα</w>
						<w>ετη</w>
						<w>τετρακοσια</w>
						<w>και</w>
						<w>τριακοντα</w>
						<w>γεγονως</w>
						<w>νομος</w>
						<w>ουκ</w>
						<w>ακυροι</w>
						<w>εις</w>
						<w>το</w>
						<w>καταργησαι</w>
						<w>την</w>
						<w>επαγγελιαν</w>
					</ab>
					<ab n="B09K3V18">
						<w>ει</w>
						<w>γαρ</w>
						<w>εκ</w>
						<w>νομου</w>
						<w>η</w>
						<w>κληρονομια</w>
						<w>ουκετι</w>
						<w>εξ</w>
						<w>επαγγελιας</w>
						<w>τω</w>
						<w>δε</w>
						<w>αβρααμ</w>
						<w>δι</w>
						<w>επαγγελιας</w>
						<w>κεχαρισται</w>
						<w>ο</w>
						<w>θεος</w>
					</ab>
					<ab n="B09K3V19">
						<w>τι</w>
						<w>ουν</w>
						<w>ο</w>
						<w>νομος</w>
						<w>των</w>
						<w>παραβασεων</w>
						<w>χαριν</w>
						<w>προσετεθη</w>
						<w>αχρι</w>
						<w>ου</w>
						<w>ελθη</w>
						<w>το</w>
						<w>σπερμα</w>
						<w>ω</w>
						<w>επηγγελται</w>
						<w>διαταγεις</w>
						<w>δι</w>
						<w>αγγελων</w>
						<w>εν</w>
						<w>χειρι</w>
						<w>μεσιτου</w>
					</ab>
					<ab n="B09K3V20">
						<w>ο</w>
						<w>δε</w>
						<w>μεσιτης</w>
						<w>ενος</w>
						<w>ουκ</w>
						<w>εστιν</w>
						<w>ο</w>
						<w>δε</w>
						<w>θεος</w>
						<w>εις</w>
						<w>εστιν</w>
					</ab>
					<ab n="B09K3V21">
						<w>ο</w>
						<w>ουν</w>
						<w>νομος</w>
						<w>κατα</w>
						<w>των</w>
						<w>επαγγελιων</w>
						<w>του</w>
						<w>θεου</w>
						<w>μη</w>
						<w>γενοιτο</w>
						<w>ει</w>
						<w>γαρ</w>
						<w>εδοθη</w>
						<w>νομος</w>
						<w>ο</w>
						<w>δυναμενος</w>
						<w>ζωοποιησαι</w>
						<w>οντως</w>
						<w>αν</w>
						<w>εκ</w>
						<w>νομου</w>
						<w>ην</w>
						<w>η</w>
						<w>δικαιοσυνη</w>
					</ab>
					<ab n="B09K3V22">
						<w>αλλα</w>
						<w>συνεκλεισεν</w>
						<w>η</w>
						<w>γραφη</w>
						<w>τα</w>
						<w>παντα</w>
						<w>υπο</w>
						<w>αμαρτιαν</w>
						<w>ινα</w>
						<w>η</w>
						<w>επαγγελια</w>
						<w>εκ</w>
						<w>πιστεως</w>
						<w>ιησου</w>
						<w>χριστου</w>
						<w>δοθη</w>
						<w>τοις</w>
						<w>πιστευουσιν</w>
					</ab>
					<ab n="B09K3V23">
						<w>προ</w>
						<w>του</w>
						<w>δε</w>
						<w>ελθειν</w>
						<w>την</w>
						<w>πιστιν</w>
						<w>υπο</w>
						<w>νομον</w>
						<w>εφρουρουμεθα</w>
						<w>συγκεκλεισμενοι</w>
						<w>εις</w>
						<w>την</w>
						<w>μελλουσαν</w>
						<w>πιστιν</w>
						<w>αποκαλυφθηναι</w>
					</ab>
					<ab n="B09K3V24">
						<w>ωστε</w>
						<w>ο</w>
						<w>νομος</w>
						<w>παιδαγωγος</w>
						<w>ημων</w>
						<w>γεγονεν</w>
						<w>εις</w>
						<w>χριστον</w>
						<w>ινα</w>
						<w>εκ</w>
						<w>πιστεως</w>
						<w>δικαιωθωμεν</w>
					</ab>
					<ab n="B09K3V25">
						<w>ελθουσης</w>
						<w>δε</w>
						<w>της</w>
						<w>πιστεως</w>
						<w>ουκετι</w>
						<w>υπο</w>
						<w>παιδαγωγον</w>
						<w>εσμεν</w>
					</ab>
					<ab n="B09K3V26">
						<w>παντες</w>
						<w>γαρ</w>
						<w>υιοι</w>
						<w>θεου</w>
						<w>εστε</w>
						<w>δια</w>
						<w>της</w>
						<w>πιστεως</w>
						<w>εν</w>
						<w>χριστω</w>
						<w>ιησου</w>
					</ab>
					<ab n="B09K3V27">
						<w>οσοι</w>
						<w>γαρ</w>
						<w>εις</w>
						<w>χριστον</w>
						<w>εβαπτισθητε</w>
						<w>χριστον</w>
						<w>ενεδυσασθε</w>
					</ab>
					<ab n="B09K3V28">
						<w>ουκ</w>
						<w>ενι</w>
						<w>ιουδαιος</w>
						<w>ουδε</w>
						<w>ελλην</w>
						<w>ουκ</w>
						<w>ενι</w>
						<w>δουλος</w>
						<w>ουδε</w>
						<w>ελευθερος</w>
						<w>ουκ</w>
						<w>ενι</w>
						<w>αρσεν</w>
						<w>και</w>
						<w>θηλυ</w>
						<w>παντες</w>
						<w>γαρ</w>
						<w>υμεις</w>
						<w>εις</w>
						<w>εστε</w>
						<w>εν</w>
						<w>χριστω</w>
						<w>ιησου</w>
					</ab>
					<ab n="B09K3V29">
						<w>ει</w>
						<w>δε</w>
						<w>υμεις</w>
						<w>χριστου</w>
						<w>αρα</w>
						<w>του</w>
						<w>αβρααμ</w>
						<w>σπερμα</w>
						<w>εστε</w>
						<w>και</w>
						<w>κατ</w>
						<w>επαγγελιαν</w>
						<w>κληρονομοι</w>
					</ab>
				</div>
				<div type="chapter" n="B09K4">
					<ab n="B09K4V1">
						<w>λεγω</w>
						<w>δε</w>
						<w>εφ</w>
						<w>οσον</w>
						<w>χρονον</w>
						<w>ο</w>
						<w>κληρονομος</w>
						<w>νηπιος</w>
						<w>εστιν</w>
						<w>ουδεν</w>
						<w>διαφερει</w>
						<w>δουλου</w>
						<w>κυριος</w>
						<w>παντων</w>
						<w>ων</w>
					</ab>
					<ab n="B09K4V2">
						<w>αλλα</w>
						<w>υπο</w>
						<w>επιτροπους</w>
						<w>εστιν</w>
						<w>και</w>
						<w>οικονομους</w>
						<w>αχρι</w>
						<w>της</w>
						<w>προθεσμιας</w>
						<w>του</w>
						<w>πατρος</w>
					</ab>
					<ab n="B09K4V3">
						<w>ουτως</w>
						<w>και</w>
						<w>ημεις</w>
						<w>οτε</w>
						<w>ημεν</w>
						<w>νηπιοι</w>
						<w>υπο</w>
						<w>τα</w>
						<w>στοιχεια</w>
						<w>του</w>
						<w>κοσμου</w>
						<w>ημεν</w>
						<w>δεδουλωμενοι</w>
					</ab>
					<ab n="B09K4V4">
						<w>οτε</w>
						<w>δε</w>
						<w>ηλθεν</w>
						<w>το</w>
						<w>πληρωμα</w>
						<w>του</w>
						<w>χρονου</w>
						<w>εξαπεστειλεν</w>
						<w>ο</w>
						<w>θεος</w>
						<w>τον</w>
						<w>υιον</w>
						<w>αυτου</w>
						<w>γενομενον</w>
						<w>εκ</w>
						<w>γυναικος</w>
						<w>γενομενον</w>
						<w>υπο</w>
						<w>νομον</w>
					</ab>
					<ab n="B09K4V5">
						<w>ινα</w>
						<w>τους</w>
						<w>υπο</w>
						<w>νομον</w>
						<w>εξαγοραση</w>
						<w>ινα</w>
						<w>την</w>
						<w>υιοθεσιαν</w>
						<w>απολαβωμεν</w>
					</ab>
					<ab n="B09K4V6">
						<w>οτι</w>
						<w>δε</w>
						<w>εστε</w>
						<w>υιοι</w>
						<w>εξαπεστειλεν</w>
						<w>ο</w>
						<w>θεος</w>
						<w>το</w>
						<w>πνευμα</w>
						<w>του</w>
						<w>υιου</w>
						<w>αυτου</w>
						<w>εις</w>
						<w>τας</w>
						<w>καρδιας</w>
						<w>υμων</w>
						<w>κραζον</w>
						<w>αββα</w>
						<w>ο</w>
						<w>πατηρ</w>
					</ab>
					<ab n="B09K4V7">
						<w>ωστε</w>
						<w>ουκετι</w>
						<w>ει</w>
						<w>δουλος</w>
						<w>αλλ</w>
						<w>υιος</w>
						<w>ει</w>
						<w>δε</w>
						<w>υιος</w>
						<w>και</w>
						<w>κληρονομος</w>
						<w>θεου</w>
						<w>δια</w>
						<w>χριστου</w>
					</ab>
					<ab n="B09K4V8">
						<w>αλλα</w>
						<w>τοτε</w>
						<w>μεν</w>
						<w>ουκ</w>
						<w>ειδοτες</w>
						<w>θεον</w>
						<w>εδουλευσατε</w>
						<w>τοις</w>
						<w>μη</w>
						<w>φυσει</w>
						<w>ουσιν</w>
						<w>θεοις</w>
					</ab>
					<ab n="B09K4V9">
						<w>νυν</w>
						<w>δε</w>
						<w>γνοντες</w>
						<w>θεον</w>
						<w>μαλλον</w>
						<w>δε</w>
						<w>γνωσθεντες</w>
						<w>υπο</w>
						<w>θεου</w>
						<w>πως</w>
						<w>επιστρεφετε</w>
						<w>παλιν</w>
						<w>επι</w>
						<w>τα</w>
						<w>ασθενη</w>
						<w>και</w>
						<w>πτωχα</w>
						<w>στοιχεια</w>
						<w>οις</w>
						<w>παλιν</w>
						<w>ανωθεν</w>
						<w>δουλευειν</w>
						<w>θελετε</w>
					</ab>
					<ab n="B09K4V10">
						<w>ημερας</w>
						<w>παρατηρεισθε</w>
						<w>και</w>
						<w>μηνας</w>
						<w>και</w>
						<w>καιρους</w>
						<w>και</w>
						<w>ενιαυτους</w>
					</ab>
					<ab n="B09K4V11">
						<w>φοβουμαι</w>
						<w>υμας</w>
						<w>μηπως</w>
						<w>εικη</w>
						<w>κεκοπιακα</w>
						<w>εις</w>
						<w>υμας</w>
					</ab>
					<ab n="B09K4V12">
						<w>γινεσθε</w>
						<w>ως</w>
						<w>εγω</w>
						<w>οτι</w>
						<w>καγω</w>
						<w>ως</w>
						<w>υμεις</w>
						<w>αδελφοι</w>
						<w>δεομαι</w>
						<w>υμων</w>
						<w>ουδεν</w>
						<w>με</w>
						<w>ηδικησατε</w>
					</ab>
					<ab n="B09K4V13">
						<w>οιδατε</w>
						<w>δε</w>
						<w>οτι</w>
						<w>δι</w>
						<w>ασθενειαν</w>
						<w>της</w>
						<w>σαρκος</w>
						<w>ευηγγελισαμην</w>
						<w>υμιν</w>
						<w>το</w>
						<w>προτερον</w>
					</ab>
					<ab n="B09K4V14">
						<w>και</w>
						<w>τον</w>
						<w>πειρασμον</w>
						<w>μου</w>
						<w>τον</w>
						<w>εν</w>
						<w>τη</w>
						<w>σαρκι</w>
						<w>μου</w>
						<w>ουκ</w>
						<w>εξουθενησατε</w>
						<w>ουδε</w>
						<w>εξεπτυσατε</w>
						<w>αλλ</w>
						<w>ως</w>
						<w>αγγελον</w>
						<w>θεου</w>
						<w>εδεξασθε</w>
						<w>με</w>
						<w>ως</w>
						<w>χριστον</w>
						<w>ιησουν</w>
					</ab>
					<ab n="B09K4V15">
						<w>τις</w>
						<w>ουν</w>
						<w>ην</w>
						<w>ο</w>
						<w>μακαρισμος</w>
						<w>υμων</w>
						<w>μαρτυρω</w>
						<w>γαρ</w>
						<w>υμιν</w>
						<w>οτι</w>
						<w>ει</w>
						<w>δυνατον</w>
						<w>τους</w>
						<w>οφθαλμους</w>
						<w>υμων</w>
						<w>εξορυξαντες</w>
						<w>αν</w>
						<w>εδωκατε</w>
						<w>μοι</w>
					</ab>
					<ab n="B09K4V16">
						<w>ωστε</w>
						<w>εχθρος</w>
						<w>υμων</w>
						<w>γεγονα</w>
						<w>αληθευων</w>
						<w>υμιν</w>
					</ab>
					<ab n="B09K4V17">
						<w>ζηλουσιν</w>
						<w>υμας</w>
						<w>ου</w>
						<w>καλως</w>
						<w>αλλα</w>
						<w>εκκλεισαι</w>
						<w>υμας</w>
						<w>θελουσιν</w>
						<w>ινα</w>
						<w>αυτους</w>
						<w>ζηλουτε</w>
					</ab>
					<ab n="B09K4V18">
						<w>καλον</w>
						<w>δε</w>
						<w>το</w>
						<w>ζηλουσθαι</w>
						<w>εν</w>
						<w>καλω</w>
						<w>παντοτε</w>
						<w>και</w>
						<w>μη</w>
						<w>μονον</w>
						<w>εν</w>
						<w>τω</w>
						<w>παρειναι</w>
						<w>με</w>
						<w>προς</w>
						<w>υμας</w>
					</ab>
					<ab n="B09K4V19">
						<w>τεκνια</w>
						<w>μου</w>
						<w>ους</w>
						<w>παλιν</w>
						<w>ωδινω</w>
						<w>αχρι</w>
						<w>ου</w>
						<w>μορφωθη</w>
						<w>χριστος</w>
						<w>εν</w>
						<w>υμιν</w>
					</ab>
					<ab n="B09K4V20">
						<w>ηθελον</w>
						<w>δε</w>
						<w>παρειναι</w>
						<w>προς</w>
						<w>υμας</w>
						<w>αρτι</w>
						<w>και</w>
						<w>αλλαξαι</w>
						<w>την</w>
						<w>φωνην</w>
						<w>μου</w>
						<w>οτι</w>
						<w>απορουμαι</w>
						<w>εν</w>
						<w>υμιν</w>
					</ab>
					<ab n="B09K4V21">
						<w>λεγετε</w>
						<w>μοι</w>
						<w>οι</w>
						<w>υπο</w>
						<w>νομον</w>
						<w>θελοντες</w>
						<w>ειναι</w>
						<w>τον</w>
						<w>νομον</w>
						<w>ουκ</w>
						<w>ακουετε</w>
					</ab>
					<ab n="B09K4V22">
						<w>γεγραπται</w>
						<w>γαρ</w>
						<w>οτι</w>
						<w>αβρααμ</w>
						<w>δυο</w>
						<w>υιους</w>
						<w>εσχεν</w>
						<w>ενα</w>
						<w>εκ</w>
						<w>της</w>
						<w>παιδισκης</w>
						<w>και</w>
						<w>ενα</w>
						<w>εκ</w>
						<w>της</w>
						<w>ελευθερας</w>
					</ab>
					<ab n="B09K4V23">
						<w>αλλ</w>
						<w>ο</w>
						<w>μεν</w>
						<w>εκ</w>
						<w>της</w>
						<w>παιδισκης</w>
						<w>κατα</w>
						<w>σαρκα</w>
						<w>γεγεννηται</w>
						<w>ο</w>
						<w>δε</w>
						<w>εκ</w>
						<w>της</w>
						<w>ελευθερας</w>
						<w>δια</w>
						<w>της</w>
						<w>επαγγελιας</w>
					</ab>
					<ab n="B09K4V24">
						<w>ατινα</w>
						<w>εστιν</w>
						<w>αλληγορουμενα</w>
						<w>αυται</w>
						<w>γαρ</w>
						<w>εισιν</w>
						<w>δυο</w>
						<w>διαθηκαι</w>
						<w>μια</w>
						<w>μεν</w>
						<w>απο</w>
						<w>ορους</w>
						<w>σινα</w>
						<w>εις</w>
						<w>δουλειαν</w>
						<w>γεννωσα</w>
						<w>ητις</w>
						<w>εστιν</w>
						<w>αγαρ</w>
					</ab>
					<ab n="B09K4V25">
						<w>το</w>
						<w>γαρ</w>
						<w>αγαρ</w>
						<w>σινα</w>
						<w>ορος</w>
						<w>εστιν</w>
						<w>εν</w>
						<w>τη</w>
						<w>αραβια</w>
						<w>συστοιχει</w>
						<w>δε</w>
						<w>τη</w>
						<w>νυν</w>
						<w>ιερουσαλημ</w>
						<w>δουλευει</w>
						<w>δε</w>
						<w>μετα</w>
						<w>των</w>
						<w>τεκνων</w>
						<w>αυτης</w>
					</ab>
					<ab n="B09K4V26">
						<w>η</w>
						<w>δε</w>
						<w>ανω</w>
						<w>ιερουσαλημ</w>
						<w>ελευθερα</w>
						<w>εστιν</w>
						<w>ητις</w>
						<w>εστιν</w>
						<w>μητηρ</w>
						<w>παντων</w>
						<w>ημων</w>
					</ab>
					<ab n="B09K4V27">
						<w>γεγραπται</w>
						<w>γαρ</w>
						<w>ευφρανθητι</w>
						<w>στειρα</w>
						<w>η</w>
						<w>ου</w>
						<w>τικτουσα</w>
						<w>ρηξον</w>
						<w>και</w>
						<w>βοησον</w>
						<w>η</w>
						<w>ουκ</w>
						<w>ωδινουσα</w>
						<w>οτι</w>
						<w>πολλα</w>
						<w>τα</w>
						<w>τεκνα</w>
						<w>της</w>
						<w>ερημου</w>
						<w>μαλλον</w>
						<w>η</w>
						<w>της</w>
						<w>εχουσης</w>
						<w>τον</w>
						<w>ανδρα</w>
					</ab>
					<ab n="B09K4V28">
						<w>ημεις</w>
						<w>δε</w>
						<w>αδελφοι</w>
						<w>κατα</w>
						<w>ισαακ</w>
						<w>επαγγελιας</w>
						<w>τεκνα</w>
						<w>εσμεν</w>
					</ab>
					<ab n="B09K4V29">
						<w>αλλ</w>
						<w>ωσπερ</w>
						<w>τοτε</w>
						<w>ο</w>
						<w>κατα</w>
						<w>σαρκα</w>
						<w>γεννηθεις</w>
						<w>εδιωκεν</w>
						<w>τον</w>
						<w>κατα</w>
						<w>πνευμα</w>
						<w>ουτως</w>
						<w>και</w>
						<w>νυν</w>
					</ab>
					<ab n="B09K4V30">
						<w>αλλα</w>
						<w>τι</w>
						<w>λεγει</w>
						<w>η</w>
						<w>γραφη</w>
						<w>εκβαλε</w>
						<w>την</w>
						<w>παιδισκην</w>
						<w>και</w>
						<w>τον</w>
						<w>υιον</w>
						<w>αυτης</w>
						<w>ου</w>
						<w>γαρ</w>
						<w>μη</w>
						<w>κληρονομηση</w>
						<w>ο</w>
						<w>υιος</w>
						<w>της</w>
						<w>παιδισκης</w>
						<w>μετα</w>
						<w>του</w>
						<w>υιου</w>
						<w>της</w>
						<w>ελευθερας</w>
					</ab>
					<ab n="B09K4V31">
						<w>αρα</w>
						<w>αδελφοι</w>
						<w>ουκ</w>
						<w>εσμεν</w>
						<w>παιδισκης</w>
						<w>τεκνα</w>
						<w>αλλα</w>
						<w>της</w>
						<w>ελευθερας</w>
					</ab>
				</div>
				<div type="chapter" n="B09K5">
					<ab n="B09K5V1">
						<w>τη</w>
						<w>ελευθερια</w>
						<w>ουν</w>
						<w>η</w>
						<w>χριστος</w>
						<w>ημας</w>
						<w>ηλευθερωσεν</w>
						<w>στηκετε</w>
						<w>και</w>
						<w>μη</w>
						<w>παλιν</w>
						<w>ζυγω</w>
						<w>δουλειας</w>
						<w>ενεχεσθε</w>
					</ab>
					<ab n="B09K5V2">
						<w>ιδε</w>
						<w>εγω</w>
						<w>παυλος</w>
						<w>λεγω</w>
						<w>υμιν</w>
						<w>οτι</w>
						<w>εαν</w>
						<w>περιτεμνησθε</w>
						<w>χριστος</w>
						<w>υμας</w>
						<w>ουδεν</w>
						<w>ωφελησει</w>
					</ab>
					<ab n="B09K5V3">
						<w>μαρτυρομαι</w>
						<w>δε</w>
						<w>παλιν</w>
						<w>παντι</w>
						<w>ανθρωπω</w>
						<w>περιτεμνομενω</w>
						<w>οτι</w>
						<w>οφειλετης</w>
						<w>εστιν</w>
						<w>ολον</w>
						<w>τον</w>
						<w>νομον</w>
						<w>ποιησαι</w>
					</ab>
					<ab n="B09K5V4">
						<w>κατηργηθητε</w>
						<w>απο</w>
						<w>του</w>
						<w>χριστου</w>
						<w>οιτινες</w>
						<w>εν</w>
						<w>νομω</w>
						<w>δικαιουσθε</w>
						<w>της</w>
						<w>χαριτος</w>
						<w>εξεπεσατε</w>
					</ab>
					<ab n="B09K5V5">
						<w>ημεις</w>
						<w>γαρ</w>
						<w>πνευματι</w>
						<w>εκ</w>
						<w>πιστεως</w>
						<w>ελπιδα</w>
						<w>δικαιοσυνης</w>
						<w>απεκδεχομεθα</w>
					</ab>
					<ab n="B09K5V6">
						<w>εν</w>
						<w>γαρ</w>
						<w>χριστω</w>
						<w>ιησου</w>
						<w>ουτε</w>
						<w>περιτομη</w>
						<w>τι</w>
						<w>ισχυει</w>
						<w>ουτε</w>
						<w>ακροβυστια</w>
						<w>αλλα</w>
						<w>πιστις</w>
						<w>δι</w>
						<w>αγαπης</w>
						<w>ενεργουμενη</w>
					</ab>
					<ab n="B09K5V7">
						<w>ετρεχετε</w>
						<w>καλως</w>
						<w>τις</w>
						<w>υμας</w>
						<w>ενεκοψεν</w>
						<w>τη</w>
						<w>αληθεια</w>
						<w>μη</w>
						<w>πειθεσθαι</w>
					</ab>
					<ab n="B09K5V8">
						<w>η</w>
						<w>πεισμονη</w>
						<w>ουκ</w>
						<w>εκ</w>
						<w>του</w>
						<w>καλουντος</w>
						<w>υμας</w>
					</ab>
					<ab n="B09K5V9">
						<w>μικρα</w>
						<w>ζυμη</w>
						<w>ολον</w>
						<w>το</w>
						<w>φυραμα</w>
						<w>ζυμοι</w>
					</ab>
					<ab n="B09K5V10">
						<w>εγω</w>
						<w>πεποιθα</w>
						<w>εις</w>
						<w>υμας</w>
						<w>εν</w>
						<w>κυριω</w>
						<w>οτι</w>
						<w>ουδεν</w>
						<w>αλλο</w>
						<w>φρονησετε</w>
						<w>ο</w>
						<w>δε</w>
						<w>ταρασσων</w>
						<w>υμας</w>
						<w>βαστασει</w>
						<w>το</w>
						<w>κριμα</w>
						<w>οστις</w>
						<w>αν</w>
						<w>η</w>
					</ab>
					<ab n="B09K5V11">
						<w>εγω</w>
						<w>δε</w>
						<w>αδελφοι</w>
						<w>ει</w>
						<w>περιτομην</w>
						<w>ετι</w>
						<w>κηρυσσω</w>
						<w>τι</w>
						<w>ετι</w>
						<w>διωκομαι</w>
						<w>αρα</w>
						<w>κατηργηται</w>
						<w>το</w>
						<w>σκανδαλον</w>
						<w>του</w>
						<w>σταυρου</w>
					</ab>
					<ab n="B09K5V12">
						<w>οφελον</w>
						<w>και</w>
						<w>αποκοψονται</w>
						<w>οι</w>
						<w>αναστατουντες</w>
						<w>υμας</w>
					</ab>
					<ab n="B09K5V13">
						<w>υμεις</w>
						<w>γαρ</w>
						<w>επ</w>
						<w>ελευθερια</w>
						<w>εκληθητε</w>
						<w>αδελφοι</w>
						<w>μονον</w>
						<w>μη</w>
						<w>την</w>
						<w>ελευθεριαν</w>
						<w>εις</w>
						<w>αφορμην</w>
						<w>τη</w>
						<w>σαρκι</w>
						<w>αλλα</w>
						<w>δια</w>
						<w>της</w>
						<w>αγαπης</w>
						<w>δουλευετε</w>
						<w>αλληλοις</w>
					</ab>
					<ab n="B09K5V14">
						<w>ο</w>
						<w>γαρ</w>
						<w>πας</w>
						<w>νομος</w>
						<w>εν</w>
						<w>ενι</w>
						<w>λογω</w>
						<w>πληρουται</w>
						<w>εν</w>
						<w>τω</w>
						<w>αγαπησεις</w>
						<w>τον</w>
						<w>πλησιον</w>
						<w>σου</w>
						<w>ως</w>
						<w>εαυτον</w>
					</ab>
					<ab n="B09K5V15">
						<w>ει</w>
						<w>δε</w>
						<w>αλληλους</w>
						<w>δακνετε</w>
						<w>και</w>
						<w>κατεσθιετε</w>
						<w>βλεπετε</w>
						<w>μη</w>
						<w>υπο</w>
						<w>αλληλων</w>
						<w>αναλωθητε</w>
					</ab>
					<ab n="B09K5V16">
						<w>λεγω</w>
						<w>δε</w>
						<w>πνευματι</w>
						<w>περιπατειτε</w>
						<w>και</w>
						<w>επιθυμιαν</w>
						<w>σαρκος</w>
						<w>ου</w>
						<w>μη</w>
						<w>τελεσητε</w>
					</ab>
					<ab n="B09K5V17">
						<w>η</w>
						<w>γαρ</w>
						<w>σαρξ</w>
						<w>επιθυμει</w>
						<w>κατα</w>
						<w>του</w>
						<w>πνευματος</w>
						<w>το</w>
						<w>δε</w>
						<w>πνευμα</w>
						<w>κατα</w>
						<w>της</w>
						<w>σαρκος</w>
						<w>ταυτα</w>
						<w>δε</w>
						<w>αντικειται</w>
						<w>αλληλοις</w>
						<w>ινα</w>
						<w>μη</w>
						<w>α</w>
						<w>αν</w>
						<w>θελητε</w>
						<w>ταυτα</w>
						<w>ποιητε</w>
					</ab>
					<ab n="B09K5V18">
						<w>ει</w>
						<w>δε</w>
						<w>πνευματι</w>
						<w>αγεσθε</w>
						<w>ουκ</w>
						<w>εστε</w>
						<w>υπο</w>
						<w>νομον</w>
					</ab>
					<ab n="B09K5V19">
						<w>φανερα</w>
						<w>δε</w>
						<w>εστιν</w>
						<w>τα</w>
						<w>εργα</w>
						<w>της</w>
						<w>σαρκος</w>
						<w>ατινα</w>
						<w>εστιν</w>
						<w>μοιχεια</w>
						<w>πορνεια</w>
						<w>ακαθαρσια</w>
						<w>ασελγεια</w>
					</ab>
					<ab n="B09K5V20">
						<w>ειδωλολατρεια</w>
						<w>φαρμακεια</w>
						<w>εχθραι</w>
						<w>ερεις</w>
						<w>ζηλοι</w>
						<w>θυμοι</w>
						<w>εριθειαι</w>
						<w>διχοστασιαι</w>
						<w>αιρεσεις</w>
					</ab>
					<ab n="B09K5V21">
						<w>φθονοι</w>
						<w>φονοι</w>
						<w>μεθαι</w>
						<w>κωμοι</w>
						<w>και</w>
						<w>τα</w>
						<w>ομοια</w>
						<w>τουτοις</w>
						<w>α</w>
						<w>προλεγω</w>
						<w>υμιν</w>
						<w>καθως</w>
						<w>και</w>
						<w>προειπον</w>
						<w>οτι</w>
						<w>οι</w>
						<w>τα</w>
						<w>τοιαυτα</w>
						<w>πρασσοντες</w>
						<w>βασιλειαν</w>
						<w>θεου</w>
						<w>ου</w>
						<w>κληρονομησουσιν</w>
					</ab>
					<ab n="B09K5V22">
						<w>ο</w>
						<w>δε</w>
						<w>καρπος</w>
						<w>του</w>
						<w>πνευματος</w>
						<w>εστιν</w>
						<w>αγαπη</w>
						<w>χαρα</w>
						<w>ειρηνη</w>
						<w>μακροθυμια</w>
						<w>χρηστοτης</w>
						<w>αγαθωσυνη</w>
						<w>πιστις</w>
					</ab>
					<ab n="B09K5V23">
						<w>πραοτης</w>
						<w>εγκρατεια</w>
						<w>κατα</w>
						<w>των</w>
						<w>τοιουτων</w>
						<w>ουκ</w>
						<w>εστιν</w>
						<w>νομος</w>
					</ab>
					<ab n="B09K5V24">
						<w>οι</w>
						<w>δε</w>
						<w>του</w>
						<w>χριστου</w>
						<w>την</w>
						<w>σαρκα</w>
						<w>εσταυρωσαν</w>
						<w>συν</w>
						<w>τοις</w>
						<w>παθημασιν</w>
						<w>και</w>
						<w>ταις</w>
						<w>επιθυμιαις</w>
					</ab>
					<ab n="B09K5V25">
						<w>ει</w>
						<w>ζωμεν</w>
						<w>πνευματι</w>
						<w>πνευματι</w>
						<w>και</w>
						<w>στοιχωμεν</w>
					</ab>
					<ab n="B09K5V26">
						<w>μη</w>
						<w>γινωμεθα</w>
						<w>κενοδοξοι</w>
						<w>αλληλους</w>
						<w>προκαλουμενοι</w>
						<w>αλληλοις</w>
						<w>φθονουντες</w>
					</ab>
				</div>
				<div type="chapter" n="B09K6">
					<ab n="B09K6V1">
						<w>αδελφοι</w>
						<w>εαν</w>
						<w>και</w>
						<w>προληφθη</w>
						<w>ανθρωπος</w>
						<w>εν</w>
						<w>τινι</w>
						<w>παραπτωματι</w>
						<w>υμεις</w>
						<w>οι</w>
						<w>πνευματικοι</w>
						<w>καταρτιζετε</w>
						<w>τον</w>
						<w>τοιουτον</w>
						<w>εν</w>
						<w>πνευματι</w>
						<w>πραοτητος</w>
						<w>σκοπων</w>
						<w>σεαυτον</w>
						<w>μη</w>
						<w>και</w>
						<w>συ</w>
						<w>πειρασθης</w>
					</ab>
					<ab n="B09K6V2">
						<w>αλληλων</w>
						<w>τα</w>
						<w>βαρη</w>
						<w>βασταζετε</w>
						<w>και</w>
						<w>ουτως</w>
						<w>αναπληρωσατε</w>
						<w>τον</w>
						<w>νομον</w>
						<w>του</w>
						<w>χριστου</w>
					</ab>
					<ab n="B09K6V3">
						<w>ει</w>
						<w>γαρ</w>
						<w>δοκει</w>
						<w>τις</w>
						<w>ειναι</w>
						<w>τι</w>
						<w>μηδεν</w>
						<w>ων</w>
						<w>εαυτον</w>
						<w>φρεναπατα</w>
					</ab>
					<ab n="B09K6V4">
						<w>το</w>
						<w>δε</w>
						<w>εργον</w>
						<w>εαυτου</w>
						<w>δοκιμαζετω</w>
						<w>εκαστος</w>
						<w>και</w>
						<w>τοτε</w>
						<w>εις</w>
						<w>εαυτον</w>
						<w>μονον</w>
						<w>το</w>
						<w>καυχημα</w>
						<w>εξει</w>
						<w>και</w>
						<w>ουκ</w>
						<w>εις</w>
						<w>τον</w>
						<w>ετερον</w>
					</ab>
					<ab n="B09K6V5">
						<w>εκαστος</w>
						<w>γαρ</w>
						<w>το</w>
						<w>ιδιον</w>
						<w>φορτιον</w>
						<w>βαστασει</w>
					</ab>
					<ab n="B09K6V6">
						<w>κοινωνειτω</w>
						<w>δε</w>
						<w>ο</w>
						<w>κατηχουμενος</w>
						<w>τον</w>
						<w>λογον</w>
						<w>τω</w>
						<w>κατηχουντι</w>
						<w>εν</w>
						<w>πασιν</w>
						<w>αγαθοις</w>
					</ab>
					<ab n="B09K6V7">
						<w>μη</w>
						<w>πλανασθε</w>
						<w>θεος</w>
						<w>ου</w>
						<w>μυκτηριζεται</w>
						<w>ο</w>
						<w>γαρ</w>
						<w>εαν</w>
						<w>σπειρη</w>
						<w>ανθρωπος</w>
						<w>τουτο</w>
						<w>και</w>
						<w>θερισει</w>
					</ab>
					<ab n="B09K6V8">
						<w>οτι</w>
						<w>ο</w>
						<w>σπειρων</w>
						<w>εις</w>
						<w>την</w>
						<w>σαρκα</w>
						<w>εαυτου</w>
						<w>εκ</w>
						<w>της</w>
						<w>σαρκος</w>
						<w>θερισει</w>
						<w>φθοραν</w>
						<w>ο</w>
						<w>δε</w>
						<w>σπειρων</w>
						<w>εις</w>
						<w>το</w>
						<w>πνευμα</w>
						<w>εκ</w>
						<w>του</w>
						<w>πνευματος</w>
						<w>θερισει</w>
						<w>ζωην</w>
						<w>αιωνιον</w>
					</ab>
					<ab n="B09K6V9">
						<w>το</w>
						<w>δε</w>
						<w>καλον</w>
						<w>ποιουντες</w>
						<w>μη</w>
						<w>εκκακωμεν</w>
						<w>καιρω</w>
						<w>γαρ</w>
						<w>ιδιω</w>
						<w>θερισομεν</w>
						<w>μη</w>
						<w>εκλυομενοι</w>
					</ab>
					<ab n="B09K6V10">
						<w>αρα</w>
						<w>ουν</w>
						<w>ως</w>
						<w>καιρον</w>
						<w>εχομεν</w>
						<w>εργαζωμεθα</w>
						<w>το</w>
						<w>αγαθον</w>
						<w>προς</w>
						<w>παντας</w>
						<w>μαλιστα</w>
						<w>δε</w>
						<w>προς</w>
						<w>τους</w>
						<w>οικειους</w>
						<w>της</w>
						<w>πιστεως</w>
					</ab>
					<ab n="B09K6V11">
						<w>ιδετε</w>
						<w>πηλικοις</w>
						<w>υμιν</w>
						<w>γραμμασιν</w>
						<w>εγραψα</w>
						<w>τη</w>
						<w>εμη</w>
						<w>χειρι</w>
					</ab>
					<ab n="B09K6V12">
						<w>οσοι</w>
						<w>θελουσιν</w>
						<w>ευπροσωπησαι</w>
						<w>εν</w>
						<w>σαρκι</w>
						<w>ουτοι</w>
						<w>αναγκαζουσιν</w>
						<w>υμας</w>
						<w>περιτεμνεσθαι</w>
						<w>μονον</w>
						<w>ινα</w>
						<w>μη</w>
						<w>τω</w>
						<w>σταυρω</w>
						<w>του</w>
						<w>χριστου</w>
						<w>διωκωνται</w>
					</ab>
					<ab n="B09K6V13">
						<w>ουδε</w>
						<w>γαρ</w>
						<w>οι</w>
						<w>περιτετμημενοι</w>
						<w>αυτοι</w>
						<w>νομον</w>
						<w>φυλασσουσιν</w>
						<w>αλλα</w>
						<w>θελουσιν</w>
						<w>υμας</w>
						<w>περιτεμνεσθαι</w>
						<w>ινα</w>
						<w>εν</w>
						<w>τη</w>
						<w>υμετερα</w>
						<w>σαρκι</w>
						<w>καυχησωνται</w>
					</ab>
					<ab n="B09K6V14">
						<w>εμοι</w>
						<w>δε</w>
						<w>μη</w>
						<w>γενοιτο</w>
						<w>καυχασθαι</w>
						<w>ει</w>
						<w>μη</w>
						<w>εν</w>
						<w>τω</w>
						<w>σταυρω</w>
						<w>του</w>
						<w>κυριου</w>
						<w>ημων</w>
						<w>ιησου</w>
						<w>χριστου</w>
						<w>δι</w>
						<w>ου</w>
						<w>εμοι</w>
						<w>κοσμος</w>
						<w>εσταυρωται</w>
						<w>καγω</w>
						<w>τω</w>
						<w>κοσμω</w>
					</ab>
					<ab n="B09K6V15">
						<w>εν</w>
						<w>γαρ</w>
						<w>χριστω</w>
						<w>ιησου</w>
						<w>ουτε</w>
						<w>περιτομη</w>
						<w>τι</w>
						<w>ισχυει</w>
						<w>ουτε</w>
						<w>ακροβυστια</w>
						<w>αλλα</w>
						<w>καινη</w>
						<w>κτισις</w>
					</ab>
					<ab n="B09K6V16">
						<w>και</w>
						<w>οσοι</w>
						<w>τω</w>
						<w>κανονι</w>
						<w>τουτω</w>
						<w>στοιχησουσιν</w>
						<w>ειρηνη</w>
						<w>επ</w>
						<w>αυτους</w>
						<w>και</w>
						<w>ελεος</w>
						<w>και</w>
						<w>επι</w>
						<w>τον</w>
						<w>ισραηλ</w>
						<w>του</w>
						<w>θεου</w>
					</ab>
					<ab n="B09K6V17">
						<w>του</w>
						<w>λοιπου</w>
						<w>κοπους</w>
						<w>μοι</w>
						<w>μηδεις</w>
						<w>παρεχετω</w>
						<w>εγω</w>
						<w>γαρ</w>
						<w>τα</w>
						<w>στιγματα</w>
						<w>του</w>
						<w>κυριου</w>
						<w>ιησου</w>
						<w>εν</w>
						<w>τω</w>
						<w>σωματι</w>
						<w>μου</w>
						<w>βασταζω</w>
					</ab>
					<ab n="B09K6V18">
						<w>η</w>
						<w>χαρις</w>
						<w>του</w>
						<w>κυριου</w>
						<w>ημων</w>
						<w>ιησου</w>
						<w>χριστου</w>
						<w>μετα</w>
						<w>του</w>
						<w>πνευματος</w>
						<w>υμων</w>
						<w>αδελφοι</w>
						<w>αμην</w>
					</ab>
				</div>
			</div>
		</body>
	</text>
</TEI>