<?xml version="1.0" encoding="utf-8"?>
<!DOCTYPE TEI [
<!-- entities used in individual transcriptions will be defined here -->
]>
<?xml-model href="TEI-NTMSS.rng" type="application/xml" 
schematypens="http://relaxng.org/ns/structure/1.0"?>
<TEI xml:id="Byz" xmlns="http://www.tei-c.org/ns/1.0">
    <teiHeader>
        <fileDesc>
            <titleStmt>
                <title>The New Testament in the Original Greek: The Byzantine Textform</title>
                <title type="collection" level="s" xml:lang="en">The New Testament</title>
				<title type="work" level="m" xml:lang="en" n="20">James</title>
				<title type="short" level="m" xml:lang="en" n="20">JAM</title>                
                <respStmt>
                    <resp>Created by</resp><name>Maurice A. Robinson and William Pierpont</name>
                </respStmt>
            </titleStmt> 
        <editionStmt>
            <edition n="2018">Last updated (XML version) <date>31.5.2023</date></edition>
        </editionStmt>
        <publicationStmt>
            <availability><p>This file is in the Public Domain</p></availability>
        </publicationStmt>
        <sourceDesc>
            <msDesc>
            <msIdentifier>
                <country>United States of America</country>
                <msName xml:lang="en">The New Testament in the Original Greek: The Byzantine Textform</msName>
                <altIdentifier type="Byz"></altIdentifier>
            </msIdentifier>
            </msDesc>
        </sourceDesc>
        </fileDesc>
        <encodingDesc n="1.5">
            <editorialDecl>
                <p>The initial transcription file was a set of plain text files, later converted to XML. Further information about the procedures followed may be found in the electronic edition at <ptr target="https://github.com/byztxt/byzantine-majority-text/"/></p>
                <p>The XML specifications used were version 1.5 of the IGNTP Guidelines available at <ptr target="http://epapers.bham.ac.uk/1892/"/></p>
            </editorialDecl> 
            <variantEncoding method="parallel-segmentation" location="internal"/>
        </encodingDesc>
    </teiHeader>
    <text xml:lang="grc">
        <body>
			<div type="book" n="B20">
				<div type="chapter" n="B20K1">
					<ab n="B20K1V1">
						<w>ιακωβος</w>
						<w>θεου</w>
						<w>και</w>
						<w>κυριου</w>
						<w>ιησου</w>
						<w>χριστου</w>
						<w>δουλος</w>
						<w>ταις</w>
						<w>δωδεκα</w>
						<w>φυλαις</w>
						<w>ταις</w>
						<w>εν</w>
						<w>τη</w>
						<w>διασπορα</w>
						<w>χαιρειν</w>
					</ab>
					<ab n="B20K1V2">
						<w>πασαν</w>
						<w>χαραν</w>
						<w>ηγησασθε</w>
						<w>αδελφοι</w>
						<w>μου</w>
						<w>οταν</w>
						<w>πειρασμοις</w>
						<w>περιπεσητε</w>
						<w>ποικιλοις</w>
					</ab>
					<ab n="B20K1V3">
						<w>γινωσκοντες</w>
						<w>οτι</w>
						<w>το</w>
						<w>δοκιμιον</w>
						<w>υμων</w>
						<w>της</w>
						<w>πιστεως</w>
						<w>κατεργαζεται</w>
						<w>υπομονην</w>
					</ab>
					<ab n="B20K1V4">
						<w>η</w>
						<w>δε</w>
						<w>υπομονη</w>
						<w>εργον</w>
						<w>τελειον</w>
						<w>εχετω</w>
						<w>ινα</w>
						<w>ητε</w>
						<w>τελειοι</w>
						<w>και</w>
						<w>ολοκληροι</w>
						<w>εν</w>
						<w>μηδενι</w>
						<w>λειπομενοι</w>
					</ab>
					<ab n="B20K1V5">
						<w>ει</w>
						<w>δε</w>
						<w>τις</w>
						<w>υμων</w>
						<w>λειπεται</w>
						<w>σοφιας</w>
						<w>αιτειτω</w>
						<w>παρα</w>
						<w>του</w>
						<w>διδοντος</w>
						<w>θεου</w>
						<w>πασιν</w>
						<w>απλως</w>
						<w>και</w>
						<w>ουκ</w>
						<w>ονειδιζοντος</w>
						<w>και</w>
						<w>δοθησεται</w>
						<w>αυτω</w>
					</ab>
					<ab n="B20K1V6">
						<w>αιτειτω</w>
						<w>δε</w>
						<w>εν</w>
						<w>πιστει</w>
						<w>μηδεν</w>
						<w>διακρινομενος</w>
						<w>ο</w>
						<w>γαρ</w>
						<w>διακρινομενος</w>
						<w>εοικεν</w>
						<w>κλυδωνι</w>
						<w>θαλασσης</w>
						<w>ανεμιζομενω</w>
						<w>και</w>
						<w>ριπιζομενω</w>
					</ab>
					<ab n="B20K1V7">
						<w>μη</w>
						<w>γαρ</w>
						<w>οιεσθω</w>
						<w>ο</w>
						<w>ανθρωπος</w>
						<w>εκεινος</w>
						<w>οτι</w>
						<w>ληψεται</w>
						<w>τι</w>
						<w>παρα</w>
						<w>του</w>
						<w>κυριου</w>
					</ab>
					<ab n="B20K1V8">
						<w>ανηρ</w>
						<w>διψυχος</w>
						<w>ακαταστατος</w>
						<w>εν</w>
						<w>πασαις</w>
						<w>ταις</w>
						<w>οδοις</w>
						<w>αυτου</w>
					</ab>
					<ab n="B20K1V9">
						<w>καυχασθω</w>
						<w>δε</w>
						<w>ο</w>
						<w>αδελφος</w>
						<w>ο</w>
						<w>ταπεινος</w>
						<w>εν</w>
						<w>τω</w>
						<w>υψει</w>
						<w>αυτου</w>
					</ab>
					<ab n="B20K1V10">
						<w>ο</w>
						<w>δε</w>
						<w>πλουσιος</w>
						<w>εν</w>
						<w>τη</w>
						<w>ταπεινωσει</w>
						<w>αυτου</w>
						<w>οτι</w>
						<w>ως</w>
						<w>ανθος</w>
						<w>χορτου</w>
						<w>παρελευσεται</w>
					</ab>
					<ab n="B20K1V11">
						<w>ανετειλεν</w>
						<w>γαρ</w>
						<w>ο</w>
						<w>ηλιος</w>
						<w>συν</w>
						<w>τω</w>
						<w>καυσωνι</w>
						<w>και</w>
						<w>εξηρανεν</w>
						<w>τον</w>
						<w>χορτον</w>
						<w>και</w>
						<w>το</w>
						<w>ανθος</w>
						<w>αυτου</w>
						<w>εξεπεσεν</w>
						<w>και</w>
						<w>η</w>
						<w>ευπρεπεια</w>
						<w>του</w>
						<w>προσωπου</w>
						<w>αυτου</w>
						<w>απωλετο</w>
						<w>ουτως</w>
						<w>και</w>
						<w>ο</w>
						<w>πλουσιος</w>
						<w>εν</w>
						<w>ταις</w>
						<w>πορειαις</w>
						<w>αυτου</w>
						<w>μαρανθησεται</w>
					</ab>
					<ab n="B20K1V12">
						<w>μακαριος</w>
						<w>ανηρ</w>
						<w>ος</w>
						<w>υπομενει</w>
						<w>πειρασμον</w>
						<w>οτι</w>
						<w>δοκιμος</w>
						<w>γενομενος</w>
						<w>ληψεται</w>
						<w>τον</w>
						<w>στεφανον</w>
						<w>της</w>
						<w>ζωης</w>
						<w>ον</w>
						<w>επηγγειλατο</w>
						<w>ο</w>
						<w>κυριος</w>
						<w>τοις</w>
						<w>αγαπωσιν</w>
						<w>αυτον</w>
					</ab>
					<ab n="B20K1V13">
						<w>μηδεις</w>
						<w>πειραζομενος</w>
						<w>λεγετω</w>
						<w>οτι</w>
						<w>απο</w>
						<w>θεου</w>
						<w>πειραζομαι</w>
						<w>ο</w>
						<w>γαρ</w>
						<w>θεος</w>
						<w>απειραστος</w>
						<w>εστιν</w>
						<w>κακων</w>
						<w>πειραζει</w>
						<w>δε</w>
						<w>αυτος</w>
						<w>ουδενα</w>
					</ab>
					<ab n="B20K1V14">
						<w>εκαστος</w>
						<w>δε</w>
						<w>πειραζεται</w>
						<w>υπο</w>
						<w>της</w>
						<w>ιδιας</w>
						<w>επιθυμιας</w>
						<w>εξελκομενος</w>
						<w>και</w>
						<w>δελεαζομενος</w>
					</ab>
					<ab n="B20K1V15">
						<w>ειτα</w>
						<w>η</w>
						<w>επιθυμια</w>
						<w>συλλαβουσα</w>
						<w>τικτει</w>
						<w>αμαρτιαν</w>
						<w>η</w>
						<w>δε</w>
						<w>αμαρτια</w>
						<w>αποτελεσθεισα</w>
						<w>αποκυει</w>
						<w>θανατον</w>
					</ab>
					<ab n="B20K1V16">
						<w>μη</w>
						<w>πλανασθε</w>
						<w>αδελφοι</w>
						<w>μου</w>
						<w>αγαπητοι</w>
					</ab>
					<ab n="B20K1V17">
						<w>πασα</w>
						<w>δοσις</w>
						<w>αγαθη</w>
						<w>και</w>
						<w>παν</w>
						<w>δωρημα</w>
						<w>τελειον</w>
						<w>ανωθεν</w>
						<w>εστιν</w>
						<w>καταβαινον</w>
						<w>απο</w>
						<w>του</w>
						<w>πατρος</w>
						<w>των</w>
						<w>φωτων</w>
						<w>παρ</w>
						<w>ω</w>
						<w>ουκ</w>
						<w>ενι</w>
						<w>παραλλαγη</w>
						<w>η</w>
						<w>τροπης</w>
						<w>αποσκιασμα</w>
					</ab>
					<ab n="B20K1V18">
						<w>βουληθεις</w>
						<w>απεκυησεν</w>
						<w>ημας</w>
						<w>λογω</w>
						<w>αληθειας</w>
						<w>εις</w>
						<w>το</w>
						<w>ειναι</w>
						<w>ημας</w>
						<w>απαρχην</w>
						<w>τινα</w>
						<w>των</w>
						<w>αυτου</w>
						<w>κτισματων</w>
					</ab>
					<ab n="B20K1V19">
						<w>ωστε</w>
						<w>αδελφοι</w>
						<w>μου</w>
						<w>αγαπητοι</w>
						<w>εστω</w>
						<w>πας</w>
						<w>ανθρωπος</w>
						<w>ταχυς</w>
						<w>εις</w>
						<w>το</w>
						<w>ακουσαι</w>
						<w>βραδυς</w>
						<w>εις</w>
						<w>το</w>
						<w>λαλησαι</w>
						<w>βραδυς</w>
						<w>εις</w>
						<w>οργην</w>
					</ab>
					<ab n="B20K1V20">
						<w>οργη</w>
						<w>γαρ</w>
						<w>ανδρος</w>
						<w>δικαιοσυνην</w>
						<w>θεου</w>
						<w>ου</w>
						<w>κατεργαζεται</w>
					</ab>
					<ab n="B20K1V21">
						<w>διο</w>
						<w>αποθεμενοι</w>
						<w>πασαν</w>
						<w>ρυπαριαν</w>
						<w>και</w>
						<w>περισσειαν</w>
						<w>κακιας</w>
						<w>εν</w>
						<w>πραυτητι</w>
						<w>δεξασθε</w>
						<w>τον</w>
						<w>εμφυτον</w>
						<w>λογον</w>
						<w>τον</w>
						<w>δυναμενον</w>
						<w>σωσαι</w>
						<w>τας</w>
						<w>ψυχας</w>
						<w>υμων</w>
					</ab>
					<ab n="B20K1V22">
						<w>γινεσθε</w>
						<w>δε</w>
						<w>ποιηται</w>
						<w>λογου</w>
						<w>και</w>
						<w>μη</w>
						<w>μονον</w>
						<w>ακροαται</w>
						<w>παραλογιζομενοι</w>
						<w>εαυτους</w>
					</ab>
					<ab n="B20K1V23">
						<w>οτι</w>
						<w>ει</w>
						<w>τις</w>
						<w>ακροατης</w>
						<w>λογου</w>
						<w>εστιν</w>
						<w>και</w>
						<w>ου</w>
						<w>ποιητης</w>
						<w>ουτος</w>
						<w>εοικεν</w>
						<w>ανδρι</w>
						<w>κατανοουντι</w>
						<w>το</w>
						<w>προσωπον</w>
						<w>της</w>
						<w>γενεσεως</w>
						<w>αυτου</w>
						<w>εν</w>
						<w>εσοπτρω</w>
					</ab>
					<ab n="B20K1V24">
						<w>κατενοησεν</w>
						<w>γαρ</w>
						<w>εαυτον</w>
						<w>και</w>
						<w>απεληλυθεν</w>
						<w>και</w>
						<w>ευθεως</w>
						<w>επελαθετο</w>
						<w>οποιος</w>
						<w>ην</w>
					</ab>
					<ab n="B20K1V25">
						<w>ο</w>
						<w>δε</w>
						<w>παρακυψας</w>
						<w>εις</w>
						<w>νομον</w>
						<w>τελειον</w>
						<w>τον</w>
						<w>της</w>
						<w>ελευθεριας</w>
						<w>και</w>
						<w>παραμεινας</w>
						<w>ουτος</w>
						<w>ουκ</w>
						<w>ακροατης</w>
						<w>επιλησμονης</w>
						<w>γενομενος</w>
						<w>αλλα</w>
						<w>ποιητης</w>
						<w>εργου</w>
						<w>ουτος</w>
						<w>μακαριος</w>
						<w>εν</w>
						<w>τη</w>
						<w>ποιησει</w>
						<w>αυτου</w>
						<w>εσται</w>
					</ab>
					<ab n="B20K1V26">
						<w>ει</w>
						<w>τις</w>
						<w>δοκει</w>
						<w>θρησκος</w>
						<w>ειναι</w>
						<w>εν</w>
						<w>υμιν</w>
						<w>μη</w>
						<w>χαλιναγωγων</w>
						<w>γλωσσαν</w>
						<w>αυτου</w>
						<w>αλλα</w>
						<w>απατων</w>
						<w>καρδιαν</w>
						<w>αυτου</w>
						<w>τουτου</w>
						<w>ματαιος</w>
						<w>η</w>
						<w>θρησκεια</w>
					</ab>
					<ab n="B20K1V27">
						<w>θρησκεια</w>
						<w>καθαρα</w>
						<w>και</w>
						<w>αμιαντος</w>
						<w>παρα</w>
						<w>θεω</w>
						<w>και</w>
						<w>πατρι</w>
						<w>αυτη</w>
						<w>εστιν</w>
						<w>επισκεπτεσθαι</w>
						<w>ορφανους</w>
						<w>και</w>
						<w>χηρας</w>
						<w>εν</w>
						<w>τη</w>
						<w>θλιψει</w>
						<w>αυτων</w>
						<w>ασπιλον</w>
						<w>εαυτον</w>
						<w>τηρειν</w>
						<w>απο</w>
						<w>του</w>
						<w>κοσμου</w>
					</ab>
				</div>
				<div type="chapter" n="B20K2">
					<ab n="B20K2V1">
						<w>αδελφοι</w>
						<w>μου</w>
						<w>μη</w>
						<w>εν</w>
						<w>προσωποληψιαις</w>
						<w>εχετε</w>
						<w>την</w>
						<w>πιστιν</w>
						<w>του</w>
						<w>κυριου</w>
						<w>ημων</w>
						<w>ιησου</w>
						<w>χριστου</w>
						<w>της</w>
						<w>δοξης</w>
					</ab>
					<ab n="B20K2V2">
						<w>εαν</w>
						<w>γαρ</w>
						<w>εισελθη</w>
						<w>εις</w>
						<w>την</w>
						<w>συναγωγην</w>
						<w>υμων</w>
						<w>ανηρ</w>
						<w>χρυσοδακτυλιος</w>
						<w>εν</w>
						<w>εσθητι</w>
						<w>λαμπρα</w>
						<w>εισελθη</w>
						<w>δε</w>
						<w>και</w>
						<w>πτωχος</w>
						<w>εν</w>
						<w>ρυπαρα</w>
						<w>εσθητι</w>
					</ab>
					<ab n="B20K2V3">
						<w>και</w>
						<w>επιβλεψητε</w>
						<w>επι</w>
						<w>τον</w>
						<w>φορουντα</w>
						<w>την</w>
						<w>εσθητα</w>
						<w>την</w>
						<w>λαμπραν</w>
						<w>και</w>
						<w>ειπητε</w>
						<w>αυτω</w>
						<w>συ</w>
						<w>καθου</w>
						<w>ωδε</w>
						<w>καλως</w>
						<w>και</w>
						<w>τω</w>
						<w>πτωχω</w>
						<w>ειπητε</w>
						<w>συ</w>
						<w>στηθι</w>
						<w>εκει</w>
						<w>η</w>
						<w>καθου</w>
						<w>ωδε</w>
						<w>υπο</w>
						<w>το</w>
						<w>υποποδιον</w>
						<w>μου</w>
					</ab>
					<ab n="B20K2V4">
						<w>και</w>
						<w>ου</w>
						<w>διεκριθητε</w>
						<w>εν</w>
						<w>εαυτοις</w>
						<w>και</w>
						<w>εγενεσθε</w>
						<w>κριται</w>
						<w>διαλογισμων</w>
						<w>πονηρων</w>
					</ab>
					<ab n="B20K2V5">
						<w>ακουσατε</w>
						<w>αδελφοι</w>
						<w>μου</w>
						<w>αγαπητοι</w>
						<w>ουχ</w>
						<w>ο</w>
						<w>θεος</w>
						<w>εξελεξατο</w>
						<w>τους</w>
						<w>πτωχους</w>
						<w>του</w>
						<w>κοσμου</w>
						<w>πλουσιους</w>
						<w>εν</w>
						<w>πιστει</w>
						<w>και</w>
						<w>κληρονομους</w>
						<w>της</w>
						<w>βασιλειας</w>
						<w>ης</w>
						<w>επηγγειλατο</w>
						<w>τοις</w>
						<w>αγαπωσιν</w>
						<w>αυτον</w>
					</ab>
					<ab n="B20K2V6">
						<w>υμεις</w>
						<w>δε</w>
						<w>ητιμασατε</w>
						<w>τον</w>
						<w>πτωχον</w>
						<w>ουχ</w>
						<w>οι</w>
						<w>πλουσιοι</w>
						<w>καταδυναστευουσιν</w>
						<w>υμων</w>
						<w>και</w>
						<w>αυτοι</w>
						<w>ελκουσιν</w>
						<w>υμας</w>
						<w>εις</w>
						<w>κριτηρια</w>
					</ab>
					<ab n="B20K2V7">
						<w>ουκ</w>
						<w>αυτοι</w>
						<w>βλασφημουσιν</w>
						<w>το</w>
						<w>καλον</w>
						<w>ονομα</w>
						<w>το</w>
						<w>επικληθεν</w>
						<w>εφ</w>
						<w>υμας</w>
					</ab>
					<ab n="B20K2V8">
						<w>ει</w>
						<w>μεντοι</w>
						<w>νομον</w>
						<w>τελειτε</w>
						<w>βασιλικον</w>
						<w>κατα</w>
						<w>την</w>
						<w>γραφην</w>
						<w>αγαπησεις</w>
						<w>τον</w>
						<w>πλησιον</w>
						<w>σου</w>
						<w>ως</w>
						<w>σεαυτον</w>
						<w>καλως</w>
						<w>ποιειτε</w>
					</ab>
					<ab n="B20K2V9">
						<w>ει</w>
						<w>δε</w>
						<w>προσωποληπτειτε</w>
						<w>αμαρτιαν</w>
						<w>εργαζεσθε</w>
						<w>ελεγχομενοι</w>
						<w>υπο</w>
						<w>του</w>
						<w>νομου</w>
						<w>ως</w>
						<w>παραβαται</w>
					</ab>
					<ab n="B20K2V10">
						<w>οστις</w>
						<w>γαρ</w>
						<w>ολον</w>
						<w>τον</w>
						<w>νομον</w>
						<w>τηρησει</w>
						<w>πταισει</w>
						<w>δε</w>
						<w>εν</w>
						<w>ενι</w>
						<w>γεγονεν</w>
						<w>παντων</w>
						<w>ενοχος</w>
					</ab>
					<ab n="B20K2V11">
						<w>ο</w>
						<w>γαρ</w>
						<w>ειπων</w>
						<w>μη</w>
						<w>μοιχευσεις</w>
						<w>ειπεν</w>
						<w>και</w>
						<w>μη</w>
						<w>φονευσεις</w>
						<w>ει</w>
						<w>δε</w>
						<w>ου</w>
						<w>μοιχευσεις</w>
						<w>φονευσεις</w>
						<w>δε</w>
						<w>γεγονας</w>
						<w>παραβατης</w>
						<w>νομου</w>
					</ab>
					<ab n="B20K2V12">
						<w>ουτως</w>
						<w>λαλειτε</w>
						<w>και</w>
						<w>ουτως</w>
						<w>ποιειτε</w>
						<w>ως</w>
						<w>δια</w>
						<w>νομου</w>
						<w>ελευθεριας</w>
						<w>μελλοντες</w>
						<w>κρινεσθαι</w>
					</ab>
					<ab n="B20K2V13">
						<w>η</w>
						<w>γαρ</w>
						<w>κρισις</w>
						<w>ανελεος</w>
						<w>τω</w>
						<w>μη</w>
						<w>ποιησαντι</w>
						<w>ελεος</w>
						<w>κατακαυχαται</w>
						<w>ελεον</w>
						<w>κρισεως</w>
					</ab>
					<ab n="B20K2V14">
						<w>τι</w>
						<w>το</w>
						<w>οφελος</w>
						<w>αδελφοι</w>
						<w>μου</w>
						<w>εαν</w>
						<w>πιστιν</w>
						<w>λεγη</w>
						<w>τις</w>
						<w>εχειν</w>
						<w>εργα</w>
						<w>δε</w>
						<w>μη</w>
						<w>εχη</w>
						<w>μη</w>
						<w>δυναται</w>
						<w>η</w>
						<w>πιστις</w>
						<w>σωσαι</w>
						<w>αυτον</w>
					</ab>
					<ab n="B20K2V15">
						<w>εαν</w>
						<w>δε</w>
						<w>αδελφος</w>
						<w>η</w>
						<w>αδελφη</w>
						<w>γυμνοι</w>
						<w>υπαρχωσιν</w>
						<w>και</w>
						<w>λειπομενοι</w>
						<w>ωσιν</w>
						<w>της</w>
						<w>εφημερου</w>
						<w>τροφης</w>
					</ab>
					<ab n="B20K2V16">
						<w>ειπη</w>
						<w>δε</w>
						<w>τις</w>
						<w>αυτοις</w>
						<w>εξ</w>
						<w>υμων</w>
						<w>υπαγετε</w>
						<w>εν</w>
						<w>ειρηνη</w>
						<w>θερμαινεσθε</w>
						<w>και</w>
						<w>χορταζεσθε</w>
						<w>μη</w>
						<w>δωτε</w>
						<w>δε</w>
						<w>αυτοις</w>
						<w>τα</w>
						<w>επιτηδεια</w>
						<w>του</w>
						<w>σωματος</w>
						<w>τι</w>
						<w>το</w>
						<w>οφελος</w>
					</ab>
					<ab n="B20K2V17">
						<w>ουτως</w>
						<w>και</w>
						<w>η</w>
						<w>πιστις</w>
						<w>εαν</w>
						<w>μη</w>
						<w>εργα</w>
						<w>εχη</w>
						<w>νεκρα</w>
						<w>εστιν</w>
						<w>καθ</w>
						<w>εαυτην</w>
					</ab>
					<ab n="B20K2V18">
						<w>αλλ</w>
						<w>ερει</w>
						<w>τις</w>
						<w>συ</w>
						<w>πιστιν</w>
						<w>εχεις</w>
						<w>καγω</w>
						<w>εργα</w>
						<w>εχω</w>
						<w>δειξον</w>
						<w>μοι</w>
						<w>την</w>
						<w>πιστιν</w>
						<w>σου</w>
						<w>εκ</w>
						<w>των</w>
						<w>εργων</w>
						<w>σου</w>
						<w>καγω</w>
						<w>δειξω</w>
						<w>σοι</w>
						<w>εκ</w>
						<w>των</w>
						<w>εργων</w>
						<w>μου</w>
						<w>την</w>
						<w>πιστιν</w>
						<w>μου</w>
					</ab>
					<ab n="B20K2V19">
						<w>συ</w>
						<w>πιστευεις</w>
						<w>οτι</w>
						<w>ο</w>
						<w>θεος</w>
						<w>εις</w>
						<w>εστιν</w>
						<w>καλως</w>
						<w>ποιεις</w>
						<w>και</w>
						<w>τα</w>
						<w>δαιμονια</w>
						<w>πιστευουσιν</w>
						<w>και</w>
						<w>φρισσουσιν</w>
					</ab>
					<ab n="B20K2V20">
						<w>θελεις</w>
						<w>δε</w>
						<w>γνωναι</w>
						<w>ω</w>
						<w>ανθρωπε</w>
						<w>κενε</w>
						<w>οτι</w>
						<w>η</w>
						<w>πιστις</w>
						<w>χωρις</w>
						<w>των</w>
						<w>εργων</w>
						<w>νεκρα</w>
						<w>εστιν</w>
					</ab>
					<ab n="B20K2V21">
						<w>αβρααμ</w>
						<w>ο</w>
						<w>πατηρ</w>
						<w>ημων</w>
						<w>ουκ</w>
						<w>εξ</w>
						<w>εργων</w>
						<w>εδικαιωθη</w>
						<w>ανενεγκας</w>
						<w>ισαακ</w>
						<w>τον</w>
						<w>υιον</w>
						<w>αυτου</w>
						<w>επι</w>
						<w>το</w>
						<w>θυσιαστηριον</w>
					</ab>
					<ab n="B20K2V22">
						<w>βλεπεις</w>
						<w>οτι</w>
						<w>η</w>
						<w>πιστις</w>
						<w>συνηργει</w>
						<w>τοις</w>
						<w>εργοις</w>
						<w>αυτου</w>
						<w>και</w>
						<w>εκ</w>
						<w>των</w>
						<w>εργων</w>
						<w>η</w>
						<w>πιστις</w>
						<w>ετελειωθη</w>
					</ab>
					<ab n="B20K2V23">
						<w>και</w>
						<w>επληρωθη</w>
						<w>η</w>
						<w>γραφη</w>
						<w>η</w>
						<w>λεγουσα</w>
						<w>επιστευσεν</w>
						<w>δε</w>
						<w>αβρααμ</w>
						<w>τω</w>
						<w>θεω</w>
						<w>και</w>
						<w>ελογισθη</w>
						<w>αυτω</w>
						<w>εις</w>
						<w>δικαιοσυνην</w>
						<w>και</w>
						<w>φιλος</w>
						<w>θεου</w>
						<w>εκληθη</w>
					</ab>
					<ab n="B20K2V24">
						<w>ορατε</w>
						<w>τοινυν</w>
						<w>οτι</w>
						<w>εξ</w>
						<w>εργων</w>
						<w>δικαιουται</w>
						<w>ανθρωπος</w>
						<w>και</w>
						<w>ουκ</w>
						<w>εκ</w>
						<w>πιστεως</w>
						<w>μονον</w>
					</ab>
					<ab n="B20K2V25">
						<w>ομοιως</w>
						<w>δε</w>
						<w>και</w>
						<w>ρααβ</w>
						<w>η</w>
						<w>πορνη</w>
						<w>ουκ</w>
						<w>εξ</w>
						<w>εργων</w>
						<w>εδικαιωθη</w>
						<w>υποδεξαμενη</w>
						<w>τους</w>
						<w>αγγελους</w>
						<w>και</w>
						<w>ετερα</w>
						<w>οδω</w>
						<w>εκβαλουσα</w>
					</ab>
					<ab n="B20K2V26">
						<w>ωσπερ</w>
						<w>γαρ</w>
						<w>το</w>
						<w>σωμα</w>
						<w>χωρις</w>
						<w>πνευματος</w>
						<w>νεκρον</w>
						<w>εστιν</w>
						<w>ουτως</w>
						<w>και</w>
						<w>η</w>
						<w>πιστις</w>
						<w>χωρις</w>
						<w>των</w>
						<w>εργων</w>
						<w>νεκρα</w>
						<w>εστιν</w>
					</ab>
				</div>
				<div type="chapter" n="B20K3">
					<ab n="B20K3V1">
						<w>μη</w>
						<w>πολλοι</w>
						<w>διδασκαλοι</w>
						<w>γινεσθε</w>
						<w>αδελφοι</w>
						<w>μου</w>
						<w>ειδοτες</w>
						<w>οτι</w>
						<w>μειζον</w>
						<w>κριμα</w>
						<w>ληψομεθα</w>
					</ab>
					<ab n="B20K3V2">
						<w>πολλα</w>
						<w>γαρ</w>
						<w>πταιομεν</w>
						<w>απαντες</w>
						<w>ει</w>
						<w>τις</w>
						<w>εν</w>
						<w>λογω</w>
						<w>ου</w>
						<w>πταιει</w>
						<w>ουτος</w>
						<w>τελειος</w>
						<w>ανηρ</w>
						<w>δυνατος</w>
						<w>χαλιναγωγησαι</w>
						<w>και</w>
						<w>ολον</w>
						<w>το</w>
						<w>σωμα</w>
					</ab>
					<ab n="B20K3V3">
						<w>ιδε</w>
						<w>των</w>
						<w>ιππων</w>
						<w>τους</w>
						<w>χαλινους</w>
						<w>εις</w>
						<w>τα</w>
						<w>στοματα</w>
						<w>βαλλομεν</w>
						<w>προς</w>
						<w>το</w>
						<w>πειθεσθαι</w>
						<w>αυτους</w>
						<w>ημιν</w>
						<w>και</w>
						<w>ολον</w>
						<w>το</w>
						<w>σωμα</w>
						<w>αυτων</w>
						<w>μεταγομεν</w>
					</ab>
					<ab n="B20K3V4">
						<w>ιδου</w>
						<w>και</w>
						<w>τα</w>
						<w>πλοια</w>
						<w>τηλικαυτα</w>
						<w>οντα</w>
						<w>και</w>
						<w>υπο</w>
						<w>σκληρων</w>
						<w>ανεμων</w>
						<w>ελαυνομενα</w>
						<w>μεταγεται</w>
						<w>υπο</w>
						<w>ελαχιστου</w>
						<w>πηδαλιου</w>
						<w>οπου</w>
						<w>αν</w>
						<w>η</w>
						<w>ορμη</w>
						<w>του</w>
						<w>ευθυνοντος</w>
						<w>βουληται</w>
					</ab>
					<ab n="B20K3V5">
						<w>ουτως</w>
						<w>και</w>
						<w>η</w>
						<w>γλωσσα</w>
						<w>μικρον</w>
						<w>μελος</w>
						<w>εστιν</w>
						<w>και</w>
						<w>μεγαλαυχει</w>
						<w>ιδου</w>
						<w>ολιγον</w>
						<w>πυρ</w>
						<w>ηλικην</w>
						<w>υλην</w>
						<w>αναπτει</w>
					</ab>
					<ab n="B20K3V6">
						<w>και</w>
						<w>η</w>
						<w>γλωσσα</w>
						<w>πυρ</w>
						<w>ο</w>
						<w>κοσμος</w>
						<w>της</w>
						<w>αδικιας</w>
						<w>ουτως</w>
						<w>η</w>
						<w>γλωσσα</w>
						<w>καθισταται</w>
						<w>εν</w>
						<w>τοις</w>
						<w>μελεσιν</w>
						<w>ημων</w>
						<w>η</w>
						<w>σπιλουσα</w>
						<w>ολον</w>
						<w>το</w>
						<w>σωμα</w>
						<w>και</w>
						<w>φλογιζουσα</w>
						<w>τον</w>
						<w>τροχον</w>
						<w>της</w>
						<w>γενεσεως</w>
						<w>και</w>
						<w>φλογιζομενη</w>
						<w>υπο</w>
						<w>της</w>
						<w>γεεννης</w>
					</ab>
					<ab n="B20K3V7">
						<w>πασα</w>
						<w>γαρ</w>
						<w>φυσις</w>
						<w>θηριων</w>
						<w>τε</w>
						<w>και</w>
						<w>πετεινων</w>
						<w>ερπετων</w>
						<w>τε</w>
						<w>και</w>
						<w>εναλιων</w>
						<w>δαμαζεται</w>
						<w>και</w>
						<w>δεδαμασται</w>
						<w>τη</w>
						<w>φυσει</w>
						<w>τη</w>
						<w>ανθρωπινη</w>
					</ab>
					<ab n="B20K3V8">
						<w>την</w>
						<w>δε</w>
						<w>γλωσσαν</w>
						<w>ουδεις</w>
						<w>δυναται</w>
						<w>ανθρωπων</w>
						<w>δαμασαι</w>
						<w>ακατασχετον</w>
						<w>κακον</w>
						<w>μεστη</w>
						<w>ιου</w>
						<w>θανατηφορου</w>
					</ab>
					<ab n="B20K3V9">
						<w>εν</w>
						<w>αυτη</w>
						<w>ευλογουμεν</w>
						<w>τον</w>
						<w>θεον</w>
						<w>και</w>
						<w>πατερα</w>
						<w>και</w>
						<w>εν</w>
						<w>αυτη</w>
						<w>καταρωμεθα</w>
						<w>τους</w>
						<w>ανθρωπους</w>
						<w>τους</w>
						<w>καθ</w>
						<w>ομοιωσιν</w>
						<w>θεου</w>
						<w>γεγονοτας</w>
					</ab>
					<ab n="B20K3V10">
						<w>εκ</w>
						<w>του</w>
						<w>αυτου</w>
						<w>στοματος</w>
						<w>εξερχεται</w>
						<w>ευλογια</w>
						<w>και</w>
						<w>καταρα</w>
						<w>ου</w>
						<w>χρη</w>
						<w>αδελφοι</w>
						<w>μου</w>
						<w>ταυτα</w>
						<w>ουτως</w>
						<w>γινεσθαι</w>
					</ab>
					<ab n="B20K3V11">
						<w>μητι</w>
						<w>η</w>
						<w>πηγη</w>
						<w>εκ</w>
						<w>της</w>
						<w>αυτης</w>
						<w>οπης</w>
						<w>βρυει</w>
						<w>το</w>
						<w>γλυκυ</w>
						<w>και</w>
						<w>το</w>
						<w>πικρον</w>
					</ab>
					<ab n="B20K3V12">
						<w>μη</w>
						<w>δυναται</w>
						<w>αδελφοι</w>
						<w>μου</w>
						<w>συκη</w>
						<w>ελαιας</w>
						<w>ποιησαι</w>
						<w>η</w>
						<w>αμπελος</w>
						<w>συκα</w>
						<w>ουτως</w>
						<w>ουδεμια</w>
						<w>πηγη</w>
						<w>αλυκον</w>
						<w>και</w>
						<w>γλυκυ</w>
						<w>ποιησαι</w>
						<w>υδωρ</w>
					</ab>
					<ab n="B20K3V13">
						<w>τις</w>
						<w>σοφος</w>
						<w>και</w>
						<w>επιστημων</w>
						<w>εν</w>
						<w>υμιν</w>
						<w>δειξατω</w>
						<w>εκ</w>
						<w>της</w>
						<w>καλης</w>
						<w>αναστροφης</w>
						<w>τα</w>
						<w>εργα</w>
						<w>αυτου</w>
						<w>εν</w>
						<w>πραυτητι</w>
						<w>σοφιας</w>
					</ab>
					<ab n="B20K3V14">
						<w>ει</w>
						<w>δε</w>
						<w>ζηλον</w>
						<w>πικρον</w>
						<w>εχετε</w>
						<w>και</w>
						<w>εριθειαν</w>
						<w>εν</w>
						<w>τη</w>
						<w>καρδια</w>
						<w>υμων</w>
						<w>μη</w>
						<w>κατακαυχασθε</w>
						<w>και</w>
						<w>ψευδεσθε</w>
						<w>κατα</w>
						<w>της</w>
						<w>αληθειας</w>
					</ab>
					<ab n="B20K3V15">
						<w>ουκ</w>
						<w>εστιν</w>
						<w>αυτη</w>
						<w>η</w>
						<w>σοφια</w>
						<w>ανωθεν</w>
						<w>κατερχομενη</w>
						<w>αλλ</w>
						<w>επιγειος</w>
						<w>ψυχικη</w>
						<w>δαιμονιωδης</w>
					</ab>
					<ab n="B20K3V16">
						<w>οπου</w>
						<w>γαρ</w>
						<w>ζηλος</w>
						<w>και</w>
						<w>εριθεια</w>
						<w>εκει</w>
						<w>ακαταστασια</w>
						<w>και</w>
						<w>παν</w>
						<w>φαυλον</w>
						<w>πραγμα</w>
					</ab>
					<ab n="B20K3V17">
						<w>η</w>
						<w>δε</w>
						<w>ανωθεν</w>
						<w>σοφια</w>
						<w>πρωτον</w>
						<w>μεν</w>
						<w>αγνη</w>
						<w>εστιν</w>
						<w>επειτα</w>
						<w>ειρηνικη</w>
						<w>επιεικης</w>
						<w>ευπειθης</w>
						<w>μεστη</w>
						<w>ελεους</w>
						<w>και</w>
						<w>καρπων</w>
						<w>αγαθων</w>
						<w>αδιακριτος</w>
						<w>και</w>
						<w>ανυποκριτος</w>
					</ab>
					<ab n="B20K3V18">
						<w>καρπος</w>
						<w>δε</w>
						<w>της</w>
						<w>δικαιοσυνης</w>
						<w>εν</w>
						<w>ειρηνη</w>
						<w>σπειρεται</w>
						<w>τοις</w>
						<w>ποιουσιν</w>
						<w>ειρηνην</w>
					</ab>
				</div>
				<div type="chapter" n="B20K4">
					<ab n="B20K4V1">
						<w>ποθεν</w>
						<w>πολεμοι</w>
						<w>και</w>
						<w>μαχαι</w>
						<w>εν</w>
						<w>υμιν</w>
						<w>ουκ</w>
						<w>εντευθεν</w>
						<w>εκ</w>
						<w>των</w>
						<w>ηδονων</w>
						<w>υμων</w>
						<w>των</w>
						<w>στρατευομενων</w>
						<w>εν</w>
						<w>τοις</w>
						<w>μελεσιν</w>
						<w>υμων</w>
					</ab>
					<ab n="B20K4V2">
						<w>επιθυμειτε</w>
						<w>και</w>
						<w>ουκ</w>
						<w>εχετε</w>
						<w>φονευετε</w>
						<w>και</w>
						<w>ζηλουτε</w>
						<w>και</w>
						<w>ου</w>
						<w>δυνασθε</w>
						<w>επιτυχειν</w>
						<w>μαχεσθε</w>
						<w>και</w>
						<w>πολεμειτε</w>
						<w>ουκ</w>
						<w>εχετε</w>
						<w>δια</w>
						<w>το</w>
						<w>μη</w>
						<w>αιτεισθαι</w>
						<w>υμας</w>
					</ab>
					<ab n="B20K4V3">
						<w>αιτειτε</w>
						<w>και</w>
						<w>ου</w>
						<w>λαμβανετε</w>
						<w>διοτι</w>
						<w>κακως</w>
						<w>αιτεισθε</w>
						<w>ινα</w>
						<w>εν</w>
						<w>ταις</w>
						<w>ηδοναις</w>
						<w>υμων</w>
						<w>δαπανησητε</w>
					</ab>
					<ab n="B20K4V4">
						<w>μοιχοι</w>
						<w>και</w>
						<w>μοιχαλιδες</w>
						<w>ουκ</w>
						<w>οιδατε</w>
						<w>οτι</w>
						<w>η</w>
						<w>φιλια</w>
						<w>του</w>
						<w>κοσμου</w>
						<w>εχθρα</w>
						<w>του</w>
						<w>θεου</w>
						<w>εστιν</w>
						<w>ος</w>
						<w>αν</w>
						<w>ουν</w>
						<w>βουληθη</w>
						<w>φιλος</w>
						<w>ειναι</w>
						<w>του</w>
						<w>κοσμου</w>
						<w>εχθρος</w>
						<w>του</w>
						<w>θεου</w>
						<w>καθισταται</w>
					</ab>
					<ab n="B20K4V5">
						<w>η</w>
						<w>δοκειτε</w>
						<w>οτι</w>
						<w>κενως</w>
						<w>η</w>
						<w>γραφη</w>
						<w>λεγει</w>
						<w>προς</w>
						<w>φθονον</w>
						<w>επιποθει</w>
						<w>το</w>
						<w>πνευμα</w>
						<w>ο</w>
						<w>κατωκησεν</w>
						<w>εν</w>
						<w>ημιν</w>
					</ab>
					<ab n="B20K4V6">
						<w>μειζονα</w>
						<w>δε</w>
						<w>διδωσιν</w>
						<w>χαριν</w>
						<w>διο</w>
						<w>λεγει</w>
						<w>ο</w>
						<w>θεος</w>
						<w>υπερηφανοις</w>
						<w>αντιτασσεται</w>
						<w>ταπεινοις</w>
						<w>δε</w>
						<w>διδωσιν</w>
						<w>χαριν</w>
					</ab>
					<ab n="B20K4V7">
						<w>υποταγητε</w>
						<w>ουν</w>
						<w>τω</w>
						<w>θεω</w>
						<w>αντιστητε</w>
						<w>δε</w>
						<w>τω</w>
						<w>διαβολω</w>
						<w>και</w>
						<w>φευξεται</w>
						<w>αφ</w>
						<w>υμων</w>
					</ab>
					<ab n="B20K4V8">
						<w>εγγισατε</w>
						<w>τω</w>
						<w>θεω</w>
						<w>και</w>
						<w>εγγιει</w>
						<w>υμιν</w>
						<w>καθαρισατε</w>
						<w>χειρας</w>
						<w>αμαρτωλοι</w>
						<w>και</w>
						<w>αγνισατε</w>
						<w>καρδιας</w>
						<w>διψυχοι</w>
					</ab>
					<ab n="B20K4V9">
						<w>ταλαιπωρησατε</w>
						<w>και</w>
						<w>πενθησατε</w>
						<w>και</w>
						<w>κλαυσατε</w>
						<w>ο</w>
						<w>γελως</w>
						<w>υμων</w>
						<w>εις</w>
						<w>πενθος</w>
						<w>μεταστραφητω</w>
						<w>και</w>
						<w>η</w>
						<w>χαρα</w>
						<w>εις</w>
						<w>κατηφειαν</w>
					</ab>
					<ab n="B20K4V10">
						<w>ταπεινωθητε</w>
						<w>ενωπιον</w>
						<w>του</w>
						<w>κυριου</w>
						<w>και</w>
						<w>υψωσει</w>
						<w>υμας</w>
					</ab>
					<ab n="B20K4V11">
						<w>μη</w>
						<w>καταλαλειτε</w>
						<w>αλληλων</w>
						<w>αδελφοι</w>
						<w>ο</w>
						<w>καταλαλων</w>
						<w>αδελφου</w>
						<w>και</w>
						<w>κρινων</w>
						<w>τον</w>
						<w>αδελφον</w>
						<w>αυτου</w>
						<w>καταλαλει</w>
						<w>νομου</w>
						<w>και</w>
						<w>κρινει</w>
						<w>νομον</w>
						<w>ει</w>
						<w>δε</w>
						<w>νομον</w>
						<w>κρινεις</w>
						<w>ουκ</w>
						<w>ει</w>
						<w>ποιητης</w>
						<w>νομου</w>
						<w>αλλα</w>
						<w>κριτης</w>
					</ab>
					<ab n="B20K4V12">
						<w>εις</w>
						<w>εστιν</w>
						<w>ο</w>
						<w>νομοθετης</w>
						<w>ο</w>
						<w>δυναμενος</w>
						<w>σωσαι</w>
						<w>και</w>
						<w>απολεσαι</w>
						<w>συ</w>
						<w>δε</w>
						<w>τις</w>
						<w>ει</w>
						<w>ος</w>
						<w>κρινεις</w>
						<w>τον</w>
						<w>ετερον</w>
					</ab>
					<ab n="B20K4V13">
						<w>αγε</w>
						<w>νυν</w>
						<w>οι</w>
						<w>λεγοντες</w>
						<w>σημερον</w>
						<w>και</w>
						<w>αυριον</w>
						<w>πορευσωμεθα</w>
						<w>εις</w>
						<w>τηνδε</w>
						<w>την</w>
						<w>πολιν</w>
						<w>και</w>
						<w>ποιησωμεν</w>
						<w>εκει</w>
						<w>ενιαυτον</w>
						<w>ενα</w>
						<w>και</w>
						<w>εμπορευσωμεθα</w>
						<w>και</w>
						<w>κερδησωμεν</w>
					</ab>
					<ab n="B20K4V14">
						<w>οιτινες</w>
						<w>ουκ</w>
						<w>επιστασθε</w>
						<w>το</w>
						<w>της</w>
						<w>αυριον</w>
						<w>ποια</w>
						<w>γαρ</w>
						<w>η</w>
						<w>ζωη</w>
						<w>υμων</w>
						<w>ατμις</w>
						<w>γαρ</w>
						<w>εσται</w>
						<w>η</w>
						<w>προς</w>
						<w>ολιγον</w>
						<w>φαινομενη</w>
						<w>επειτα</w>
						<w>δε</w>
						<w>και</w>
						<w>αφανιζομενη</w>
					</ab>
					<ab n="B20K4V15">
						<w>αντι</w>
						<w>του</w>
						<w>λεγειν</w>
						<w>υμας</w>
						<w>εαν</w>
						<w>ο</w>
						<w>κυριος</w>
						<w>θεληση</w>
						<w>και</w>
						<w>ζησωμεν</w>
						<w>και</w>
						<w>ποιησωμεν</w>
						<w>τουτο</w>
						<w>η</w>
						<w>εκεινο</w>
					</ab>
					<ab n="B20K4V16">
						<w>νυν</w>
						<w>δε</w>
						<w>καυχασθε</w>
						<w>εν</w>
						<w>ταις</w>
						<w>αλαζονειαις</w>
						<w>υμων</w>
						<w>πασα</w>
						<w>καυχησις</w>
						<w>τοιαυτη</w>
						<w>πονηρα</w>
						<w>εστιν</w>
					</ab>
					<ab n="B20K4V17">
						<w>ειδοτι</w>
						<w>ουν</w>
						<w>καλον</w>
						<w>ποιειν</w>
						<w>και</w>
						<w>μη</w>
						<w>ποιουντι</w>
						<w>αμαρτια</w>
						<w>αυτω</w>
						<w>εστιν</w>
					</ab>
				</div>
				<div type="chapter" n="B20K5">
					<ab n="B20K5V1">
						<w>αγε</w>
						<w>νυν</w>
						<w>οι</w>
						<w>πλουσιοι</w>
						<w>κλαυσατε</w>
						<w>ολολυζοντες</w>
						<w>επι</w>
						<w>ταις</w>
						<w>ταλαιπωριαις</w>
						<w>υμων</w>
						<w>ταις</w>
						<w>επερχομεναις</w>
					</ab>
					<ab n="B20K5V2">
						<w>ο</w>
						<w>πλουτος</w>
						<w>υμων</w>
						<w>σεσηπεν</w>
						<w>και</w>
						<w>τα</w>
						<w>ιματια</w>
						<w>υμων</w>
						<w>σητοβρωτα</w>
						<w>γεγονεν</w>
					</ab>
					<ab n="B20K5V3">
						<w>ο</w>
						<w>χρυσος</w>
						<w>υμων</w>
						<w>και</w>
						<w>ο</w>
						<w>αργυρος</w>
						<w>κατιωται</w>
						<w>και</w>
						<w>ο</w>
						<w>ιος</w>
						<w>αυτων</w>
						<w>εις</w>
						<w>μαρτυριον</w>
						<w>υμιν</w>
						<w>εσται</w>
						<w>και</w>
						<w>φαγεται</w>
						<w>τας</w>
						<w>σαρκας</w>
						<w>υμων</w>
						<w>ως</w>
						<w>πυρ</w>
						<w>εθησαυρισατε</w>
						<w>εν</w>
						<w>εσχαταις</w>
						<w>ημεραις</w>
					</ab>
					<ab n="B20K5V4">
						<w>ιδου</w>
						<w>ο</w>
						<w>μισθος</w>
						<w>των</w>
						<w>εργατων</w>
						<w>των</w>
						<w>αμησαντων</w>
						<w>τας</w>
						<w>χωρας</w>
						<w>υμων</w>
						<w>ο</w>
						<w>απεστερημενος</w>
						<w>αφ</w>
						<w>υμων</w>
						<w>κραζει</w>
						<w>και</w>
						<w>αι</w>
						<w>βοαι</w>
						<w>των</w>
						<w>θερισαντων</w>
						<w>εις</w>
						<w>τα</w>
						<w>ωτα</w>
						<w>κυριου</w>
						<w>σαβαωθ</w>
						<w>εισεληλυθασιν</w>
					</ab>
					<ab n="B20K5V5">
						<w>ετρυφησατε</w>
						<w>επι</w>
						<w>της</w>
						<w>γης</w>
						<w>και</w>
						<w>εσπαταλησατε</w>
						<w>εθρεψατε</w>
						<w>τας</w>
						<w>καρδιας</w>
						<w>υμων</w>
						<w>ως</w>
						<w>εν</w>
						<w>ημερα</w>
						<w>σφαγης</w>
					</ab>
					<ab n="B20K5V6">
						<w>κατεδικασατε</w>
						<w>εφονευσατε</w>
						<w>τον</w>
						<w>δικαιον</w>
						<w>ουκ</w>
						<w>αντιτασσεται</w>
						<w>υμιν</w>
					</ab>
					<ab n="B20K5V7">
						<w>μακροθυμησατε</w>
						<w>ουν</w>
						<w>αδελφοι</w>
						<w>εως</w>
						<w>της</w>
						<w>παρουσιας</w>
						<w>του</w>
						<w>κυριου</w>
						<w>ιδου</w>
						<w>ο</w>
						<w>γεωργος</w>
						<w>εκδεχεται</w>
						<w>τον</w>
						<w>τιμιον</w>
						<w>καρπον</w>
						<w>της</w>
						<w>γης</w>
						<w>μακροθυμων</w>
						<w>επ</w>
						<w>αυτον</w>
						<w>εως</w>
						<w>λαβη</w>
						<w>υετον</w>
						<w>πρωιμον</w>
						<w>και</w>
						<w>οψιμον</w>
					</ab>
					<ab n="B20K5V8">
						<w>μακροθυμησατε</w>
						<w>και</w>
						<w>υμεις</w>
						<w>στηριξατε</w>
						<w>τας</w>
						<w>καρδιας</w>
						<w>υμων</w>
						<w>οτι</w>
						<w>η</w>
						<w>παρουσια</w>
						<w>του</w>
						<w>κυριου</w>
						<w>ηγγικεν</w>
					</ab>
					<ab n="B20K5V9">
						<w>μη</w>
						<w>στεναζετε</w>
						<w>κατ</w>
						<w>αλληλων</w>
						<w>αδελφοι</w>
						<w>ινα</w>
						<w>μη</w>
						<w>κριθητε</w>
						<w>ιδου</w>
						<w>ο</w>
						<w>κριτης</w>
						<w>προ</w>
						<w>των</w>
						<w>θυρων</w>
						<w>εστηκεν</w>
					</ab>
					<ab n="B20K5V10">
						<w>υποδειγμα</w>
						<w>λαβετε</w>
						<w>αδελφοι</w>
						<w>μου</w>
						<w>της</w>
						<w>κακοπαθειας</w>
						<w>και</w>
						<w>της</w>
						<w>μακροθυμιας</w>
						<w>τους</w>
						<w>προφητας</w>
						<w>οι</w>
						<w>ελαλησαν</w>
						<w>τω</w>
						<w>ονοματι</w>
						<w>κυριου</w>
					</ab>
					<ab n="B20K5V11">
						<w>ιδου</w>
						<w>μακαριζομεν</w>
						<w>τους</w>
						<w>υπομενοντας</w>
						<w>την</w>
						<w>υπομονην</w>
						<w>ιωβ</w>
						<w>ηκουσατε</w>
						<w>και</w>
						<w>το</w>
						<w>τελος</w>
						<w>κυριου</w>
						<w>ιδετε</w>
						<w>οτι</w>
						<w>πολυσπλαγχνος</w>
						<w>εστιν</w>
						<w>και</w>
						<w>οικτιρμων</w>
					</ab>
					<ab n="B20K5V12">
						<w>προ</w>
						<w>παντων</w>
						<w>δε</w>
						<w>αδελφοι</w>
						<w>μου</w>
						<w>μη</w>
						<w>ομνυετε</w>
						<w>μητε</w>
						<w>τον</w>
						<w>ουρανον</w>
						<w>μητε</w>
						<w>την</w>
						<w>γην</w>
						<w>μητε</w>
						<w>αλλον</w>
						<w>τινα</w>
						<w>ορκον</w>
						<w>ητω</w>
						<w>δε</w>
						<w>υμων</w>
						<w>το</w>
						<w>ναι</w>
						<w>ναι</w>
						<w>και</w>
						<w>το</w>
						<w>ου</w>
						<w>ου</w>
						<w>ινα</w>
						<w>μη</w>
						<w>εις</w>
						<w>υποκρισιν</w>
						<w>πεσητε</w>
					</ab>
					<ab n="B20K5V13">
						<w>κακοπαθει</w>
						<w>τις</w>
						<w>εν</w>
						<w>υμιν</w>
						<w>προσευχεσθω</w>
						<w>ευθυμει</w>
						<w>τις</w>
						<w>ψαλλετω</w>
					</ab>
					<ab n="B20K5V14">
						<w>ασθενει</w>
						<w>τις</w>
						<w>εν</w>
						<w>υμιν</w>
						<w>προσκαλεσασθω</w>
						<w>τους</w>
						<w>πρεσβυτερους</w>
						<w>της</w>
						<w>εκκλησιας</w>
						<w>και</w>
						<w>προσευξασθωσαν</w>
						<w>επ</w>
						<w>αυτον</w>
						<w>αλειψαντες</w>
						<w>αυτον</w>
						<w>ελαιω</w>
						<w>εν</w>
						<w>τω</w>
						<w>ονοματι</w>
						<w>του</w>
						<w>κυριου</w>
					</ab>
					<ab n="B20K5V15">
						<w>και</w>
						<w>η</w>
						<w>ευχη</w>
						<w>της</w>
						<w>πιστεως</w>
						<w>σωσει</w>
						<w>τον</w>
						<w>καμνοντα</w>
						<w>και</w>
						<w>εγερει</w>
						<w>αυτον</w>
						<w>ο</w>
						<w>κυριος</w>
						<w>καν</w>
						<w>αμαρτιας</w>
						<w>η</w>
						<w>πεποιηκως</w>
						<w>αφεθησεται</w>
						<w>αυτω</w>
					</ab>
					<ab n="B20K5V16">
						<w>εξομολογεισθε</w>
						<w>αλληλοις</w>
						<w>τα</w>
						<w>παραπτωματα</w>
						<w>και</w>
						<w>ευχεσθε</w>
						<w>υπερ</w>
						<w>αλληλων</w>
						<w>οπως</w>
						<w>ιαθητε</w>
						<w>πολυ</w>
						<w>ισχυει</w>
						<w>δεησις</w>
						<w>δικαιου</w>
						<w>ενεργουμενη</w>
					</ab>
					<ab n="B20K5V17">
						<w>ηλιας</w>
						<w>ανθρωπος</w>
						<w>ην</w>
						<w>ομοιοπαθης</w>
						<w>ημιν</w>
						<w>και</w>
						<w>προσευχη</w>
						<w>προσηυξατο</w>
						<w>του</w>
						<w>μη</w>
						<w>βρεξαι</w>
						<w>και</w>
						<w>ουκ</w>
						<w>εβρεξεν</w>
						<w>επι</w>
						<w>της</w>
						<w>γης</w>
						<w>ενιαυτους</w>
						<w>τρεις</w>
						<w>και</w>
						<w>μηνας</w>
						<w>εξ</w>
					</ab>
					<ab n="B20K5V18">
						<w>και</w>
						<w>παλιν</w>
						<w>προσηυξατο</w>
						<w>και</w>
						<w>ο</w>
						<w>ουρανος</w>
						<w>υετον</w>
						<w>εδωκεν</w>
						<w>και</w>
						<w>η</w>
						<w>γη</w>
						<w>εβλαστησεν</w>
						<w>τον</w>
						<w>καρπον</w>
						<w>αυτης</w>
					</ab>
					<ab n="B20K5V19">
						<w>αδελφοι</w>
						<w>εαν</w>
						<w>τις</w>
						<w>εν</w>
						<w>υμιν</w>
						<w>πλανηθη</w>
						<w>απο</w>
						<w>της</w>
						<w>αληθειας</w>
						<w>και</w>
						<w>επιστρεψη</w>
						<w>τις</w>
						<w>αυτον</w>
					</ab>
					<ab n="B20K5V20">
						<w>γινωσκετω</w>
						<w>οτι</w>
						<w>ο</w>
						<w>επιστρεψας</w>
						<w>αμαρτωλον</w>
						<w>εκ</w>
						<w>πλανης</w>
						<w>οδου</w>
						<w>αυτου</w>
						<w>σωσει</w>
						<w>ψυχην</w>
						<w>εκ</w>
						<w>θανατου</w>
						<w>και</w>
						<w>καλυψει</w>
						<w>πληθος</w>
						<w>αμαρτιων</w>
					</ab>
				</div>
			</div>
		</body>
	</text>
</TEI>