<?xml version="1.0" encoding="utf-8"?>
<!DOCTYPE TEI [
<!-- entities used in individual transcriptions will be defined here -->
]>
<?xml-model href="TEI-NTMSS.rng" type="application/xml" 
schematypens="http://relaxng.org/ns/structure/1.0"?>
<TEI xml:id="Byz" xmlns="http://www.tei-c.org/ns/1.0">
    <teiHeader>
        <fileDesc>
            <titleStmt>
                <title>The New Testament in the Original Greek: The Byzantine Textform</title>
                <title type="collection" level="s" xml:lang="en">The New Testament</title>
				<title type="work" level="m" xml:lang="en" n="26">Jude</title>
				<title type="short" level="m" xml:lang="en" n="26">JUD</title>                
                <respStmt>
                    <resp>Created by</resp><name>Maurice A. Robinson and William Pierpont</name>
                </respStmt>
            </titleStmt> 
        <editionStmt>
            <edition n="2018">Last updated (XML version) <date>31.5.2023</date></edition>
        </editionStmt>
        <publicationStmt>
            <availability><p>This file is in the Public Domain</p></availability>
        </publicationStmt>
        <sourceDesc>
            <msDesc>
            <msIdentifier>
                <country>United States of America</country>
                <msName xml:lang="en">The New Testament in the Original Greek: The Byzantine Textform</msName>
                <altIdentifier type="Byz"></altIdentifier>
            </msIdentifier>
            </msDesc>
        </sourceDesc>
        </fileDesc>
        <encodingDesc n="1.5">
            <editorialDecl>
                <p>The initial transcription file was a set of plain text files, later converted to XML. Further information about the procedures followed may be found in the electronic edition at <ptr target="https://github.com/byztxt/byzantine-majority-text/"/></p>
                <p>The XML specifications used were version 1.5 of the IGNTP Guidelines available at <ptr target="http://epapers.bham.ac.uk/1892/"/></p>
            </editorialDecl> 
            <variantEncoding method="parallel-segmentation" location="internal"/>
        </encodingDesc>
    </teiHeader>
    <text xml:lang="grc">
        <body>
			<div type="book" n="B26">
				<div type="chapter" n="B26K1">
					<ab n="B26K1V1">
						<w>ιουδας</w>
						<w>ιησου</w>
						<w>χριστου</w>
						<w>δουλος</w>
						<w>αδελφος</w>
						<w>δε</w>
						<w>ιακωβου</w>
						<w>τοις</w>
						<w>εν</w>
						<w>θεω</w>
						<w>πατρι</w>
						<w>ηγιασμενοις</w>
						<w>και</w>
						<w>ιησου</w>
						<w>χριστω</w>
						<w>τετηρημενοις</w>
						<w>κλητοις</w>
					</ab>
					<ab n="B26K1V2">
						<w>ελεος</w>
						<w>υμιν</w>
						<w>και</w>
						<w>ειρηνη</w>
						<w>και</w>
						<w>αγαπη</w>
						<w>πληθυνθειη</w>
					</ab>
					<ab n="B26K1V3">
						<w>αγαπητοι</w>
						<w>πασαν</w>
						<w>σπουδην</w>
						<w>ποιουμενος</w>
						<w>γραφειν</w>
						<w>υμιν</w>
						<w>περι</w>
						<w>της</w>
						<w>κοινης</w>
						<w>σωτηριας</w>
						<w>αναγκην</w>
						<w>εσχον</w>
						<w>γραψαι</w>
						<w>υμιν</w>
						<w>παρακαλων</w>
						<w>επαγωνιζεσθαι</w>
						<w>τη</w>
						<w>απαξ</w>
						<w>παραδοθειση</w>
						<w>τοις</w>
						<w>αγιοις</w>
						<w>πιστει</w>
					</ab>
					<ab n="B26K1V4">
						<w>παρεισεδυσαν</w>
						<w>γαρ</w>
						<w>τινες</w>
						<w>ανθρωποι</w>
						<w>οι</w>
						<w>παλαι</w>
						<w>προγεγραμμενοι</w>
						<w>εις</w>
						<w>τουτο</w>
						<w>το</w>
						<w>κριμα</w>
						<w>ασεβεις</w>
						<w>την</w>
						<w>του</w>
						<w>θεου</w>
						<w>ημων</w>
						<w>χαριν</w>
						<w>μετατιθεντες</w>
						<w>εις</w>
						<w>ασελγειαν</w>
						<w>και</w>
						<w>τον</w>
						<w>μονον</w>
						<w>δεσποτην</w>
						<w>θεον</w>
						<w>και</w>
						<w>κυριον</w>
						<w>ημων</w>
						<w>ιησουν</w>
						<w>χριστον</w>
						<w>αρνουμενοι</w>
					</ab>
					<ab n="B26K1V5">
						<w>υπομνησαι</w>
						<w>δε</w>
						<w>υμας</w>
						<w>βουλομαι</w>
						<w>ειδοτας</w>
						<w>υμας</w>
						<w>απαξ</w>
						<w>τουτο</w>
						<w>οτι</w>
						<w>ο</w>
						<w>κυριος</w>
						<w>λαον</w>
						<w>εκ</w>
						<w>γης</w>
						<w>αιγυπτου</w>
						<w>σωσας</w>
						<w>το</w>
						<w>δευτερον</w>
						<w>τους</w>
						<w>μη</w>
						<w>πιστευσαντας</w>
						<w>απωλεσεν</w>
					</ab>
					<ab n="B26K1V6">
						<w>αγγελους</w>
						<w>τε</w>
						<w>τους</w>
						<w>μη</w>
						<w>τηρησαντας</w>
						<w>την</w>
						<w>εαυτων</w>
						<w>αρχην</w>
						<w>αλλα</w>
						<w>απολιποντας</w>
						<w>το</w>
						<w>ιδιον</w>
						<w>οικητηριον</w>
						<w>εις</w>
						<w>κρισιν</w>
						<w>μεγαλης</w>
						<w>ημερας</w>
						<w>δεσμοις</w>
						<w>αιδιοις</w>
						<w>υπο</w>
						<w>ζοφον</w>
						<w>τετηρηκεν</w>
					</ab>
					<ab n="B26K1V7">
						<w>ως</w>
						<w>σοδομα</w>
						<w>και</w>
						<w>γομορρα</w>
						<w>και</w>
						<w>αι</w>
						<w>περι</w>
						<w>αυτας</w>
						<w>πολεις</w>
						<w>τον</w>
						<w>ομοιον</w>
						<w>τουτοις</w>
						<w>τροπον</w>
						<w>εκπορνευσασαι</w>
						<w>και</w>
						<w>απελθουσαι</w>
						<w>οπισω</w>
						<w>σαρκος</w>
						<w>ετερας</w>
						<w>προκεινται</w>
						<w>δειγμα</w>
						<w>πυρος</w>
						<w>αιωνιου</w>
						<w>δικην</w>
						<w>υπεχουσαι</w>
					</ab>
					<ab n="B26K1V8">
						<w>ομοιως</w>
						<w>μεντοι</w>
						<w>και</w>
						<w>ουτοι</w>
						<w>ενυπνιαζομενοι</w>
						<w>σαρκα</w>
						<w>μεν</w>
						<w>μιαινουσιν</w>
						<w>κυριοτητα</w>
						<w>δε</w>
						<w>αθετουσιν</w>
						<w>δοξας</w>
						<w>δε</w>
						<w>βλασφημουσιν</w>
					</ab>
					<ab n="B26K1V9">
						<w>ο</w>
						<w>δε</w>
						<w>μιχαηλ</w>
						<w>ο</w>
						<w>αρχαγγελος</w>
						<w>οτε</w>
						<w>τω</w>
						<w>διαβολω</w>
						<w>διακρινομενος</w>
						<w>διελεγετο</w>
						<w>περι</w>
						<w>του</w>
						<w>μωυσεως</w>
						<w>σωματος</w>
						<w>ουκ</w>
						<w>ετολμησεν</w>
						<w>κρισιν</w>
						<w>επενεγκειν</w>
						<w>βλασφημιας</w>
						<w>αλλ</w>
						<w>ειπεν</w>
						<w>επιτιμησαι</w>
						<w>σοι</w>
						<w>κυριος</w>
					</ab>
					<ab n="B26K1V10">
						<w>ουτοι</w>
						<w>δε</w>
						<w>οσα</w>
						<w>μεν</w>
						<w>ουκ</w>
						<w>οιδασιν</w>
						<w>βλασφημουσιν</w>
						<w>οσα</w>
						<w>δε</w>
						<w>φυσικως</w>
						<w>ως</w>
						<w>τα</w>
						<w>αλογα</w>
						<w>ζωα</w>
						<w>επιστανται</w>
						<w>εν</w>
						<w>τουτοις</w>
						<w>φθειρονται</w>
					</ab>
					<ab n="B26K1V11">
						<w>ουαι</w>
						<w>αυτοις</w>
						<w>οτι</w>
						<w>τη</w>
						<w>οδω</w>
						<w>του</w>
						<w>καιν</w>
						<w>επορευθησαν</w>
						<w>και</w>
						<w>τη</w>
						<w>πλανη</w>
						<w>του</w>
						<w>βαλααμ</w>
						<w>μισθου</w>
						<w>εξεχυθησαν</w>
						<w>και</w>
						<w>τη</w>
						<w>αντιλογια</w>
						<w>του</w>
						<w>κορε</w>
						<w>απωλοντο</w>
					</ab>
					<ab n="B26K1V12">
						<w>ουτοι</w>
						<w>εισιν</w>
						<w>εν</w>
						<w>ταις</w>
						<w>αγαπαις</w>
						<w>υμων</w>
						<w>σπιλαδες</w>
						<w>συνευωχουμενοι</w>
						<w>αφοβως</w>
						<w>εαυτους</w>
						<w>ποιμαινοντες</w>
						<w>νεφελαι</w>
						<w>ανυδροι</w>
						<w>υπο</w>
						<w>ανεμων</w>
						<w>παραφερομεναι</w>
						<w>δενδρα</w>
						<w>φθινοπωρινα</w>
						<w>ακαρπα</w>
						<w>δις</w>
						<w>αποθανοντα</w>
						<w>εκριζωθεντα</w>
					</ab>
					<ab n="B26K1V13">
						<w>κυματα</w>
						<w>αγρια</w>
						<w>θαλασσης</w>
						<w>επαφριζοντα</w>
						<w>τας</w>
						<w>εαυτων</w>
						<w>αισχυνας</w>
						<w>αστερες</w>
						<w>πλανηται</w>
						<w>οις</w>
						<w>ο</w>
						<w>ζοφος</w>
						<w>του</w>
						<w>σκοτους</w>
						<w>εις</w>
						<w>αιωνα</w>
						<w>τετηρηται</w>
					</ab>
					<ab n="B26K1V14">
						<w>προεφητευσεν</w>
						<w>δε</w>
						<w>και</w>
						<w>τουτοις</w>
						<w>εβδομος</w>
						<w>απο</w>
						<w>αδαμ</w>
						<w>ενωχ</w>
						<w>λεγων</w>
						<w>ιδου</w>
						<w>ηλθεν</w>
						<w>κυριος</w>
						<w>εν</w>
						<w>αγιαις</w>
						<w>μυριασιν</w>
						<w>αυτου</w>
					</ab>
					<ab n="B26K1V15">
						<w>ποιησαι</w>
						<w>κρισιν</w>
						<w>κατα</w>
						<w>παντων</w>
						<w>και</w>
						<w>ελεγξαι</w>
						<w>παντας</w>
						<w>τους</w>
						<w>ασεβεις</w>
						<w>αυτων</w>
						<w>περι</w>
						<w>παντων</w>
						<w>των</w>
						<w>εργων</w>
						<w>ασεβειας</w>
						<w>αυτων</w>
						<w>ων</w>
						<w>ησεβησαν</w>
						<w>και</w>
						<w>περι</w>
						<w>παντων</w>
						<w>των</w>
						<w>σκληρων</w>
						<w>ων</w>
						<w>ελαλησαν</w>
						<w>κατ</w>
						<w>αυτου</w>
						<w>αμαρτωλοι</w>
						<w>ασεβεις</w>
					</ab>
					<ab n="B26K1V16">
						<w>ουτοι</w>
						<w>εισιν</w>
						<w>γογγυσται</w>
						<w>μεμψιμοιροι</w>
						<w>κατα</w>
						<w>τας</w>
						<w>επιθυμιας</w>
						<w>αυτων</w>
						<w>πορευομενοι</w>
						<w>και</w>
						<w>το</w>
						<w>στομα</w>
						<w>αυτων</w>
						<w>λαλει</w>
						<w>υπερογκα</w>
						<w>θαυμαζοντες</w>
						<w>προσωπα</w>
						<w>ωφελειας</w>
						<w>χαριν</w>
					</ab>
					<ab n="B26K1V17">
						<w>υμεις</w>
						<w>δε</w>
						<w>αγαπητοι</w>
						<w>μνησθητε</w>
						<w>των</w>
						<w>ρηματων</w>
						<w>των</w>
						<w>προειρημενων</w>
						<w>υπο</w>
						<w>των</w>
						<w>αποστολων</w>
						<w>του</w>
						<w>κυριου</w>
						<w>ημων</w>
						<w>ιησου</w>
						<w>χριστου</w>
					</ab>
					<ab n="B26K1V18">
						<w>οτι</w>
						<w>ελεγον</w>
						<w>υμιν</w>
						<w>οτι</w>
						<w>εν</w>
						<w>εσχατω</w>
						<w>χρονω</w>
						<w>εσονται</w>
						<w>εμπαικται</w>
						<w>κατα</w>
						<w>τας</w>
						<w>εαυτων</w>
						<w>επιθυμιας</w>
						<w>πορευομενοι</w>
						<w>των</w>
						<w>ασεβειων</w>
					</ab>
					<ab n="B26K1V19">
						<w>ουτοι</w>
						<w>εισιν</w>
						<w>οι</w>
						<w>αποδιοριζοντες</w>
						<w>ψυχικοι</w>
						<w>πνευμα</w>
						<w>μη</w>
						<w>εχοντες</w>
					</ab>
					<ab n="B26K1V20">
						<w>υμεις</w>
						<w>δε</w>
						<w>αγαπητοι</w>
						<w>τη</w>
						<w>αγιωτατη</w>
						<w>υμων</w>
						<w>πιστει</w>
						<w>εποικοδομουντες</w>
						<w>εαυτους</w>
						<w>εν</w>
						<w>πνευματι</w>
						<w>αγιω</w>
						<w>προσευχομενοι</w>
					</ab>
					<ab n="B26K1V21">
						<w>εαυτους</w>
						<w>εν</w>
						<w>αγαπη</w>
						<w>θεου</w>
						<w>τηρησατε</w>
						<w>προσδεχομενοι</w>
						<w>το</w>
						<w>ελεος</w>
						<w>του</w>
						<w>κυριου</w>
						<w>ημων</w>
						<w>ιησου</w>
						<w>χριστου</w>
						<w>εις</w>
						<w>ζωην</w>
						<w>αιωνιον</w>
					</ab>
					<ab n="B26K1V22">
						<w>και</w>
						<w>ους</w>
						<w>μεν</w>
						<w>ελεειτε</w>
						<w>διακρινομενοι</w>
					</ab>
					<ab n="B26K1V23">
						<w>ους</w>
						<w>δε</w>
						<w>εν</w>
						<w>φοβω</w>
						<w>σωζετε</w>
						<w>εκ</w>
						<w>πυρος</w>
						<w>αρπαζοντες</w>
						<w>μισουντες</w>
						<w>και</w>
						<w>τον</w>
						<w>απο</w>
						<w>της</w>
						<w>σαρκος</w>
						<w>εσπιλωμενον</w>
						<w>χιτωνα</w>
					</ab>
					<ab n="B26K1V24">
						<w>τω</w>
						<w>δε</w>
						<w>δυναμενω</w>
						<w>φυλαξαι</w>
						<w>αυτους</w>
						<w>απταιστους</w>
						<w>και</w>
						<w>στησαι</w>
						<w>κατενωπιον</w>
						<w>της</w>
						<w>δοξης</w>
						<w>αυτου</w>
						<w>αμωμους</w>
						<w>εν</w>
						<w>αγαλλιασει</w>
					</ab>
					<ab n="B26K1V25">
						<w>μονω</w>
						<w>σοφω</w>
						<w>θεω</w>
						<w>σωτηρι</w>
						<w>ημων</w>
						<w>δοξα</w>
						<w>και</w>
						<w>μεγαλωσυνη</w>
						<w>κρατος</w>
						<w>και</w>
						<w>εξουσια</w>
						<w>και</w>
						<w>νυν</w>
						<w>και</w>
						<w>εις</w>
						<w>παντας</w>
						<w>τους</w>
						<w>αιωνας</w>
						<w>αμην</w>
					</ab>
				</div>
			</div>
		</body>
	</text>
</TEI>