<?xml version="1.0" encoding="utf-8"?>
<!DOCTYPE TEI [
<!-- entities used in individual transcriptions will be defined here -->
]>
<?xml-model href="TEI-NTMSS.rng" type="application/xml" 
schematypens="http://relaxng.org/ns/structure/1.0"?>
<TEI xml:id="Byz" xmlns="http://www.tei-c.org/ns/1.0">
    <teiHeader>
        <fileDesc>
            <titleStmt>
                <title>The New Testament in the Original Greek: The Byzantine Textform</title>
                <title type="collection" level="s" xml:lang="en">The New Testament</title>
				<title type="work" level="m" xml:lang="en" n="11">Phillipians</title>
				<title type="short" level="m" xml:lang="en" n="11">PHP</title>                
                <respStmt>
                    <resp>Created by</resp><name>Maurice A. Robinson and William Pierpont</name>
                </respStmt>
            </titleStmt> 
        <editionStmt>
            <edition n="2018">Last updated (XML version) <date>31.5.2023</date></edition>
        </editionStmt>
        <publicationStmt>
            <availability><p>This file is in the Public Domain</p></availability>
        </publicationStmt>
        <sourceDesc>
            <msDesc>
            <msIdentifier>
                <country>United States of America</country>
                <msName xml:lang="en">The New Testament in the Original Greek: The Byzantine Textform</msName>
                <altIdentifier type="Byz"></altIdentifier>
            </msIdentifier>
            </msDesc>
        </sourceDesc>
        </fileDesc>
        <encodingDesc n="1.5">
            <editorialDecl>
                <p>The initial transcription file was a set of plain text files, later converted to XML. Further information about the procedures followed may be found in the electronic edition at <ptr target="https://github.com/byztxt/byzantine-majority-text/"/></p>
                <p>The XML specifications used were version 1.5 of the IGNTP Guidelines available at <ptr target="http://epapers.bham.ac.uk/1892/"/></p>
            </editorialDecl> 
            <variantEncoding method="parallel-segmentation" location="internal"/>
        </encodingDesc>
    </teiHeader>
    <text xml:lang="grc">
        <body>
			<div type="book" n="B11">
				<div type="chapter" n="B11K1">
					<ab n="B11K1V1">
						<w>παυλος</w>
						<w>και</w>
						<w>τιμοθεος</w>
						<w>δουλοι</w>
						<w>ιησου</w>
						<w>χριστου</w>
						<w>πασιν</w>
						<w>τοις</w>
						<w>αγιοις</w>
						<w>εν</w>
						<w>χριστω</w>
						<w>ιησου</w>
						<w>τοις</w>
						<w>ουσιν</w>
						<w>εν</w>
						<w>φιλιπποις</w>
						<w>συν</w>
						<w>επισκοποις</w>
						<w>και</w>
						<w>διακονοις</w>
					</ab>
					<ab n="B11K1V2">
						<w>χαρις</w>
						<w>υμιν</w>
						<w>και</w>
						<w>ειρηνη</w>
						<w>απο</w>
						<w>θεου</w>
						<w>πατρος</w>
						<w>ημων</w>
						<w>και</w>
						<w>κυριου</w>
						<w>ιησου</w>
						<w>χριστου</w>
					</ab>
					<ab n="B11K1V3">
						<w>ευχαριστω</w>
						<w>τω</w>
						<w>θεω</w>
						<w>μου</w>
						<w>επι</w>
						<w>παση</w>
						<w>τη</w>
						<w>μνεια</w>
						<w>υμων</w>
					</ab>
					<ab n="B11K1V4">
						<w>παντοτε</w>
						<w>εν</w>
						<w>παση</w>
						<w>δεησει</w>
						<w>μου</w>
						<w>υπερ</w>
						<w>παντων</w>
						<w>υμων</w>
						<w>μετα</w>
						<w>χαρας</w>
						<w>την</w>
						<w>δεησιν</w>
						<w>ποιουμενος</w>
					</ab>
					<ab n="B11K1V5">
						<w>επι</w>
						<w>τη</w>
						<w>κοινωνια</w>
						<w>υμων</w>
						<w>εις</w>
						<w>το</w>
						<w>ευαγγελιον</w>
						<w>απο</w>
						<w>πρωτης</w>
						<w>ημερας</w>
						<w>αχρι</w>
						<w>του</w>
						<w>νυν</w>
					</ab>
					<ab n="B11K1V6">
						<w>πεποιθως</w>
						<w>αυτο</w>
						<w>τουτο</w>
						<w>οτι</w>
						<w>ο</w>
						<w>εναρξαμενος</w>
						<w>εν</w>
						<w>υμιν</w>
						<w>εργον</w>
						<w>αγαθον</w>
						<w>επιτελεσει</w>
						<w>αχρι</w>
						<w>ημερας</w>
						<w>χριστου</w>
						<w>ιησου</w>
					</ab>
					<ab n="B11K1V7">
						<w>καθως</w>
						<w>εστιν</w>
						<w>δικαιον</w>
						<w>εμοι</w>
						<w>τουτο</w>
						<w>φρονειν</w>
						<w>υπερ</w>
						<w>παντων</w>
						<w>υμων</w>
						<w>δια</w>
						<w>το</w>
						<w>εχειν</w>
						<w>με</w>
						<w>εν</w>
						<w>τη</w>
						<w>καρδια</w>
						<w>υμας</w>
						<w>εν</w>
						<w>τε</w>
						<w>τοις</w>
						<w>δεσμοις</w>
						<w>μου</w>
						<w>και</w>
						<w>εν</w>
						<w>τη</w>
						<w>απολογια</w>
						<w>και</w>
						<w>βεβαιωσει</w>
						<w>του</w>
						<w>ευαγγελιου</w>
						<w>συγκοινωνους</w>
						<w>μου</w>
						<w>της</w>
						<w>χαριτος</w>
						<w>παντας</w>
						<w>υμας</w>
						<w>οντας</w>
					</ab>
					<ab n="B11K1V8">
						<w>μαρτυς</w>
						<w>γαρ</w>
						<w>μου</w>
						<w>εστιν</w>
						<w>ο</w>
						<w>θεος</w>
						<w>ως</w>
						<w>επιποθω</w>
						<w>παντας</w>
						<w>υμας</w>
						<w>εν</w>
						<w>σπλαγχνοις</w>
						<w>ιησου</w>
						<w>χριστου</w>
					</ab>
					<ab n="B11K1V9">
						<w>και</w>
						<w>τουτο</w>
						<w>προσευχομαι</w>
						<w>ινα</w>
						<w>η</w>
						<w>αγαπη</w>
						<w>υμων</w>
						<w>ετι</w>
						<w>μαλλον</w>
						<w>και</w>
						<w>μαλλον</w>
						<w>περισσευη</w>
						<w>εν</w>
						<w>επιγνωσει</w>
						<w>και</w>
						<w>παση</w>
						<w>αισθησει</w>
					</ab>
					<ab n="B11K1V10">
						<w>εις</w>
						<w>το</w>
						<w>δοκιμαζειν</w>
						<w>υμας</w>
						<w>τα</w>
						<w>διαφεροντα</w>
						<w>ινα</w>
						<w>ητε</w>
						<w>ειλικρινεις</w>
						<w>και</w>
						<w>απροσκοποι</w>
						<w>εις</w>
						<w>ημεραν</w>
						<w>χριστου</w>
					</ab>
					<ab n="B11K1V11">
						<w>πεπληρωμενοι</w>
						<w>καρπων</w>
						<w>δικαιοσυνης</w>
						<w>των</w>
						<w>δια</w>
						<w>ιησου</w>
						<w>χριστου</w>
						<w>εις</w>
						<w>δοξαν</w>
						<w>και</w>
						<w>επαινον</w>
						<w>θεου</w>
					</ab>
					<ab n="B11K1V12">
						<w>γινωσκειν</w>
						<w>δε</w>
						<w>υμας</w>
						<w>βουλομαι</w>
						<w>αδελφοι</w>
						<w>οτι</w>
						<w>τα</w>
						<w>κατ</w>
						<w>εμε</w>
						<w>μαλλον</w>
						<w>εις</w>
						<w>προκοπην</w>
						<w>του</w>
						<w>ευαγγελιου</w>
						<w>εληλυθεν</w>
					</ab>
					<ab n="B11K1V13">
						<w>ωστε</w>
						<w>τους</w>
						<w>δεσμους</w>
						<w>μου</w>
						<w>φανερους</w>
						<w>εν</w>
						<w>χριστω</w>
						<w>γενεσθαι</w>
						<w>εν</w>
						<w>ολω</w>
						<w>τω</w>
						<w>πραιτωριω</w>
						<w>και</w>
						<w>τοις</w>
						<w>λοιποις</w>
						<w>πασιν</w>
					</ab>
					<ab n="B11K1V14">
						<w>και</w>
						<w>τους</w>
						<w>πλειονας</w>
						<w>των</w>
						<w>αδελφων</w>
						<w>εν</w>
						<w>κυριω</w>
						<w>πεποιθοτας</w>
						<w>τοις</w>
						<w>δεσμοις</w>
						<w>μου</w>
						<w>περισσοτερως</w>
						<w>τολμαν</w>
						<w>αφοβως</w>
						<w>τον</w>
						<w>λογον</w>
						<w>λαλειν</w>
					</ab>
					<ab n="B11K1V15">
						<w>τινες</w>
						<w>μεν</w>
						<w>και</w>
						<w>δια</w>
						<w>φθονον</w>
						<w>και</w>
						<w>εριν</w>
						<w>τινες</w>
						<w>δε</w>
						<w>και</w>
						<w>δι</w>
						<w>ευδοκιαν</w>
						<w>τον</w>
						<w>χριστον</w>
						<w>κηρυσσουσιν</w>
					</ab>
					<ab n="B11K1V16">
						<w>οι</w>
						<w>μεν</w>
						<w>εξ</w>
						<w>εριθειας</w>
						<w>τον</w>
						<w>χριστον</w>
						<w>καταγγελλουσιν</w>
						<w>ουχ</w>
						<w>αγνως</w>
						<w>οιομενοι</w>
						<w>θλιψιν</w>
						<w>επιφερειν</w>
						<w>τοις</w>
						<w>δεσμοις</w>
						<w>μου</w>
					</ab>
					<ab n="B11K1V17">
						<w>οι</w>
						<w>δε</w>
						<w>εξ</w>
						<w>αγαπης</w>
						<w>ειδοτες</w>
						<w>οτι</w>
						<w>εις</w>
						<w>απολογιαν</w>
						<w>του</w>
						<w>ευαγγελιου</w>
						<w>κειμαι</w>
					</ab>
					<ab n="B11K1V18">
						<w>τι</w>
						<w>γαρ</w>
						<w>πλην</w>
						<w>παντι</w>
						<w>τροπω</w>
						<w>ειτε</w>
						<w>προφασει</w>
						<w>ειτε</w>
						<w>αληθεια</w>
						<w>χριστος</w>
						<w>καταγγελλεται</w>
						<w>και</w>
						<w>εν</w>
						<w>τουτω</w>
						<w>χαιρω</w>
						<w>αλλα</w>
						<w>και</w>
						<w>χαρησομαι</w>
					</ab>
					<ab n="B11K1V19">
						<w>οιδα</w>
						<w>γαρ</w>
						<w>οτι</w>
						<w>τουτο</w>
						<w>μοι</w>
						<w>αποβησεται</w>
						<w>εις</w>
						<w>σωτηριαν</w>
						<w>δια</w>
						<w>της</w>
						<w>υμων</w>
						<w>δεησεως</w>
						<w>και</w>
						<w>επιχορηγιας</w>
						<w>του</w>
						<w>πνευματος</w>
						<w>ιησου</w>
						<w>χριστου</w>
					</ab>
					<ab n="B11K1V20">
						<w>κατα</w>
						<w>την</w>
						<w>αποκαραδοκιαν</w>
						<w>και</w>
						<w>ελπιδα</w>
						<w>μου</w>
						<w>οτι</w>
						<w>εν</w>
						<w>ουδενι</w>
						<w>αισχυνθησομαι</w>
						<w>αλλ</w>
						<w>εν</w>
						<w>παση</w>
						<w>παρρησια</w>
						<w>ως</w>
						<w>παντοτε</w>
						<w>και</w>
						<w>νυν</w>
						<w>μεγαλυνθησεται</w>
						<w>χριστος</w>
						<w>εν</w>
						<w>τω</w>
						<w>σωματι</w>
						<w>μου</w>
						<w>ειτε</w>
						<w>δια</w>
						<w>ζωης</w>
						<w>ειτε</w>
						<w>δια</w>
						<w>θανατου</w>
					</ab>
					<ab n="B11K1V21">
						<w>εμοι</w>
						<w>γαρ</w>
						<w>το</w>
						<w>ζην</w>
						<w>χριστος</w>
						<w>και</w>
						<w>το</w>
						<w>αποθανειν</w>
						<w>κερδος</w>
					</ab>
					<ab n="B11K1V22">
						<w>ει</w>
						<w>δε</w>
						<w>το</w>
						<w>ζην</w>
						<w>εν</w>
						<w>σαρκι</w>
						<w>τουτο</w>
						<w>μοι</w>
						<w>καρπος</w>
						<w>εργου</w>
						<w>και</w>
						<w>τι</w>
						<w>αιρησομαι</w>
						<w>ου</w>
						<w>γνωριζω</w>
					</ab>
					<ab n="B11K1V23">
						<w>συνεχομαι</w>
						<w>δε</w>
						<w>εκ</w>
						<w>των</w>
						<w>δυο</w>
						<w>την</w>
						<w>επιθυμιαν</w>
						<w>εχων</w>
						<w>εις</w>
						<w>το</w>
						<w>αναλυσαι</w>
						<w>και</w>
						<w>συν</w>
						<w>χριστω</w>
						<w>ειναι</w>
						<w>πολλω</w>
						<w>μαλλον</w>
						<w>κρεισσον</w>
					</ab>
					<ab n="B11K1V24">
						<w>το</w>
						<w>δε</w>
						<w>επιμενειν</w>
						<w>εν</w>
						<w>τη</w>
						<w>σαρκι</w>
						<w>αναγκαιοτερον</w>
						<w>δι</w>
						<w>υμας</w>
					</ab>
					<ab n="B11K1V25">
						<w>και</w>
						<w>τουτο</w>
						<w>πεποιθως</w>
						<w>οιδα</w>
						<w>οτι</w>
						<w>μενω</w>
						<w>και</w>
						<w>συμπαραμενω</w>
						<w>πασιν</w>
						<w>υμιν</w>
						<w>εις</w>
						<w>την</w>
						<w>υμων</w>
						<w>προκοπην</w>
						<w>και</w>
						<w>χαραν</w>
						<w>της</w>
						<w>πιστεως</w>
					</ab>
					<ab n="B11K1V26">
						<w>ινα</w>
						<w>το</w>
						<w>καυχημα</w>
						<w>υμων</w>
						<w>περισσευη</w>
						<w>εν</w>
						<w>χριστω</w>
						<w>ιησου</w>
						<w>εν</w>
						<w>εμοι</w>
						<w>δια</w>
						<w>της</w>
						<w>εμης</w>
						<w>παρουσιας</w>
						<w>παλιν</w>
						<w>προς</w>
						<w>υμας</w>
					</ab>
					<ab n="B11K1V27">
						<w>μονον</w>
						<w>αξιως</w>
						<w>του</w>
						<w>ευαγγελιου</w>
						<w>του</w>
						<w>χριστου</w>
						<w>πολιτευεσθε</w>
						<w>ινα</w>
						<w>ειτε</w>
						<w>ελθων</w>
						<w>και</w>
						<w>ιδων</w>
						<w>υμας</w>
						<w>ειτε</w>
						<w>απων</w>
						<w>ακουσω</w>
						<w>τα</w>
						<w>περι</w>
						<w>υμων</w>
						<w>οτι</w>
						<w>στηκετε</w>
						<w>εν</w>
						<w>ενι</w>
						<w>πνευματι</w>
						<w>μια</w>
						<w>ψυχη</w>
						<w>συναθλουντες</w>
						<w>τη</w>
						<w>πιστει</w>
						<w>του</w>
						<w>ευαγγελιου</w>
					</ab>
					<ab n="B11K1V28">
						<w>και</w>
						<w>μη</w>
						<w>πτυρομενοι</w>
						<w>εν</w>
						<w>μηδενι</w>
						<w>υπο</w>
						<w>των</w>
						<w>αντικειμενων</w>
						<w>ητις</w>
						<w>αυτοις</w>
						<w>μεν</w>
						<w>εστιν</w>
						<w>ενδειξις</w>
						<w>απωλειας</w>
						<w>υμιν</w>
						<w>δε</w>
						<w>σωτηριας</w>
						<w>και</w>
						<w>τουτο</w>
						<w>απο</w>
						<w>θεου</w>
					</ab>
					<ab n="B11K1V29">
						<w>οτι</w>
						<w>υμιν</w>
						<w>εχαρισθη</w>
						<w>το</w>
						<w>υπερ</w>
						<w>χριστου</w>
						<w>ου</w>
						<w>μονον</w>
						<w>το</w>
						<w>εις</w>
						<w>αυτον</w>
						<w>πιστευειν</w>
						<w>αλλα</w>
						<w>και</w>
						<w>το</w>
						<w>υπερ</w>
						<w>αυτου</w>
						<w>πασχειν</w>
					</ab>
					<ab n="B11K1V30">
						<w>τον</w>
						<w>αυτον</w>
						<w>αγωνα</w>
						<w>εχοντες</w>
						<w>οιον</w>
						<w>ειδετε</w>
						<w>εν</w>
						<w>εμοι</w>
						<w>και</w>
						<w>νυν</w>
						<w>ακουετε</w>
						<w>εν</w>
						<w>εμοι</w>
					</ab>
				</div>
				<div type="chapter" n="B11K2">
					<ab n="B11K2V1">
						<w>ει</w>
						<w>τις</w>
						<w>ουν</w>
						<w>παρακλησις</w>
						<w>εν</w>
						<w>χριστω</w>
						<w>ει</w>
						<w>τι</w>
						<w>παραμυθιον</w>
						<w>αγαπης</w>
						<w>ει</w>
						<w>τις</w>
						<w>κοινωνια</w>
						<w>πνευματος</w>
						<w>ει</w>
						<w>τις</w>
						<w>σπλαγχνα</w>
						<w>και</w>
						<w>οικτιρμοι</w>
					</ab>
					<ab n="B11K2V2">
						<w>πληρωσατε</w>
						<w>μου</w>
						<w>την</w>
						<w>χαραν</w>
						<w>ινα</w>
						<w>το</w>
						<w>αυτο</w>
						<w>φρονητε</w>
						<w>την</w>
						<w>αυτην</w>
						<w>αγαπην</w>
						<w>εχοντες</w>
						<w>συμψυχοι</w>
						<w>το</w>
						<w>εν</w>
						<w>φρονουντες</w>
					</ab>
					<ab n="B11K2V3">
						<w>μηδεν</w>
						<w>κατα</w>
						<w>εριθειαν</w>
						<w>η</w>
						<w>κενοδοξιαν</w>
						<w>αλλα</w>
						<w>τη</w>
						<w>ταπεινοφροσυνη</w>
						<w>αλληλους</w>
						<w>ηγουμενοι</w>
						<w>υπερεχοντας</w>
						<w>εαυτων</w>
					</ab>
					<ab n="B11K2V4">
						<w>μη</w>
						<w>τα</w>
						<w>εαυτων</w>
						<w>εκαστος</w>
						<w>σκοπειτε</w>
						<w>αλλα</w>
						<w>και</w>
						<w>τα</w>
						<w>ετερων</w>
						<w>εκαστος</w>
					</ab>
					<ab n="B11K2V5">
						<w>τουτο</w>
						<w>γαρ</w>
						<w>φρονεισθω</w>
						<w>εν</w>
						<w>υμιν</w>
						<w>ο</w>
						<w>και</w>
						<w>εν</w>
						<w>χριστω</w>
						<w>ιησου</w>
					</ab>
					<ab n="B11K2V6">
						<w>ος</w>
						<w>εν</w>
						<w>μορφη</w>
						<w>θεου</w>
						<w>υπαρχων</w>
						<w>ουχ</w>
						<w>αρπαγμον</w>
						<w>ηγησατο</w>
						<w>το</w>
						<w>ειναι</w>
						<w>ισα</w>
						<w>θεω</w>
					</ab>
					<ab n="B11K2V7">
						<w>αλλ</w>
						<w>εαυτον</w>
						<w>εκενωσεν</w>
						<w>μορφην</w>
						<w>δουλου</w>
						<w>λαβων</w>
						<w>εν</w>
						<w>ομοιωματι</w>
						<w>ανθρωπων</w>
						<w>γενομενος</w>
					</ab>
					<ab n="B11K2V8">
						<w>και</w>
						<w>σχηματι</w>
						<w>ευρεθεις</w>
						<w>ως</w>
						<w>ανθρωπος</w>
						<w>εταπεινωσεν</w>
						<w>εαυτον</w>
						<w>γενομενος</w>
						<w>υπηκοος</w>
						<w>μεχρι</w>
						<w>θανατου</w>
						<w>θανατου</w>
						<w>δε</w>
						<w>σταυρου</w>
					</ab>
					<ab n="B11K2V9">
						<w>διο</w>
						<w>και</w>
						<w>ο</w>
						<w>θεος</w>
						<w>αυτον</w>
						<w>υπερυψωσεν</w>
						<w>και</w>
						<w>εχαρισατο</w>
						<w>αυτω</w>
						<w>ονομα</w>
						<w>το</w>
						<w>υπερ</w>
						<w>παν</w>
						<w>ονομα</w>
					</ab>
					<ab n="B11K2V10">
						<w>ινα</w>
						<w>εν</w>
						<w>τω</w>
						<w>ονοματι</w>
						<w>ιησου</w>
						<w>παν</w>
						<w>γονυ</w>
						<w>καμψη</w>
						<w>επουρανιων</w>
						<w>και</w>
						<w>επιγειων</w>
						<w>και</w>
						<w>καταχθονιων</w>
					</ab>
					<ab n="B11K2V11">
						<w>και</w>
						<w>πασα</w>
						<w>γλωσσα</w>
						<w>εξομολογησηται</w>
						<w>οτι</w>
						<w>κυριος</w>
						<w>ιησους</w>
						<w>χριστος</w>
						<w>εις</w>
						<w>δοξαν</w>
						<w>θεου</w>
						<w>πατρος</w>
					</ab>
					<ab n="B11K2V12">
						<w>ωστε</w>
						<w>αγαπητοι</w>
						<w>μου</w>
						<w>καθως</w>
						<w>παντοτε</w>
						<w>υπηκουσατε</w>
						<w>μη</w>
						<w>ως</w>
						<w>εν</w>
						<w>τη</w>
						<w>παρουσια</w>
						<w>μου</w>
						<w>μονον</w>
						<w>αλλα</w>
						<w>νυν</w>
						<w>πολλω</w>
						<w>μαλλον</w>
						<w>εν</w>
						<w>τη</w>
						<w>απουσια</w>
						<w>μου</w>
						<w>μετα</w>
						<w>φοβου</w>
						<w>και</w>
						<w>τρομου</w>
						<w>την</w>
						<w>εαυτων</w>
						<w>σωτηριαν</w>
						<w>κατεργαζεσθε</w>
					</ab>
					<ab n="B11K2V13">
						<w>ο</w>
						<w>θεος</w>
						<w>γαρ</w>
						<w>εστιν</w>
						<w>ο</w>
						<w>ενεργων</w>
						<w>εν</w>
						<w>υμιν</w>
						<w>και</w>
						<w>το</w>
						<w>θελειν</w>
						<w>και</w>
						<w>το</w>
						<w>ενεργειν</w>
						<w>υπερ</w>
						<w>της</w>
						<w>ευδοκιας</w>
					</ab>
					<ab n="B11K2V14">
						<w>παντα</w>
						<w>ποιειτε</w>
						<w>χωρις</w>
						<w>γογγυσμων</w>
						<w>και</w>
						<w>διαλογισμων</w>
					</ab>
					<ab n="B11K2V15">
						<w>ινα</w>
						<w>γενησθε</w>
						<w>αμεμπτοι</w>
						<w>και</w>
						<w>ακεραιοι</w>
						<w>τεκνα</w>
						<w>θεου</w>
						<w>αμωμητα</w>
						<w>εν</w>
						<w>μεσω</w>
						<w>γενεας</w>
						<w>σκολιας</w>
						<w>και</w>
						<w>διεστραμμενης</w>
						<w>εν</w>
						<w>οις</w>
						<w>φαινεσθε</w>
						<w>ως</w>
						<w>φωστηρες</w>
						<w>εν</w>
						<w>κοσμω</w>
					</ab>
					<ab n="B11K2V16">
						<w>λογον</w>
						<w>ζωης</w>
						<w>επεχοντες</w>
						<w>εις</w>
						<w>καυχημα</w>
						<w>εμοι</w>
						<w>εις</w>
						<w>ημεραν</w>
						<w>χριστου</w>
						<w>οτι</w>
						<w>ουκ</w>
						<w>εις</w>
						<w>κενον</w>
						<w>εδραμον</w>
						<w>ουδε</w>
						<w>εις</w>
						<w>κενον</w>
						<w>εκοπιασα</w>
					</ab>
					<ab n="B11K2V17">
						<w>αλλ</w>
						<w>ει</w>
						<w>και</w>
						<w>σπενδομαι</w>
						<w>επι</w>
						<w>τη</w>
						<w>θυσια</w>
						<w>και</w>
						<w>λειτουργια</w>
						<w>της</w>
						<w>πιστεως</w>
						<w>υμων</w>
						<w>χαιρω</w>
						<w>και</w>
						<w>συγχαιρω</w>
						<w>πασιν</w>
						<w>υμιν</w>
					</ab>
					<ab n="B11K2V18">
						<w>το</w>
						<w>δ</w>
						<w>αυτο</w>
						<w>και</w>
						<w>υμεις</w>
						<w>χαιρετε</w>
						<w>και</w>
						<w>συγχαιρετε</w>
						<w>μοι</w>
					</ab>
					<ab n="B11K2V19">
						<w>ελπιζω</w>
						<w>δε</w>
						<w>εν</w>
						<w>κυριω</w>
						<w>ιησου</w>
						<w>τιμοθεον</w>
						<w>ταχεως</w>
						<w>πεμψαι</w>
						<w>υμιν</w>
						<w>ινα</w>
						<w>καγω</w>
						<w>ευψυχω</w>
						<w>γνους</w>
						<w>τα</w>
						<w>περι</w>
						<w>υμων</w>
					</ab>
					<ab n="B11K2V20">
						<w>ουδενα</w>
						<w>γαρ</w>
						<w>εχω</w>
						<w>ισοψυχον</w>
						<w>οστις</w>
						<w>γνησιως</w>
						<w>τα</w>
						<w>περι</w>
						<w>υμων</w>
						<w>μεριμνησει</w>
					</ab>
					<ab n="B11K2V21">
						<w>οι</w>
						<w>παντες</w>
						<w>γαρ</w>
						<w>τα</w>
						<w>εαυτων</w>
						<w>ζητουσιν</w>
						<w>ου</w>
						<w>τα</w>
						<w>χριστου</w>
						<w>ιησου</w>
					</ab>
					<ab n="B11K2V22">
						<w>την</w>
						<w>δε</w>
						<w>δοκιμην</w>
						<w>αυτου</w>
						<w>γινωσκετε</w>
						<w>οτι</w>
						<w>ως</w>
						<w>πατρι</w>
						<w>τεκνον</w>
						<w>συν</w>
						<w>εμοι</w>
						<w>εδουλευσεν</w>
						<w>εις</w>
						<w>το</w>
						<w>ευαγγελιον</w>
					</ab>
					<ab n="B11K2V23">
						<w>τουτον</w>
						<w>μεν</w>
						<w>ουν</w>
						<w>ελπιζω</w>
						<w>πεμψαι</w>
						<w>ως</w>
						<w>αν</w>
						<w>απιδω</w>
						<w>τα</w>
						<w>περι</w>
						<w>εμε</w>
						<w>εξαυτης</w>
					</ab>
					<ab n="B11K2V24">
						<w>πεποιθα</w>
						<w>δε</w>
						<w>εν</w>
						<w>κυριω</w>
						<w>οτι</w>
						<w>και</w>
						<w>αυτος</w>
						<w>ταχεως</w>
						<w>ελευσομαι</w>
					</ab>
					<ab n="B11K2V25">
						<w>αναγκαιον</w>
						<w>δε</w>
						<w>ηγησαμην</w>
						<w>επαφροδιτον</w>
						<w>τον</w>
						<w>αδελφον</w>
						<w>και</w>
						<w>συνεργον</w>
						<w>και</w>
						<w>συστρατιωτην</w>
						<w>μου</w>
						<w>υμων</w>
						<w>δε</w>
						<w>αποστολον</w>
						<w>και</w>
						<w>λειτουργον</w>
						<w>της</w>
						<w>χρειας</w>
						<w>μου</w>
						<w>πεμψαι</w>
						<w>προς</w>
						<w>υμας</w>
					</ab>
					<ab n="B11K2V26">
						<w>επειδη</w>
						<w>επιποθων</w>
						<w>ην</w>
						<w>παντας</w>
						<w>υμας</w>
						<w>και</w>
						<w>αδημονων</w>
						<w>διοτι</w>
						<w>ηκουσατε</w>
						<w>οτι</w>
						<w>ησθενησεν</w>
					</ab>
					<ab n="B11K2V27">
						<w>και</w>
						<w>γαρ</w>
						<w>ησθενησεν</w>
						<w>παραπλησιον</w>
						<w>θανατω</w>
						<w>αλλα</w>
						<w>ο</w>
						<w>θεος</w>
						<w>αυτον</w>
						<w>ηλεησεν</w>
						<w>ουκ</w>
						<w>αυτον</w>
						<w>δε</w>
						<w>μονον</w>
						<w>αλλα</w>
						<w>και</w>
						<w>εμε</w>
						<w>ινα</w>
						<w>μη</w>
						<w>λυπην</w>
						<w>επι</w>
						<w>λυπην</w>
						<w>σχω</w>
					</ab>
					<ab n="B11K2V28">
						<w>σπουδαιοτερως</w>
						<w>ουν</w>
						<w>επεμψα</w>
						<w>αυτον</w>
						<w>ινα</w>
						<w>ιδοντες</w>
						<w>αυτον</w>
						<w>παλιν</w>
						<w>χαρητε</w>
						<w>καγω</w>
						<w>αλυποτερος</w>
						<w>ω</w>
					</ab>
					<ab n="B11K2V29">
						<w>προσδεχεσθε</w>
						<w>ουν</w>
						<w>αυτον</w>
						<w>εν</w>
						<w>κυριω</w>
						<w>μετα</w>
						<w>πασης</w>
						<w>χαρας</w>
						<w>και</w>
						<w>τους</w>
						<w>τοιουτους</w>
						<w>εντιμους</w>
						<w>εχετε</w>
					</ab>
					<ab n="B11K2V30">
						<w>οτι</w>
						<w>δια</w>
						<w>το</w>
						<w>εργον</w>
						<w>του</w>
						<w>χριστου</w>
						<w>μεχρι</w>
						<w>θανατου</w>
						<w>ηγγισεν</w>
						<w>παραβουλευσαμενος</w>
						<w>τη</w>
						<w>ψυχη</w>
						<w>ινα</w>
						<w>αναπληρωση</w>
						<w>το</w>
						<w>υμων</w>
						<w>υστερημα</w>
						<w>της</w>
						<w>προς</w>
						<w>με</w>
						<w>λειτουργιας</w>
					</ab>
				</div>
				<div type="chapter" n="B11K3">
					<ab n="B11K3V1">
						<w>το</w>
						<w>λοιπον</w>
						<w>αδελφοι</w>
						<w>μου</w>
						<w>χαιρετε</w>
						<w>εν</w>
						<w>κυριω</w>
						<w>τα</w>
						<w>αυτα</w>
						<w>γραφειν</w>
						<w>υμιν</w>
						<w>εμοι</w>
						<w>μεν</w>
						<w>ουκ</w>
						<w>οκνηρον</w>
						<w>υμιν</w>
						<w>δε</w>
						<w>ασφαλες</w>
					</ab>
					<ab n="B11K3V2">
						<w>βλεπετε</w>
						<w>τους</w>
						<w>κυνας</w>
						<w>βλεπετε</w>
						<w>τους</w>
						<w>κακους</w>
						<w>εργατας</w>
						<w>βλεπετε</w>
						<w>την</w>
						<w>κατατομην</w>
					</ab>
					<ab n="B11K3V3">
						<w>ημεις</w>
						<w>γαρ</w>
						<w>εσμεν</w>
						<w>η</w>
						<w>περιτομη</w>
						<w>οι</w>
						<w>πνευματι</w>
						<w>θεου</w>
						<w>λατρευοντες</w>
						<w>και</w>
						<w>καυχωμενοι</w>
						<w>εν</w>
						<w>χριστω</w>
						<w>ιησου</w>
						<w>και</w>
						<w>ουκ</w>
						<w>εν</w>
						<w>σαρκι</w>
						<w>πεποιθοτες</w>
					</ab>
					<ab n="B11K3V4">
						<w>καιπερ</w>
						<w>εγω</w>
						<w>εχων</w>
						<w>πεποιθησιν</w>
						<w>και</w>
						<w>εν</w>
						<w>σαρκι</w>
						<w>ει</w>
						<w>τις</w>
						<w>δοκει</w>
						<w>αλλος</w>
						<w>πεποιθεναι</w>
						<w>εν</w>
						<w>σαρκι</w>
						<w>εγω</w>
						<w>μαλλον</w>
					</ab>
					<ab n="B11K3V5">
						<w>περιτομη</w>
						<w>οκταημερος</w>
						<w>εκ</w>
						<w>γενους</w>
						<w>ισραηλ</w>
						<w>φυλης</w>
						<w>βενιαμιν</w>
						<w>εβραιος</w>
						<w>εξ</w>
						<w>εβραιων</w>
						<w>κατα</w>
						<w>νομον</w>
						<w>φαρισαιος</w>
					</ab>
					<ab n="B11K3V6">
						<w>κατα</w>
						<w>ζηλον</w>
						<w>διωκων</w>
						<w>την</w>
						<w>εκκλησιαν</w>
						<w>κατα</w>
						<w>δικαιοσυνην</w>
						<w>την</w>
						<w>εν</w>
						<w>νομω</w>
						<w>γενομενος</w>
						<w>αμεμπτος</w>
					</ab>
					<ab n="B11K3V7">
						<w>αλλ</w>
						<w>ατινα</w>
						<w>ην</w>
						<w>μοι</w>
						<w>κερδη</w>
						<w>ταυτα</w>
						<w>ηγημαι</w>
						<w>δια</w>
						<w>τον</w>
						<w>χριστον</w>
						<w>ζημιαν</w>
					</ab>
					<ab n="B11K3V8">
						<w>αλλα</w>
						<w>μεν</w>
						<w>ουν</w>
						<w>και</w>
						<w>ηγουμαι</w>
						<w>παντα</w>
						<w>ζημιαν</w>
						<w>ειναι</w>
						<w>δια</w>
						<w>το</w>
						<w>υπερεχον</w>
						<w>της</w>
						<w>γνωσεως</w>
						<w>χριστου</w>
						<w>ιησου</w>
						<w>του</w>
						<w>κυριου</w>
						<w>μου</w>
						<w>δι</w>
						<w>ον</w>
						<w>τα</w>
						<w>παντα</w>
						<w>εζημιωθην</w>
						<w>και</w>
						<w>ηγουμαι</w>
						<w>σκυβαλα</w>
						<w>ειναι</w>
						<w>ινα</w>
						<w>χριστον</w>
						<w>κερδησω</w>
					</ab>
					<ab n="B11K3V9">
						<w>και</w>
						<w>ευρεθω</w>
						<w>εν</w>
						<w>αυτω</w>
						<w>μη</w>
						<w>εχων</w>
						<w>εμην</w>
						<w>δικαιοσυνην</w>
						<w>την</w>
						<w>εκ</w>
						<w>νομου</w>
						<w>αλλα</w>
						<w>την</w>
						<w>δια</w>
						<w>πιστεως</w>
						<w>χριστου</w>
						<w>την</w>
						<w>εκ</w>
						<w>θεου</w>
						<w>δικαιοσυνην</w>
						<w>επι</w>
						<w>τη</w>
						<w>πιστει</w>
					</ab>
					<ab n="B11K3V10">
						<w>του</w>
						<w>γνωναι</w>
						<w>αυτον</w>
						<w>και</w>
						<w>την</w>
						<w>δυναμιν</w>
						<w>της</w>
						<w>αναστασεως</w>
						<w>αυτου</w>
						<w>και</w>
						<w>την</w>
						<w>κοινωνιαν</w>
						<w>των</w>
						<w>παθηματων</w>
						<w>αυτου</w>
						<w>συμμορφουμενος</w>
						<w>τω</w>
						<w>θανατω</w>
						<w>αυτου</w>
					</ab>
					<ab n="B11K3V11">
						<w>ει</w>
						<w>πως</w>
						<w>καταντησω</w>
						<w>εις</w>
						<w>την</w>
						<w>εξαναστασιν</w>
						<w>των</w>
						<w>νεκρων</w>
					</ab>
					<ab n="B11K3V12">
						<w>ουχ</w>
						<w>οτι</w>
						<w>ηδη</w>
						<w>ελαβον</w>
						<w>η</w>
						<w>ηδη</w>
						<w>τετελειωμαι</w>
						<w>διωκω</w>
						<w>δε</w>
						<w>ει</w>
						<w>και</w>
						<w>καταλαβω</w>
						<w>εφ</w>
						<w>ω</w>
						<w>και</w>
						<w>κατεληφθην</w>
						<w>υπο</w>
						<w>του</w>
						<w>χριστου</w>
						<w>ιησου</w>
					</ab>
					<ab n="B11K3V13">
						<w>αδελφοι</w>
						<w>εγω</w>
						<w>εμαυτον</w>
						<w>ου</w>
						<w>λογιζομαι</w>
						<w>κατειληφεναι</w>
						<w>εν</w>
						<w>δε</w>
						<w>τα</w>
						<w>μεν</w>
						<w>οπισω</w>
						<w>επιλανθανομενος</w>
						<w>τοις</w>
						<w>δε</w>
						<w>εμπροσθεν</w>
						<w>επεκτεινομενος</w>
					</ab>
					<ab n="B11K3V14">
						<w>κατα</w>
						<w>σκοπον</w>
						<w>διωκω</w>
						<w>επι</w>
						<w>το</w>
						<w>βραβειον</w>
						<w>της</w>
						<w>ανω</w>
						<w>κλησεως</w>
						<w>του</w>
						<w>θεου</w>
						<w>εν</w>
						<w>χριστω</w>
						<w>ιησου</w>
					</ab>
					<ab n="B11K3V15">
						<w>οσοι</w>
						<w>ουν</w>
						<w>τελειοι</w>
						<w>τουτο</w>
						<w>φρονωμεν</w>
						<w>και</w>
						<w>ει</w>
						<w>τι</w>
						<w>ετερως</w>
						<w>φρονειτε</w>
						<w>και</w>
						<w>τουτο</w>
						<w>ο</w>
						<w>θεος</w>
						<w>υμιν</w>
						<w>αποκαλυψει</w>
					</ab>
					<ab n="B11K3V16">
						<w>πλην</w>
						<w>εις</w>
						<w>ο</w>
						<w>εφθασαμεν</w>
						<w>τω</w>
						<w>αυτω</w>
						<w>στοιχειν</w>
						<w>κανονι</w>
						<w>το</w>
						<w>αυτο</w>
						<w>φρονειν</w>
					</ab>
					<ab n="B11K3V17">
						<w>συμμιμηται</w>
						<w>μου</w>
						<w>γινεσθε</w>
						<w>αδελφοι</w>
						<w>και</w>
						<w>σκοπειτε</w>
						<w>τους</w>
						<w>ουτως</w>
						<w>περιπατουντας</w>
						<w>καθως</w>
						<w>εχετε</w>
						<w>τυπον</w>
						<w>ημας</w>
					</ab>
					<ab n="B11K3V18">
						<w>πολλοι</w>
						<w>γαρ</w>
						<w>περιπατουσιν</w>
						<w>ους</w>
						<w>πολλακις</w>
						<w>ελεγον</w>
						<w>υμιν</w>
						<w>νυν</w>
						<w>δε</w>
						<w>και</w>
						<w>κλαιων</w>
						<w>λεγω</w>
						<w>τους</w>
						<w>εχθρους</w>
						<w>του</w>
						<w>σταυρου</w>
						<w>του</w>
						<w>χριστου</w>
					</ab>
					<ab n="B11K3V19">
						<w>ων</w>
						<w>το</w>
						<w>τελος</w>
						<w>απωλεια</w>
						<w>ων</w>
						<w>ο</w>
						<w>θεος</w>
						<w>η</w>
						<w>κοιλια</w>
						<w>και</w>
						<w>η</w>
						<w>δοξα</w>
						<w>εν</w>
						<w>τη</w>
						<w>αισχυνη</w>
						<w>αυτων</w>
						<w>οι</w>
						<w>τα</w>
						<w>επιγεια</w>
						<w>φρονουντες</w>
					</ab>
					<ab n="B11K3V20">
						<w>ημων</w>
						<w>γαρ</w>
						<w>το</w>
						<w>πολιτευμα</w>
						<w>εν</w>
						<w>ουρανοις</w>
						<w>υπαρχει</w>
						<w>εξ</w>
						<w>ου</w>
						<w>και</w>
						<w>σωτηρα</w>
						<w>απεκδεχομεθα</w>
						<w>κυριον</w>
						<w>ιησουν</w>
						<w>χριστον</w>
					</ab>
					<ab n="B11K3V21">
						<w>ος</w>
						<w>μετασχηματισει</w>
						<w>το</w>
						<w>σωμα</w>
						<w>της</w>
						<w>ταπεινωσεως</w>
						<w>ημων</w>
						<w>εις</w>
						<w>το</w>
						<w>γενεσθαι</w>
						<w>αυτο</w>
						<w>συμμορφον</w>
						<w>τω</w>
						<w>σωματι</w>
						<w>της</w>
						<w>δοξης</w>
						<w>αυτου</w>
						<w>κατα</w>
						<w>την</w>
						<w>ενεργειαν</w>
						<w>του</w>
						<w>δυνασθαι</w>
						<w>αυτον</w>
						<w>και</w>
						<w>υποταξαι</w>
						<w>εαυτω</w>
						<w>τα</w>
						<w>παντα</w>
					</ab>
				</div>
				<div type="chapter" n="B11K4">
					<ab n="B11K4V1">
						<w>ωστε</w>
						<w>αδελφοι</w>
						<w>μου</w>
						<w>αγαπητοι</w>
						<w>και</w>
						<w>επιποθητοι</w>
						<w>χαρα</w>
						<w>και</w>
						<w>στεφανος</w>
						<w>μου</w>
						<w>ουτως</w>
						<w>στηκετε</w>
						<w>εν</w>
						<w>κυριω</w>
						<w>αγαπητοι</w>
					</ab>
					<ab n="B11K4V2">
						<w>ευοδιαν</w>
						<w>παρακαλω</w>
						<w>και</w>
						<w>συντυχην</w>
						<w>παρακαλω</w>
						<w>το</w>
						<w>αυτο</w>
						<w>φρονειν</w>
						<w>εν</w>
						<w>κυριω</w>
					</ab>
					<ab n="B11K4V3">
						<w>ναι</w>
						<w>ερωτω</w>
						<w>και</w>
						<w>σε</w>
						<w>συζυγε</w>
						<w>γνησιε</w>
						<w>συλλαμβανου</w>
						<w>αυταις</w>
						<w>αιτινες</w>
						<w>εν</w>
						<w>τω</w>
						<w>ευαγγελιω</w>
						<w>συνηθλησαν</w>
						<w>μοι</w>
						<w>μετα</w>
						<w>και</w>
						<w>κλημεντος</w>
						<w>και</w>
						<w>των</w>
						<w>λοιπων</w>
						<w>συνεργων</w>
						<w>μου</w>
						<w>ων</w>
						<w>τα</w>
						<w>ονοματα</w>
						<w>εν</w>
						<w>βιβλω</w>
						<w>ζωης</w>
					</ab>
					<ab n="B11K4V4">
						<w>χαιρετε</w>
						<w>εν</w>
						<w>κυριω</w>
						<w>παντοτε</w>
						<w>παλιν</w>
						<w>ερω</w>
						<w>χαιρετε</w>
					</ab>
					<ab n="B11K4V5">
						<w>το</w>
						<w>επιεικες</w>
						<w>υμων</w>
						<w>γνωσθητω</w>
						<w>πασιν</w>
						<w>ανθρωποις</w>
						<w>ο</w>
						<w>κυριος</w>
						<w>εγγυς</w>
					</ab>
					<ab n="B11K4V6">
						<w>μηδεν</w>
						<w>μεριμνατε</w>
						<w>αλλ</w>
						<w>εν</w>
						<w>παντι</w>
						<w>τη</w>
						<w>προσευχη</w>
						<w>και</w>
						<w>τη</w>
						<w>δεησει</w>
						<w>μετα</w>
						<w>ευχαριστιας</w>
						<w>τα</w>
						<w>αιτηματα</w>
						<w>υμων</w>
						<w>γνωριζεσθω</w>
						<w>προς</w>
						<w>τον</w>
						<w>θεον</w>
					</ab>
					<ab n="B11K4V7">
						<w>και</w>
						<w>η</w>
						<w>ειρηνη</w>
						<w>του</w>
						<w>θεου</w>
						<w>η</w>
						<w>υπερεχουσα</w>
						<w>παντα</w>
						<w>νουν</w>
						<w>φρουρησει</w>
						<w>τας</w>
						<w>καρδιας</w>
						<w>υμων</w>
						<w>και</w>
						<w>τα</w>
						<w>νοηματα</w>
						<w>υμων</w>
						<w>εν</w>
						<w>χριστω</w>
						<w>ιησου</w>
					</ab>
					<ab n="B11K4V8">
						<w>το</w>
						<w>λοιπον</w>
						<w>αδελφοι</w>
						<w>οσα</w>
						<w>εστιν</w>
						<w>αληθη</w>
						<w>οσα</w>
						<w>σεμνα</w>
						<w>οσα</w>
						<w>δικαια</w>
						<w>οσα</w>
						<w>αγνα</w>
						<w>οσα</w>
						<w>προσφιλη</w>
						<w>οσα</w>
						<w>ευφημα</w>
						<w>ει</w>
						<w>τις</w>
						<w>αρετη</w>
						<w>και</w>
						<w>ει</w>
						<w>τις</w>
						<w>επαινος</w>
						<w>ταυτα</w>
						<w>λογιζεσθε</w>
					</ab>
					<ab n="B11K4V9">
						<w>α</w>
						<w>και</w>
						<w>εμαθετε</w>
						<w>και</w>
						<w>παρελαβετε</w>
						<w>και</w>
						<w>ηκουσατε</w>
						<w>και</w>
						<w>ειδετε</w>
						<w>εν</w>
						<w>εμοι</w>
						<w>ταυτα</w>
						<w>πρασσετε</w>
						<w>και</w>
						<w>ο</w>
						<w>θεος</w>
						<w>της</w>
						<w>ειρηνης</w>
						<w>εσται</w>
						<w>μεθ</w>
						<w>υμων</w>
					</ab>
					<ab n="B11K4V10">
						<w>εχαρην</w>
						<w>δε</w>
						<w>εν</w>
						<w>κυριω</w>
						<w>μεγαλως</w>
						<w>οτι</w>
						<w>ηδη</w>
						<w>ποτε</w>
						<w>ανεθαλετε</w>
						<w>το</w>
						<w>υπερ</w>
						<w>εμου</w>
						<w>φρονειν</w>
						<w>εφ</w>
						<w>ω</w>
						<w>και</w>
						<w>εφρονειτε</w>
						<w>ηκαιρεισθε</w>
						<w>δε</w>
					</ab>
					<ab n="B11K4V11">
						<w>ουχ</w>
						<w>οτι</w>
						<w>καθ</w>
						<w>υστερησιν</w>
						<w>λεγω</w>
						<w>εγω</w>
						<w>γαρ</w>
						<w>εμαθον</w>
						<w>εν</w>
						<w>οις</w>
						<w>ειμι</w>
						<w>αυταρκης</w>
						<w>ειναι</w>
					</ab>
					<ab n="B11K4V12">
						<w>οιδα</w>
						<w>και</w>
						<w>ταπεινουσθαι</w>
						<w>οιδα</w>
						<w>και</w>
						<w>περισσευειν</w>
						<w>εν</w>
						<w>παντι</w>
						<w>και</w>
						<w>εν</w>
						<w>πασιν</w>
						<w>μεμυημαι</w>
						<w>και</w>
						<w>χορταζεσθαι</w>
						<w>και</w>
						<w>πειναν</w>
						<w>και</w>
						<w>περισσευειν</w>
						<w>και</w>
						<w>υστερεισθαι</w>
					</ab>
					<ab n="B11K4V13">
						<w>παντα</w>
						<w>ισχυω</w>
						<w>εν</w>
						<w>τω</w>
						<w>ενδυναμουντι</w>
						<w>με</w>
						<w>χριστω</w>
					</ab>
					<ab n="B11K4V14">
						<w>πλην</w>
						<w>καλως</w>
						<w>εποιησατε</w>
						<w>συγκοινωνησαντες</w>
						<w>μου</w>
						<w>τη</w>
						<w>θλιψει</w>
					</ab>
					<ab n="B11K4V15">
						<w>οιδατε</w>
						<w>δε</w>
						<w>και</w>
						<w>υμεις</w>
						<w>φιλιππησιοι</w>
						<w>οτι</w>
						<w>εν</w>
						<w>αρχη</w>
						<w>του</w>
						<w>ευαγγελιου</w>
						<w>οτε</w>
						<w>εξηλθον</w>
						<w>απο</w>
						<w>μακεδονιας</w>
						<w>ουδεμια</w>
						<w>μοι</w>
						<w>εκκλησια</w>
						<w>εκοινωνησεν</w>
						<w>εις</w>
						<w>λογον</w>
						<w>δοσεως</w>
						<w>και</w>
						<w>ληψεως</w>
						<w>ει</w>
						<w>μη</w>
						<w>υμεις</w>
						<w>μονοι</w>
					</ab>
					<ab n="B11K4V16">
						<w>οτι</w>
						<w>και</w>
						<w>εν</w>
						<w>θεσσαλονικη</w>
						<w>και</w>
						<w>απαξ</w>
						<w>και</w>
						<w>δις</w>
						<w>εις</w>
						<w>την</w>
						<w>χρειαν</w>
						<w>μοι</w>
						<w>επεμψατε</w>
					</ab>
					<ab n="B11K4V17">
						<w>ουχ</w>
						<w>οτι</w>
						<w>επιζητω</w>
						<w>το</w>
						<w>δομα</w>
						<w>αλλ</w>
						<w>επιζητω</w>
						<w>τον</w>
						<w>καρπον</w>
						<w>τον</w>
						<w>πλεοναζοντα</w>
						<w>εις</w>
						<w>λογον</w>
						<w>υμων</w>
					</ab>
					<ab n="B11K4V18">
						<w>απεχω</w>
						<w>δε</w>
						<w>παντα</w>
						<w>και</w>
						<w>περισσευω</w>
						<w>πεπληρωμαι</w>
						<w>δεξαμενος</w>
						<w>παρα</w>
						<w>επαφροδιτου</w>
						<w>τα</w>
						<w>παρ</w>
						<w>υμων</w>
						<w>οσμην</w>
						<w>ευωδιας</w>
						<w>θυσιαν</w>
						<w>δεκτην</w>
						<w>ευαρεστον</w>
						<w>τω</w>
						<w>θεω</w>
					</ab>
					<ab n="B11K4V19">
						<w>ο</w>
						<w>δε</w>
						<w>θεος</w>
						<w>μου</w>
						<w>πληρωσει</w>
						<w>πασαν</w>
						<w>χρειαν</w>
						<w>υμων</w>
						<w>κατα</w>
						<w>τον</w>
						<w>πλουτον</w>
						<w>αυτου</w>
						<w>εν</w>
						<w>δοξη</w>
						<w>εν</w>
						<w>χριστω</w>
						<w>ιησου</w>
					</ab>
					<ab n="B11K4V20">
						<w>τω</w>
						<w>δε</w>
						<w>θεω</w>
						<w>και</w>
						<w>πατρι</w>
						<w>ημων</w>
						<w>η</w>
						<w>δοξα</w>
						<w>εις</w>
						<w>τους</w>
						<w>αιωνας</w>
						<w>των</w>
						<w>αιωνων</w>
						<w>αμην</w>
					</ab>
					<ab n="B11K4V21">
						<w>ασπασασθε</w>
						<w>παντα</w>
						<w>αγιον</w>
						<w>εν</w>
						<w>χριστω</w>
						<w>ιησου</w>
						<w>ασπαζονται</w>
						<w>υμας</w>
						<w>οι</w>
						<w>συν</w>
						<w>εμοι</w>
						<w>αδελφοι</w>
					</ab>
					<ab n="B11K4V22">
						<w>ασπαζονται</w>
						<w>υμας</w>
						<w>παντες</w>
						<w>οι</w>
						<w>αγιοι</w>
						<w>μαλιστα</w>
						<w>δε</w>
						<w>οι</w>
						<w>εκ</w>
						<w>της</w>
						<w>καισαρος</w>
						<w>οικιας</w>
					</ab>
					<ab n="B11K4V23">
						<w>η</w>
						<w>χαρις</w>
						<w>του</w>
						<w>κυριου</w>
						<w>ιησου</w>
						<w>χριστου</w>
						<w>μετα</w>
						<w>παντων</w>
						<w>υμων</w>
						<w>αμην</w>
					</ab>
				</div>
			</div>
		</body>
	</text>
</TEI>