<?xml version="1.0" encoding="utf-8"?>
<!DOCTYPE TEI [
<!-- entities used in individual transcriptions will be defined here -->
]>
<?xml-model href="TEI-NTMSS.rng" type="application/xml" 
schematypens="http://relaxng.org/ns/structure/1.0"?>
<TEI xml:id="Byz" xmlns="http://www.tei-c.org/ns/1.0">
    <teiHeader>
        <fileDesc>
            <titleStmt>
                <title>The New Testament in the Original Greek: The Byzantine Textform</title>
                <title type="collection" level="s" xml:lang="en">The New Testament</title>
				<title type="work" level="m" xml:lang="en" n="17">Titus</title>
				<title type="short" level="m" xml:lang="en" n="17">TIT</title>                
                <respStmt>
                    <resp>Created by</resp><name>Maurice A. Robinson and William Pierpont</name>
                </respStmt>
            </titleStmt> 
        <editionStmt>
            <edition n="2018">Last updated (XML version) <date>31.5.2023</date></edition>
        </editionStmt>
        <publicationStmt>
            <availability><p>This file is in the Public Domain</p></availability>
        </publicationStmt>
        <sourceDesc>
            <msDesc>
            <msIdentifier>
                <country>United States of America</country>
                <msName xml:lang="en">The New Testament in the Original Greek: The Byzantine Textform</msName>
                <altIdentifier type="Byz"></altIdentifier>
            </msIdentifier>
            </msDesc>
        </sourceDesc>
        </fileDesc>
        <encodingDesc n="1.5">
            <editorialDecl>
                <p>The initial transcription file was a set of plain text files, later converted to XML. Further information about the procedures followed may be found in the electronic edition at <ptr target="https://github.com/byztxt/byzantine-majority-text/"/></p>
                <p>The XML specifications used were version 1.5 of the IGNTP Guidelines available at <ptr target="http://epapers.bham.ac.uk/1892/"/></p>
            </editorialDecl> 
            <variantEncoding method="parallel-segmentation" location="internal"/>
        </encodingDesc>
    </teiHeader>
    <text xml:lang="grc">
        <body>
			<div type="book" n="B17">
				<div type="chapter" n="B17K1">
					<ab n="B17K1V1">
						<w>παυλος</w>
						<w>δουλος</w>
						<w>θεου</w>
						<w>αποστολος</w>
						<w>δε</w>
						<w>ιησου</w>
						<w>χριστου</w>
						<w>κατα</w>
						<w>πιστιν</w>
						<w>εκλεκτων</w>
						<w>θεου</w>
						<w>και</w>
						<w>επιγνωσιν</w>
						<w>αληθειας</w>
						<w>της</w>
						<w>κατ</w>
						<w>ευσεβειαν</w>
					</ab>
					<ab n="B17K1V2">
						<w>επ</w>
						<w>ελπιδι</w>
						<w>ζωης</w>
						<w>αιωνιου</w>
						<w>ην</w>
						<w>επηγγειλατο</w>
						<w>ο</w>
						<w>αψευδης</w>
						<w>θεος</w>
						<w>προ</w>
						<w>χρονων</w>
						<w>αιωνιων</w>
					</ab>
					<ab n="B17K1V3">
						<w>εφανερωσεν</w>
						<w>δε</w>
						<w>καιροις</w>
						<w>ιδιοις</w>
						<w>τον</w>
						<w>λογον</w>
						<w>αυτου</w>
						<w>εν</w>
						<w>κηρυγματι</w>
						<w>ο</w>
						<w>επιστευθην</w>
						<w>εγω</w>
						<w>κατ</w>
						<w>επιταγην</w>
						<w>του</w>
						<w>σωτηρος</w>
						<w>ημων</w>
						<w>θεου</w>
					</ab>
					<ab n="B17K1V4">
						<w>τιτω</w>
						<w>γνησιω</w>
						<w>τεκνω</w>
						<w>κατα</w>
						<w>κοινην</w>
						<w>πιστιν</w>
						<w>χαρις</w>
						<w>ελεος</w>
						<w>ειρηνη</w>
						<w>απο</w>
						<w>θεου</w>
						<w>πατρος</w>
						<w>και</w>
						<w>κυριου</w>
						<w>ιησου</w>
						<w>χριστου</w>
						<w>του</w>
						<w>σωτηρος</w>
						<w>ημων</w>
					</ab>
					<ab n="B17K1V5">
						<w>τουτου</w>
						<w>χαριν</w>
						<w>κατελιπον</w>
						<w>σε</w>
						<w>εν</w>
						<w>κρητη</w>
						<w>ινα</w>
						<w>τα</w>
						<w>λειποντα</w>
						<w>επιδιορθωση</w>
						<w>και</w>
						<w>καταστησης</w>
						<w>κατα</w>
						<w>πολιν</w>
						<w>πρεσβυτερους</w>
						<w>ως</w>
						<w>εγω</w>
						<w>σοι</w>
						<w>διεταξαμην</w>
					</ab>
					<ab n="B17K1V6">
						<w>ει</w>
						<w>τις</w>
						<w>εστιν</w>
						<w>ανεγκλητος</w>
						<w>μιας</w>
						<w>γυναικος</w>
						<w>ανηρ</w>
						<w>τεκνα</w>
						<w>εχων</w>
						<w>πιστα</w>
						<w>μη</w>
						<w>εν</w>
						<w>κατηγορια</w>
						<w>ασωτιας</w>
						<w>η</w>
						<w>ανυποτακτα</w>
					</ab>
					<ab n="B17K1V7">
						<w>δει</w>
						<w>γαρ</w>
						<w>τον</w>
						<w>επισκοπον</w>
						<w>ανεγκλητον</w>
						<w>ειναι</w>
						<w>ως</w>
						<w>θεου</w>
						<w>οικονομον</w>
						<w>μη</w>
						<w>αυθαδη</w>
						<w>μη</w>
						<w>οργιλον</w>
						<w>μη</w>
						<w>παροινον</w>
						<w>μη</w>
						<w>πληκτην</w>
						<w>μη</w>
						<w>αισχροκερδη</w>
					</ab>
					<ab n="B17K1V8">
						<w>αλλα</w>
						<w>φιλοξενον</w>
						<w>φιλαγαθον</w>
						<w>σωφρονα</w>
						<w>δικαιον</w>
						<w>οσιον</w>
						<w>εγκρατη</w>
					</ab>
					<ab n="B17K1V9">
						<w>αντεχομενον</w>
						<w>του</w>
						<w>κατα</w>
						<w>την</w>
						<w>διδαχην</w>
						<w>πιστου</w>
						<w>λογου</w>
						<w>ινα</w>
						<w>δυνατος</w>
						<w>η</w>
						<w>και</w>
						<w>παρακαλειν</w>
						<w>εν</w>
						<w>τη</w>
						<w>διδασκαλια</w>
						<w>τη</w>
						<w>υγιαινουση</w>
						<w>και</w>
						<w>τους</w>
						<w>αντιλεγοντας</w>
						<w>ελεγχειν</w>
					</ab>
					<ab n="B17K1V10">
						<w>εισιν</w>
						<w>γαρ</w>
						<w>πολλοι</w>
						<w>και</w>
						<w>ανυποτακτοι</w>
						<w>ματαιολογοι</w>
						<w>και</w>
						<w>φρεναπαται</w>
						<w>μαλιστα</w>
						<w>οι</w>
						<w>εκ</w>
						<w>περιτομης</w>
					</ab>
					<ab n="B17K1V11">
						<w>ους</w>
						<w>δει</w>
						<w>επιστομιζειν</w>
						<w>οιτινες</w>
						<w>ολους</w>
						<w>οικους</w>
						<w>ανατρεπουσιν</w>
						<w>διδασκοντες</w>
						<w>α</w>
						<w>μη</w>
						<w>δει</w>
						<w>αισχρου</w>
						<w>κερδους</w>
						<w>χαριν</w>
					</ab>
					<ab n="B17K1V12">
						<w>ειπεν</w>
						<w>τις</w>
						<w>εξ</w>
						<w>αυτων</w>
						<w>ιδιος</w>
						<w>αυτων</w>
						<w>προφητης</w>
						<w>κρητες</w>
						<w>αει</w>
						<w>ψευσται</w>
						<w>κακα</w>
						<w>θηρια</w>
						<w>γαστερες</w>
						<w>αργαι</w>
					</ab>
					<ab n="B17K1V13">
						<w>η</w>
						<w>μαρτυρια</w>
						<w>αυτη</w>
						<w>εστιν</w>
						<w>αληθης</w>
						<w>δι</w>
						<w>ην</w>
						<w>αιτιαν</w>
						<w>ελεγχε</w>
						<w>αυτους</w>
						<w>αποτομως</w>
						<w>ινα</w>
						<w>υγιαινωσιν</w>
						<w>εν</w>
						<w>τη</w>
						<w>πιστει</w>
					</ab>
					<ab n="B17K1V14">
						<w>μη</w>
						<w>προσεχοντες</w>
						<w>ιουδαικοις</w>
						<w>μυθοις</w>
						<w>και</w>
						<w>εντολαις</w>
						<w>ανθρωπων</w>
						<w>αποστρεφομενων</w>
						<w>την</w>
						<w>αληθειαν</w>
					</ab>
					<ab n="B17K1V15">
						<w>παντα</w>
						<w>μεν</w>
						<w>καθαρα</w>
						<w>τοις</w>
						<w>καθαροις</w>
						<w>τοις</w>
						<w>δε</w>
						<w>μεμιασμενοις</w>
						<w>και</w>
						<w>απιστοις</w>
						<w>ουδεν</w>
						<w>καθαρον</w>
						<w>αλλα</w>
						<w>μεμιανται</w>
						<w>αυτων</w>
						<w>και</w>
						<w>ο</w>
						<w>νους</w>
						<w>και</w>
						<w>η</w>
						<w>συνειδησις</w>
					</ab>
					<ab n="B17K1V16">
						<w>θεον</w>
						<w>ομολογουσιν</w>
						<w>ειδεναι</w>
						<w>τοις</w>
						<w>δε</w>
						<w>εργοις</w>
						<w>αρνουνται</w>
						<w>βδελυκτοι</w>
						<w>οντες</w>
						<w>και</w>
						<w>απειθεις</w>
						<w>και</w>
						<w>προς</w>
						<w>παν</w>
						<w>εργον</w>
						<w>αγαθον</w>
						<w>αδοκιμοι</w>
					</ab>
				</div>
				<div type="chapter" n="B17K2">
					<ab n="B17K2V1">
						<w>συ</w>
						<w>δε</w>
						<w>λαλει</w>
						<w>α</w>
						<w>πρεπει</w>
						<w>τη</w>
						<w>υγιαινουση</w>
						<w>διδασκαλια</w>
					</ab>
					<ab n="B17K2V2">
						<w>πρεσβυτας</w>
						<w>νηφαλεους</w>
						<w>ειναι</w>
						<w>σεμνους</w>
						<w>σωφρονας</w>
						<w>υγιαινοντας</w>
						<w>τη</w>
						<w>πιστει</w>
						<w>τη</w>
						<w>αγαπη</w>
						<w>τη</w>
						<w>υπομονη</w>
					</ab>
					<ab n="B17K2V3">
						<w>πρεσβυτιδας</w>
						<w>ωσαυτως</w>
						<w>εν</w>
						<w>καταστηματι</w>
						<w>ιεροπρεπεις</w>
						<w>μη</w>
						<w>διαβολους</w>
						<w>μη</w>
						<w>οινω</w>
						<w>πολλω</w>
						<w>δεδουλωμενας</w>
						<w>καλοδιδασκαλους</w>
					</ab>
					<ab n="B17K2V4">
						<w>ινα</w>
						<w>σωφρονιζωσιν</w>
						<w>τας</w>
						<w>νεας</w>
						<w>φιλανδρους</w>
						<w>ειναι</w>
						<w>φιλοτεκνους</w>
					</ab>
					<ab n="B17K2V5">
						<w>σωφρονας</w>
						<w>αγνας</w>
						<w>οικουρους</w>
						<w>αγαθας</w>
						<w>υποτασσομενας</w>
						<w>τοις</w>
						<w>ιδιοις</w>
						<w>ανδρασιν</w>
						<w>ινα</w>
						<w>μη</w>
						<w>ο</w>
						<w>λογος</w>
						<w>του</w>
						<w>θεου</w>
						<w>βλασφημηται</w>
					</ab>
					<ab n="B17K2V6">
						<w>τους</w>
						<w>νεωτερους</w>
						<w>ωσαυτως</w>
						<w>παρακαλει</w>
						<w>σωφρονειν</w>
					</ab>
					<ab n="B17K2V7">
						<w>περι</w>
						<w>παντα</w>
						<w>σεαυτον</w>
						<w>παρεχομενος</w>
						<w>τυπον</w>
						<w>καλων</w>
						<w>εργων</w>
						<w>εν</w>
						<w>τη</w>
						<w>διδασκαλια</w>
						<w>αδιαφθοριαν</w>
						<w>σεμνοτητα</w>
						<w>αφθαρσιαν</w>
					</ab>
					<ab n="B17K2V8">
						<w>λογον</w>
						<w>υγιη</w>
						<w>ακαταγνωστον</w>
						<w>ινα</w>
						<w>ο</w>
						<w>εξ</w>
						<w>εναντιας</w>
						<w>εντραπη</w>
						<w>μηδεν</w>
						<w>εχων</w>
						<w>περι</w>
						<w>ημων</w>
						<w>λεγειν</w>
						<w>φαυλον</w>
					</ab>
					<ab n="B17K2V9">
						<w>δουλους</w>
						<w>ιδιοις</w>
						<w>δεσποταις</w>
						<w>υποτασσεσθαι</w>
						<w>εν</w>
						<w>πασιν</w>
						<w>ευαρεστους</w>
						<w>ειναι</w>
						<w>μη</w>
						<w>αντιλεγοντας</w>
					</ab>
					<ab n="B17K2V10">
						<w>μη</w>
						<w>νοσφιζομενους</w>
						<w>αλλα</w>
						<w>πιστιν</w>
						<w>πασαν</w>
						<w>ενδεικνυμενους</w>
						<w>αγαθην</w>
						<w>ινα</w>
						<w>την</w>
						<w>διδασκαλιαν</w>
						<w>του</w>
						<w>σωτηρος</w>
						<w>ημων</w>
						<w>θεου</w>
						<w>κοσμωσιν</w>
						<w>εν</w>
						<w>πασιν</w>
					</ab>
					<ab n="B17K2V11">
						<w>επεφανη</w>
						<w>γαρ</w>
						<w>η</w>
						<w>χαρις</w>
						<w>του</w>
						<w>θεου</w>
						<w>η</w>
						<w>σωτηριος</w>
						<w>πασιν</w>
						<w>ανθρωποις</w>
					</ab>
					<ab n="B17K2V12">
						<w>παιδευουσα</w>
						<w>ημας</w>
						<w>ινα</w>
						<w>αρνησαμενοι</w>
						<w>την</w>
						<w>ασεβειαν</w>
						<w>και</w>
						<w>τας</w>
						<w>κοσμικας</w>
						<w>επιθυμιας</w>
						<w>σωφρονως</w>
						<w>και</w>
						<w>δικαιως</w>
						<w>και</w>
						<w>ευσεβως</w>
						<w>ζησωμεν</w>
						<w>εν</w>
						<w>τω</w>
						<w>νυν</w>
						<w>αιωνι</w>
					</ab>
					<ab n="B17K2V13">
						<w>προσδεχομενοι</w>
						<w>την</w>
						<w>μακαριαν</w>
						<w>ελπιδα</w>
						<w>και</w>
						<w>επιφανειαν</w>
						<w>της</w>
						<w>δοξης</w>
						<w>του</w>
						<w>μεγαλου</w>
						<w>θεου</w>
						<w>και</w>
						<w>σωτηρος</w>
						<w>ημων</w>
						<w>ιησου</w>
						<w>χριστου</w>
					</ab>
					<ab n="B17K2V14">
						<w>ος</w>
						<w>εδωκεν</w>
						<w>εαυτον</w>
						<w>υπερ</w>
						<w>ημων</w>
						<w>ινα</w>
						<w>λυτρωσηται</w>
						<w>ημας</w>
						<w>απο</w>
						<w>πασης</w>
						<w>ανομιας</w>
						<w>και</w>
						<w>καθαριση</w>
						<w>εαυτω</w>
						<w>λαον</w>
						<w>περιουσιον</w>
						<w>ζηλωτην</w>
						<w>καλων</w>
						<w>εργων</w>
					</ab>
					<ab n="B17K2V15">
						<w>ταυτα</w>
						<w>λαλει</w>
						<w>και</w>
						<w>παρακαλει</w>
						<w>και</w>
						<w>ελεγχε</w>
						<w>μετα</w>
						<w>πασης</w>
						<w>επιταγης</w>
						<w>μηδεις</w>
						<w>σου</w>
						<w>περιφρονειτω</w>
					</ab>
				</div>
				<div type="chapter" n="B17K3">
					<ab n="B17K3V1">
						<w>υπομιμνησκε</w>
						<w>αυτους</w>
						<w>αρχαις</w>
						<w>και</w>
						<w>εξουσιαις</w>
						<w>υποτασσεσθαι</w>
						<w>πειθαρχειν</w>
						<w>προς</w>
						<w>παν</w>
						<w>εργον</w>
						<w>αγαθον</w>
						<w>ετοιμους</w>
						<w>ειναι</w>
					</ab>
					<ab n="B17K3V2">
						<w>μηδενα</w>
						<w>βλασφημειν</w>
						<w>αμαχους</w>
						<w>ειναι</w>
						<w>επιεικεις</w>
						<w>πασαν</w>
						<w>ενδεικνυμενους</w>
						<w>πραοτητα</w>
						<w>προς</w>
						<w>παντας</w>
						<w>ανθρωπους</w>
					</ab>
					<ab n="B17K3V3">
						<w>ημεν</w>
						<w>γαρ</w>
						<w>ποτε</w>
						<w>και</w>
						<w>ημεις</w>
						<w>ανοητοι</w>
						<w>απειθεις</w>
						<w>πλανωμενοι</w>
						<w>δουλευοντες</w>
						<w>επιθυμιαις</w>
						<w>και</w>
						<w>ηδοναις</w>
						<w>ποικιλαις</w>
						<w>εν</w>
						<w>κακια</w>
						<w>και</w>
						<w>φθονω</w>
						<w>διαγοντες</w>
						<w>στυγητοι</w>
						<w>μισουντες</w>
						<w>αλληλους</w>
					</ab>
					<ab n="B17K3V4">
						<w>οτε</w>
						<w>δε</w>
						<w>η</w>
						<w>χρηστοτης</w>
						<w>και</w>
						<w>η</w>
						<w>φιλανθρωπια</w>
						<w>επεφανη</w>
						<w>του</w>
						<w>σωτηρος</w>
						<w>ημων</w>
						<w>θεου</w>
					</ab>
					<ab n="B17K3V5">
						<w>ουκ</w>
						<w>εξ</w>
						<w>εργων</w>
						<w>των</w>
						<w>εν</w>
						<w>δικαιοσυνη</w>
						<w>ων</w>
						<w>εποιησαμεν</w>
						<w>ημεις</w>
						<w>αλλα</w>
						<w>κατα</w>
						<w>τον</w>
						<w>αυτου</w>
						<w>ελεον</w>
						<w>εσωσεν</w>
						<w>ημας</w>
						<w>δια</w>
						<w>λουτρου</w>
						<w>παλιγγενεσιας</w>
						<w>και</w>
						<w>ανακαινωσεως</w>
						<w>πνευματος</w>
						<w>αγιου</w>
					</ab>
					<ab n="B17K3V6">
						<w>ου</w>
						<w>εξεχεεν</w>
						<w>εφ</w>
						<w>ημας</w>
						<w>πλουσιως</w>
						<w>δια</w>
						<w>ιησου</w>
						<w>χριστου</w>
						<w>του</w>
						<w>σωτηρος</w>
						<w>ημων</w>
					</ab>
					<ab n="B17K3V7">
						<w>ινα</w>
						<w>δικαιωθεντες</w>
						<w>τη</w>
						<w>εκεινου</w>
						<w>χαριτι</w>
						<w>κληρονομοι</w>
						<w>γενωμεθα</w>
						<w>κατ</w>
						<w>ελπιδα</w>
						<w>ζωης</w>
						<w>αιωνιου</w>
					</ab>
					<ab n="B17K3V8">
						<w>πιστος</w>
						<w>ο</w>
						<w>λογος</w>
						<w>και</w>
						<w>περι</w>
						<w>τουτων</w>
						<w>βουλομαι</w>
						<w>σε</w>
						<w>διαβεβαιουσθαι</w>
						<w>ινα</w>
						<w>φροντιζωσιν</w>
						<w>καλων</w>
						<w>εργων</w>
						<w>προιστασθαι</w>
						<w>οι</w>
						<w>πεπιστευκοτες</w>
						<w>θεω</w>
						<w>ταυτα</w>
						<w>εστιν</w>
						<w>τα</w>
						<w>καλα</w>
						<w>και</w>
						<w>ωφελιμα</w>
						<w>τοις</w>
						<w>ανθρωποις</w>
					</ab>
					<ab n="B17K3V9">
						<w>μωρας</w>
						<w>δε</w>
						<w>ζητησεις</w>
						<w>και</w>
						<w>γενεαλογιας</w>
						<w>και</w>
						<w>ερεις</w>
						<w>και</w>
						<w>μαχας</w>
						<w>νομικας</w>
						<w>περιιστασο</w>
						<w>εισιν</w>
						<w>γαρ</w>
						<w>ανωφελεις</w>
						<w>και</w>
						<w>ματαιοι</w>
					</ab>
					<ab n="B17K3V10">
						<w>αιρετικον</w>
						<w>ανθρωπον</w>
						<w>μετα</w>
						<w>μιαν</w>
						<w>και</w>
						<w>δευτεραν</w>
						<w>νουθεσιαν</w>
						<w>παραιτου</w>
					</ab>
					<ab n="B17K3V11">
						<w>ειδως</w>
						<w>οτι</w>
						<w>εξεστραπται</w>
						<w>ο</w>
						<w>τοιουτος</w>
						<w>και</w>
						<w>αμαρτανει</w>
						<w>ων</w>
						<w>αυτοκατακριτος</w>
					</ab>
					<ab n="B17K3V12">
						<w>οταν</w>
						<w>πεμψω</w>
						<w>αρτεμαν</w>
						<w>προς</w>
						<w>σε</w>
						<w>η</w>
						<w>τυχικον</w>
						<w>σπουδασον</w>
						<w>ελθειν</w>
						<w>προς</w>
						<w>με</w>
						<w>εις</w>
						<w>νικοπολιν</w>
						<w>εκει</w>
						<w>γαρ</w>
						<w>κεκρικα</w>
						<w>παραχειμασαι</w>
					</ab>
					<ab n="B17K3V13">
						<w>ζηναν</w>
						<w>τον</w>
						<w>νομικον</w>
						<w>και</w>
						<w>απολλω</w>
						<w>σπουδαιως</w>
						<w>προπεμψον</w>
						<w>ινα</w>
						<w>μηδεν</w>
						<w>αυτοις</w>
						<w>λειπη</w>
					</ab>
					<ab n="B17K3V14">
						<w>μανθανετωσαν</w>
						<w>δε</w>
						<w>και</w>
						<w>οι</w>
						<w>ημετεροι</w>
						<w>καλων</w>
						<w>εργων</w>
						<w>προιστασθαι</w>
						<w>εις</w>
						<w>τας</w>
						<w>αναγκαιας</w>
						<w>χρειας</w>
						<w>ινα</w>
						<w>μη</w>
						<w>ωσιν</w>
						<w>ακαρποι</w>
					</ab>
					<ab n="B17K3V15">
						<w>ασπαζονται</w>
						<w>σε</w>
						<w>οι</w>
						<w>μετ</w>
						<w>εμου</w>
						<w>παντες</w>
						<w>ασπασαι</w>
						<w>τους</w>
						<w>φιλουντας</w>
						<w>ημας</w>
						<w>εν</w>
						<w>πιστει</w>
						<w>η</w>
						<w>χαρις</w>
						<w>μετα</w>
						<w>παντων</w>
						<w>υμων</w>
						<w>αμην</w>
					</ab>
				</div>
			</div>
		</body>
	</text>
</TEI>